mun_istat,year,mun_name,covid,region,prov_istat,log_buy_min,log_buy_max,log_buy_avg,population,reg_age_avg,over65,log_median_income,dwellings,prov_immigration,prov_emigration,prov_net_movements,log_real_gdp,cpi,homicides,unemployment_prov,birth_rate,life,ratio_hotel_beds,ratio_hotel_mun,ratio_str_beds,ratio_str_mun,ratio_str_mun_beds,ratio_arrivals,ratio_arrivals_foreigners,tourism_score,log_population
001156,2014,MONCALIERI,0,Piemonte,001,7.325829125264685,7.681619644159026,7.503724384711856,57057.0,45.254390524675806,0.25013651471552084,9.858630626106716,30137.0,47.985347985347985,34.23944476576056,0.02409152815533138,12.86767259135136,99.68992416666667,0.827647127,12.9,8.5,82.690243902439,83.93442622950819,1.3460223986539777,10.163934426229508,0.016590901549590205,0.16299489983700508,80.65092801934908,5.108926161557741,0.16081484147748326,10.951806047149772
001156,2015,MONCALIERI,0,Piemonte,001,7.247660364363745,7.603400367466735,7.4255303659152405,57054.0,45.94846739889146,0.2545785094413764,9.877452222375794,30137.0,44.96266694710274,34.4024958810951,0.018509080986447306,12.868424930825272,99.93022416666668,0.782999237,11.9,8.3,83.09024390243901,83.29718004338395,1.3460931748869491,10.086767895878525,0.016590901549590205,0.1630034703964665,84.32712868510534,10.553160164055106,0.2028428979226778,10.9517534667675
001156,2016,MONCALIERI,0,Piemonte,001,7.208004034238103,7.55835154649632,7.383177790367212,57171.0,46.33253327992292,0.2524227468308138,9.892080447918135,30137.0,44.77794686117087,34.52799496248098,0.01792858599410522,12.875853446164294,99.96898750000001,0.774242763,10.4,8.1,82.5439024390244,83.47639484978541,1.3608297913277714,9.97854077253219,0.016590901549590205,0.16266988508159733,101.81210753703802,10.585786500148677,0.21900734745595854,10.953802055796485
001156,2017,MONCALIERI,0,Piemonte,001,7.16894020960425,7.519356410633052,7.34414831011865,57165.0,46.24480946738219,0.24563717982495153,9.902382795855774,30137.0,48.50870287763492,35.14213242368582,0.023382437599840978,12.889307801378262,99.875,0.668010321,9.4,7.9,83.2439024390244,81.98103266596415,1.3609726231085453,10.95890410958904,0.019909081859508244,0.18192950231785185,105.0607889442841,17.741625120265898,0.2690158543781373,10.95369710197607
001156,2018,MONCALIERI,0,Piemonte,001,7.136767731555061,7.5041289908614255,7.320448361208244,56777.0,46.87897833904086,0.258213347142958,9.90542947897623,30137.0,49.86173978899907,34.80810891734329,0.026513607396755335,12.906085515711624,101.10000000000001,0.62261636,9.2,7.6,82.9463414634147,81.1804008908686,1.283970621906758,11.581291759465481,0.019909081859508244,0.18317276361907112,86.58259506490306,18.917871673388873,0.25194179672475614,10.946886593125658
001156,2019,MONCALIERI,0,Piemonte,001,7.117604044410214,7.50162336270851,7.3096137035593625,56964.0,46.017801695720514,0.2702130467227311,9.927411188631506,30137.0,45.23032090443087,34.57271259040798,0.018709374892955006,12.912877077321394,102.25,0.595578796,8.3,7.3,83.34634146341462,82.0945945945946,1.2797556351379822,11.711711711711711,0.019909081859508244,0.18257144863422511,68.30278772558107,18.255389368724106,0.22978431521637374,10.950174768339318
001156,2020,MONCALIERI,1,Piemonte,001,7.093211180579833,7.491687170248641,7.292449175414236,56737.0,47.05912620620524,0.2704506587564488,9.938174120278982,30137.0,54.41598956589174,35.842571866683116,0.032735988330734135,12.917052192618227,102.875,0.527189894,8.3,7.0,83.4975609756098,70.72727272727273,1.371239226606976,8.727272727272728,0.016590901549590205,0.16920175546821298,31.330525054197437,5.758147240777623,0.10541298584924208,10.94618183421212
001156,2021,MONCALIERI,1,Piemonte,001,7.091350714183376,7.485301088241209,7.288325901212292,56319.0,46.25983196219524,0.24731558696791553,9.920921179928856,30137.0,45.78738969086809,36.99106873346473,0.015618744930491238,12.823268425095806,102.73333333333333,0.47569158400000006,8.3,6.8,82.19512195121949,70.53490480507706,1.381416573447682,8.703535811423391,0.016590901549590205,0.17045757204495818,50.643654894440594,11.305243345940093,0.1738971129959969,10.938787234992471
001156,2022,MONCALIERI,1,Piemonte,001,7.097415214237691,7.490440199282204,7.2939277067599475,56193.0,47.645255061632916,0.24882389797948257,9.967238252954337,30137.0,45.95056323741391,38.291246240634955,0.013630375663835273,12.907639034878864,104.65833333333335,0.507288293,7.4,6.8,82.6463414634146,70.0750469043152,1.329347071699322,9.00562851782364,0.016590901549590205,0.17083978431477234,99.33087751143383,23.72003630345417,0.26971271640737815,10.936547472964001
001156,2023,MONCALIERI,1,Piemonte,001,7.0932630888549895,7.49244516683318,7.292854127844086,56073.0,47.402080279373415,0.2724641834421395,10.019128932839175,30137.0,56.80452267579762,39.39150749915289,0.031054188605290838,12.95615807333407,113.24166666666667,0.540095241,7.0,6.7,82.7,65.28835690968444,1.0700337060617409,10.44613710554951,0.016590901549590205,0.17120539296987855,94.67658231234284,28.446846075651383,0.2555244108945745,10.934409692234288
001156,2024,MONCALIERI,1,Piemonte,001,7.08428508728114,7.484182650287559,7.28423386878435,55751.0,47.94899349206493,0.2893425599259937,10.09008070871359,30137.0,68.0220982583272,39.79659557676096,0.05062779623964816,12.966840448140005,119.60833333333333,0.568072449,6.3,6.4,83.7,70.20676691729322,1.3398862800667253,9.21052631578947,0.019909081859508244,0.17578160033003892,98.20810389051317,30.917831070294703,0.29657458142819654,10.928650626381225
001272,2014,TORINO,0,Piemonte,001,7.477557232986825,7.817395140036861,7.647476186511843,892395.0,45.25439052467581,0.25013651471552084,9.839831156308069,502615.0,3.0680360154415927,2.1891651118618998,9.848451678681445e-05,12.867672591351358,99.68992416666667,0.827647127,12.9,8.5,82.690243902439,66.90776649225403,1.4615725099311405,10.84949215143121,0.016911552580006567,0.2370026725833291,125.13584231198067,25.922265364552693,0.3238660763278529,13.701664138656149
001272,2015,TORINO,0,Piemonte,001,7.425974677060257,7.772219894218791,7.599097285639524,884710.0,45.94846739889146,0.2545785094413764,9.857282468604991,502615.0,2.899594217314148,2.218580099693685,7.697597151840297e-05,12.868424930825272,99.93022416666668,0.782999237,11.9,8.3,83.090243902439,64.34152578491263,1.535757479852155,11.052706350333855,0.020293863096007878,0.263815261498118,139.15316883498548,47.55004464739858,0.3943524698521411,13.69301518667424
001272,2016,TORINO,0,Piemonte,001,7.378445241971428,7.728456620645229,7.553450931308329,881643.0,46.33253327992292,0.2524227468308138,9.873661292541637,502615.0,2.903669625914344,2.239001500607389,7.538971276434512e-05,12.875853446164294,99.96898750000001,0.774242763,10.4,8.1,82.5439024390244,61.077926223154435,1.519322446840728,12.124390132688887,0.02367617361200919,0.3015959974729,132.17334000269952,38.88433300099927,0.3926373372242407,13.689542491145955
001272,2017,TORINO,0,Piemonte,001,7.371707344711211,7.719662850280329,7.545685097495771,877088.0,46.24480946738219,0.24563717982495156,9.8837870921722,502615.0,3.16159838009413,2.29042011747966,9.932620929877848e-05,12.889307801378262,99.875,0.668010321,9.4,7.900000000000001,83.2439024390244,61.15759470393526,1.5167235214710497,11.194372931224715,0.027058484128010502,0.2776232259476814,144.03229778539895,38.30448028019993,0.39953274442261116,13.684362608395647
001272,2018,TORINO,0,Piemonte,001,7.3635651350578355,7.729037550420123,7.546301342738979,868878.0,46.878978339040856,0.258213347142958,9.886030817181426,502615.0,3.2582249751978987,2.2745425709938565,0.00011321294867680415,12.906085515711624,101.10000000000001,0.62261636,9.2,7.599999999999999,82.9463414634147,60.996193184424165,1.5305946289352474,8.806127597119662,0.013927160948240699,0.22097463625503233,148.51221920683918,41.623910376370446,0.3646907831551648,13.674958003137439
001272,2019,TORINO,0,Piemonte,001,7.349206517872769,7.744361084933437,7.546783801403103,860793.0,46.01780169572052,0.2702130467227311,9.903209207770521,502615.0,2.993170251152135,2.287890352268199,8.193374003784141e-05,12.912877077321394,102.25,0.595578796,8.3,7.300000000000001,83.3463414634146,61.44116696671743,1.5462486335274566,8.387573281632276,0.013728201506122976,0.21108443028695634,160.69693875298708,52.68548884575037,0.38687034832436734,13.665609336386332
001272,2020,TORINO,1,Piemonte,001,7.356123356180324,7.753049657701375,7.55458650694085,857910.0,47.05912620620524,0.2704506587564488,9.910618056137695,502615.0,3.598745789185346,2.3704118147591235,0.00014317748649930907,12.917052192618227,102.875,0.527189894,8.3,7.0,83.4975609756098,60.78155028827674,1.6589152708326047,8.498825539184283,0.013529242064005251,0.2319590633050087,47.04969052697835,14.041216444615406,0.21196634317879112,13.662254477863328
001272,2021,TORINO,1,Piemonte,001,7.361829215882143,7.756668485808777,7.55924885084546,858205.0,46.25983196219524,0.2473155869679155,9.897647264188416,502615.0,3.00475993498057,2.427508578952581,6.726264191282839e-05,12.823268425095806,102.73333333333333,0.47569158399999995,8.3,6.8,82.1951219512195,63.38755817428803,1.7298897116656273,10.733956705520686,0.030241835201894093,0.29293700223140157,87.11333539189354,24.377974959362856,0.35108373688052674,13.662598277670341
001272,2022,TORINO,1,Piemonte,001,7.378284981678558,7.772439730590157,7.575362356134358,848748.0,47.645255061632916,0.24882389797948257,9.932045362260933,502615.0,3.042245754923723,2.5351458854689497,5.97468117102807e-05,12.907639034878864,104.65833333333335,0.507288293,7.3999999999999995,6.8,82.6463414634146,62.97123120340339,1.761417994504847,10.913609367760415,0.032828307949424505,0.3052731788469605,160.75325067039924,59.90317502957298,0.4748651989411268,13.651517601445786
001272,2023,TORINO,1,Piemonte,001,7.404016905574287,7.798805951874075,7.60141142872418,847398.0,47.402080279373415,0.2724641834421395,9.98054212671292,502615.0,3.7588004692010126,2.606567398082129,0.00013597306945719532,12.95615807333407,113.24166666666667,0.540095241,7.0,6.7,82.7,63.1567955893409,1.7844035506338225,10.75098153871857,0.03859813177083851,0.30375337208726005,166.41353885659396,68.50169577931503,0.49969597865552623,13.649925757011319
001272,2024,TORINO,1,Piemonte,001,7.4094268264007495,7.809072100506484,7.609249463453615,851199.0,47.94899349206493,0.2893425599259938,10.052852297265693,502615.0,4.455244895729436,2.606558513344118,0.0002171861553391531,12.966840448140005,119.60833333333333,0.568072449,6.3,6.4,83.7,62.802494802494806,1.7744381748568783,11.613305613305613,0.046556509455547485,0.32812538548565023,166.5300358670534,68.72552716814752,0.5194186979964339,13.654401222756796
003106,2014,NOVARA,0,Piemonte,003,6.727374733323798,7.0653857066374135,6.896380219980606,103893.0,45.254390524675806,0.25013651471552084,9.894772520052959,54803.0,6.464343122250777,5.446950227638051,0.0009792699167535128,12.86767259135136,99.68992416666667,0.827647127,11.3,8.5,82.690243902439,95.14695830485304,1.3398400277208282,3.4859876965140124,0.012773023374632776,0.049088966532875165,45.41403174419835,14.229062593244974,0.12278960624734818,11.55111680234416
003106,2015,NOVARA,0,Piemonte,003,6.668435320448887,6.995309994840949,6.831872657644917,103572.0,45.94846739889146,0.2545785094413764,9.910948260944343,54803.0,5.62893446105125,4.8999729656663975,0.000703821008945326,12.868424930825272,99.93022416666668,0.782999237,9.1,8.3,83.09024390243901,93.7984496124031,1.4019232997335187,4.069767441860465,0.014597740999580314,0.06082725060827251,56.745066234117324,17.71714362955239,0.16638320809841703,11.548022302007658
003106,2016,NOVARA,0,Piemonte,003,6.611019941168941,6.934663306680329,6.772841623924634,103477.0,46.33253327992292,0.2524227468308138,9.92564286994172,54803.0,6.068981512799946,5.093885597765687,0.000942331063941029,12.875853446164294,99.96898750000001,0.774242763,9.4,8.1,82.5439024390244,93.43629343629344,1.4032103752524716,4.054054054054054,0.014597740999580314,0.0608830947940122,51.699411463416986,16.514781062458326,0.1555781677103663,11.547104644770322
003106,2017,NOVARA,0,Piemonte,003,6.586890659845231,6.909258372860642,6.748074516352936,103350.0,46.24480946738219,0.24563717982495153,9.937808023863946,54803.0,6.414126753749396,5.043057571359459,0.0013266271721237902,12.889307801378262,99.875,0.668010321,11.2,7.9,83.2439024390244,93.51851851851852,1.3681664247701983,4.166666666666666,0.014597740999580314,0.06095791001451379,57.326560232220615,18.143202709240445,0.16583175282679957,11.545876565109914
003106,2018,NOVARA,0,Piemonte,003,6.596076445355384,6.922095743297666,6.759086094326524,103260.0,46.87897833904086,0.258213347142958,9.939589337027504,54803.0,6.930079411195043,5.186906837110207,0.001688139235023082,12.906085515711624,101.10000000000001,0.62261636,8.5,7.6,82.9463414634147,93.30543933054393,1.295758280069727,0.0,0.0,0.0,59.43540577183808,20.523920201433274,-0.09667632878323595,11.54500535843364
003106,2019,NOVARA,0,Piemonte,003,6.570589642816721,6.930772655621254,6.750681149218988,103278.0,46.017801695720514,0.2702130467227311,9.959007642664664,54803.0,6.924030287186042,5.244098452719844,0.0016266115091947938,12.912877077321394,102.25,0.595578796,8.0,7.3,83.34634146341462,92.19910846953938,1.2016111853444102,0.0,0.0,0.0,64.2121264935417,22.910978136679642,-0.09215621024592931,11.54517966049956
003106,2020,NOVARA,1,Piemonte,003,6.5260057298770295,6.918886740998512,6.722446235437771,103287.0,47.05912620620524,0.2704506587564488,9.972268399615562,54803.0,7.202261659260121,5.8090563188010105,0.0013488680477302176,12.917052192618227,102.875,0.527189894,7.1,7.0,83.4975609756098,89.73246565437455,1.2015064819386756,2.458423716558207,0.0036494352498950785,0.03291798580653906,27.68596241540562,4.838943913561242,0.004034808272449725,11.545266800140892
003106,2021,NOVARA,1,Piemonte,003,6.537879487373251,6.926841295642668,6.732360391507959,102225.0,46.25983196219524,0.24731558696791553,9.963572920672892,54803.0,6.4289557348985085,5.078014184397163,0.0013215373445843437,12.823268425095806,102.73333333333333,0.47569158400000006,7.7,6.8,82.19512195121949,87.92692613185068,1.082905355832722,8.498808578236696,0.020071893874422934,0.10467106872095867,41.53680606505258,7.890437759843484,0.09787911220098852,11.534931545232842
003106,2022,NOVARA,1,Piemonte,003,6.596565184239322,6.984580866689036,6.7905730254641785,101367.0,47.645255061632916,0.24882389797948257,9.99385856795695,54803.0,7.542888711316306,5.757297739895627,0.0017615111144856598,12.907639034878864,104.65833333333335,0.507288293,6.6,6.8,82.6463414634146,89.056875449964,1.2203182495289393,8.135349172066235,0.021896611499370472,0.11147612142018606,58.2477532135705,16.496492941489834,0.1862707520997105,11.526502873383915
003106,2023,NOVARA,1,Piemonte,003,6.63263889316324,7.018010445753769,6.825324669458505,101797.0,47.402080279373415,0.2724641834421395,10.03859872958399,54803.0,8.21340511017024,5.518826684479896,0.0026470116267575125,12.95615807333407,113.24166666666667,0.540095241,5.6,6.7,82.7,85.32182103610675,1.0678114286275626,11.538461538461538,0.031020199624108163,0.14440504140593532,64.99307445209584,18.158688369991257,0.22088284476209816,11.53073591311619
003106,2024,NOVARA,1,Piemonte,003,6.680969963581043,7.060032215666054,6.870501089623549,102187.0,47.94899349206493,0.2893425599259937,10.10384185860491,54803.0,8.682121992034212,5.345102606006635,0.0032656006987460016,12.966840448140005,119.60833333333333,0.568072449,5.6,6.4,83.7,81.90916089299462,1.0412283362854375,15.011547344110854,0.04561794062368848,0.19082662178163565,63.90734633563956,20.16694882910742,0.2652999425158279,11.534559747095377
004078,2014,CUNEO,0,Piemonte,004,7.057869005277499,7.454702724106288,7.256285864691893,55776.0,45.25439052467581,0.25013651471552084,9.86045627488442,32279.0,14.87736660929432,11.257530120481928,0.006489953544198925,12.867672591351358,99.68992416666667,0.827647127,5.3,8.5,82.690243902439,44.74959612277868,0.9932587492828456,6.623586429725363,0.02478391523900988,0.1470166379804934,86.91372633390706,29.025028686173265,0.25531441769369806,10.929098948319748
004078,2015,CUNEO,0,Piemonte,004,7.0546240753151555,7.450573373007204,7.252598724161179,55946.0,45.94846739889146,0.2545785094413764,9.86640448884135,32279.0,14.578343402566759,10.973081185428807,0.006444182277799935,12.868424930825272,99.93022416666668,0.782999237,5.3,8.3,83.090243902439,44.56958970233307,0.9902405891395275,6.918744971842317,0.02788190464388612,0.1537196582418761,82.05948593286381,30.34533299967826,0.2615382403634607,10.932142218780436
004078,2016,CUNEO,0,Piemonte,004,7.054014239561427,7.446922300302828,7.250468269932128,55973.0,46.33253327992292,0.2524227468308138,9.889260609654693,32279.0,14.171118217712111,11.042824218819788,0.0055889339483185165,12.875853446164294,99.96898750000001,0.774242763,6.3,8.1,82.5439024390244,43.41692789968652,0.9897629214085362,8.620689655172415,0.03717587285851483,0.19652332374537723,84.50681578618261,30.584388901791936,0.2964258358939736,10.932624710591902
004078,2017,CUNEO,0,Piemonte,004,7.051892795180071,7.4423980998498145,7.247145447514943,56031.0,46.24480946738219,0.24563717982495153,9.892436561174494,32279.0,15.287965590476704,11.490067998072496,0.006778207764280856,12.889307801378262,99.875,0.668010321,6.1,7.9,83.2439024390244,42.22560975609756,0.9887383769698918,10.213414634146341,0.04646984107314353,0.23915332583748283,90.55344362941943,35.382199139761916,0.33982798972950623,10.933660387981718
004078,2018,CUNEO,0,Piemonte,004,7.056632269615722,7.4455000137180924,7.251066141666908,56261.0,46.878978339040856,0.258213347142958,9.897899920335785,32279.0,16.821599331686247,10.861875899824035,0.010592992360360128,12.906085515711624,101.10000000000001,0.62261636,4.3,7.6,82.9463414634147,43.07931570762053,0.9846963260517942,4.89891135303266,0.021685925834133646,0.11197810206004159,83.23883329482234,33.23972200991806,0.2377707019208244,10.937756856503727
004078,2019,CUNEO,0,Piemonte,004,7.060894776743862,7.449547498166572,7.255221137455218,56155.0,46.01780169572052,0.2702130467227311,9.91943835517789,32279.0,15.986109874454634,11.05689609117621,0.008777871575600433,12.912877077321394,102.25,0.595578796,4.8,7.3,83.3463414634146,44.57050243111832,0.9794319294809012,4.051863857374392,0.018587936429257414,0.08903926631644556,95.03695129552132,38.016205146469595,0.24004354642518883,10.935871003397137
004078,2020,CUNEO,1,Piemonte,004,7.02864987978603,7.423253817650286,7.225951848718158,56311.0,47.05912620620524,0.2704506587564488,9.927119198211184,32279.0,17.03042034416011,12.207206407273889,0.008565313947339278,12.917052192618227,102.875,0.527189894,4.7,7.0,83.4975609756098,44.07436096049574,1.0104597680737335,5.034856700232377,0.021685925834133646,0.11543037772371295,47.23055886061338,14.570865372662533,0.1458941167026919,10.938645176925998
004078,2021,CUNEO,1,Piemonte,004,6.973135960307304,7.367445335897957,7.170290648102631,55822.0,46.25983196219524,0.24731558696791553,9.91182926579901,32279.0,14.841818637813049,11.271541686073592,0.00639582414055293,12.823268425095806,102.73333333333333,0.475691584,4.6,6.8,82.1951219512195,42.62172284644195,1.0193113826090072,11.385767790262172,0.05886179869264847,0.2722940776038121,69.9365841424528,21.462864103758374,0.317451812519098,10.929923335900263
004078,2022,CUNEO,1,Piemonte,004,6.978618797753474,7.371449418765257,7.175034108259366,55557.0,47.645255061632916,0.24882389797948257,9.94867198126387,32279.0,17.23455190165056,11.411703295714311,0.010480854988455546,12.907639034878864,104.65833333333335,0.507288293,3.7,6.8,82.6463414634146,42.55796559461481,1.0241733714923411,10.620792819745699,0.05576380928777224,0.25559335457278115,101.16096981478482,38.18960707021618,0.375518350335123,10.925164799730116
004078,2023,CUNEO,1,Piemonte,004,6.979457376570741,7.370807542871675,7.175132459721208,55844.0,47.402080279373415,0.2724641834421396,9.99515204189578,32279.0,19.869636845498174,11.79356779600315,0.014461838423993666,12.95615807333407,113.24166666666666,0.540095241,3.6,6.7,82.7,42.399403874813714,1.0189098202134519,10.283159463487332,0.05886179869264847,0.24711696869851732,99.0974858534489,36.5697299620371,0.3732309634153798,10.930317368108538
004078,2024,CUNEO,1,Piemonte,004,6.975463085753619,7.36494233309573,7.170202709424674,55914.0,47.94899349206493,0.2893425599259938,10.069513564355413,32279.0,20.177415316378724,12.35289909503881,0.013993840936688333,12.966840448140005,119.60833333333333,0.568072449,2.7,6.4,83.7,41.93072955047899,1.017634223986837,10.685335298452468,0.06505777750240094,0.2593268233358372,120.40276138355333,44.07304074113817,0.41332231632223226,10.93157007501371
005005,2014,ASTI,0,Piemonte,005,6.794722372584076,7.180606075047862,6.987664223815969,76053.0,45.25439052467581,0.25013651471552084,9.804189762101704,42509.0,5.318659355975438,4.528420969586999,0.0010390627409680604,12.867672591351358,99.68992416666667,0.827647127,10.5,8.5,82.690243902439,45.51971326164875,1.00193286260897,11.887694145758662,0.042343974217224585,0.26165963209866805,56.344917360261924,20.987995213864018,0.2682885339325812,11.239185744641153
005005,2015,ASTI,0,Piemonte,005,6.685049500241266,7.073906772938823,6.879478136590045,76023.0,45.94846739889146,0.2545785094413764,9.813776585306965,42509.0,4.894571379714034,4.755139891874827,0.00018340697925523503,12.868424930825272,99.93022416666668,0.782999237,9.5,8.3,83.090243902439,43.86363636363637,1.0154821567157306,13.863636363636363,0.05175374626549672,0.320955500309117,58.325769832813755,23.057495757862753,0.30994268200991404,11.238791205063716
005005,2016,ASTI,0,Piemonte,005,6.619758843072294,7.012620645943422,6.8161897445078585,75543.0,46.33253327992292,0.2524227468308138,9.828806903006445,42509.0,4.938908965754604,4.6913678302423785,0.00032768242658118616,12.875853446164294,99.96898750000001,0.774242763,7.3,8.1,82.5439024390244,44.09448818897638,1.0378195200084719,14.510686164229472,0.05881107530170082,0.3415273420436043,61.61656275233973,24.29874376183101,0.3350066402751076,11.232457309536642
005005,2017,ASTI,0,Piemonte,005,6.586968253320469,6.9797728279858795,6.783370540653174,75665.0,46.24480946738219,0.24563717982495153,9.840859280719988,42509.0,5.780744069252627,4.509350426220842,0.001680292926758455,12.889307801378262,99.875,0.668010321,9.2,7.9,83.2439024390244,44.34389140271493,1.0361461706204982,13.800904977375566,0.06116351831376885,0.32247406330535916,61.203991277340904,26.185158263397874,0.33720994004210564,11.234070981121127
005005,2018,ASTI,0,Piemonte,005,6.647422361845455,7.038815582411396,6.843118972128426,75755.0,46.878978339040856,0.258213347142958,9.83798103914603,42509.0,6.1184080258728795,4.715200316810772,0.0018522971540652204,12.906085515711624,101.10000000000001,0.62261636,8.4,7.6,82.9463414634147,44.26877470355731,1.034915187116362,5.9853190287972895,0.023524430120680326,0.13992475744175303,61.33060524057819,26.742789254834666,0.22041453015338602,11.235259727793936
005005,2019,ASTI,0,Piemonte,005,6.64176148601855,7.033700950524552,6.83773121827155,75591.0,46.01780169572052,0.2702130467227311,9.860695712600279,42509.0,5.62633117699197,4.628857932822691,0.0013195661443416264,12.912877077321394,102.25,0.595578796,5.6,7.3,83.3463414634146,40.462046204620464,0.8109431016920003,6.336633663366337,0.023524430120680326,0.1269992459419772,63.83696471802198,26.040137053352915,0.1938205376961478,11.233092507461846
005005,2020,ASTI,1,Piemonte,005,6.616903167572239,7.008586191792019,6.81274467968213,75051.0,47.05912620620524,0.2704506587564488,9.870711269873505,42509.0,5.596194587680378,4.957961919228258,0.0008503986202077517,12.917052192618227,102.875,0.527189894,7.2,7.0,83.4975609756098,41.0377358490566,0.8114482152136547,4.649595687331536,0.018819544096544263,0.0919374825118919,26.086261342287244,6.905970606654142,0.03040903462188558,11.225923161423205
005005,2021,ASTI,1,Piemonte,005,6.59685379214995,6.983227589347422,6.790040690748686,74065.0,46.25983196219524,0.2473155869679155,9.855949118382146,42509.0,5.148180652129886,4.436643488827381,0.0009606928553331598,12.823268425095806,102.73333333333333,0.475691584,7.4,6.8,82.1951219512195,42.46861924686193,0.8222507257139,15.481171548117155,0.05881107530170082,0.29973671774792415,49.58752447174779,14.602038749746843,0.2553079897143925,11.212698365016152
005005,2022,ASTI,1,Piemonte,005,6.591494081145128,6.982397651240729,6.786945866192928,73723.0,47.645255061632916,0.24882389797948257,9.892881736224375,42509.0,5.874693107985296,4.599650041371079,0.0017295051294904133,12.907639034878864,104.65833333333335,0.507288293,7.9,6.8,82.6463414634146,37.338501291989665,0.7840158430883171,18.023255813953487,0.07057329036204098,0.37844363360145405,65.94278583345768,24.927091952307965,0.3415621612381519,11.208070105475565
005005,2023,ASTI,1,Piemonte,005,6.568415094803202,6.957561044751354,6.762988069777278,73691.0,47.402080279373415,0.2724641834421395,9.939664115390116,42509.0,7.141984774260086,4.8174132526360065,0.0031544849732315747,12.95615807333407,113.24166666666667,0.540095241,6.9,6.7,82.7,35.85823488533704,0.700221193904276,16.956219596942322,0.06351596132583688,0.33111234750512275,71.2909310499247,29.07546376083918,0.32839199626251364,11.207635954031296
005005,2024,ASTI,1,Piemonte,005,6.570267899714414,6.949741677023111,6.760004788368763,73401.0,47.94899349206493,0.2893425599259938,10.006656387548196,42509.0,7.038051252707729,5.040803258811188,0.0027210092422399433,12.966840448140005,119.60833333333333,0.568072449,6.4,6.4,83.7,36.750348675034864,0.7179738695658098,17.294281729428175,0.06351596132583688,0.33787005626626343,65.84242721488808,26.804811923543276,0.3204974575638459,11.203692838488003
006003,2014,ALESSANDRIA,0,Piemonte,006,6.625001814830379,6.94617625569976,6.78558903526507,92924.0,45.254390524675806,0.25013651471552084,9.833349894927933,53047.0,7.793465627824888,5.71111876372089,0.002240913934079461,12.86767259135136,99.68992416666667,0.827647127,13.4,8.5,82.690243902439,74.86671744097487,1.0578537299298352,4.7981721249047995,0.007540482967934096,0.06779733976152555,85.43110498902328,35.79591924583531,0.20428357478772177,11.439537233740856
006003,2015,ALESSANDRIA,0,Piemonte,006,6.6319051696778235,6.947488903459984,6.789697036568904,93060.0,45.94846739889146,0.2545785094413764,9.843326105201326,53047.0,6.783795400816678,5.8220502901353965,0.0010334677742115642,12.868424930825272,99.93022416666668,0.782999237,11.5,8.3,83.09024390243901,74.58270106221548,1.056307758435418,4.779969650986343,0.007540482967934096,0.06769825918762089,76.01117558564367,29.448742746615086,0.18151885282745775,11.440999725398639
006003,2016,ALESSANDRIA,0,Piemonte,006,6.6615309111392245,6.971183877236403,6.816357394187814,93159.0,46.33253327992292,0.2524227468308138,9.857901514160929,53047.0,7.002007320817098,5.570046909047972,0.0015371144084512782,12.875853446164294,99.96898750000001,0.774242763,10.8,8.1,82.5439024390244,74.73363774733637,1.054111787374274,4.5662100456621,0.005655362225950572,0.06440601552184974,77.38382764950246,30.63794158374392,0.1825677422297641,11.44206298971997
006003,2017,ALESSANDRIA,0,Piemonte,006,6.69730806320777,6.986021133504968,6.841664598356369,93110.0,46.24480946738219,0.24563717982495153,9.861704611194474,53047.0,7.701643217699496,5.884437761787133,0.0019516759273035791,12.889307801378262,99.875,0.668010321,11.6,7.9,83.2439024390244,74.69604863221885,1.0557405219632692,4.86322188449848,0.007540482967934096,0.06873590376973472,76.72645258296639,32.82139405004833,0.190007238639782,11.441536868882576
006003,2018,ALESSANDRIA,0,Piemonte,006,6.63450741599645,6.94700034198176,6.790753878989105,93378.0,46.878978339040856,0.258213347142958,9.865828101911791,53047.0,8.297457645269764,6.375163314699393,0.002058615873728684,12.906085515711624,101.10000000000001,0.62261636,10.0,7.6,82.9463414634147,72.0,0.9638244554391826,4.0,0.001885120741983524,0.05354580307995459,80.33798110904067,33.883784188995264,0.1769555462572757,11.444411050433065
006003,2019,ALESSANDRIA,0,Piemonte,006,6.623245232885596,6.941762389010452,6.782503810948024,93191.0,46.01780169572052,0.2702130467227311,9.885810581784227,53047.0,7.847324312433604,6.288160873904132,0.0016730837082223307,12.912877077321394,102.25,0.595578796,9.2,7.3,83.3463414634146,70.08130081300813,0.9249820261613245,4.390243902439024,0.001885120741983524,0.05794550975952614,95.51566138361001,41.48576579283407,0.20223677281079952,11.44240642948723
006003,2020,ALESSANDRIA,1,Piemonte,006,6.5854612897209375,6.91794190992979,6.751701599825363,92876.0,47.05912620620524,0.2704506587564488,9.897599783588523,53047.0,8.957104095783626,6.839226495542444,0.002280328179767842,12.917052192618227,102.875,0.527189894,9.8,7.0,83.4975609756098,70.2724358974359,0.9442697790602524,5.689102564102564,0.015080965935868192,0.07644601404022568,38.383435979155,9.76247900426375,0.06728760595583745,11.439020549122256
006003,2021,ALESSANDRIA,1,Piemonte,006,6.560793418003687,6.9001091151698475,6.730451266586767,91089.0,46.25983196219524,0.24731558696791553,9.89224271058892,53047.0,7.340073993566731,6.101724686844735,0.0013594937991656475,12.823268425095806,102.73333333333333,0.475691584,6.9,6.8,82.1951219512195,69.99201915403033,0.9627946294283614,7.661612130885874,0.024506569645785813,0.1053914303593189,62.969183984893895,17.09207478400246,0.17509772189683526,11.41959232952512
006003,2022,ALESSANDRIA,1,Piemonte,006,6.543354149455391,6.912180473974502,6.727767311714946,90825.0,47.645255061632916,0.24882389797948257,9.923596316870983,53047.0,8.535094962840628,6.176713459950454,0.0025966215280926767,12.907639034878864,104.65833333333335,0.507288293,7.2,6.8,82.6463414634146,68.7207488299532,0.9699972474538949,7.800312012480499,0.026391690387769333,0.11010184420589045,86.0093586567575,31.390035783099368,0.24528749096379224,11.416689857089402
006003,2023,ALESSANDRIA,1,Piemonte,006,6.529094398335737,6.906740444783601,6.717917421559669,91323.0,47.402080279373415,0.2724641834421395,9.967187636616556,53047.0,10.26904503794225,6.41021429431797,0.004225475229267852,12.95615807333407,113.24166666666667,0.540095241,6.7,6.7,82.7,69.93620414673046,0.9603276283083122,7.336523125996811,0.02073632816181876,0.10074132474842043,95.24873252083265,37.153838572977236,0.24680612266264731,11.422157951615302
006003,2024,ALESSANDRIA,1,Piemonte,006,6.4967817460126875,6.877298061948254,6.68703990398047,91854.0,47.94899349206493,0.2893425599259938,10.036199791227924,53047.0,10.70938663531256,6.38622161255906,0.004706561524542753,12.966840448140005,119.60833333333333,0.568072449,5.0,6.4,83.7,76.31118881118881,0.9504213207916912,8.47902097902098,0.015080965935868192,0.10560236897685457,88.35216757027456,33.36381649138851,0.2221175308577436,11.427955638960135
008055,2014,SAN REMO,0,Liguria,008,7.642877500230409,7.972187577296583,7.807532538763496,54547.0,47.53139001491645,0.277922615983533,9.59746219473803,46679.0,6.834473023264341,5.881166700276825,0.0017476787412461093,12.867672591351358,99.68992416666667,0.827647127,13.8,8.5,82.690243902439,67.69894894894894,6.612645975030708,4.617117117117117,0.05569956511493391,0.4509872220287092,481.51869030377475,255.64742332300585,0.8545513138091237,10.906817994331865
008055,2015,SAN REMO,0,Liguria,008,7.621003957474855,7.958204560577979,7.789604259026417,54129.0,47.88273746168483,0.2795071216123848,9.603883281258849,46679.0,6.756082691348446,5.50351937039295,0.0023140337359927143,12.868424930825272,99.93022416666668,0.782999237,11.0,8.3,83.090243902439,65.32195500387897,6.222172957194849,6.031807602792863,0.07498018380856487,0.5745533817362227,515.0787932531545,272.9830589887122,0.9067663768112842,10.899125365576408
008055,2016,SAN REMO,0,Liguria,008,7.613394670601417,7.951284770568776,7.782339720585096,53328.0,47.4745057012044,0.2883300282873057,9.624371491685197,46679.0,6.686918691869187,5.9105910591059105,0.0014557598874198857,12.875853446164294,99.96898750000001,0.774242763,13.0,8.1,82.5439024390244,69.16224412433661,6.842559255925592,6.235784685367703,0.07926476574048287,0.616936693669367,529.6429642964297,285.6398139813981,0.9308563321080502,10.88421680054752
008055,2017,SAN REMO,0,Liguria,008,7.60204599289477,7.94182399498547,7.77193499394012,53120.0,49.425818836954114,0.29127611799812897,9.633252641308191,46679.0,8.25301204819277,5.559111445783133,0.005071349025620554,12.889307801378262,99.875,0.668010321,14.4,7.9,83.2439024390244,67.26440289965662,6.637801204819277,7.611598626478442,0.09854538443411383,0.7511295180722892,549.1396837349398,307.3023343373494,0.9747008779709534,10.880308784150316
008055,2018,SAN REMO,0,Liguria,008,7.58694546827848,7.9311548097605815,7.75905013901953,52646.0,48.4276076065856,0.2817597576135531,9.63288899120267,46679.0,8.015803669794476,5.975762641036356,0.0038750162002015726,12.906085515711624,101.10000000000001,0.62261636,13.5,7.6,82.9463414634147,66.86233667865935,6.707062264939406,7.9719750047339515,0.11354142119582682,0.7996808874368423,552.6535729210196,312.4301941268092,0.9966181492048432,10.87134554126669
008055,2019,SAN REMO,0,Liguria,008,7.584027190075077,7.929827700014167,7.756927445044622,52464.0,49.57232175666865,0.3172458549433695,9.648519855983244,46679.0,8.516315949984751,5.885940835620616,0.005013676262511694,12.912877077321394,102.25,0.595578796,13.6,7.3,83.3463414634146,69.07301066447909,6.419640134187252,9.413453650533224,0.1263951669915808,0.8748856358645928,584.7724153705398,330.93549862763035,1.0207439554343298,10.867882499084429
008055,2020,SAN REMO,1,Liguria,008,7.568690482376792,7.921618664685298,7.745154573531045,52622.0,48.44510586965396,0.285853416893583,9.660247542886225,46679.0,8.958230397932423,6.66261259549238,0.00436246779377455,12.917052192618227,102.875,0.527189894,10.0,7.0,83.4975609756098,65.1263823064771,6.267340655999392,9.360189573459715,0.1263951669915808,0.9007639390369048,251.89654517122116,115.54672950476987,0.8821961862029915,10.870889562233824
008055,2021,SAN REMO,1,Liguria,008,7.565100298537193,7.920391415562873,7.742745857050033,53451.0,48.65826336799303,0.2691360287882145,9.636637401231786,46679.0,8.003592074984565,5.496623075340032,0.004690219078491579,12.823268425095806,102.73333333333333,0.475691584,11.1,6.8,82.1951219512195,64.20409771473601,6.097173111822043,9.535066981875492,0.1285374579575398,0.9055022356925034,345.31252923238105,178.1987240650315,0.9378118363371639,10.88652062535208
008055,2022,SAN REMO,1,Liguria,008,7.563643909905968,7.920568521126901,7.742106215516435,52918.0,48.6901440907248,0.26655595874809795,9.675712409933167,46679.0,9.240712045050833,6.094334630938433,0.005945760259481461,12.907639034878864,104.65833333333335,0.507288293,9.5,6.8,82.6463414634146,62.954947865433795,6.047091726822631,11.017115876450914,0.13710662182137578,1.0582410521939605,554.098794361087,311.4781359839752,1.0327144672114326,10.876498824619787
008055,2023,SAN REMO,1,Liguria,008,7.567689371112122,7.92415311453926,7.745921242825691,52974.0,48.093700444225874,0.29011321354793207,9.732483623122896,46679.0,9.9728168535508,6.191716691207008,0.0071376527397285314,12.95615807333407,113.24166666666667,0.540095241,8.4,6.7,82.7,62.685113016367886,6.072790425491751,11.652377240841776,0.15210265858308875,1.1288556650432289,598.514365537811,346.2642050817382,1.0636445748009817,10.877556506129638
008055,2024,SAN REMO,1,Liguria,008,7.572614400921154,7.9299841607983375,7.751299280859745,52992.0,48.53274233879738,0.2597565985781445,9.796162192709396,46679.0,10.161911231884059,6.555706521739131,0.006805187028504167,12.966840448140005,119.60833333333333,0.568072449,5.6,6.4,83.7,60.79157730551764,5.883907004830918,12.361084031975043,0.1820947321065147,1.1964070048309179,612.5094353864735,377.2059933574879,1.0930482169076146,10.877896237744931
009056,2014,SAVONA,0,Liguria,009,7.5506550583821905,7.901675352052706,7.726165205217449,61202.0,47.53139001491645,0.277922615983533,9.849978793340938,35974.0,7.900068625208326,6.239992157119048,0.0027124546062045007,12.867672591351358,99.68992416666667,0.827647127,9.5,8.5,82.690243902439,35.087025316455694,1.4492990425149506,1.1075949367088607,0.011119141602268304,0.045750138884350186,175.20015685761902,80.90748668344172,0.3535352379704843,11.021935147705008
009056,2015,SAVONA,0,Liguria,009,7.5285512378194746,7.882955112818692,7.705753175319082,60970.0,47.88273746168483,0.2795071216123848,9.856267133115164,35974.0,7.487288830572412,5.80613416434312,0.002757347328570268,12.868424930825272,99.93022416666668,0.782999237,9.4,8.3,83.090243902439,37.710781808891156,1.210431359685091,1.6351558507920287,0.013898927002835383,0.052484828604231586,173.68541905855338,80.19025750369035,0.34158681296644927,11.018137218901861
009056,2016,SAVONA,0,Liguria,009,7.527323901434658,7.881476731059512,7.704400316247085,60806.0,47.4745057012044,0.2883300282873057,9.869377025797338,35974.0,7.298621846528302,5.806992730980495,0.002453095279327381,12.875853446164294,99.96898750000001,0.774242763,6.4,8.1,82.5439024390244,43.98092967818832,1.2136960168404434,1.66865315852205,0.011119141602268304,0.04604808735980002,169.54247936058943,78.63204289050422,0.3297201699886414,11.015443747295818
009056,2017,SAVONA,0,Liguria,009,7.509812433674368,7.864047258163492,7.686929845918931,60507.0,49.425818836954114,0.29127611799812897,9.871615631149828,35974.0,8.220536466855075,6.063761217710348,0.003564505345075324,12.889307801378262,99.875,0.668010321,6.7,7.8999999999999995,83.2439024390244,40.43835616438356,1.2196935891715008,2.5205479452054798,0.016678712403402456,0.0760242616556762,176.12011833341597,81.00054539144232,0.35900210740256056,11.010514339805257
009056,2018,SAVONA,0,Liguria,009,7.470656375725549,7.831274807902109,7.650965591813829,60103.0,48.4276076065856,0.2817597576135531,9.864309166026725,35974.0,8.462139993011997,6.0130109977871316,0.004074886436991273,12.906085515711624,101.10000000000001,0.62261636,7.8,7.6,82.9463414634147,41.900054914881935,1.2694873799976707,2.910488742449204,0.01945849780396953,0.0881819543117648,168.02156298354492,77.22243482022529,0.3672120159353124,11.003815036082822
009056,2019,SAVONA,0,Liguria,009,7.4648538678874035,7.8257705033447635,7.645312185616083,59924.0,49.57232175666865,0.3172458549433695,9.88370185135672,35974.0,8.210399839797077,5.914157933382285,0.0038319236139356385,12.912877077321394,102.25,0.595578796,5.6,7.3,83.3463414634146,39.71889640812077,1.2732794873506441,3.1754294638209264,0.022238283204536607,0.1017956077698418,183.14031106067685,81.46652426406781,0.39231208457683386,11.000832371637273
009056,2020,SAVONA,1,Liguria,009,7.458603568169002,7.818880854687625,7.638742211428314,59439.0,48.44510586965396,0.285853416893583,9.894936356048364,35974.0,8.45236292669796,6.507511902959337,0.00327201168212558,12.917052192618225,102.875,0.527189894,6.4,7.0,83.4975609756098,40.165631469979296,1.3055401335823282,3.1573498964803313,0.022238283204536607,0.10262622184087888,92.84308282440821,27.761234206497413,0.2613319795658101,10.992705855562368
009056,2021,SAVONA,1,Liguria,009,7.454963242347364,7.814622219729294,7.634792731038329,58949.0,48.65826336799303,0.2691360287882145,9.888129549759539,35974.0,7.372474511866189,5.9458175711207994,0.00242015460948513,12.823268425095808,102.73333333333332,0.47569158399999995,7.6,6.8,82.1951219512195,40.35361414456578,1.316392135574819,3.1201248049921997,0.01945849780396953,0.10178289708052726,142.13811939133828,44.126278647644575,0.3221139646699475,10.984427942293221
009056,2022,SAVONA,1,Liguria,009,7.460025328971808,7.819547057987839,7.639786193479824,58534.0,48.6901440907248,0.26655595874809795,9.913976144995264,35974.0,9.015273174565209,6.351863873987767,0.004550191855293405,12.907639034878864,104.65833333333335,0.507288293,5.1,6.8,82.6463414634146,39.03420523138833,1.3257252195305294,3.0181086519114686,0.01945849780396953,0.10250452728328834,194.30416510062528,77.31745652099634,0.3911856772211789,10.977363060971824
009056,2023,SAVONA,1,Liguria,009,7.463204154650457,7.823594517169711,7.643399335910084,58403.0,48.093700444225874,0.29011321354793207,9.958190851330205,35974.0,10.008047531804873,6.297621697515539,0.00635314253426936,12.95615807333407,113.24166666666667,0.540095241,6.1,6.7,82.7,38.86397608370702,1.3355478314470146,3.43796711509716,0.022238283204536607,0.11814461585877437,193.91983288529698,88.16327928359846,0.4135187821027978,10.975122537359946
009056,2024,SAVONA,1,Liguria,009,7.434250460071134,7.7999541254593225,7.617102292765227,58674.0,48.53274233879738,0.2597565985781445,10.025107993478455,35974.0,10.762859188056039,6.017997750281215,0.00808682114356414,12.966840448140005,119.60833333333332,0.568072449,5.8,6.4,83.7,38.366945400885385,1.3293792821351875,4.082636497786522,0.027797854005670763,0.14145959027848792,197.5389439956369,89.80127484064492,0.438369462579648,10.97975197754033
010025,2014,GENOVA,0,Liguria,010,7.557604139849924,7.918558473409052,7.738081306629489,590478.0,47.53139001491645,0.277922615983533,9.846322459657774,327889.0,1.7746639163525142,1.4384955917070577,5.693155793195623e-05,12.86767259135136,99.68992416666667,0.827647127,10.1,8.5,82.690243902439,71.2212933602383,1.2552542177693327,3.5360814836167966,0.011284306579360701,0.062322389657192986,135.17302930845858,67.7634052411775,0.30978094534338574,13.288687657363276
010025,2015,GENOVA,0,Liguria,010,7.55445587253961,7.909456972748601,7.731956422644105,584649.0,47.88273746168483,0.2795071216123848,9.847350528860146,327889.0,1.5614496903270167,1.4058007454045076,2.6622630830209088e-05,12.868424930825272,99.93022416666668,0.782999237,8.3,8.3,83.09024390243901,69.70662667541475,1.2720452784491207,5.248851813665761,0.017383931757393507,0.0957839661061594,140.1379289111929,71.44748387494036,0.34527620014461097,13.27876694614196
010025,2016,GENOVA,0,Liguria,010,7.51897942211731,7.88028970372161,7.699634562919459,579877.0,47.4745057012044,0.2883300282873057,9.866845899675512,327889.0,1.5932689173738568,1.2990685955814765,5.073495272141852e-05,12.875853446164294,99.96898750000001,0.774242763,9.9,8.1,82.5439024390244,68.66389274156265,1.2806164065827752,6.27831715210356,0.02439850071213124,0.11709379747774097,141.89543644600494,72.10253208870157,0.37273760759994,13.270571291067283
010025,2017,GENOVA,0,Liguria,010,7.456313495639578,7.831374530888664,7.643844013264121,576915.0,49.425818836954114,0.29127611799812897,9.870959808478279,327889.0,1.9777610219876414,1.362939081147136,0.00010657062840115188,12.889307801378262,99.875,0.668010321,9.1,7.9,83.2439024390244,65.65217391304347,1.256337588726242,8.97644927536232,0.040257526175016545,0.17177573819366804,150.77056412123102,77.51037847863203,0.43242062745456467,13.265450220947
010025,2018,GENOVA,0,Liguria,010,7.408693845850178,7.789273569297753,7.598983707573965,572320.0,48.4276076065856,0.2817597576135531,9.861175060954961,327889.0,1.9892717360916972,1.3377131674587643,0.00011384515107508611,12.906085515711624,101.10000000000001,0.62261636,9.6,7.6,82.9463414634147,64.609375,1.3004962258876154,10.633680555555555,0.05062688897767233,0.21404109589041095,158.27316885658374,81.30102040816325,0.47460163196932353,13.257453554492844
010025,2019,GENOVA,0,Liguria,010,7.381829925792714,7.768540547020719,7.575185236406718,569184.0,49.57232175666865,0.3172458549433695,9.872057063123178,327889.0,2.001637431832237,1.3085399449035813,0.00012177037424253949,12.912877077321394,102.25,0.595578796,10.0,7.3,83.34634146341462,68.32687695997049,1.3015123404733795,11.999631064379267,0.05611655163790185,0.2285728340923146,163.29042980828694,83.52975487715746,0.49203576412226024,13.251959035175204
010025,2020,GENOVA,1,Liguria,010,7.363061550207552,7.7498758028705605,7.556468676539056,565752.0,48.44510586965396,0.285853416893583,9.874829610888543,327889.0,2.157128918678149,1.3949575078833127,0.0001347182883657214,12.917052192618227,102.875,0.527189894,8.3,7.0,83.4975609756098,67.46450673461959,1.3102914351164467,13.232617400800873,0.058861382968016615,0.2570030684823032,63.68232016855442,21.467003209887018,0.3314897150707147,13.245911098619894
010025,2021,GENOVA,1,Liguria,010,7.349209135180479,7.736673709810323,7.542941422495401,566410.0,48.65826336799303,0.2691360287882145,9.864198695994732,327889.0,1.742200879221765,1.3610282304337848,6.729624279020149e-05,12.823268425095806,102.73333333333333,0.47569158400000006,7.5,6.8,82.19512195121949,65.80228338791044,1.3126533782948744,13.204708381272678,0.06069127052142646,0.26341342843523247,110.73515651206722,42.80503522183577,0.4254479959248593,13.247073476573025
010025,2022,GENOVA,1,Liguria,010,7.342243634521857,7.731074018588027,7.536658826554942,561203.0,48.6901440907248,0.26655595874809795,9.912633821228187,327889.0,2.231990919506845,1.4543756893673054,0.00013856220122478668,12.907639034878864,104.65833333333335,0.507288293,6.9,6.8,82.6463414634146,64.67306015693113,1.3218033403242677,14.516129032258066,0.066180933181656,0.2966840875761534,164.8310860775869,77.4471982509003,0.5206361334969103,13.237837972883966
010025,2023,GENOVA,1,Liguria,010,7.340265354331076,7.729772670038317,7.535019012184697,561191.0,48.093700444225874,0.29011321354793207,9.93550534482003,327889.0,2.8961619127890503,1.4476354752659968,0.0002581164768364164,12.95615807333407,113.24166666666667,0.540095241,5.8,6.7,82.7,64.07842459837623,1.3220097970209785,15.417170495767834,0.07563535220760684,0.31807352576930137,182.28535382784113,95.55302918257776,0.5625184550397371,13.237816590018411
010025,2024,GENOVA,1,Liguria,010,7.371102770291411,7.756879692262622,7.563991231277016,562422.0,48.53274233879738,0.2597565985781445,10.001416775354816,327889.0,2.772651140958213,1.4926514254421057,0.0002275870637201438,12.966840448140005,119.60833333333333,0.568072449,5.3,6.4,83.7,62.429734038090444,1.3230279043138427,18.088765836060073,0.09240932144719707,0.3833420456525527,179.8519616942438,93.8677718865905,0.5969850251374648,13.240007736778935
011015,2014,LA SPEZIA,0,Liguria,011,7.229318728597403,7.604583074486729,7.416950901542066,93958.0,47.53139001491645,0.277922615983533,9.839908847779482,53261.0,4.887290065774069,3.1631154345558654,0.0018350482462570548,12.867672591351358,99.68992416666667,0.827647127,12.4,8.5,82.690243902439,55.15964831096715,1.2686519508716663,26.330402591392875,0.14457107451981752,0.6055897315821963,161.4678899082569,104.96711296536752,0.6759024071417122,11.450603152892837
011015,2015,LA SPEZIA,0,Liguria,011,7.222408115378554,7.585855844588949,7.404131979983751,93482.0,47.88273746168483,0.2795071216123848,9.849921796323146,53261.0,4.208296784407693,3.0647611304850133,0.0012232682804418818,12.868424930825272,99.93022416666668,0.782999237,10.6,8.3,83.090243902439,50.78290308929327,1.2836695834492202,31.48539991536183,0.1933872815005351,0.7958751417385165,200.6717870820051,136.59100147622004,0.7649900010924556,11.445524183374717
011015,2016,LA SPEZIA,0,Liguria,011,7.1993617846479365,7.5617622688446025,7.38056202674627,93590.0,47.4745057012044,0.2883300282873057,9.86127583534867,53261.0,4.345549738219896,3.030238273319799,0.0014053974408591698,12.875853446164294,99.96898750000001,0.774242763,10.2,8.1,82.5439024390244,40.80058758721998,1.1870926381023614,41.90231362467866,0.31730534537466437,1.219147344801795,210.3248210278876,139.52345336040176,0.8559507053757993,11.446678819151302
011015,2017,LA SPEZIA,0,Liguria,011,7.221388381780429,7.600093802601856,7.4107410921911425,93184.0,49.425818836954114,0.29127611799812897,9.865483219717753,53261.0,4.579112293956044,3.0734890109890114,0.0016157530079917506,12.889307801378262,99.875,0.668010321,9.5,7.9,83.2439024390244,36.11111111111111,1.1997767857142858,47.80361757105943,0.4168153057584349,1.5882554945054943,230.99351820054946,156.57408997252747,0.927073777322487,11.442331312116304
011015,2018,LA SPEZIA,0,Liguria,011,7.192471703012782,7.572903534470413,7.382687618741597,92821.0,48.4276076065856,0.2817597576135531,9.859445399477208,53261.0,4.646577821829112,3.1867788539231423,0.001572703340737516,12.906085515711624,101.10000000000001,0.62261636,10.0,7.6,82.9463414634147,33.35288941038428,1.2249383221469279,52.15605749486652,0.5275905446762171,1.9155148080714495,252.74022042425744,175.99142435440257,0.9877795515267358,11.438428186277317
011015,2019,LA SPEZIA,0,Liguria,011,7.188489922715977,7.571992293107926,7.380241107911952,92737.0,49.57232175666865,0.3172458549433695,9.877593462651506,53261.0,5.0066316572673255,3.213388399452214,0.0019336869402882466,12.912877077321394,102.25,0.595578796,9.0,7.3,83.3463414634146,31.05792765841719,1.231439447038399,56.32308947511559,0.6214678657929817,2.233197105793804,276.75792833496877,191.26130886269775,1.0317366622520787,11.437522808921042
011015,2020,LA SPEZIA,1,Liguria,011,7.184937774855934,7.569631070713823,7.377284422784878,92550.0,48.44510586965396,0.285853416893583,9.881594792264401,53261.0,5.1107509454349,3.6434359805510534,0.001585429459625982,12.917052192618227,102.875,0.527189894,10.0,7.0,83.4975609756098,31.590594744121713,1.2339276066990814,56.95712309820193,0.5895495766132818,2.2247433819556997,120.91410048622366,52.05294435440303,0.8664421659041424,11.435504318001643
011015,2021,LA SPEZIA,1,Liguria,011,7.183617594330889,7.566925838931655,7.375271716631272,92441.0,48.65826336799303,0.2691360287882146,9.865282298818956,53261.0,4.374682229746541,3.4919570320528766,0.0009549065865726943,12.823268425095806,102.73333333333333,0.475691584,9.8,6.8,82.1951219512195,31.524763494713408,1.2256466286604428,56.84474123539231,0.5876720301909465,2.2100583074609754,189.57929922869724,91.51134236972773,0.9447033880654587,11.434325882157585
011015,2022,LA SPEZIA,1,Liguria,011,7.182135053949748,7.566624305728649,7.3743796798391985,92169.0,48.69014409072481,0.26655595874809795,9.900767398679303,53261.0,5.035315561631351,3.550000542481745,0.0016115125683793966,12.907639034878864,104.65833333333335,0.507288293,8.2,6.8,82.6463414634146,30.051546391752577,1.2650674304809644,55.386597938144334,0.6214678657929817,2.331586542112858,291.05013616291814,190.97201879156768,1.0431602789131142,11.431379127411658
011015,2023,LA SPEZIA,1,Liguria,011,7.168439847449096,7.544264184342571,7.356352015895834,92486.0,48.093700444225874,0.29011321354793207,9.948478212600396,53261.0,5.687347274182039,3.7248880911705555,0.0021218986473752603,12.95615807333407,113.24166666666666,0.540095241,5.0,6.7,82.7,28.82751937984496,1.2866812274290162,57.82461240310077,0.7097125476427405,2.580931167960556,335.58376402915036,234.58577514434617,1.0932852745109727,11.434812560694393
011015,2024,LA SPEZIA,1,Liguria,011,7.191249298109657,7.560294839109782,7.375772068609719,92696.0,48.53274233879738,0.2597565985781445,10.012078071511636,53261.0,5.44360058686459,3.363683438336066,0.002243804639389535,12.966840448140005,119.60833333333333,0.568072449,5.2,6.4,83.7,24.906600249066003,1.2945542418227325,62.411789124117895,0.9124875612549521,3.243937170967463,345.85634763096573,241.9198239406231,1.1445390704626,11.437080600676898
012026,2014,BUSTO ARSIZIO,0,Lombardia,012,7.0695914737944605,7.336169883731075,7.202880678762768,82023.0,45.217559836343405,0.22965004055254135,9.865768299906152,45110.0,19.080014142374697,14.772685710105701,0.005251366607255277,12.867672591351358,99.68992416666669,0.8276471270000001,8.3,8.5,82.690243902439,80.73770491803278,0.24017653584970067,13.114754098360656,0.0066504101086233645,0.03901344744766712,15.098204162247175,2.702900405983687,-0.13994676818513624,11.314754974721918
012026,2015,BUSTO ARSIZIO,0,Lombardia,012,7.045679018956184,7.319173499344169,7.182426259150176,82087.0,43.84461982414903,0.2156335042841329,9.87839160538312,45110.0,17.148878628771914,14.382301704289352,0.003370298493650106,12.868424930825272,99.93022416666668,0.782999237,9.0,8.3,83.090243902439,75.19083969465649,0.23998927966669512,16.412213740458014,0.008867213478164486,0.05238344683080147,19.70470354623753,4.266205367475971,-0.10414848629669052,11.31553493941931
012026,2016,BUSTO ARSIZIO,0,Lombardia,012,7.011217054653164,7.290729820121032,7.150973437387098,82730.0,44.08271754721849,0.23341147555427577,9.892091939985518,45110.0,17.228333131874773,14.109754623473952,0.0037695860128137567,12.875853446164292,99.96898750000001,0.7742427630000001,8.2,8.1,82.5439024390244,78.17460317460318,0.23812401788952012,11.11111111111111,0.0066504101086233645,0.033845038075667834,15.43938111930376,3.047262178169951,-0.1369376780239793,11.32333757218423
012026,2017,BUSTO ARSIZIO,0,Lombardia,012,6.986215945684282,7.283184153978069,7.134700049831175,83018.0,45.37435286638224,0.23551490523232002,9.90183047863886,45110.0,18.163530800549278,14.928087884555158,0.003897278802180395,12.889307801378264,99.875,0.668010321,6.5,7.9,83.2439024390244,76.35658914728683,0.23729793538750632,10.852713178294573,0.0066504101086233645,0.033727625334264856,20.16189260160447,4.774868100893783,-0.10759797549667964,11.326812730736265
012026,2018,BUSTO ARSIZIO,0,Lombardia,012,6.922738122411226,7.223373500263833,7.073055811337529,83196.0,43.68811353971883,0.2008571839998514,9.904310267982517,45110.0,18.96365209865859,14.45982979950959,0.005413508220526225,12.906085515711624,101.10000000000001,0.62261636,5.9,7.6,82.9463414634147,71.37681159420289,0.2367902302995336,10.144927536231885,0.0066504101086233645,0.03365546420500985,23.1441415452666,5.780325977210443,-0.0924176778147558,11.32895454873049
012026,2019,BUSTO ARSIZIO,0,Lombardia,012,6.936072390101409,7.222807205813651,7.07943979795753,83549.0,45.99210551342149,0.23324637851742677,9.923440902204575,45110.0,19.459239488204528,14.628541335024956,0.005781874293144826,12.912877077321394,102.25,0.595578796,5.4,7.3,83.3463414634146,65.57971014492753,0.21663933739482222,10.144927536231885,0.0066504101086233645,0.03351326766328741,21.276137356521325,5.579959065937354,-0.10044295086282845,11.333188565071003
012026,2020,BUSTO ARSIZIO,1,Lombardia,012,6.936950434658101,7.245234750592271,7.091092592625187,83679.0,46.01125869665263,0.2326385246484116,9.935292826748352,45110.0,21.34107721172576,16.12112955460749,0.006238061708574758,12.917052192618227,102.875,0.527189894,5.3,7.0,83.4975609756098,68.40277777777779,0.23542346347351192,9.722222222222223,0.0066504101086233645,0.03346120293024535,8.466879384313867,1.2954265705852124,-0.1767192638253044,11.334743328940538
012026,2021,BUSTO ARSIZIO,1,Lombardia,012,6.969827798869523,7.259203255895209,7.114515527382366,83045.0,46.841553119333895,0.24482076892343174,9.909905418645918,45110.0,17.796375459088445,15.331446805948582,0.0029681843014508556,12.823268425095806,102.73333333333333,0.475691584,6.6,6.8,82.1951219512195,64.80263157894737,0.2372207839123367,11.842105263157892,0.008867213478164486,0.04334999096875188,11.62983924378349,1.7195496417604914,-0.15677649221831153,11.3271379085331
012026,2022,BUSTO ARSIZIO,1,Lombardia,012,7.005018545764668,7.274974690486847,7.139996618125758,82754.0,45.254954987427716,0.22273986513471955,9.953571393177508,45110.0,20.355511516059646,15.896512555284339,0.005388257922004144,12.907639034878862,104.65833333333335,0.507288293,4.8,6.8,82.6463414634146,64.80263157894737,0.23805495806849217,11.842105263157892,0.008867213478164486,0.04350242888561278,19.95311404886773,5.42330280107306,-0.09593465659776278,11.323627630439628
012026,2023,BUSTO ARSIZIO,1,Lombardia,012,7.010219522061897,7.302155774636151,7.156187648349024,83054.0,45.19773075166449,0.2617128099481079,10.009040113725401,45110.0,23.11508175403954,16.177426734413753,0.008353185902696784,12.95615807333407,113.24166666666666,0.540095241,3.6,6.7,82.7,70.74148296593187,0.42502468273653277,13.026052104208416,0.019951230325870095,0.07826233534808678,23.702651287114406,10.057312110193369,0.0008256372329441874,11.327246277638377
012026,2024,BUSTO ARSIZIO,1,Lombardia,012,7.04221220576821,7.336195598111013,7.189203901939612,83372.0,45.67643207443132,0.2400482100673808,10.081628899175909,45110.0,22.639495274192775,16.54632250635705,0.007308416216278516,12.966840448140005,119.60833333333333,0.568072449,3.6,6.4,83.7,58.931552587646074,0.42340354075708875,16.36060100166945,0.03990246065174019,0.11754545890706712,38.81399030849686,18.77368900830015,0.12705415224712957,11.331067800561561
012070,2014,GALLARATE,0,Lombardia,012,7.051272014153233,7.314914629689303,7.183093321921268,52606.0,45.217559836343405,0.22965004055254135,9.859011575820963,27652.0,29.749458236703035,23.033494278219216,0.012766536057643272,12.867672591351358,99.68992416666669,0.8276471270000001,8.3,8.5,82.690243902439,61.12469437652812,0.4752309622476524,15.403422982885083,0.014465499783017505,0.1197582024864084,22.86811390335703,10.006463141086568,0.010465127001717289,10.870585460661555
012070,2015,GALLARATE,0,Lombardia,012,6.985710710214437,7.280944718489161,7.133327714351799,53092.0,43.84461982414903,0.2156335042841329,9.873043159121673,27652.0,26.51435244481278,22.236871845099074,0.00805673284056676,12.868424930825272,99.93022416666668,0.782999237,9.0,8.3,83.090243902439,53.0562347188264,0.40872447826414526,26.161369193154034,0.014465499783017505,0.2015369547201085,29.30761696677466,13.947487380396295,0.06541031609015485,10.879781536746092
012070,2016,GALLARATE,0,Lombardia,012,6.967261298109927,7.292244819525888,7.129753058817908,53701.0,44.08271754721849,0.23341147555427577,9.889322362070477,27652.0,26.54140518798533,21.737025381277817,0.008946536948487948,12.875853446164292,99.96898750000001,0.7742427630000001,8.2,8.1,82.5439024390244,53.58024691358025,0.40408930932384873,26.41975308641975,0.014465499783017505,0.1992514105882572,21.96048490717119,9.163702724344052,0.022742075166822903,10.891186902297498
012070,2017,GALLARATE,0,Lombardia,012,6.974183041551114,7.318040155435832,7.146111598493473,53600.0,45.37435286638224,0.23551490523232002,9.896932903042124,27652.0,28.132462686567166,23.121268656716417,0.009349242593005128,12.889307801378264,99.875,0.668010321,6.5,7.9,83.2439024390244,53.58024691358025,0.4048507462686567,26.41975308641975,0.014465499783017505,0.1996268656716418,21.73320895522388,9.078358208955224,0.021985126303193714,10.889304347058893
012070,2018,GALLARATE,0,Lombardia,012,6.937287272916276,7.267016429687337,7.102151851301807,53951.0,43.68811353971883,0.2008571839998514,9.89251052380791,27652.0,29.243202164927435,22.298011158273248,0.012873146015188207,12.906085515711624,101.10000000000001,0.62261636,5.9,7.6,82.9463414634147,49.095022624434385,0.40221682637949246,27.828054298642538,0.02893099956603501,0.22798465274044968,24.88369075642713,10.426127411910809,0.07716155503170194,10.895831506195684
012070,2019,GALLARATE,0,Lombardia,012,6.919911989730076,7.230652842439479,7.075282416084776,54015.0,45.99210551342149,0.23324637851742677,9.910203391618444,27652.0,30.099046561140426,22.627048042210497,0.01383319174105328,12.912877077321394,102.25,0.595578796,5.4,7.3,83.3463414634146,43.920595533498755,0.3276867536795334,29.03225806451613,0.025314624620280626,0.21660649819494585,32.20031472739054,15.34388595760437,0.09651314649172994,10.897017064751084
012070,2020,GALLARATE,1,Lombardia,012,6.924030080837869,7.2460249375323,7.0850275091850845,54207.0,46.01125869665263,0.2326385246484116,9.921600816633594,27652.0,32.94408471230653,24.88608482299334,0.014865238602603331,12.917052192618227,102.875,0.527189894,5.3,7.0,83.4975609756098,38.47826086956522,0.32652609441585034,37.391304347826086,0.04701287429480689,0.3173021934436512,8.166841920785139,2.5716235910491267,0.02130471746543866,10.90056533037994
012070,2021,GALLARATE,1,Lombardia,012,6.949798427224982,7.282618328107068,7.116208377666026,52787.0,46.841553119333895,0.24482076892343174,9.893440090227271,27652.0,27.997423608085327,24.119574895334082,0.007346219169021253,12.823268425095806,102.73333333333333,0.475691584,6.6,6.8,82.1951219512195,37.30337078651685,0.31447136605603654,38.651685393258425,0.04701287429480689,0.3258378009737246,12.131774868812396,3.1503968780192086,0.038117930650306844,10.87402022725796
012070,2022,GALLARATE,1,Lombardia,012,6.96802633462127,7.293362345057745,7.130694339839508,52452.0,45.254954987427716,0.22273986513471955,9.93496606359806,27652.0,32.1150766415008,25.08007320979181,0.013412269182698446,12.907639034878862,104.65833333333335,0.507288293,4.8,6.8,82.6463414634146,36.64459161147903,0.31647982917715245,37.969094922737305,0.04701287429480689,0.327918859147411,30.090368336765042,13.437047205063676,0.1521911109728141,10.867653744651316
012070,2023,GALLARATE,1,Lombardia,012,6.989119434119982,7.310380231647451,7.149749832883717,53012.0,45.19773075166449,0.2617128099481079,9.989511646984667,27652.0,36.21444201312911,25.345204859277143,0.02050335236145017,12.95615807333407,113.24166666666666,0.540095241,3.6,6.7,82.7,39.922480620155035,0.38859126235569313,37.01550387596899,0.06147837407782439,0.36029578208707463,37.174601976910886,18.501471364973966,0.22431057908383958,10.878273582000569
012070,2024,GALLARATE,1,Lombardia,012,6.993461352454248,7.3248319240774,7.159146638265824,52963.0,45.67643207443132,0.2400482100673808,10.04720298962051,27652.0,35.638086966372754,26.046485282178125,0.01811000450162308,12.966840448140005,119.60833333333333,0.568072449,3.6,6.4,83.7,36.04852686308492,0.3927269980930083,42.46100519930676,0.17720237234196443,0.4625870890999377,39.96941260880237,20.982572739459624,0.36842773180966154,10.877348835532215
012133,2014,VARESE,0,Lombardia,012,7.126625386087468,7.407516332349677,7.267070859218573,80484.0,45.217559836343405,0.22965004055254135,9.865743764862508,45436.0,19.444858605437105,15.055166244222455,0.005454118037392092,12.867672591351358,99.68992416666667,0.827647127,8.3,8.5,82.690243902439,87.4015748031496,2.0687341583420307,6.981627296587926,0.02641077559644335,0.1652502360717658,127.37562745390386,66.80209731126683,0.4267411717018309,11.295813685887737
012133,2015,VARESE,0,Lombardia,012,7.100780484704654,7.377501573191489,7.239141028948071,80520.0,43.84461982414903,0.2156335042841329,9.879860291421744,45436.0,17.4826130153999,14.662195727769497,0.0035027537104202707,12.868424930825272,99.93022416666668,0.782999237,9.0,8.3,83.090243902439,84.75894245723173,2.0305514157973175,8.13893208916537,0.028611673562813626,0.1949826130153999,142.80427223050174,78.01415797317436,0.4599412306208721,11.296260879753728
012133,2016,VARESE,0,Lombardia,012,7.071693754245081,7.350027742790638,7.2108607485178595,80662.0,44.08271754721849,0.23341147555427577,9.891130301878581,45436.0,17.670030497632094,14.471498351144284,0.003965351896168967,12.875853446164294,99.96898750000001,0.774242763,8.2,8.1,82.5439024390244,82.68641470888663,2.0071409089782053,7.609805924412665,0.02641077559644335,0.18472143016538148,145.8505863975602,76.9073417470432,0.4514018945679699,11.298022863557597
012133,2017,VARESE,0,Lombardia,012,7.0570693999255845,7.35063033133366,7.203849865629623,80701.0,45.37435286638224,0.23551490523232005,9.895331451765628,45436.0,18.685022490427627,15.3566870299005,0.004124280319360514,12.889307801378262,99.875,0.668010321,6.5,7.900000000000001,83.2439024390244,81.72097759674133,1.9888229389970387,9.266802443991853,0.03741526542829474,0.22552384728813768,143.07381569001623,75.9123183108016,0.48241627700305556,11.298506245754995
012133,2018,VARESE,0,Lombardia,012,6.994522690319536,7.291231792577089,7.142877241448313,80686.0,43.68811353971883,0.20085718399985136,9.894605547111357,45436.0,19.553578068066333,14.909649753364896,0.005755556496419995,12.906085515711624,101.10000000000001,0.62261636,5.9,7.599999999999999,82.9463414634147,81.13115553388592,2.0623156433582035,9.605070697220867,0.05722334712562725,0.2441563592196912,146.63634335572468,76.66633616736485,0.5265797401594806,11.298320357176074
012133,2019,VARESE,0,Lombardia,012,6.965836825183548,7.259938548040637,7.112887686612093,80876.0,45.99210551342149,0.23324637851742677,9.91150595161945,45436.0,20.10237895049211,15.11202334437905,0.006170378859133809,12.912877077321394,102.25,0.595578796,5.4,7.300000000000001,83.3463414634146,79.83755375059724,2.066125921163262,10.272336359292881,0.07042873492384893,0.2658390622681636,168.53825609575154,93.54072901726099,0.576942099115368,11.300672396487192
012133,2020,VARESE,1,Lombardia,012,7.015181558160803,7.280206967803271,7.147694262982037,80724.0,46.01125869665263,0.23263852464841162,9.916369078767106,45436.0,22.12229324612259,16.711263069223527,0.006703124444897507,12.917052192618227,102.875,0.527189894,5.3,7.0,83.4975609756098,79.89080982711556,2.175313413606858,10.418562329390355,0.07262963289021922,0.2836826718200287,64.68460433080621,28.550369159110055,0.4276147345285123,11.298791207813606
012133,2021,VARESE,1,Lombardia,012,7.031547136291127,7.302855982428028,7.167201559359577,79350.0,46.8415531193339,0.24482076892343174,9.903354055722554,45436.0,18.625078764965345,16.045368620037806,0.0032510524825803896,12.823268425095806,102.73333333333333,0.475691584,6.6,6.8,82.1951219512195,78.91028651949273,2.117202268431002,10.756223579145137,0.07483053085658949,0.2885948330182735,99.24763705103969,44.84436042848141,0.49288530093331734,11.281623725954555
012133,2022,VARESE,1,Lombardia,012,7.039615837187819,7.319326245108932,7.179471041148375,78740.0,45.254954987427716,0.22273986513471955,9.935132362122674,45436.0,21.393192786385573,16.706883413766825,0.005951624806475423,12.907639034878864,104.65833333333335,0.507288293,4.8,6.8,82.6463414634146,78.98448519040903,2.1336042672085345,11.095439586271743,0.0836341227220706,0.2997205994411989,136.80975361950723,70.25019050038101,0.5690213497926759,11.273906564497729
012133,2023,VARESE,1,Lombardia,012,7.061233570398205,7.342812814116034,7.202023192257119,78807.0,45.19773075166449,0.2617128099481079,9.980071635228665,45436.0,24.360780133744463,17.049246894311416,0.009277771314011505,12.95615807333407,113.24166666666667,0.540095241,3.5999999999999996,6.7,82.7,76.14117647058823,2.0531171088862665,15.388235294117647,0.12985298001584647,0.4149377593360996,183.13474691334525,104.03644346314414,0.6902726036574741,11.27475710438791
012133,2024,VARESE,1,Lombardia,012,7.070712233544871,7.352774452862631,7.21174334320375,78818.0,45.67643207443132,0.24004821006738078,10.048004174657297,45436.0,23.947575426932936,17.50234717957827,0.00817735574025561,12.966840448140005,119.60833333333332,0.568072449,3.5999999999999996,6.4,83.7,73.60525082044069,1.9919307772336268,14.439756211908112,0.14305836781406814,0.39077368113882616,184.82960745007486,104.66390925930624,0.6939768982818104,11.274896676156573
013075,2014,COMO,0,Lombardia,013,7.42880793055398,7.715336544529937,7.572072237541958,85121.0,45.217559836343405,0.22965004055254135,9.8356524682364,48213.0,12.76418275161241,9.891801083163966,0.0033744688953941376,12.867672591351358,99.68992416666667,0.827647127,9.0,8.5,82.690243902439,71.34328358208955,2.526990989297588,11.442786069651742,0.0435567170680107,0.4053053887994737,258.86091563773925,202.91232480821418,0.677943450674019,11.351829052626764
013075,2015,COMO,0,Lombardia,013,7.430228734915535,7.713625216471406,7.57192697569347,85567.0,43.84461982414903,0.2156335042841329,9.841627746578768,48213.0,12.153049656993934,9.51184451949934,0.003086709990410549,12.868424930825272,99.93022416666668,0.782999237,7.8,8.3,83.090243902439,69.81465136804943,2.7732653943693246,13.20976757869962,0.06222388152572957,0.5247350029801209,313.0248810873351,242.75830635642245,0.7665134195532198,11.357054973781509
013075,2016,COMO,0,Lombardia,013,7.431744764960782,7.711244088986469,7.571494426973626,85959.0,44.08271754721849,0.23341147555427577,9.851226631963735,48213.0,12.282599844111727,10.16065798811061,0.0024685511185578205,12.875853446164294,99.96898750000001,0.774242763,7.4,8.1,82.5439024390244,67.20659278204036,2.7513116718435535,16.99346405228758,0.08089104598344844,0.6956804988424714,339.22800404844173,265.4428273944555,0.8262199412984582,11.361625717370957
013075,2017,COMO,0,Lombardia,013,7.424876483842731,7.71193322399511,7.568404853918921,86508.0,45.37435286638224,0.23551490523232005,9.852573701448074,48213.0,12.891293290793914,10.24298330790216,0.0030613469076753073,12.889307801378262,99.875,0.668010321,8.4,7.9,83.2439024390244,62.0736329182458,2.6506219078004345,19.355711965349215,0.11407711613050422,0.8265131548527304,362.65432098765433,289.61367734775973,0.883982119801089,11.36799217419258
013075,2018,COMO,0,Lombardia,013,7.425241816002454,7.744260485210776,7.584751150606614,86121.0,43.68811353971883,0.20085718399985136,9.848857557574814,48213.0,12.79594988446488,10.327330151763217,0.0028664550257215585,12.906085515711624,101.10000000000001,0.62261636,7.3,7.6,82.9463414634147,58.614153327716934,3.231499866466948,26.57961246840775,0.2820815962499741,1.4653801047363593,400.22178098257103,322.2210610652454,1.0661668127185768,11.363508563115483
013075,2019,COMO,0,Lombardia,013,7.42370049383936,7.745187006463898,7.584443750151629,85979.0,45.99210551342149,0.23324637851742677,9.862692644192524,48213.0,13.56959257493109,10.261808115935287,0.0038472004314958333,12.912877077321394,102.25,0.595578796,6.4,7.3,83.3463414634146,56.10633619828103,3.264750694937136,30.401758944633222,0.42104826499077014,1.7690366252224379,438.3291268798195,353.1164586701404,1.143680681698592,11.361858359370867
013075,2020,COMO,1,Lombardia,013,7.422986548107075,7.735555216068741,7.579270882087908,85543.0,46.01125869665263,0.2326385246484116,9.864106092006224,48213.0,14.530703856539986,11.575464970833382,0.0034546823068007954,12.917052192618227,102.875,0.527189894,5.6,7.0,83.4975609756098,54.37941869599372,3.2369685421367036,32.83582089552239,0.4977910522058366,1.954572554154051,155.42826414785546,112.2067264416726,1.0077987240798207,11.356774452477582
013075,2021,COMO,1,Lombardia,013,7.424362747328258,7.735686066471106,7.580024406899683,84250.0,46.8415531193339,0.24482076892343171,9.84158935791269,48213.0,13.20593471810089,10.492581602373887,0.003220597170002377,12.823268425095806,102.73333333333333,0.475691584,7.5,6.8,82.1951219512195,54.9872623946698,3.3305637982195844,32.68665490887713,0.48327214651649963,1.9798219584569732,264.3976261127596,193.11572700296736,1.090025254703205,11.341543848214608
013075,2022,COMO,1,Lombardia,013,7.4276767307850395,7.745547081426908,7.586611906105974,83361.0,45.254954987427716,0.22273986513471955,9.870718046722688,48213.0,14.55716702054918,11.62534038699152,0.003517024308198868,12.907639034878864,104.65833333333335,0.507288293,6.6,6.8,82.6463414634146,53.62292389122103,3.5244298892767603,35.07939405000913,0.586978615726049,2.3056345293362606,451.0430537061696,371.2467460803013,1.2174535613230213,11.330935853076468
013075,2023,COMO,1,Lombardia,013,7.453851406201189,7.764501069483919,7.609176237842553,83691.0,45.19773075166449,0.2617128099481079,9.919662489895023,48213.0,17.280233238938475,11.340526460431827,0.00709718700757148,12.95615807333407,113.24166666666667,0.540095241,5.5,6.7,82.7,50.96371882086168,3.2225687349894256,39.625850340136054,0.6865368261672163,2.5056457683621898,497.75125162801265,424.5522218637608,1.2490000137670978,11.334886723814417
013075,2024,COMO,1,Lombardia,013,7.473888146740986,7.788503119009194,7.631195632875091,83586.0,45.67643207443132,0.24004821006738078,9.996613190276,48213.0,16.538654798650494,11.962529610221807,0.005474750781744176,12.966840448140005,119.60833333333332,0.568072449,5.4,6.4,83.7,45.79352850539291,3.5556193620941303,45.038520801232664,1.0515835977848298,3.496997104778312,542.1745268346374,464.74888139162067,1.3412703784016942,11.33363132093428
015077,2014,CINISELLO BALSAMO,0,Lombardia,015,7.493153710100526,7.673174316815831,7.583164013458178,73794.0,45.217559836343405,0.22965004055254135,9.829437486699483,35841.0,106.11838360842346,61.866818440523616,0.0599663457298694,12.867672591351358,99.68992416666667,0.827647127,8.4,8.5,82.690243902439,93.33333333333333,1.3469929804591159,0.7511737089201876,0.002790100722636088,0.01084098978236713,133.972951730493,77.18649212673117,0.2994060429304167,11.209032706470465
015077,2015,CINISELLO BALSAMO,0,Lombardia,015,7.476179335877428,7.667582253401474,7.571880794639451,74174.0,43.84461982414903,0.2156335042841329,9.835332170640147,35841.0,92.46905923908646,59.973845282713626,0.04380943990666925,12.868424930825272,99.93022416666668,0.782999237,8.0,8.3,83.090243902439,93.51005484460696,1.379189473400383,0.7312614259597806,0.002790100722636088,0.010785450427373474,145.0750936986006,67.96316768679051,0.2996352306362165,11.214168963436867
015077,2016,CINISELLO BALSAMO,0,Lombardia,015,7.474395926830589,7.678169953091935,7.576282939961261,73891.0,44.08271754721849,0.23341147555427577,9.844843749585694,35841.0,84.82629819599138,60.0221948545831,0.03356850406870699,12.875853446164294,99.96898750000001,0.7742427629999998,7.5,8.1,82.5439024390244,90.93333333333334,1.3844717218605787,2.755555555555555,0.016740604335816523,0.041953688541229654,138.61228025063946,84.39458120745422,0.3407876841202528,11.210346313322187
015077,2017,CINISELLO BALSAMO,0,Lombardia,015,7.474898438343555,7.692515124683058,7.583706781513306,74280.0,45.37435286638223,0.23551490523232008,9.853551280339165,35841.0,84.44534194938072,61.57915993537964,0.030783766847066612,12.88930780137826,99.875,0.668010321,6.5,7.900000000000001,83.2439024390244,90.93333333333334,1.3772213247172858,2.755555555555555,0.016740604335816523,0.04173397953688745,101.76628971459343,68.22159396876683,0.29814704219130306,11.215597015466642
015077,2018,CINISELLO BALSAMO,0,Lombardia,015,7.489725154088831,7.701847965778477,7.5957865599336545,74153.0,43.688113539718834,0.20085718399985134,9.853341044471767,35841.0,93.60106806197996,61.5726942942295,0.043192283208704246,12.906085515711624,101.10000000000001,0.62261636,6.400000000000001,7.599999999999999,82.9463414634147,91.91374663072777,1.3795800574487884,1.8867924528301885,0.008370302167908262,0.02831982522622146,148.11268593313824,74.14939382088384,0.3167392383516637,11.21388580527766
015077,2019,CINISELLO BALSAMO,0,Lombardia,015,7.476664062366048,7.698835880952803,7.587749971659426,73845.0,45.992105513421485,0.23324637851742677,9.865159104043405,35841.0,92.72259462387433,63.43015776288171,0.03966746138667833,12.912877077321392,102.25,0.595578796,5.900000000000001,7.3,83.3463414634146,91.66666666666667,1.3853341458460289,2.1505376344086025,0.011160402890544352,0.03250050782043469,156.01191685286747,79.1441532940619,0.33257529047882767,11.20972358086041
015077,2020,CINISELLO BALSAMO,1,Lombardia,015,7.4508493426975955,7.681097264797753,7.565973303747675,74142.0,46.011258696652625,0.2326385246484116,9.87440584212766,35841.0,107.92937875967739,72.55671549189393,0.047709345941279534,12.917052192618227,102.875,0.527189894,5.900000000000001,7.0,83.4975609756098,91.50268336314849,1.379784737395808,2.3255813953488373,0.011160402890544352,0.03506784278816326,31.48283024466564,11.384910037495617,0.08002908838789805,11.213737452332245
015077,2021,CINISELLO BALSAMO,1,Lombardia,015,7.447268212262826,7.694614992813392,7.5709416025381095,74636.0,46.8415531193339,0.24482076892343174,9.849343118949756,35841.0,82.09979098558337,67.24368937242082,0.01990473982148367,12.823268425095806,102.73333333333333,0.475691584,6.5,6.8,82.1951219512195,91.50268336314849,1.3706522321667827,2.3255813953488373,0.011160402890544352,0.034835736105900635,29.647891098129588,8.794683530735838,0.06072157096100963,11.220378243517139
015077,2022,CINISELLO BALSAMO,1,Lombardia,015,7.450322261140752,7.689716462109814,7.570019361625284,74391.0,45.254954987427716,0.22273986513471955,9.882951883428184,35841.0,91.14005726499174,75.1865144977215,0.02144552804407823,12.907639034878864,104.65833333333335,0.507288293,5.5,6.8,82.6463414634146,89.56766917293233,1.281068946512347,3.9473684210526314,0.013950503613180435,0.056458442553534695,82.44948985764407,34.78108911024183,0.22525367445870512,11.21709024576206
015077,2023,CINISELLO BALSAMO,1,Lombardia,015,7.458919231778549,7.692181716772283,7.575550474275417,74714.0,45.19773075166449,0.2617128099481079,9.925201707145787,35841.0,104.88797280295528,75.0260995261932,0.0399682432700191,12.956158073334072,113.24166666666667,0.540095241,4.7,6.7,82.7,86.87329079307203,1.2755306903659287,6.836827711941659,0.044641611562177407,0.10038279305083385,142.02826779452312,81.51885858072116,0.414084057789637,11.221422769892657
015077,2024,CINISELLO BALSAMO,1,Lombardia,015,7.4777005392011135,7.712416628431938,7.595058583816525,74741.0,45.67643207443132,0.24004821006738078,10.00117221618388,35841.0,119.67327169826467,78.19536800417441,0.05549551610774576,12.966840448140005,119.60833333333333,0.568072449,4.6,6.400000000000001,83.7,84.2820730671198,1.3272501036914142,10.195412064570943,0.06975251806590217,0.1605544480271872,153.222461567279,80.54080089910491,0.4846945405080468,11.221784082666318
015118,2014,LEGNANO,0,Lombardia,015,7.254692625441622,7.471964940585023,7.363328783013324,59510.0,45.217559836343405,0.22965004055254135,9.9285730945805,30988.0,131.58964879852127,76.71651823222987,0.092208251665756,12.867672591351358,99.68992416666667,0.827647127,8.4,8.5,82.690243902439,93.45971563981043,1.6568643925390691,0.9478672985781991,0.009681166903317414,0.016803898504453033,130.50747773483448,32.2735674676525,0.26279364390579696,10.993899644638898
015118,2015,LEGNANO,0,Lombardia,015,7.272227731005172,7.478632474635365,7.3754301028202685,59608.0,43.84461982414903,0.2156335042841329,9.94588255460834,30988.0,115.06509193396859,74.62924439672527,0.06783627623346417,12.868424930825272,99.93022416666668,0.782999237,8.0,8.3,83.090243902439,91.38090824837812,1.654140383841095,0.9267840593141796,0.009681166903317414,0.01677627164139042,143.78103610253658,34.991947389612136,0.2766876011919434,10.995545072233563
015118,2016,LEGNANO,0,Lombardia,015,7.268890432942204,7.478982141123057,7.37393628703263,59438.0,44.08271754721849,0.23341147555427577,9.971605541784731,30988.0,105.45274067095124,74.61724822504122,0.05187841523252804,12.875853446164294,99.96898750000001,0.774242763,7.5,8.1,82.5439024390244,90.12797074954297,1.6588714290521216,2.2851919561243146,0.016135278172195688,0.04206063461085501,124.35647229045392,39.43605101113766,0.29111594385426576,10.99268903145005
015118,2017,LEGNANO,0,Lombardia,015,7.26247051804081,7.480047361808066,7.371258939924439,59336.0,45.37435286638224,0.23551490523232005,9.979038143361441,30988.0,105.71322637184846,77.08810839962248,0.048242412653744744,12.889307801378262,99.875,0.668010321,6.5,7.900000000000001,83.2439024390244,90.37580201649862,1.661723068626129,3.0247479376718607,0.022589389441073963,0.05561547795604692,127.94593501415667,39.230821086692735,0.31378741128256016,10.990971483416393
015118,2018,LEGNANO,0,Lombardia,015,7.264871472359683,7.479822453905844,7.372346963132764,59069.0,43.68811353971883,0.20085718399985136,9.981491698899196,30988.0,117.50325890060776,77.2960436100154,0.06806821732311764,12.906085515711624,101.10000000000001,0.62261636,6.4,7.599999999999999,82.9463414634147,91.0041841004184,1.4728537811711728,2.301255230125523,0.01290822253775655,0.03724457837444345,133.648783625929,42.22519426433493,0.28387319163918995,10.986461531090773
015118,2019,LEGNANO,0,Lombardia,015,7.267119599887713,7.479207358521827,7.373163479204769,59091.0,45.99210551342149,0.23324637851742677,10.007369500466947,30988.0,115.87382173258194,79.26757035758406,0.061948945482388,12.912877077321394,102.25,0.595578796,5.9,7.300000000000001,83.3463414634146,92.16101694915254,1.4723054272224196,2.0127118644067794,0.009681166903317414,0.03215379668646663,136.96332774872656,44.155624375962496,0.28156778957853856,10.986833907533804
015118,2020,LEGNANO,1,Lombardia,015,7.255508707010656,7.492462701553423,7.373985704282039,59308.0,46.01125869665263,0.23263852464841162,10.015456502149556,30988.0,134.92446212989816,90.70445808322654,0.07455993128527622,12.917052192618227,102.875,0.527189894,5.9,7.0,83.4975609756098,92.75053304904051,1.4669184595670062,2.345415778251599,0.01290822253775655,0.037094489782154176,34.051055506845614,7.081675322047616,0.06827977058827708,10.990499483137917
015118,2021,LEGNANO,1,Lombardia,015,7.296962342231309,7.514990852222166,7.405976597226738,59855.0,46.8415531193339,0.24482076892343174,9.996407252734505,30988.0,102.37407067078775,83.84930248099573,0.030949408052446767,12.823268425095806,102.73333333333333,0.475691584,6.5,6.8,82.1951219512195,93.2475884244373,1.453512655584329,2.3579849946409435,0.01290822253775655,0.036755492440063486,41.26639378498037,7.742043271238826,0.08351818840720711,10.99968024968547
015118,2022,LEGNANO,1,Lombardia,015,7.306699960093245,7.537788317810028,7.422244138951637,59955.0,45.254954987427716,0.22273986513471955,10.037992368624602,30988.0,113.08481361020766,93.2899674756067,0.03301617235360013,12.907639034878864,104.65833333333335,0.507288293,5.5,6.8,82.6463414634146,91.86046511627907,1.185889417062797,2.5839793281653747,0.01290822253775655,0.03335835209740639,50.67634058877491,11.562004836961053,0.0986515542911341,11.001349559813534
015118,2023,LEGNANO,1,Lombardia,015,7.343849529031132,7.5962397506006125,7.470044639815872,60118.0,45.19773075166449,0.2617128099481079,10.08496014033649,30988.0,130.35363784557038,93.24162480455105,0.06173194890219123,12.95615807333407,113.24166666666667,0.540095241,4.7,6.7,82.7,90.45801526717557,1.1826740743205029,4.580152671755725,0.02904350070995224,0.05988223161116471,90.11111480754515,39.70524634884727,0.2692345522344385,11.004064576513825
015118,2024,LEGNANO,1,Lombardia,015,7.32367920845401,7.5910975275152595,7.457388367984635,60397.0,45.67643207443132,0.24004821006738078,10.145775084265841,30988.0,148.09510406146,96.76639568190473,0.08498552639958157,12.966840448140005,119.60833333333332,0.568072449,4.6,6.4,83.7,84.5422116527943,1.1772107886153287,6.302021403091558,0.05485994578546534,0.08775270294882197,92.70659138698943,49.75412686060566,0.3438602342540308,11.008694713815196
015146,2014,MILANO,0,Lombardia,015,7.909934859020142,8.15484760939784,8.032391234208992,1322892.0,45.217559836343405,0.22965004055254137,9.948218563548265,809990.0,5.91953084605546,3.4510753712321183,0.00018659538910382266,12.867672591351358,99.68992416666667,0.827647127,8.4,8.5,82.690243902439,83.7980701007521,3.5711154047344755,5.371079892152689,0.031234953517944666,0.22889245682943127,358.9488786688558,216.45901555077813,0.6762634628711984,14.095330807111905
015146,2015,MILANO,0,Lombardia,015,7.893333544392704,8.126345308222172,8.009839426307439,1339812.0,43.84461982414903,0.2156335042841329,9.958216282837729,809990.0,5.119225682409174,3.3202419443921984,0.00013427135583327923,12.868424930825272,99.93022416666668,0.782999237,8.0,8.3,83.090243902439,82.30382100269266,3.8327019014608017,7.222079753814592,0.04135853529055914,0.33631584132699216,394.8436049236759,239.5894349356477,0.7429700277148803,14.108039863576876
015146,2016,MILANO,0,Lombardia,015,7.888783078061646,8.118533936574359,8.003658507318004,1352193.0,44.08271754721849,0.23341147555427577,9.972731666869915,809990.0,4.635359005704067,3.279931193254218,0.00010023922712585034,12.875853446164292,99.96898750000001,0.7742427630000001,7.5,8.1,82.5439024390244,77.49690358587141,3.8406499663879345,12.713951024428097,0.08345782046691935,0.6300875688603624,376.30996462783054,240.23663781723465,0.8524217375906652,14.117238276876314
015146,2017,MILANO,0,Lombardia,015,7.888369891862794,8.121806350289521,8.005088121076158,1363683.0,45.37435286638224,0.23551490523232002,9.984795629473867,809990.0,4.599749355238718,3.3542252854952364,9.133530811365119e-05,12.889307801378264,99.875,0.668010321,6.5,7.9,83.2439024390244,74.6261303037329,3.7763908474330177,16.03002550428936,0.1275324386720824,0.8111855907861284,406.6375396628102,263.8693156694041,0.929206693744663,14.125699685683307
015146,2018,MILANO,0,Lombardia,015,7.889675847041329,8.128359052036746,8.009017449539037,1380995.0,43.68811353971883,0.2008571839998514,9.995188751978404,809990.0,5.025941440772776,3.3061669303654253,0.00012453155227986712,12.906085515711624,101.10000000000001,0.62261636,6.4,7.6,82.9463414634147,73.06988231875636,3.6418669147969407,17.079761731802993,0.09617402683983753,0.8512702797620558,412.39932077958287,258.2936940394426,0.8993184543277465,14.138314811820067
015146,2019,MILANO,0,Lombardia,015,7.898843315299164,8.151368133089731,8.025105724194448,1395980.0,45.99210551342149,0.23324637851742677,10.023241426876842,809990.0,4.9048696972735994,3.3553489305004365,0.00011099877983733022,12.912877077321394,102.25,0.595578796,5.9,7.3,83.3463414634146,69.99317753133654,3.7480479663032424,20.91153532299707,0.21889159125421298,1.1197868164300346,418.9386667430765,259.883236149515,1.0166479963201205,14.149107235554263
015146,2020,MILANO,1,Lombardia,015,7.9125764995319905,8.180790644276446,8.046683571904218,1406242.0,46.01125869665263,0.2326385246484116,10.027873494190944,809990.0,5.690414594358581,3.8254439847480017,0.00013262088670446331,12.917052192618227,102.875,0.527189894,5.9,7.0,83.4975609756098,68.6372983233154,3.702847731755985,22.053938627016766,0.2908677884912159,1.1897667684509494,92.09887060690835,44.355025664146005,0.8038311343204274,14.156431456029797
015146,2021,MILANO,1,Lombardia,015,7.9426899451307404,8.208093309592426,8.075391627361583,1374582.0,46.841553119333895,0.24482076892343174,10.009259279839595,809990.0,4.4577915322621715,3.6511463121152463,5.868294653552317e-05,12.823268425095806,102.73333333333333,0.475691584,6.5,6.8,82.1951219512195,67.73996128145882,3.9456358369307907,23.363517142321868,0.3883998567883555,1.3608500620552284,160.44717594148622,78.82221649927033,0.942219452992062,14.133660242865442
015146,2022,MILANO,1,Lombardia,015,8.004896944186735,8.280379952328808,8.142638448257772,1349930.0,45.254954987427716,0.22273986513471955,10.052035174738705,809990.0,5.022482647248376,4.143325950234457,6.512609520596762e-05,12.907639034878862,104.65833333333335,0.507288293,5.5,6.8,82.6463414634146,65.51162763062517,4.08391546228323,25.963423763858682,0.5192656699465426,1.6185283681376073,352.3793826346551,226.04898031749792,1.1294734690416026,14.115563297218406
015146,2023,MILANO,1,Lombardia,015,8.082951395096087,8.355897893723931,8.21942464441001,1358420.0,45.19773075166449,0.2617128099481079,10.098855406677922,809990.0,5.7689079960542395,4.126485181313585,0.00012090684874638582,12.95615807333407,113.24166666666666,0.540095241,4.7,6.7,82.7,60.91090126549753,4.188100881906921,31.159932335496027,0.7726021308905048,2.1424890681821527,420.37072481265005,288.78380765889784,1.2302628806569378,14.121832817634603
015146,2024,MILANO,1,Lombardia,015,8.143215711389702,8.40910957433229,8.276162642860996,1371499.0,45.67643207443132,0.2400482100673808,10.157110141915739,809990.0,6.521696333719529,4.261322829983835,0.00016481043761137947,12.966840448140005,119.60833333333333,0.568072449,4.6,6.4,83.7,55.473364459695105,4.314184698639955,37.33850855974949,1.138532574476228,2.903830042894672,459.8329273298777,328.17420938695545,1.309741333889183,14.131414860230837
015182,2014,RHO,0,Lombardia,015,7.397662160147023,7.628362557542384,7.513012358844703,50404.0,45.217559836343405,0.22965004055254132,9.916880941714782,26735.0,155.3626696293945,90.57614475041663,0.12853449107010925,12.867672591351356,99.68992416666667,0.827647127,8.4,8.5,82.690243902439,87.92528352234822,2.614871835568606,2.868579052701801,0.014961660744342622,0.08531068962780732,164.0683279104833,85.91381636378065,0.43405364389670514,10.827825815989584
015182,2015,RHO,0,Lombardia,015,7.400452951717279,7.611986869978047,7.506219910847664,50249.0,43.84461982414903,0.21563350428413292,9.929505898388696,26735.0,136.4962486815658,88.52912495771061,0.09545886231338968,12.868424930825274,99.93022416666668,0.782999237,8.0,8.3,83.090243902439,86.49006622516556,2.5990566976457243,3.576158940397351,0.022442491116513932,0.10746482517065017,198.95520308861867,92.38392803836892,0.4826714936439848,10.824745925225793
015182,2016,RHO,0,Lombardia,015,7.373307415615892,7.5865277816757155,7.4799175986458035,50157.0,44.08271754721849,0.23341147555427577,9.946559433447511,26735.0,124.96560799090855,88.42434754869709,0.07285376007777872,12.875853446164294,99.96898750000001,0.774242763,7.5,8.1,82.5439024390244,80.88235294117648,2.6317363478676956,9.375,0.052365812605199166,0.30504216759375563,141.41794764439658,74.80710568813925,0.5557531693165813,10.822913364905755
015182,2017,RHO,0,Lombardia,015,7.37588224190425,7.589170956153569,7.48252659902891,50431.0,45.37435286638224,0.23551490523232005,9.953519659452695,26735.0,124.37984572980903,90.70016458130911,0.0667836869157858,12.889307801378262,99.875,0.668010321,6.5,7.9,83.2439024390244,80.4320987654321,2.583728262378299,9.69135802469136,0.05610622779128484,0.31131645218218956,160.94862287085326,79.01092581943647,0.5765853226392592,10.828361344340758
015182,2018,RHO,0,Lombardia,015,7.385743610850618,7.591386440280225,7.488565025565421,50468.0,43.68811353971883,0.20085718399985136,9.95206453951447,26735.0,137.52873107711818,90.4692082111437,0.0932462607315021,12.906085515711624,101.10000000000001,0.62261636,6.4,7.6,82.9463414634147,81.85812931575643,2.5838154870412935,9.227871939736348,0.05610622779128484,0.2912736783704526,170.20686375525085,80.45692319885869,0.5780210507908242,10.829094751047633
015182,2019,RHO,0,Lombardia,015,7.369814846536938,7.590682425590558,7.480248636063747,50047.0,45.99210551342149,0.23324637851742674,9.97231022023756,26735.0,136.81339540831618,93.59202349791195,0.0863615639506948,12.912877077321394,102.25,0.595578796,5.9,7.3,83.3463414634146,74.81884057971014,2.4756728675045454,16.666666666666664,0.14587619225734058,0.5514816072891482,186.77043579035706,87.52972206126242,0.7371592396825681,10.82071784288695
015182,2020,RHO,1,Lombardia,015,7.339066343748948,7.57556958216819,7.4573179629585695,50053.0,46.01125869665263,0.2326385246484116,9.989482873628486,26735.0,159.87253511278047,107.47607536011829,0.1046819566312952,12.917052192618225,102.875,0.527189894,5.9,7.0,83.4975609756098,72.7967097532315,2.4753761013325875,18.566392479435958,0.20198242004862538,0.6313307893632749,38.445248037080695,11.393922442211256,0.5208064363427771,10.820837723006973
015182,2021,RHO,1,Lombardia,015,7.353677304921807,7.576848310934023,7.465262807927914,50742.0,46.8415531193339,0.24482076892343177,9.973637068088362,26735.0,120.75992274644277,98.90820227819164,0.043064365748790245,12.823268425095808,102.73333333333332,0.47569158399999995,6.5,6.8,82.1951219512195,71.41210374639769,2.4417642189901856,19.36599423631124,0.20572283523471105,0.6621733475227622,39.89988569626739,13.840605415632021,0.5398855178385248,10.834509249010278
015182,2022,RHO,1,Lombardia,015,7.385367759731939,7.619658444945531,7.502513102338734,50618.0,45.254954987427716,0.22273986513471958,10.014432675932165,26735.0,133.94444663953536,110.49824173219012,0.04631989590134976,12.907639034878864,104.65833333333335,0.507288293,5.5,6.8,82.6463414634146,68.49087893864014,2.4477458611561103,20.95080154781647,0.24312698709556763,0.748745505551385,104.34627997945395,42.07199020111423,0.7124867864193571,10.832062523243502
015182,2023,RHO,1,Lombardia,015,7.39363068735995,7.632671491456937,7.513151089408443,50616.0,45.19773075166449,0.2617128099481079,10.062577972054251,26735.0,154.82456140350877,110.74561403508771,0.08708500744511825,12.95615807333407,113.24166666666667,0.540095241,4.7,6.7,82.7,63.53846153846155,2.447842579421527,26.358974358974358,0.40396484009725075,1.0154891733839102,168.20175438596493,81.02378694483957,0.8860627490967371,10.83202301082672
015182,2024,RHO,1,Lombardia,015,7.431125948819752,7.6662894389019725,7.548707693860862,50848.0,45.67643207443132,0.2400482100673808,10.128813309275914,26735.0,175.90662366268091,114.93864065449968,0.11990242095693286,12.966840448140005,119.60833333333332,0.568072449,4.6,6.4,83.7,57.30804810360777,2.4366740088105727,33.024976873265494,0.5872451842154479,1.4041850220264318,167.4441472624292,74.70893643801134,0.949098290599158,10.836596069336442
015209,2014,SESTO SAN GIOVANNI,0,Lombardia,015,7.544627200627994,7.731122105313768,7.637874652970881,80231.0,45.217559836343405,0.22965004055254132,9.888067124270865,43213.0,97.60441724520447,56.9031920330047,0.05073004850020537,12.867672591351356,99.68992416666667,0.827647127,8.4,8.5,82.690243902439,93.49936682144366,2.7607782527950544,1.47741663149008,0.01157059218290792,0.04362403559721305,208.8432152160636,116.27425807979459,0.45591150922119683,11.29266525283555
015209,2015,SESTO SAN GIOVANNI,0,Lombardia,015,7.507703046906466,7.7041871361649426,7.6059450915357045,80879.0,43.84461982414903,0.21563350428413292,9.894105657233554,43213.0,84.80322457003672,55.00191644308164,0.03684678115079943,12.868424930825274,99.93022416666668,0.782999237,8.0,8.3,83.090243902439,92.43311036789298,2.7337133248432846,2.591973244147157,0.01157059218290792,0.07665772326561901,228.8010484798279,119.49331717751208,0.4776931588732901,11.300709489621875
015209,2016,SESTO SAN GIOVANNI,0,Lombardia,015,7.476200862378917,7.68221168210404,7.579206272241478,81202.0,44.08271754721849,0.23341147555427577,9.908209300994585,43213.0,77.18898549296816,54.61811285436319,0.02779595655107629,12.875853446164294,99.96898750000001,0.774242763,7.5,8.1,82.5439024390244,89.36944219886823,2.7228393389325385,2.3039611964430073,0.013884710619489505,0.07019531538632054,190.07044161473857,105.32991798231572,0.4555314534798681,11.304695156388314
015209,2017,SESTO SAN GIOVANNI,0,Lombardia,015,7.455409669960039,7.696226853472075,7.575818261716057,81601.0,45.37435286638224,0.23551490523232005,9.914204002337234,43213.0,76.86915601524491,56.054460116910334,0.025507893161033045,12.889307801378262,99.875,0.668010321,6.5,7.9,83.2439024390244,92.31378763866877,2.855357164740628,2.6148969889064975,0.020827065929234258,0.08088136174801779,256.4980821313464,154.42212717981397,0.5295021876886771,11.309596795779068
015209,2018,SESTO SAN GIOVANNI,0,Lombardia,015,7.4572679667881285,7.699207817870702,7.578237892329416,81717.0,43.68811353971883,0.20085718399985136,9.92031147419846,43213.0,84.93703880465509,55.87331889325354,0.03556630800372205,12.906085515711624,101.10000000000001,0.62261636,6.4,7.6,82.9463414634147,92.5755033557047,2.700784414503714,2.348993288590604,0.009256473746326337,0.0685291922121468,221.48879670080888,116.46169095781784,0.4646066989502172,11.311017337538173
015209,2019,SESTO SAN GIOVANNI,0,Lombardia,015,7.434837290684259,7.693056325927493,7.563946808305876,81667.0,45.99210551342149,0.23324637851742674,9.941143189142164,43213.0,83.8416986053118,57.35486793931453,0.03243272149827625,12.912877077321394,102.25,0.595578796,5.9,7.3,83.3463414634146,90.57154776804339,2.6583564965040956,4.505632040050062,0.018512947492652674,0.1322443581862931,261.14464838919025,139.6316749727552,0.5350899805022161,11.310405282483078
015209,2020,SESTO SAN GIOVANNI,1,Lombardia,015,7.423391628440766,7.697986432703736,7.560689030572251,81706.0,46.01125869665263,0.2326385246484116,9.95678778921996,43213.0,97.93772795143563,65.83971801336499,0.03928476481295211,12.917052192618225,102.875,0.527189894,5.9,7.0,83.4975609756098,89.52020202020202,2.6032359924607738,4.755892255892256,0.020827065929234258,0.13830073678799598,63.21445181504417,22.075490172080386,0.2954521906443798,11.310882717564038
015209,2021,SESTO SAN GIOVANNI,1,Lombardia,015,7.441136565667639,7.711439622695503,7.576288094181571,80203.0,46.8415531193339,0.24482076892343177,9.92919408731562,43213.0,76.40113212722716,62.576212859868086,0.017237409158459248,12.823268425095808,102.73333333333332,0.47569158399999995,6.5,6.8,82.1951219512195,90.21830394626365,2.6794508933581036,4.072208228379513,0.020827065929234258,0.12094310686632667,70.87141378751419,20.213707716668953,0.29406032407451804,11.292316199638792
015209,2022,SESTO SAN GIOVANNI,1,Lombardia,015,7.501890178284363,7.791224103266748,7.646557140775556,79442.0,45.254954987427716,0.22273986513471958,9.974224377610273,43213.0,85.34528335137584,70.40608242491378,0.018805167199292646,12.907639034878864,104.65833333333335,0.507288293,5.5,6.8,82.6463414634146,91.12252384446074,3.126809496236248,3.9251650770359503,0.02545530280239743,0.13468945897636012,115.55977946174566,49.9018151607462,0.4254863332100706,11.282782474635773
015209,2023,SESTO SAN GIOVANNI,1,Lombardia,015,7.538738790701721,7.821100511282326,7.679919650992024,79143.0,45.19773075166449,0.2617128099481079,10.032783711453225,43213.0,99.01823281907434,70.82748948106592,0.03562000851371368,12.95615807333407,113.24166666666667,0.540095241,4.7,6.7,82.7,88.14453917986197,2.7431358427150854,6.374340235485181,0.05322472404137644,0.19837509318575236,150.97355419936065,77.68343378441556,0.5405275358742818,11.27901162172663
015209,2024,SESTO SAN GIOVANNI,1,Lombardia,015,7.5891596680262765,7.843302762464584,7.716231215245431,78495.0,45.67643207443132,0.2400482100673808,10.099865646286993,43213.0,113.94993311675903,74.45569781514746,0.05031433250730819,12.966840448140005,119.60833333333332,0.568072449,4.6,6.4,83.7,81.09215017064847,3.026944391362507,7.542662116040956,0.0879365005901002,0.28154659532454296,180.64717497929806,101.39371934518122,0.6531408705294857,11.270790207474418
016024,2014,BERGAMO,0,Lombardia,016,7.4210375371219035,7.647202064631166,7.5341198008765335,117423.0,45.217559836343405,0.22965004055254135,9.907863455760765,67665.0,11.655297514115633,9.05103770130213,0.0022178447261724725,12.867672591351358,99.68992416666667,0.827647127,7.4,8.5,82.690243902439,45.70182191429304,1.5167386287183942,29.81780857069541,0.3177418163008941,0.989584663992574,203.332396549228,136.28760975277416,0.8574998959928853,11.673538078601968
016024,2015,BERGAMO,0,Lombardia,016,7.405068569969994,7.621486075073753,7.513277322521874,117526.0,43.84461982414903,0.2156335042841329,9.913668377854378,67665.0,10.935452580705546,8.84910572979596,0.0017752215262236315,12.868424930825272,99.93022416666668,0.782999237,5.8,8.3,83.090243902439,42.0075223319229,1.5205146095332098,35.30794546309356,0.3960688686913471,1.2780150775147627,240.90754386263464,160.58489185371747,0.9327790654994693,11.67441486468404
016024,2016,BERGAMO,0,Lombardia,016,7.374684791348241,7.590668162686952,7.4826764770175975,117938.0,44.08271754721849,0.23341147555427577,9.92921988311071,67665.0,11.029523987179704,8.736793908663874,0.0019440130225337304,12.875853446164294,99.96898750000001,0.774242763,5.3,8.1,82.5439024390244,38.23146944083225,1.4957011311027828,40.70221066319896,0.49804182369023875,1.5923620885550036,254.09706795095724,171.25777951126864,0.9841672701781147,11.67791434163557
016024,2017,BERGAMO,0,Lombardia,016,7.367278673085042,7.585386290294804,7.476332481689923,119019.0,45.37435286638224,0.23551490523232008,9.938271066134584,67665.0,11.97791949184584,8.90530083432057,0.002581620293839866,12.889307801378262,99.875,0.668010321,4.2,7.9,83.2439024390244,34.79913137893594,1.6157084163032793,46.92363373145132,0.681297568905638,2.178643745956528,308.7011317520732,210.61091086297145,1.0819703103832805,11.687038423214295
016024,2018,BERGAMO,0,Lombardia,016,7.365859404111288,7.5930558925608445,7.479457648336067,119648.0,43.68811353971883,0.20085718399985136,9.929577156243475,67665.0,12.774973254880983,9.052387001872159,0.003111281636975816,12.906085515711624,101.10000000000001,0.62261636,4.9,7.6,82.9463414634147,37.423312883435585,1.478503610591067,41.33700021155067,0.39459099977831963,1.6331238299010429,292.8740973522332,197.17253944905056,0.9797966364706767,11.69230937777684
016024,2019,BERGAMO,0,Lombardia,016,7.356649214897132,7.6046289936879266,7.480639104292529,120569.0,45.99210551342149,0.23324637851742677,9.959805243210639,67665.0,13.252992062636332,9.308362846171073,0.0032716778081142406,12.912877077321394,102.25,0.595578796,3.5,7.3,83.3463414634146,35.14652749899639,1.452280436928232,45.644319550381375,0.45222788738638886,1.8860569466446602,314.67707287943006,211.4258225580373,1.0181031495100181,11.699977482139829
016024,2020,BERGAMO,1,Lombardia,016,7.353223146559329,7.606849252048958,7.480036199304143,120783.0,46.01125869665263,0.2326385246484116,9.965420024464398,67665.0,15.038540191914427,10.219153357674507,0.003990120161148439,12.917052192618227,102.875,0.527189894,3.1,7.0,83.4975609756098,33.61216730038023,1.4637821547734367,47.832699619771866,0.4862188723860194,2.0830746048698905,78.59384184860451,40.48169030409909,0.8044830667398355,11.701750826102849
016024,2021,BERGAMO,1,Lombardia,016,7.371230237450977,7.6291726383085745,7.500201437879775,119993.0,46.8415531193339,0.24482076892343171,9.94625505270022,67665.0,11.755685748335319,9.405548657004992,0.001958561825548429,12.823268425095806,102.73333333333333,0.475691584,3.5,6.8,82.1951219512195,39.20225624496374,1.6217612694073822,43.251410153102334,0.40493608216951155,1.7892710408107142,153.42478311234822,87.76595301392581,0.8912307062316749,11.695188686729395
016024,2022,BERGAMO,1,Lombardia,016,7.381452351861055,7.643723363178155,7.5125878575196054,119476.0,45.254954987427716,0.22273986513471955,9.99760119282727,67665.0,13.36586427399645,9.684790250761658,0.0030810154535093177,12.907639034878864,104.65833333333335,0.507288293,3.4,6.8,82.6463414634146,38.98066075745367,1.6195721316415013,44.278807413376306,0.4285819847779502,1.839700023435669,278.6752151059627,193.9795440088386,1.0032106574612463,11.690870793363203
016024,2023,BERGAMO,1,Lombardia,016,7.384362531101155,7.649378129164241,7.516870330132697,119809.0,45.19773075166449,0.2617128099481079,10.047515947316286,67665.0,15.982939512056689,9.749684915156624,0.0052026597308216125,12.95615807333407,113.24166666666667,0.540095241,2.9,6.7,82.7,35.51577152600171,1.7386006059644934,52.41261722080136,0.6162713367324318,2.56575048619052,377.5033595138929,269.14004790958944,1.125979664671679,11.69365408705041
016024,2024,BERGAMO,1,Lombardia,016,7.404046664036612,7.668883324313926,7.53646499417527,120157.0,45.67643207443132,0.24004821006738078,10.113709042414607,67665.0,16.053163777391248,9.231255773696082,0.005677495280087856,12.966840448140005,119.60833333333332,0.568072449,1.6,6.4,83.7,34.12568711929877,1.9116655708781012,55.81637201010251,0.8202172467302151,3.12674251188029,430.7347886515143,321.93213878508953,1.2051401403086521,11.696554499975235
017029,2014,BRESCIA,0,Lombardia,017,7.475364731435708,7.665783353867163,7.570574042651436,191621.0,45.217559836343405,0.22965004055254135,9.825333024099125,105361.0,7.653127788707918,6.0348291679930695,0.0008445309338302423,12.867672591351358,99.68992416666667,0.827647127,9.1,8.5,82.690243902439,66.82903068679981,1.4319933618966605,7.963955187530443,0.025626180465257546,0.17064935471581927,120.08652496333909,40.006575479723,0.34858949138091344,12.163274741853183
017029,2015,BRESCIA,0,Lombardia,017,7.451219786779469,7.645480271498967,7.548350029139218,193118.0,43.84461982414903,0.2156335042841329,9.833625656143818,105361.0,7.698402013276856,5.995816029577771,0.0008816298758785225,12.868424930825272,99.93022416666668,0.782999237,8.7,8.3,83.090243902439,64.47921531994395,1.429695833635394,8.056982718355908,0.02847353385028616,0.17864725193922887,130.09248231651114,48.798661957973884,0.37840883361552236,12.171056680022554
017029,2016,BRESCIA,0,Lombardia,017,7.453071146077739,7.654537144537291,7.553804145307516,193881.0,44.08271754721849,0.23341147555427577,9.851975598237345,105361.0,7.2900387351003975,6.120764799026207,0.000603088459454093,12.875853446164294,99.96898750000001,0.774242763,8.6,8.1,82.5439024390244,61.99762187871581,1.344639237470407,10.011890606420927,0.04081206518541016,0.2171435055523749,134.48455495896968,50.76154961032798,0.41331993139350925,12.174999847775595
017029,2017,BRESCIA,0,Lombardia,017,7.450872908996054,7.664304824948627,7.55758886697234,194168.0,45.37435286638224,0.23551490523232005,9.856137331646705,105361.0,7.397202422644308,6.348625932182441,0.0005400356858297285,12.889307801378262,99.875,0.668010321,6.2,7.9,83.2439024390244,61.739543726235745,1.3380165629763916,10.052281368821294,0.04745588975047693,0.2178525812698282,140.83113592353013,51.75878620575997,0.430211371750989,12.176479042683095
017029,2018,BRESCIA,0,Lombardia,017,7.4404051384901075,7.660754821686567,7.5505799800883375,194255.0,43.68811353971883,0.20085718399985136,9.856431635250125,105361.0,8.355512084631027,6.0626496100486476,0.001180336400392463,12.906085515711624,101.10000000000001,0.62261636,5.2,7.6,82.9463414634147,60.115606936416185,1.1778332604051376,9.117183394640042,0.02847353385028616,0.17863118066459036,142.51782450902164,49.48598491673316,0.3674866435199763,12.176927007924364
017029,2019,BRESCIA,0,Lombardia,017,7.4272810102034725,7.656603350155505,7.541942180179489,196134.0,45.99210551342149,0.23324637851742677,9.875907218071614,105361.0,9.713767118398646,6.0025288833144685,0.0018921952517585822,12.912877077321394,102.25,0.595578796,4.7,7.3,83.3463414634146,57.036669970267596,1.173687376997359,13.503468780971259,0.04365941857043878,0.27787125128738516,151.80947719416318,51.970591534359166,0.4321780744159513,12.186553378083799
017029,2020,BRESCIA,1,Lombardia,017,7.431200398894245,7.664215298341311,7.547707848617778,196340.0,46.01125869665263,0.2326385246484116,9.884096714255321,105361.0,10.66670062137109,6.846287053071203,0.0019458152023530038,12.917052192618227,102.875,0.527189894,4.4,7.0,83.4975609756098,57.832151840841526,1.2880717123357441,13.8348959524354,0.06359089226563909,0.30813894265050423,60.56330854639911,13.788835693185291,0.31689192514562026,12.187603129246513
017029,2021,BRESCIA,1,Lombardia,017,7.396857706068102,7.631581854711905,7.514219780390004,197304.0,46.8415531193339,0.24482076892343174,9.866458457022711,105361.0,7.808255281190448,6.28015650975145,0.0007744895042366085,12.823268425095806,102.73333333333333,0.475691584,4.9,6.8,82.1951219512195,61.909090909090914,1.3806106313100597,14.227272727272727,0.06454001006064863,0.31727689251104896,86.6393990998662,24.426772898674127,0.392653634503059,12.192500965500079
017029,2022,BRESCIA,1,Lombardia,017,7.393972014603164,7.628332287346377,7.5111521509747705,195906.0,45.254954987427716,0.22273986513471955,9.906522595978368,105361.0,9.516298633017877,6.509754678264065,0.001534687020690439,12.907639034878864,104.65833333333335,0.507288293,4.1,6.8,82.6463414634146,54.97446373850868,1.373617959633702,21.63432073544433,0.0711838346257154,0.5405653731891825,137.186711994528,46.86584382305799,0.5283493492392768,12.18539023133497
017029,2023,BRESCIA,1,Lombardia,017,7.389096367245085,7.6224245798832975,7.505760473564192,197236.0,45.19773075166449,0.2617128099481079,9.9544605273534,105361.0,10.66488876270052,6.40298931229593,0.0021608121491028974,12.95615807333407,113.24166666666667,0.540095241,3.4,6.7,82.7,57.56650675970345,1.338498042953619,18.861753161796774,0.11484325319615417,0.438560911801091,173.20671682654282,64.06132754669534,0.6012711111621198,12.192156260270327
017029,2024,BRESCIA,1,Lombardia,017,7.38960534654736,7.62120184614907,7.505403596348215,198259.0,45.67643207443132,0.2400482100673808,10.028095932998788,105361.0,10.55034071593219,6.401222643108258,0.0020927766572130056,12.966840448140005,119.60833333333333,0.568072449,2.8,6.4,83.7,56.60069373597225,1.3991798606872827,21.322179147112834,0.1547062005865548,0.5270883036835654,164.0500557351747,64.36227359161501,0.649762528602009,12.197329535692397
018110,2014,PAVIA,0,Lombardia,018,7.398387672184142,7.622624626775898,7.51050614948002,69994.0,45.217559836343405,0.22965004055254137,9.941816668041811,46112.0,15.524187787524646,12.2024744978141,0.004745711474855768,12.867672591351358,99.68992416666667,0.827647127,6.9,8.5,82.690243902439,44.38073394495412,0.5529045346744007,16.1697247706422,0.0260235947258848,0.2014458382147041,62.15818498728463,20.23887761808155,0.18111273471009764,11.156164803072102
018110,2015,PAVIA,0,Lombardia,018,7.457380552312848,7.640032228238423,7.548706390275635,70783.0,43.84461982414903,0.21563350428413286,9.95910005084818,46112.0,15.622395207888898,11.863017956288939,0.005311130146504049,12.868424930825272,99.93022416666666,0.7829992370000001,7.6,8.3,83.090243902439,40.48117154811715,0.5467414492180326,20.81589958158996,0.03469812630117974,0.28114095192348443,69.39660652981648,24.236045378127518,0.23947667168531486,11.16737413785572
018110,2016,PAVIA,0,Lombardia,018,7.4562267039513355,7.647499832314135,7.551863268132735,71106.0,44.08271754721849,0.23341147555427574,9.979781643819564,46112.0,15.714566984502008,11.700840997946727,0.005644707881972383,12.875853446164294,99.96898750000003,0.774242763,6.9,8.1,82.5439024390244,38.66133866133866,0.5442578685343009,21.678321678321677,0.04120402498265094,0.305178184682024,74.24830534694681,24.71662025708098,0.2636569659147455,11.171927000416504
018110,2017,PAVIA,0,Lombardia,018,7.452272871262245,7.653225108429912,7.552748989846079,71288.0,45.37435286638223,0.23551490523232008,9.983486169300418,46112.0,15.964818763326228,12.013242060374816,0.005543116236886167,12.88930780137826,99.875,0.668010321,6.8,7.900000000000001,83.2439024390244,38.20335636722606,0.5428683649422062,23.988153998025666,0.060721721027064544,0.34087083380092026,81.83004152171473,27.2303894063517,0.3174924256926168,11.174483289292557
018110,2018,PAVIA,0,Lombardia,018,7.4244421451667355,7.642762740443178,7.533602442804956,71537.0,43.68811353971883,0.20085718399985136,9.978651193142728,46112.0,16.45022855305646,12.157345150062206,0.006000927356464842,12.906085515711625,101.1,0.62261636,6.5,7.6,82.9463414634147,38.05825242718446,0.5479681842962383,26.21359223300971,0.07807078417765441,0.3774270657142458,80.48562282455232,26.109565679298825,0.34524685952305245,11.177970077351677
018110,2019,PAVIA,0,Lombardia,018,7.381597607627016,7.601662554115963,7.491630080871489,71943.0,45.99210551342149,0.23324637851742677,10.001643445003312,46112.0,17.83912263875568,12.051207205704516,0.008045140504359232,12.912877077321394,102.25,0.595578796,6.700000000000001,7.299999999999999,83.3463414634146,33.59173126614987,0.5420958258621409,26.78725236864772,0.08891394864677307,0.4322866713926303,78.67895417205287,26.486246055905376,0.3689520601632544,11.183629417797983
018110,2020,PAVIA,1,Lombardia,018,7.391851360771957,7.585891143508816,7.488871252140386,71882.0,46.01125869665263,0.23263852464841156,10.008400635711887,46112.0,18.345343757825326,13.762833532734204,0.006375045526127711,12.917052192618227,102.875,0.527189894,5.6,7.0,83.49756097560979,28.51524090462144,0.40343896942210844,31.268436578171094,0.09325121443442054,0.44239169750424306,29.950474388581288,7.77246042124593,0.21742290965561922,11.182781164661774
018110,2021,PAVIA,1,Lombardia,018,7.363354935108844,7.575143981739774,7.469249458424309,71122.0,46.8415531193339,0.24482076892343174,10.008644076989608,46112.0,14.542616911785384,11.927392368043643,0.003677096459241502,12.823268425095806,102.73333333333333,0.475691584,7.0,6.8,82.1951219512195,27.99227799227799,0.40775006327156155,33.108108108108105,0.1106002775850104,0.4822699024211918,52.17232361294677,16.418267202834567,0.325082140383617,11.172151991277198
018110,2022,PAVIA,1,Lombardia,018,7.337529207212938,7.540423794572061,7.4389765008925,70380.0,45.254954987427716,0.22273986513471952,10.0443560084527,46112.0,17.719522591645354,12.799090650753056,0.006991236062648903,12.907639034878864,104.65833333333335,0.507288293,6.1,6.8,82.6463414634146,28.459273797841018,0.4120488775220233,31.992149165848872,0.11276891047883415,0.46319977266268825,80.46319977266269,30.61381074168798,0.39652731306410766,11.161664410875575
018110,2023,PAVIA,1,Lombardia,018,7.338176480150329,7.560852657003984,7.449514568577157,70904.0,45.19773075166449,0.2617128099481079,10.082213778608672,46112.0,21.21318966489902,13.04721877468126,0.01151693965110256,12.95615807333407,113.24166666666667,0.540095241,4.7,6.7,82.7,27.89351851851852,0.33989619767573054,38.0787037037037,0.12794934073560027,0.46400767234570683,95.70122983188537,36.32094099063523,0.4286657004439339,11.169082128418234
018110,2024,PAVIA,1,Lombardia,018,7.345141319689131,7.569673074476039,7.457407197082585,71297.0,45.676432074431325,0.2400482100673808,10.144505869763487,46112.0,21.968666283293828,12.770523303925833,0.01290116411541579,12.966840448140006,119.60833333333333,0.568072449,3.5,6.4,83.7,18.798751950078007,0.33802263769864094,46.02184087363494,0.15831020124913256,0.8275242997601582,98.86110215016059,36.854285594064265,0.5005218714398924,11.174609529780854
018177,2014,VIGEVANO,0,Lombardia,018,6.770030969147484,7.000313305316484,6.885172137231984,62387.0,45.217559836343405,0.22965004055254137,9.755539690055395,34417.0,17.41709009889881,13.690352156699314,0.005973580941862085,12.86767259135136,99.68992416666667,0.827647127,6.9,8.5,82.690243902439,80.5774278215223,0.49208969817429915,7.349081364829396,0.008716622599296859,0.04488114511035953,19.68198502893231,6.470899386090051,-0.05999671187993649,11.041112199319782
018177,2015,VIGEVANO,0,Lombardia,018,6.859707749028764,7.036096848014539,6.947902298521652,62631.0,43.84461982414903,0.2156335042841329,9.766659393222072,34417.0,17.655793456914306,13.407098721080615,0.0067836929568962515,12.868424930825272,99.93022416666668,0.782999237,7.6,8.3,83.09024390243901,72.92307692307692,0.37840685922306844,9.846153846153848,0.011622163465729146,0.05109290926218645,26.779071067043475,9.011511871118136,-0.032528484317222287,11.045015642181069
018177,2016,VIGEVANO,0,Lombardia,018,6.862202125177757,7.0573643701461295,6.959783247661943,62712.0,44.08271754721849,0.23341147555427577,9.783221370085379,34417.0,17.817961474677894,13.266998341625207,0.007256925521515319,12.875853446164294,99.96898750000001,0.774242763,6.9,8.1,82.5439024390244,71.3855421686747,0.37791810179869884,11.44578313253012,0.014527704332161431,0.0605944635795382,26.93423906110473,9.835438193647148,-0.017312207462922745,11.046308095868557
018177,2017,VIGEVANO,0,Lombardia,018,6.884063357757123,7.091932177881754,6.987997767819438,62878.0,45.37435286638224,0.23551490523232005,9.795508820827102,34417.0,18.100130411272623,13.620026082254524,0.007125074475998121,12.889307801378262,99.875,0.668010321,6.8,7.9,83.2439024390244,63.53887399463807,0.3769203855084449,19.571045576407506,0.02614986779789058,0.11609784026209485,32.93997900696587,10.138681255765132,0.044288867895659494,11.048951619981471
018177,2018,VIGEVANO,0,Lombardia,018,6.874644448661477,7.111170373819137,6.9929074112403065,62443.0,43.68811353971883,0.20085718399985136,9.79354005696798,34417.0,18.84598754063706,13.927902246849127,0.00787611949103652,12.906085515711624,101.10000000000001,0.62261636,6.5,7.6,82.9463414634147,63.36898395721925,0.37954614608522974,20.32085561497326,0.02614986779789058,0.12171100043239436,33.600243422000865,10.372659865797608,0.04979913454564423,11.04200941959947
018177,2019,VIGEVANO,0,Lombardia,018,6.782945069170927,7.043131190367539,6.913038129769232,62912.0,45.99210551342149,0.23324637851742677,9.815913953961415,34417.0,20.39992370295015,13.781154628687693,0.010520678208072324,12.912877077321394,102.25,0.595578796,6.7,7.3,83.3463414634146,63.199999999999996,0.37671668362156663,20.8,0.029055408664322862,0.12398270600203459,33.83138351983723,10.598931841302136,0.058862963377333995,11.049492203506839
018177,2020,VIGEVANO,1,Lombardia,018,6.8159917449741165,7.040067691206603,6.928029718090359,62969.0,46.01125869665263,0.2326385246484116,9.830869128359021,34417.0,20.942050850418457,15.710905366132543,0.0083074933447981,12.917052192618227,102.875,0.527189894,5.6,7.0,83.4975609756098,62.20472440944882,0.37637567692038937,23.35958005249344,0.03196094953075515,0.1413393892232686,11.34208896441106,2.609220410043037,-0.04186451128978848,11.050397820778638
018177,2021,VIGEVANO,1,Lombardia,018,6.797386167681608,7.0391294239713424,6.918257795826475,62340.0,46.8415531193339,0.24482076892343174,9.807147128181137,34417.0,16.591273660571062,13.607635547000319,0.004786073329436543,12.823268425095806,102.73333333333333,0.47569158399999995,7.0,6.8,82.1951219512195,61.240310077519375,0.3801732435033686,24.54780361757106,0.03777203126361972,0.15239011870388194,21.474173885145973,4.613410330445942,0.019503136090826746,11.040358553321328
018177,2022,VIGEVANO,1,Lombardia,018,6.789476090186139,7.005451916386488,6.897464003286314,62201.0,45.254954987427716,0.22273986513471955,9.852387727144166,34417.0,20.049516888796003,14.482082281635345,0.008950715594862877,12.907639034878864,104.65833333333335,0.507288293,6.1,6.8,82.6463414634146,58.80893300248139,0.3810228131380524,25.55831265508685,0.04648865386291658,0.16559219305155864,30.279255960515105,8.51111718461118,0.08753726400427977,11.038126355768453
018177,2023,VIGEVANO,1,Lombardia,018,6.804196864449928,7.014691631172158,6.909444247811043,62388.0,45.19773075166449,0.2617128099481079,9.896892790693215,34417.0,24.108802974931077,14.828172084375197,0.014875666619471498,12.95615807333407,113.24166666666667,0.540095241,4.7,6.7,82.7,55.26932084309133,0.3782778739501186,30.679156908665103,0.06973298079437487,0.20997627748926073,34.11232929409502,10.681541322049112,0.15456056232568813,11.041128228171717
018177,2024,VIGEVANO,1,Lombardia,018,6.830760778564153,7.046050123049223,6.938405450806689,62515.0,45.67643207443132,0.2400482100673808,9.953182471215452,34417.0,25.054786851155725,14.564504518915463,0.016780424429721292,12.966840448140005,119.60833333333333,0.568072449,3.5,6.4,83.7,53.153153153153156,0.3775093977445413,32.65765765765766,0.08135514426010401,0.2319443333599936,31.368471566823963,9.82644165400304,0.1661528992907152,11.0431618069291
019036,2014,CREMONA,0,Lombardia,019,7.039636914945179,7.3571293331616054,7.198383124053392,70221.0,45.217559836343405,0.22965004055254135,9.881026022565743,41246.0,8.32941712593099,6.845530539297361,0.0021131664126595017,12.867672591351358,99.68992416666667,0.827647127,7.4,8.5,82.690243902439,64.01799100449776,1.2161604078552,6.296851574212893,0.01939582020074674,0.11962233519887214,82.48244827046041,37.98151550106093,0.26362162263899264,11.159402690578014
019036,2015,CREMONA,0,Lombardia,019,7.04402427058741,7.359270270436577,7.201647270511994,70608.0,43.84461982414903,0.2156335042841329,9.894527462252244,41246.0,7.914117380466802,6.711704056197599,0.0017029420522734018,12.868424930825272,99.93022416666668,0.782999237,6.9,8.3,83.090243902439,58.57142857142858,0.9871402673917969,7.647058823529412,0.03151820782621345,0.12888058010423747,95.14927486970315,38.335599365510994,0.2865719540309913,11.164898731509329
019036,2016,CREMONA,0,Lombardia,019,6.982194794496824,7.321393777509241,7.151794286003033,71050.0,44.08271754721849,0.23341147555427577,9.908228461412081,41246.0,7.822660098522167,6.36734693877551,0.002048294383879883,12.875853446164294,99.96898750000001,0.774242763,7.4,8.1,82.5439024390244,55.186064924782265,0.9809992962702322,11.163895486935866,0.05818746060224022,0.1984517945109078,98.00703729767768,37.02040816326531,0.35518099158391764,11.171139133525246
019036,2017,CREMONA,0,Lombardia,019,6.9457296600388165,7.28497948931283,7.115354574675823,71344.0,45.37435286638224,0.23551490523232005,9.91522140682005,41246.0,8.506671899529042,6.69292442251626,0.002542256499513319,12.889307801378262,99.875,0.668010321,6.3,7.9,83.2439024390244,51.890634089586975,1.250280331912985,9.424083769633508,0.06546089317752024,0.2270688495178291,82.91096658443597,31.182720340883602,0.3726664610837665,11.175268526867258
019036,2018,CREMONA,0,Lombardia,019,6.938373082141534,7.284788458497524,7.111580770319529,71653.0,43.68811353971883,0.20085718399985136,9.9153728143467,41246.0,9.084057890109277,7.021338953009644,0.0028787614434840586,12.906085515711624,101.10000000000001,0.62261636,5.1,7.6,82.9463414634147,51.18343195266272,0.9657655645960392,15.532544378698224,0.1018280560539204,0.2930791453253876,98.48715336412991,39.715015421545495,0.4387629325680213,11.179590302582158
019036,2019,CREMONA,0,Lombardia,019,6.914612269156176,7.267951770990352,7.0912820200732645,72274.0,45.99210551342149,0.23324637851742677,9.934488540090932,41246.0,10.067244098846057,6.579129424135926,0.004826237201082174,12.912877077321394,102.25,0.595578796,5.0,7.3,83.3463414634146,54.045561665357425,0.9519329219359659,10.21209740769835,0.036367162876400135,0.17987104629604006,106.12115006779754,41.83662174502587,0.3251494095419086,11.188219730745937
019036,2020,CREMONA,1,Lombardia,019,6.878534732681592,7.241100729482809,7.059817731082201,72399.0,46.01125869665263,0.2326385246484116,9.950321401571038,41246.0,10.120305529081893,7.536015690824459,0.003569510405195423,12.917052192618227,102.875,0.527189894,5.7,7.0,83.4975609756098,54.99600319744204,0.9502893686376884,9.112709832134293,0.02909373030112011,0.15746073840798905,39.413527811157614,9.103716902167157,0.13124960302210947,11.189947766123723
019036,2021,CREMONA,1,Lombardia,019,6.820776730550368,7.2317598675580275,7.026268299054197,71223.0,46.8415531193339,0.24482076892343174,9.948018495116278,41246.0,8.476194487735704,7.143759740533255,0.001870792787726505,12.823268425095806,102.73333333333333,0.475691584,5.0,6.8,82.1951219512195,55.172413793103445,0.9659800907010376,8.660785886126705,0.033942685351306796,0.15163640958679078,74.0757901239768,19.4431574070174,0.23326460566711787,11.173571078943777
019036,2022,CREMONA,1,Lombardia,019,6.860734579783424,7.221328567524297,7.04103157365386,70841.0,45.254954987427716,0.22273986513471955,9.985567775453127,41246.0,10.028091077201056,7.5337728151776515,0.0035210093900755277,12.907639034878864,104.65833333333335,0.507288293,5.4,6.8,82.6463414634146,53.69649805447471,0.9740122245592241,10.817120622568094,0.04364059545168016,0.19621405683149587,106.70515661834247,38.70498722491213,0.33981275572733416,11.1681932081156
019036,2023,CREMONA,1,Lombardia,019,6.88431034567344,7.227239322759789,7.055774834216614,70845.0,45.19773075166449,0.2617128099481079,10.032484314312414,41246.0,11.389653468840425,7.361140518032324,0.005686375821593762,12.95615807333407,113.24166666666666,0.540095241,2.6,6.7,82.7,51.03607060629317,0.9386689251182159,12.893323100537222,0.053338505552053536,0.237137412661444,119.32528759968946,48.15018702801891,0.3886986002216902,11.168249670998327
019036,2024,CREMONA,1,Lombardia,019,6.878889949449818,7.211104998446623,7.044997473948221,70675.0,45.67643207443132,0.24004821006738078,10.079775114273996,41246.0,11.892465511142554,7.261407852847542,0.006552610765185728,12.966840448140005,119.60833333333332,0.568072449,2.0,6.4,83.7,45.05420054200542,0.940926777502653,22.22222222222222,0.1672889492314406,0.46409621506897764,122.49876193845064,51.19066147859922,0.5642041195431223,11.16584718256179
021008,2014,BOLZANO .BOZEN.,0,Trentino Alto Adige,021,8.05588399342163,8.269506356544202,8.162695174982916,105549.0,41.68348325211795,0.16745597704025741,9.92166262369745,53364.0,5.909103828553563,3.6580166557712532,0.0021327413549937085,12.867672591351358,99.68992416666667,0.827647127,4.4,8.5,82.690243902439,77.34398107068915,2.4775222882263215,7.157645666962437,0.0824525897608875,0.22927739722782783,269.6993813299984,164.68085912704052,0.6801513922556695,11.566930579048735
021008,2015,BOLZANO .BOZEN.,0,Trentino Alto Adige,021,8.056464060823291,8.274396798971082,8.165430429897187,105921.0,41.81016906721318,0.1999709346113618,9.92287644955809,53364.0,5.50599031353556,3.8859149743676897,0.0015295128814568127,12.868424930825272,99.93022416666668,0.782999237,3.8,8.3,83.090243902439,74.62857142857143,2.4659888029758026,8.971428571428572,0.10119181470654375,0.29644735227197627,275.43924245428195,166.2465422343067,0.7204102102181114,11.57044881221388
021008,2016,BOLZANO .BOZEN.,0,Trentino Alto Adige,021,8.058413049506486,8.272087948405902,8.165250498956194,106201.0,43.979153970536856,0.21900925497078874,9.94145062605933,53364.0,5.962279074584985,4.154386493535842,0.0017023310336523598,12.875853446164294,99.96898750000001,0.774242763,3.7,8.1,82.5439024390244,72.9587600332134,2.4820858560653853,9.078328259064488,0.10868750468480623,0.30884831592922857,295.9633148463762,178.50585211062042,0.7433545931944289,11.5730888039415
021008,2017,BOLZANO .BOZEN.,0,Trentino Alto Adige,021,8.053679977337886,8.270962307036362,8.162321142187125,106695.0,43.45942325706283,0.21343333221455008,9.953393442562009,53364.0,6.407048127841042,4.231688457753409,0.002038858119019292,12.889307801378262,99.875,0.668010321,3.1,7.9,83.2439024390244,69.05268759978712,2.432166455785182,10.697179350718468,0.12180496214676563,0.37677491916209754,301.01972913444865,182.57275411218893,0.7732066644714306,11.577729575835725
021008,2018,BOLZANO .BOZEN.,0,Trentino Alto Adige,021,8.061688645051888,8.278466191437886,8.170077418244887,107091.0,43.123710354202366,0.2091230612070474,9.949425149847716,53364.0,7.1229141571187125,4.28700824532407,0.0026481272112452428,12.906085515711624,101.10000000000001,0.62261636,2.9,7.6,82.9463414634147,66.61542403279529,2.4278417420698286,12.195746861388676,0.16115733453264372,0.44448179585586095,315.02740659812684,188.13999308998888,0.8224908921918814,11.581434219291372
021008,2019,BOLZANO .BOZEN.,0,Trentino Alto Adige,021,8.06208853406234,8.276951556607845,8.16952004533509,107595.0,43.74380937917269,0.21613180623134925,9.983444622339611,53364.0,7.419489753241322,4.5095032297039825,0.002704574119185222,12.912877077321394,102.25,0.595578796,2.9,7.3,83.3463414634146,63.30482897384306,2.339328035689391,18.46076458752515,0.2342403118207031,0.6821878340071564,319.51020028811746,195.74236721037224,0.8993662162166263,11.586129457228644
021008,2020,BOLZANO .BOZEN.,1,Trentino Alto Adige,021,8.061011543489325,8.275624239632064,8.168317891560696,107843.0,43.082150235762796,0.18862308597186664,9.994159096224788,53364.0,7.186372782656268,5.922498446816205,0.0011719576939069414,12.917052192618227,102.875,0.527189894,3.7,7.0,83.4975609756098,61.82562620423893,2.380312120397244,21.50770712909441,0.2717187617120156,0.82805559934349,134.82098977216882,68.04521387572674,0.7872644402493445,11.588431744750292
021008,2021,BOLZANO .BOZEN.,1,Trentino Alto Adige,021,8.063435858839883,8.274912177637589,8.169174018238735,107467.0,44.22986337913516,0.2131226645482096,10.00245732574122,53364.0,5.9199568239552605,4.864749178817684,0.0009818899244768873,12.823268425095806,102.73333333333333,0.475691584,3.8,6.8,82.1951219512195,60.08035925313165,2.365377278606456,23.044197589222406,0.28108837418484367,0.9072552504489749,208.68917900378722,118.56197716508323,0.8745048813777275,11.584939102678662
021008,2022,BOLZANO .BOZEN.,1,Trentino Alto Adige,021,8.105978590298996,8.310381588563574,8.208180089431284,106601.0,44.45386854196522,0.23077498879647002,10.03909736491298,53364.0,6.498062869954316,5.287942889841559,0.001135186330440387,12.907639034878864,104.65833333333335,0.507288293,2.3,6.8,82.6463414634146,52.96979525643625,2.4511965178563053,23.048854652341376,0.3710366539239937,1.0665941220063602,329.2183000159473,207.30949991088266,0.9997526121093621,11.576848171532921
021008,2023,BOLZANO .BOZEN.,1,Trentino Alto Adige,021,8.124562521971233,8.32695854129787,8.22576053163455,106410.0,44.82088263617546,0.23705212357349215,10.078881989929735,53364.0,7.535945869749083,5.939291419979325,0.0015004740623717305,12.95615807333407,113.24166666666667,0.540095241,2.0,6.7,82.7,54.698930782217225,2.7403439526360303,25.304820859125865,0.4272543287609625,1.2677379945493843,359.9191805281459,233.59458697490837,1.057747520440045,11.575054836435777
021008,2024,BOLZANO .BOZEN.,1,Trentino Alto Adige,021,8.142314501110326,8.340993495999207,8.241653998554767,106357.0,44.32471272756557,0.2299810246679317,10.143107605254194,53364.0,8.242992938875673,5.849168366915201,0.0022507447295057894,12.966840448140005,119.60833333333333,0.568072449,2.0,6.4,83.7,57.26605504587155,2.9344565943003285,26.422018348623855,0.42912825125552806,1.3539306298598117,403.50047481595004,261.2747632971972,1.0869690246478223,11.57455663886664
022205,2014,TRENTO,0,Trentino Alto Adige,022,7.736608791071214,7.9017825828790835,7.819195686975149,117200.0,41.68348325211795,0.16745597704025741,9.906637378121314,64717.0,6.15358361774744,3.6305460750853245,0.0021527624084147746,12.867672591351356,99.68992416666667,0.827647127,6.9,8.5,82.690243902439,58.91913856156034,2.474402730375427,12.43396993092239,0.026268213915972623,0.5221843003412969,222.2798634812287,79.9334470989761,0.5909055671736562,11.67163715612505
022205,2015,TRENTO,0,Trentino Alto Adige,022,7.6957100718758085,7.866327171281601,7.781018621578705,117404.0,41.81016906721318,0.1999709346113618,9.90496077166649,64717.0,5.567101631971654,3.7468910769650097,0.0015503820610938675,12.868424930825272,99.93022416666668,0.782999237,6.8,8.3,83.090243902439,56.725040621050724,2.6762290892984906,11.789131612204368,0.03090378107761484,0.5561991073557971,239.87342850328776,92.30435078872952,0.6304115449070462,11.673376257345966
022205,2016,TRENTO,0,Trentino Alto Adige,022,7.696565791251548,7.865472063923091,7.781018927587321,117755.0,43.979153970536856,0.21900925497078874,9.914674568113867,64717.0,5.865568341047089,3.8639548214513177,0.0016998119142251037,12.875853446164294,99.96898750000001,0.774242763,6.8,8.1,82.5439024390244,55.88708236555298,2.6563627871427964,12.453099874933,0.03090378107761484,0.5919069253959492,265.3466944078808,101.65937752112437,0.6500433701368994,11.676361473822153
022205,2017,TRENTO,0,Trentino Alto Adige,022,7.701205015959717,7.874145595275518,7.787675305617617,118173.0,43.45942325706283,0.21343333221455008,9.925210343122554,64717.0,5.60449510463473,4.036455027798228,0.0013269021492527924,12.889307801378262,99.875,0.668010321,5.7,7.9,83.2439024390244,54.2627345844504,2.5691147724099412,10.813226094727435,0.032448970131495586,0.5119612771106767,281.8943413470082,107.21399981383226,0.6460279563011502,11.679904931464913
022205,2018,TRENTO,0,Trentino Alto Adige,022,7.698433883242815,7.872700693487458,7.785567288365136,119004.0,43.123710354202366,0.2091230612070474,9.929006556254532,64717.0,6.545158145944674,4.104904036839098,0.0020505647785835565,12.906085515711624,101.10000000000001,0.62261636,4.8,7.6,82.9463414634147,52.95656724228153,2.551174750428557,11.076225361939647,0.038629726347018556,0.5335955093946422,302.83687943262413,113.6970185876105,0.6711232783943976,11.686912384974125
022205,2019,TRENTO,0,Trentino Alto Adige,022,7.702503158930221,7.879679631888732,7.7910913954094765,119616.0,43.74380937917269,0.21613180623134925,9.949889256390527,64717.0,6.520866773675762,3.996956928838951,0.002110010236788399,12.912877077321394,102.25,0.595578796,5.0,7.3,83.3463414634146,57.007162877608216,3.0606273408239697,10.277172220492059,0.040174915400899305,0.5517656500802568,330.90138443017656,121.47956795077582,0.7042018551140632,11.692041890815235
022205,2020,TRENTO,1,Trentino Alto Adige,022,7.704048780754251,7.882039464368283,7.793044122561268,120641.0,43.082150235762796,0.18862308597186664,9.968999686586653,64717.0,6.976069495445164,4.359214529057286,0.0021691257254066844,12.917052192618227,102.875,0.527189894,5.4,7.0,83.4975609756098,59.19117647058824,3.0694374217720344,7.576726342710997,0.044810482562541526,0.39290125247635543,149.20300726950208,43.92122081216171,0.5427387935738697,11.700574472332097
022205,2021,TRENTO,1,Trentino Alto Adige,022,7.706260210790249,7.884811789668156,7.795536000229203,118879.0,44.22986337913516,0.2131226645482096,9.964456115075786,64717.0,6.393055123276609,4.020054004491962,0.0019961482842088566,12.823268425095806,102.73333333333333,0.475691584,4.8,6.8,82.1951219512195,60.30701754385965,3.007259482330773,9.126180836707153,0.04944604972418375,0.45508458180166383,213.04015006855712,63.558744605859744,0.6198529073215289,11.68586144807233
022205,2022,TRENTO,1,Trentino Alto Adige,022,7.728816584974045,7.9076990885354865,7.818257836754766,117847.0,44.45386854196522,0.23077498879647002,10.003137629909796,64717.0,6.661179325735913,4.371770176584894,0.0019426961646465493,12.907639034878864,104.65833333333335,0.507288293,3.8,6.8,82.6463414634146,58.96074646074646,3.1099646151365756,9.395109395109396,0.05253642783194524,0.49555779951971624,334.8129354162601,126.04478688468947,0.7203437578549023,11.677142451952017
022205,2023,TRENTO,1,Trentino Alto Adige,022,7.7885125823392745,7.9517836315137504,7.8701481069265125,118277.0,44.82088263617546,0.23705212357349215,10.044196602275036,64717.0,7.8366884516854505,4.497070436348571,0.0028235565793323122,12.95615807333407,113.24166666666667,0.540095241,3.8,6.7,82.7,57.63878029710712,3.1164131657042367,9.679437060203284,0.057171994993587466,0.5233477345553236,379.14387412599234,150.188963196564,0.7555078572723058,11.680784610100622
022205,2024,TRENTO,1,Trentino Alto Adige,022,7.798067481945789,7.961178650571075,7.879623066258432,118504.0,44.32471272756557,0.2299810246679317,10.108785345023392,64717.0,7.473165462769189,4.444575710524539,0.002555685674951605,12.966840448140005,119.60833333333333,0.568072449,2.7,6.4,83.7,54.89675516224188,3.140822250725714,11.35693215339233,0.06798831837075266,0.6497670964693175,394.72844798487813,158.28410855329778,0.7956039629291188,11.682701994261889
023091,2014,VERONA,0,Veneto,023,7.376801492842483,7.755355765563475,7.56607862920298,257965.0,44.263756863531604,0.212167324480907,9.834387420740605,138588.0,4.886321787839436,3.3578198592832362,0.0005925229889931579,12.867672591351358,99.68992416666667,0.827647127,4.9,8.5,82.690243902439,48.808552309449986,2.3185315837419807,18.826505630814427,0.3016134153029122,0.8943073672785068,318.6079506909852,189.81179617389955,0.9464998438715666,12.460579195786522
023091,2015,VERONA,0,Veneto,023,7.327226719948649,7.713749243121906,7.520487981535276,257950.0,44.47418408423194,0.2344229343750507,9.84862664681052,138588.0,4.595851909284745,3.3122698197325064,0.0004976088736391698,12.868424930825272,99.93022416666668,0.782999237,6.2,8.3,83.090243902439,45.08861519975969,2.3275828648962977,23.670772003604686,0.4480907437873409,1.22194223686761,345.0591199844932,204.4198488079085,1.033049131326009,12.460521046672795
023091,2016,VERONA,0,Veneto,023,7.31902875194018,7.701047118120983,7.5100379350305815,257912.0,44.71002153324738,0.22893872488437292,9.864339564588224,138588.0,4.477883929402276,3.234436552002233,0.00048212079213066607,12.875853446164294,99.96898750000001,0.7742427629999998,5.3,8.1,82.5439024390244,36.6807738814994,2.3523527404696174,39.00241837968561,1.038329436892083,2.501240733273365,392.00967771953225,223.00125624243927,1.1994737055651623,12.460373720449624
023091,2017,VERONA,0,Veneto,023,7.312785085936767,7.683369534528201,7.4980773102324845,257702.0,45.10018467443613,0.24198452808372728,9.874569713255918,138588.0,4.683704433803385,3.3872457334440553,0.000503084454276385,12.88930780137826,99.875,0.668010321,6.0,7.900000000000001,83.2439024390244,31.84569611162409,2.40898402030252,48.75859238740125,1.5268277195716802,3.68836873598187,443.5014086037361,254.98094698527757,1.2868183353343983,12.4595591575727
023091,2018,VERONA,0,Veneto,023,7.317935002071681,7.686170338654061,7.502052670362871,257845.0,45.033348398607224,0.23953548369962654,9.874714556318557,138588.0,5.164730749093447,3.3039228994163157,0.000721676918178414,12.906085515711624,101.10000000000001,0.62261636,7.0,7.599999999999999,82.9463414634147,27.95689308232348,2.4247125210882507,55.28328041854851,2.2029324328224664,4.794741026585739,464.7284221140608,271.39017626868855,1.351693168489409,12.460113908172227
023091,2019,VERONA,0,Veneto,023,7.305238773708272,7.667442160743165,7.486340467225719,258584.0,44.39031208149985,0.23298366422075203,9.892756641254035,138588.0,6.008105683259598,3.442208334622405,0.000992287747361474,12.912877077321392,102.25,0.595578796,4.6,7.3,83.3463414634146,25.012030798845043,2.411982179871918,58.97497593840231,2.4742401939561867,5.687126813723974,496.31377038022464,294.2738143117904,1.3850875595731182,12.462975871789371
023091,2020,VERONA,1,Veneto,023,7.296186087034177,7.644820812047679,7.470503449540928,259087.0,45.53864238100048,0.22042258538098605,9.906853546152336,138588.0,5.909983905020321,3.6161598227622385,0.0008853489685928213,12.917052192618227,102.875,0.527189894,4.7,7.0,83.4975609756098,25.89754098360656,2.4389490788808392,58.38934426229508,2.3761075995035643,5.49892507150108,138.61637210666686,61.05979844608182,1.1661089820881076,12.464919191613344
023091,2021,VERONA,1,Veneto,023,7.315389740969764,7.657045346051015,7.4862175435103895,258031.0,46.445267234856885,0.25124086011355223,9.893638705752325,138588.0,4.98040933066182,3.5429851451957326,0.0005570742218826757,12.823268425095806,102.73333333333333,0.475691584,4.7,6.8,82.1951219512195,28.185560334859627,2.361731729908422,55.07608343739883,1.9734753369700118,4.614949366548981,245.38020625428726,111.24516046521542,1.2241687036890994,12.460835011724475
023091,2022,VERONA,1,Veneto,023,7.33657526758504,7.672935281276692,7.504755274430866,255985.0,45.88818149822524,0.23320110114670953,9.929532313623858,138588.0,5.457741664550658,3.6697462741957536,0.0006984766257221727,12.907639034878864,104.65833333333335,0.507288293,3.2000000000000006,6.8,82.6463414634146,27.276014826869183,2.357169365392503,56.47771449236054,1.8212255029295463,4.880754731722562,479.857022872434,259.1030724456511,1.33124159142443,12.452874127995019
023091,2023,VERONA,1,Veneto,023,7.373820268474817,7.702524691906063,7.53817248019044,256049.0,46.74787769453359,0.2389353974443855,9.982988839289328,138588.0,6.039078457638968,3.7789641826369174,0.0008826881866369524,12.956158073334072,113.24166666666667,0.540095241,3.0,6.7,82.7,23.923558797874872,2.356580185823807,62.88557608437079,2.3674488411695096,6.194517455643255,562.7641584228019,335.86422911239646,1.4058024222497678,12.45312411139586
023091,2024,VERONA,1,Veneto,023,7.4665720016915875,7.7707649460936645,7.618668473892626,255298.0,46.35053690983341,0.25861867818461204,10.055831955939828,138588.0,5.712539855384688,3.8147576557591516,0.0007433596031404619,12.966840448140005,119.60833333333333,0.568072449,2.5,6.400000000000001,83.7,21.2032669154404,2.359203754044293,67.18650989227628,2.8545039974600974,7.4755775603412475,617.9159257025124,389.49541320339375,1.4557329856963668,12.450186769278012
024116,2014,VICENZA,0,Veneto,024,7.435115279995949,7.772174581980392,7.60364493098817,112792.0,44.26375686353161,0.212167324480907,9.84688450318567,60860.0,8.564437194127244,7.095361373147031,0.0013024645550927486,12.867672591351358,99.68992416666667,0.827647127,6.7,8.5,82.690243902439,62.02663880908853,2.1056457904815944,10.733873073909637,0.13144922773578707,0.3643875452159728,172.4847506915384,92.07479253847791,0.6708582440159783,11.633300693545197
024116,2015,VICENZA,0,Veneto,024,7.463321997813393,7.815703065149739,7.639512531481566,112543.0,44.47418408423194,0.2344229343750507,9.851836699365917,60860.0,8.17376469438348,7.296766569222431,0.000779256040056734,12.868424930825272,99.93022416666668,0.7829992370000001,4.8,8.3,83.090243902439,62.364760432766616,2.1511777720515712,9.94332818134982,0.11830430496220835,0.3429800165270163,189.52489270767617,97.48540557831231,0.6688764276448644,11.631090649820528
024116,2016,VICENZA,0,Veneto,024,7.400767455815957,7.738241656117301,7.5695045559666285,112096.0,44.71002153324738,0.22893872488437292,9.866612821483121,60860.0,8.146588638310021,7.504282043962318,0.0005729968904757556,12.875853446164294,99.96898750000001,0.774242763,6.2,8.1,82.5439024390244,60.888671875,2.2248786754210674,14.16015625,0.1906013802168912,0.5174136454467599,195.38877390807878,100.24978589780189,0.7636538790898586,11.627110925997213
024116,2017,VICENZA,0,Veneto,024,7.3595580917756065,7.690809334895318,7.525183713335463,111385.0,45.100184674436136,0.24198452808372725,9.872804301353408,60860.0,8.876419625622841,8.066615792072541,0.0007270313179964083,12.889307801378262,99.875,0.668010321,6.2,7.9,83.2439024390244,57.557179910398496,2.1914979575346774,19.924546097618485,0.3236937232993756,0.7586299771064328,235.6565067109575,118.9603627059299,0.8793164716770587,11.620747947498975
024116,2018,VICENZA,0,Veneto,024,7.334800040884479,7.652711039679821,7.493755540282151,110756.0,45.03334839860723,0.23953548369962657,9.872796615344019,60860.0,9.592256852901874,8.083534977789014,0.0013622032893142223,12.906085515711624,101.10000000000001,0.62261636,5.3,7.6,82.9463414634147,53.71671991480298,2.277077539817256,26.02768903088392,0.5011501807426881,1.1033262306331033,245.02600310592655,115.56935967351656,0.9670215222330194,11.615084862512147
024116,2019,VICENZA,0,Veneto,024,7.232681304381888,7.537201913244153,7.384941608813021,109837.0,44.39031208149985,0.23298366422075203,9.89198745517723,60860.0,10.757759225033459,8.029170498101733,0.0024842163632762416,12.912877077321394,102.25,0.595578796,4.7,7.3,83.3463414634146,51.79841495630969,2.3207115999162395,30.29871977240398,0.6079526782780151,1.3574660633484164,254.80575762265906,125.87561568506058,1.0164859940677349,11.606752727614381
024116,2020,VICENZA,1,Veneto,024,7.2321091602326115,7.536086472600568,7.38409781641659,109855.0,45.53864238100048,0.22042258538098605,9.905923235581518,60860.0,11.642619817031541,9.200309498884893,0.002223212705973008,12.917052192618227,102.875,0.527189894,6.9,7.0,83.4975609756098,49.21307506053269,2.220199353693505,33.41404358353511,0.6588892540256326,1.5074416276000182,86.3274316144008,23.363524646124436,0.8198049721185908,11.606916593390471
024116,2021,VICENZA,1,Veneto,024,7.123388244489037,7.422943756051528,7.273166000270282,111113.0,46.445267234856885,0.25124086011355223,9.895863835318073,60860.0,9.210443422461818,8.242959869682215,0.0008707203952549234,12.823268425095808,102.73333333333332,0.47569158399999995,4.6,6.8,82.1951219512195,51.58658204895738,2.0483651777919776,30.689029918404355,0.5225106802497536,1.2185792841521694,124.8944767938945,36.928172221072245,0.8297020178509777,11.618302980483556
024116,2022,VICENZA,1,Veneto,024,7.142749748728697,7.422002294602319,7.282376021665508,110293.0,45.88818149822524,0.23320110114670953,9.929933089561294,60860.0,10.636214446973062,8.24621689499787,0.0021669530722486395,12.907639034878864,104.65833333333335,0.507288293,3.5,6.8,82.6463414634146,50.23881893182806,2.098047926885659,31.48067737733391,0.553729871837003,1.3146799887572194,179.25706980497404,70.48951429374485,0.9240571775790343,11.610895739945756
024116,2023,VICENZA,1,Veneto,024,7.100112597151357,7.3702421846196495,7.235177390885503,110283.0,46.74787769453359,0.2389353974443855,9.98056580570302,60860.0,11.669069575546548,8.049291368569952,0.0032822630931118994,12.95615807333407,113.24166666666666,0.540095241,3.6,6.7,82.7,47.30290456431535,2.170778814504502,36.59355858525983,0.7509037134406835,1.6793159417135917,226.55713029206674,102.95875157549216,1.0268913325817821,11.610805068249771
024116,2024,VICENZA,1,Veneto,024,7.115574922769153,7.378040884440353,7.246807903604753,110299.0,46.35053690983341,0.25861867818461204,10.047264981365446,60860.0,11.912166021450785,7.878584574656163,0.003656951964020182,12.966840448140005,119.60833333333333,0.568072449,2.9,6.4,83.7,43.346007604562736,2.1704639207971064,42.839036755386566,0.93821886296418,2.1450783778638063,231.97399795102402,108.76798520385499,1.0767282874596524,11.610950139017358
026086,2014,TREVISO,0,Veneto,026,7.477139060221344,7.620503384211619,7.548821222216482,83116.0,44.263756863531604,0.212167324480907,9.88478613210476,44747.0,13.62072284518023,12.255161461090525,0.001642958496666954,12.867672591351358,99.68992416666667,0.827647127,8.3,8.5,82.690243902439,57.88571428571428,1.2187785745223543,18.057142857142857,0.1519654948935124,0.3801915395351075,131.19134703306224,61.37687087925309,0.5823877481223609,11.327992501419772
026086,2015,TREVISO,0,Veneto,026,7.437690570206047,7.58527585739891,7.511483213802478,83648.0,44.47418408423194,0.2344229343750507,9.892973621762469,44747.0,12.657804131599082,11.623708875286917,0.0012362462417656909,12.868424930825274,99.93022416666668,0.782999237,7.7,8.3,83.090243902439,56.3717306622148,1.2110271614384085,18.864774624373958,0.16090464165195434,0.405269701606733,138.7588465952563,62.65302218821729,0.6001419439657554,11.334372796983894
026086,2016,TREVISO,0,Veneto,026,7.400158911259834,7.5557201123746385,7.477939511817236,83706.0,44.71002153324738,0.22893872488437292,9.908538873282152,44747.0,13.069552959166606,11.680166296322843,0.0016598411856303778,12.875853446164294,99.96898750000001,0.774242763,7.0,8.1,82.5439024390244,50.675337668834416,1.210188039089193,27.863931965982992,0.26147004268442575,0.6654242228753017,149.7897402814613,66.51972379518793,0.705264345079625,11.335065938496163
026086,2017,TREVISO,0,Veneto,026,7.391069281623598,7.554865161467676,7.4729672215456375,84022.0,45.100184674436136,0.2419845280837273,9.917406651124606,44747.0,14.871105186736807,11.696936516626598,0.003777782807015078,12.889307801378262,99.875,0.668010321,5.6,7.9,83.2439024390244,42.887383573243014,1.205636618980743,40.262489415749364,0.44695733792209535,1.1318464211754065,171.02187522315583,74.98750327295232,0.832143340625682,11.33883394829629
026086,2018,TREVISO,0,Veneto,026,7.3889048248098534,7.556502767385709,7.472703796097781,85136.0,45.03334839860723,0.23953548369962657,9.91790457841672,44747.0,16.977541815448223,12.073623379064086,0.005760099648073831,12.906085515711624,101.10000000000001,0.62261636,8.0,7.6,82.9463414634147,40.36885245901639,1.3883668483367788,46.65300546448087,0.6614968601247011,1.6044916369103555,187.84532982522083,90.98031385077992,0.9399907729232142,11.35200525683615
026086,2019,TREVISO,0,Veneto,026,7.389144919388414,7.554698313577191,7.471921616482803,85236.0,44.39031208149985,0.23298366422075203,9.94069390980095,44747.0,16.589234595710735,12.485334835046224,0.004814749355512356,12.912877077321394,102.25,0.595578796,7.0,7.3,83.3463414634146,36.48148148148148,1.3867379980290018,52.345679012345684,0.8358102219143182,1.9897695809282463,194.59735323102913,92.67093716270121,0.9900980048699026,11.35317915878581
026086,2020,TREVISO,1,Veneto,026,7.388551159840759,7.559099651906268,7.473825405873514,85456.0,45.53864238100048,0.22042258538098608,9.949722752626181,44747.0,17.888738064032953,14.196779629282904,0.004320303354650404,12.917052192618225,102.875,0.527189894,5.5,7.0,83.4975609756098,36.97216140131373,1.3831679460775137,51.89239912417893,0.8358102219143182,1.9413499344692007,59.47739187418087,17.658210073020033,0.774979321814665,11.355756902579552
026086,2021,TREVISO,1,Veneto,026,7.389628773316863,7.564153256673367,7.4768910149951155,84837.0,46.445267234856885,0.25124086011355223,9.937035372277842,44747.0,14.44770560015088,12.709077407263342,0.002049374910578565,12.823268425095808,102.73333333333332,0.47569158399999995,4.9,6.8,82.1951219512195,35.83130010456605,1.2117354456192462,52.45730219588707,0.7620622611571726,1.7739901222344023,93.78219408984287,36.30727159140469,0.8251267894550083,11.34848704737449
026086,2022,TREVISO,1,Veneto,026,7.411692588598891,7.590751501674523,7.501222045136707,84452.0,45.88818149822524,0.23320110114670953,9.983591954799378,44747.0,15.34481125372993,12.450859659925165,0.0034267413368597134,12.907639034878864,104.65833333333335,0.507288293,5.2,6.8,82.6463414634146,34.02306648575305,1.1876568938568655,50.44097693351425,0.7196013140545735,1.760763510633259,169.23696300857293,89.6757921659641,0.9313274921441355,11.343938604607974
026086,2023,TREVISO,1,Veneto,026,7.449517879450694,7.6461449165923625,7.547831398021529,84897.0,46.74787769453359,0.23893539744438547,10.030282023371532,44747.0,17.557746445693017,12.545790781770853,0.005903572168536183,12.95615807333407,113.24166666666667,0.540095241,5.7,6.7,82.7,30.108472588683675,1.209701167296842,57.16798592788039,0.9430799830156211,2.296900950563624,229.08583342167566,134.49474068577217,1.0368909308788707,11.349194035986073
026086,2024,TREVISO,1,Veneto,026,7.450653455624762,7.654840296767821,7.552746876196291,85322.0,46.35053690983341,0.25861867818461204,10.09101787140045,44747.0,17.145636529851622,12.412976723471086,0.005546822397951918,12.966840448140005,119.60833333333332,0.568072449,2.4,6.4,83.7,27.32903225806452,1.2411804692810764,61.987096774193546,1.17102822535589,2.815217646093622,232.13239258339,138.44729378120533,1.0775801067837985,11.35418761347323
027042,2014,VENEZIA,0,Veneto,027,7.6867633836252995,7.951320340357031,7.819041861991166,263515.0,44.26375686353161,0.212167324480907,9.843054234973339,148319.0,4.617953437185738,3.7720812856953114,0.000320995826230168,12.867672591351358,99.68992416666669,0.8276471270000001,9.4,8.5,82.690243902439,61.01856062171882,11.203157315522835,21.26410648588318,1.618808109547664,3.9041420791985275,1624.435800618561,1398.8042426427337,1.6576282141975767,12.481865571339537
027042,2015,VENEZIA,0,Veneto,027,7.674553463637428,7.940625720089409,7.807589591863419,262970.0,44.47418408423194,0.23442293437505068,9.849155395913755,148319.0,4.600144503175267,3.609917481081492,0.00037655512875756753,12.868424930825272,99.93022416666668,0.782999237,7.1,8.3,83.090243902439,59.42034723734484,11.413849488534813,23.033674499633758,1.8844517560123786,4.424459063771533,1709.6463474921095,1482.1781952313952,1.6976973029716342,12.479795236212537
027042,2016,VENEZIA,0,Veneto,027,7.657028543974018,7.924116095732288,7.790572319853152,262102.0,44.71002153324738,0.22893872488437292,9.862033178311867,148319.0,4.499011835087104,3.717255114421103,0.0002982643095687941,12.875853446164292,99.96898750000001,0.7742427630000001,7.0,8.1,82.5439024390244,56.95893027698185,11.376487016505024,24.744985673352435,2.1285202839824975,4.942350687900131,1772.4271466833522,1524.1112238746748,1.7260016640468692,12.476489019957699
027042,2017,VENEZIA,0,Veneto,027,7.6393955667077185,7.91454466892697,7.776970117817345,261138.0,45.100184674436136,0.24198452808372728,9.865966746029724,148319.0,5.019185258369138,3.9392964639386077,0.00041353184692788126,12.889307801378264,99.875,0.668010321,4.8,7.9,83.2439024390244,48.58661436006138,11.761980255650268,35.359159719695654,3.7041781565409693,8.559841922661581,1928.0541322978656,1667.9740213986477,1.8428526871869473,12.472804282205582
027042,2018,VENEZIA,0,Veneto,027,7.627318304397198,7.90600606258785,7.7666621834925245,260585.0,45.03334839860723,0.2395354836996266,9.870873359050432,148319.0,5.23476025097377,3.940748700040294,0.00049657944660417,12.906085515711624,101.10000000000001,0.62261636,6.4,7.6,82.9463414634147,43.31343078718001,12.109676305236293,42.20849632832338,5.020934607164288,11.800755991327208,2016.8079513402533,1745.6918088147822,1.899519292856077,12.470684382538144
027042,2019,VENEZIA,0,Veneto,027,7.619664323474857,7.902200141203761,7.760932232339309,259961.0,44.39031208149985,0.23298366422075203,9.88608883409009,148319.0,5.79625405349264,4.126003515912002,0.000642500427979827,12.912877077321394,102.25,0.595578796,6.1,7.3,83.3463414634146,40.169705054098124,12.510722762260492,45.40042488019367,5.865735340718317,14.13981327968426,2124.658314131735,1837.2905935890383,1.9429708738524645,12.46828689874654
027042,2020,VENEZIA,1,Veneto,027,7.621541627401979,7.9020608203414096,7.761801223871694,258685.0,45.53864238100048,0.22042258538098605,9.891944947326714,148319.0,5.784641552467287,4.511278195488721,0.0004922447598347665,12.917052192618227,102.875,0.527189894,6.2,7.0,83.4975609756098,39.783015064325774,12.587509905870071,46.62610416743027,6.082160748117233,14.752691497380987,517.0868044146356,356.24021493321993,1.6784375760645553,12.4633663842743
027042,2021,VENEZIA,1,Veneto,027,7.559028947429875,7.838443516680683,7.698736232055279,256083.0,46.445267234856885,0.25124086011355223,9.822240569398852,148319.0,5.030009801509668,4.210744172787729,0.0003199219115372509,12.823268425095806,102.73333333333333,0.47569158400000006,6.0,6.8,82.19512195121949,42.052241887093665,11.932068899536478,43.939060306625194,5.132855534355005,12.467442196475362,828.2056989335489,543.146167453521,1.7114906056431223,12.453256889664159
027042,2022,VENEZIA,1,Veneto,027,7.561291159242957,7.8389365474568535,7.700113853349905,251944.0,45.888181498225244,0.23320110114670953,9.85836679896966,148319.0,5.652049661829612,4.4132823167053,0.0004916836063269267,12.907639034878864,104.65833333333335,0.507288293,4.3,6.8,82.6463414634146,42.38872230227033,12.961213603022895,44.09309812168179,5.215784896068608,13.482361159622775,1844.203473787826,1499.0029530371828,1.889501645503012,12.436962119576322
027042,2023,VENEZIA,1,Veneto,027,7.558341071590125,7.839197997770884,7.698769534680504,250913.0,46.74787769453359,0.2389353974443855,9.935900320014486,148319.0,6.283054285748446,4.364460988470107,0.0007646448359703718,12.95615807333407,113.24166666666667,0.540095241,4.4,6.7,82.7,39.52392821535394,12.63944076233595,47.49626121635095,5.755162858433512,15.188930027539428,2257.5996460924703,1943.487583345622,1.9598809106721589,12.432861544483744
027042,2024,VENEZIA,1,Veneto,027,7.560269040792494,7.841198905176631,7.700733972984563,250290.0,46.35053690983341,0.25861867818461204,10.015311430238526,148319.0,5.906348635582724,4.222302129529745,0.0006728381102133439,12.966840448140005,119.60833333333333,0.568072449,3.9,6.4,83.7,37.32642535415062,12.780374765272285,50.548437536465265,6.374099070247236,17.307523273003316,2347.995125654241,2042.1407167685484,1.9959848706737673,12.43037552456423
028060,2014,PADOVA,0,Veneto,028,7.263466696804154,7.524462488827378,7.393964592815766,208736.0,44.26375686353161,0.21216732448090697,9.888441850367087,115941.0,6.011900199294803,4.735646941591292,0.0006114198114860449,12.867672591351358,99.68992416666667,0.827647127,7.799999999999999,8.5,82.690243902439,72.83566614826334,2.6923961367468956,7.063245204769311,0.10436342622540774,0.261095354898053,296.29532040472174,158.60369078644797,0.7262952666037717,12.248825574595822
028060,2015,PADOVA,0,Veneto,028,7.260448980531725,7.5213684317546505,7.390908706143188,209959.0,44.47418408423194,0.2344229343750507,9.89710469906208,115941.0,5.862096885582424,4.590420034387666,0.0006056786568781322,12.868424930825272,99.93022416666666,0.7829992370000001,9.4,8.3,83.090243902439,71.3288488386851,2.67671307255226,8.693996700088844,0.13972624007038062,0.3262541734338609,324.85532889754666,175.97197548092723,0.788873478547705,12.25466755254293
028060,2016,PADOVA,0,Veneto,028,7.236211568337349,7.503715494810117,7.369963531573733,209269.0,44.71002153324738,0.2289387248843729,9.909147462585466,115941.0,5.612393617783809,4.750345249415823,0.00041193314268620087,12.875853446164294,99.96898750000003,0.774242763,8.0,8.1,82.5439024390244,64.47004608294931,2.67407021584659,17.8110599078341,0.3286154164618211,0.7387620717832073,332.8930706411365,171.6207369462271,0.9522875750040505,12.251375784707506
028060,2017,PADOVA,0,Veneto,028,7.221292064891143,7.495962818123908,7.358627441507526,208573.0,45.100184674436136,0.24198452808372725,9.918885715620165,115941.0,6.09810474030675,5.025099125965489,0.0005144508706022651,12.889307801378262,99.875,0.668010321,8.5,7.9,83.2439024390244,61.14091755173546,2.6772401029855253,23.781889849994524,0.4640291182584245,1.0413620171354874,343.4893298749119,174.62662952539398,1.0246288756007371,12.248044378847398
028060,2018,PADOVA,0,Veneto,028,7.214387256287363,7.490744907336101,7.352566081811732,209425.0,45.03334839860723,0.23953548369962657,9.917665219125757,115941.0,6.8902948549600085,4.9311209263459475,0.0009355014580943353,12.906085515711625,101.10000000000002,0.62261636,5.8,7.6,82.9463414634147,57.2751873438801,2.6276710039393576,29.860532889258952,0.646880741066577,1.369941506505909,339.3931001551868,163.33627790378418,1.0767212084746827,12.25212095902201
028060,2019,PADOVA,0,Veneto,028,7.205504193523041,7.483371809336221,7.344438001429632,209995.0,44.39031208149985,0.23298366422075203,9.938942287637136,115941.0,7.387794947498752,5.216314674158908,0.0010340628459438765,12.912877077321392,102.25,0.595578796,5.7,7.299999999999999,83.3463414634146,51.24987746299383,2.4895830853115553,36.7709048132536,0.8478450246245937,1.786233005547751,346.6944451058358,159.69427843520083,1.1247656261854597,12.254838999892344
028060,2020,PADOVA,1,Veneto,028,7.198757363429254,7.472016583524451,7.335386973476853,210077.0,45.53864238100048,0.22042258538098605,9.94345564127485,115941.0,7.681469175587999,5.504648295624937,0.0010362014308863234,12.917052192618227,102.875,0.527189894,6.6,7.0,83.4975609756098,50.432609113632,2.4971796055731943,37.77158238800231,0.8987329762551642,1.8702666165263213,110.83935890173605,27.967840363295366,0.9162697578192333,12.255229409160478
028060,2021,PADOVA,1,Veneto,028,7.198324053127858,7.469857089270933,7.334090571199395,209730.0,46.445267234856885,0.25124086011355223,9.93477179640337,115941.0,6.5312544700328985,5.192867019501263,0.0006381478331815358,12.823268425095804,102.73333333333333,0.47569158400000006,5.6,6.799999999999999,82.1951219512195,50.703227764848734,2.3892623849711536,36.91186886572903,0.8547450858626371,1.7393792018309253,180.1473322843656,50.40862060744767,0.9834701474268964,12.253576268174141
028060,2022,PADOVA,1,Veneto,028,7.194304887597513,7.465877053891158,7.330090970744336,206651.0,45.88818149822524,0.2332011011467095,9.970120568917507,115941.0,7.48169619309851,5.258624444111086,0.0010757614281989556,12.907639034878864,104.65833333333335,0.507288293,4.6,6.799999999999999,82.6463414634146,51.46954853045147,2.4659933898214867,37.22856277143723,0.6908686314591043,1.7836836018214282,306.6092106982303,119.33356238295482,1.0717744159526823,12.238786659028097
028060,2023,PADOVA,1,Veneto,028,7.193959451872621,7.465364864912971,7.329662158392795,207112.0,46.74787769453359,0.23893539744438547,10.024864158467329,115941.0,8.039611417976747,5.473367067094133,0.0012390611605713887,12.956158073334072,113.24166666666667,0.540095241,3.8,6.700000000000001,82.7,47.028893330910414,2.4991309050175747,42.722151553697984,0.8866578690885882,2.2702692263123336,373.15655297616746,169.72604194831783,1.1616461340674942,12.241014988727738
028060,2024,PADOVA,1,Veneto,028,7.195464578416728,7.466400818775694,7.330932698596213,207502.0,46.35053690983341,0.25861867818461204,10.084718372867895,115941.0,7.827394434752436,5.3850083372690385,0.0011770421959708328,12.966840448140006,119.60833333333333,0.568072449,2.6,6.4,83.7,43.80960143450974,2.590336478684543,47.045398973021435,1.099697259813181,2.7816599358078475,398.27808888589027,185.46327264315525,1.2128714245361731,12.242896257160657
030129,2014,UDINE,0,Friuli Venezia Giulia,030,6.997922038345168,7.319328921531615,7.15862547993839,99607.0,46.2297640796133,0.2450923489768625,9.88308307324808,57658.0,6.596925918861124,4.86612386679651,0.0017376309416653583,12.867672591351358,99.68992416666667,0.827647127,8.3,8.5,82.690243902439,55.19342065184283,1.8191492565783527,9.107523606457509,0.05203094106628742,0.30017970624554496,185.48495587659502,84.04630196672925,0.5473552806045882,11.508987722227586
030129,2015,UDINE,0,Friuli Venezia Giulia,030,6.991665267426994,7.306453209087299,7.149059238257148,99676.0,46.44845745498246,0.2382578033628926,9.895101238845276,57658.0,5.992415425980176,5.127613467635138,0.0008676130245445623,12.868424930825272,99.93022416666668,0.782999237,8.5,8.3,83.090243902439,49.400218102508184,1.8178899634816805,8.342420937840785,0.057234035172916156,0.30699466270717124,188.66828524419117,80.26505879048116,0.5554867247581626,11.509680204805198
030129,2016,UDINE,0,Friuli Venezia Giulia,030,6.998644294688801,7.306453209087299,7.15254875188805,99644.0,47.70658120622252,0.2759703749660708,9.907915835202072,57658.0,5.904018305166392,5.198506683794308,0.0007080322160612621,12.875853446164294,99.96898750000001,0.774242763,6.9,8.1,82.5439024390244,49.19527896995708,1.840552366424471,9.683476394849786,0.07631204689722156,0.36228975151539483,192.67592629761953,79.9425956404801,0.5976061382329318,11.50935911309062
030129,2017,UDINE,0,Friuli Venezia Giulia,030,6.999036089304955,7.306453209087299,7.152744649196127,100005.0,47.59202874871902,0.26660142717099533,9.914858958640057,57658.0,6.231688415579221,5.290735463226839,0.0009409059070570292,12.889307801378262,99.875,0.668010321,6.9,7.900000000000001,83.2439024390244,48.36497890295359,1.8339083045847704,10.232067510548523,0.0884525998126886,0.3879806009699515,191.940402979851,83.984800759962,0.6215850158938968,11.51297546372027
030129,2018,UDINE,0,Friuli Venezia Giulia,030,6.997743866648431,7.306453209087299,7.152098537867865,100354.0,46.29328873645488,0.23428520854619667,9.909585762542438,57658.0,6.871674273073321,5.387926739342727,0.0014785135956021625,12.906085515711624,101.10000000000001,0.62261636,7.1,7.599999999999999,82.9463414634147,47.47371120800205,1.8444705741674474,11.259297255706592,0.107530611536994,0.43745142196623954,209.8551129003328,94.82332542798493,0.668221962627937,11.516459213918367
030129,2019,UDINE,0,Friuli Venezia Giulia,030,6.997743866648431,7.308274865910799,7.153009366279615,100467.0,47.4939594664427,0.24719353196482963,9.933875400590155,57658.0,7.202364955657083,5.305224601112803,0.0018883218913118521,12.912877077321394,102.25,0.595578796,6.8,7.300000000000001,83.3463414634146,47.21800708143652,1.85832163795077,12.08902377339403,0.12487425855908979,0.4757781161973583,200.05374899220638,94.76146396329142,0.6888488597744784,11.517584594350952
030129,2020,UDINE,1,Friuli Venezia Giulia,030,6.99439236157561,7.306254441234639,7.150323401405125,100170.0,47.278492117839164,0.2501303249313864,9.936521162102288,57658.0,7.419387042028551,6.472995906958171,0.0009447850005694121,12.917052192618227,102.875,0.527189894,6.9,7.0,83.4975609756098,46.13293797874969,1.8638314864729955,13.713862120088955,0.16476464670991015,0.5540581012279125,95.64739942098433,28.48457622042528,0.5828605725566212,11.51462402160581
030129,2021,UDINE,1,Friuli Venezia Giulia,030,6.949798798521359,7.26560496144281,7.107701879982084,98156.0,47.896879381702945,0.26280350047552636,9.928393758443425,57658.0,6.773910917315294,5.1784913810668725,0.0016253917603085105,12.823268425095806,102.73333333333333,0.475691584,6.7,6.8,82.1951219512195,45.525481589856135,1.9020742491544074,15.02072665203609,0.18210829373200596,0.6275724357145768,149.01177717103386,54.29825991279188,0.6878635049785979,11.494313328758247
030129,2022,UDINE,1,Friuli Venezia Giulia,030,6.963687618882402,7.275160903235936,7.119424261059169,97736.0,47.25608618975254,0.2704020562465995,9.961623743292783,57658.0,7.593926495866416,5.4964393877383975,0.002146074228664993,12.907639034878864,104.65833333333335,0.507288293,6.3,6.8,82.6463414634146,44.49530233678632,1.8897847262011949,17.63430498675018,0.22893614069166462,0.7489563722681509,204.74339035769827,95.06527789146271,0.7954604700855866,11.490025245083896
030129,2023,UDINE,1,Friuli Venezia Giulia,030,6.89763612254125,7.250857364059225,7.074246743300238,98040.0,49.40531590894326,0.29425806235689944,10.011565451141818,57658.0,8.667890656874745,5.599755201958384,0.0031294731282296615,12.95615807333407,113.24166666666667,0.540095241,5.4,6.7,82.7,42.56741184604748,1.883924928600571,19.958515787047705,0.28963890526899994,0.883312933496532,229.44920440636474,115.09995920032641,0.856988044242534,11.493130837642049
030129,2024,UDINE,1,Friuli Venezia Giulia,030,6.886916371528489,7.238339379280902,7.062627875404695,98304.0,48.13453421087504,0.2773285039091833,10.075861447181193,57658.0,8.711751302083332,5.401611328125,0.0033672485086652954,12.966840448140005,119.60833333333333,0.568072449,4.7,6.4,83.7,41.16336082014709,1.8788655598958333,22.353465567194117,0.36595095216622153,1.0203043619791665,235.61604817708334,121.06221516927083,0.9013124533876857,11.49581999706729
032006,2014,TRIESTE,0,Friuli Venezia Giulia,032,7.3991457423860725,7.6762696724696395,7.537707707427856,202625.0,46.2297640796133,0.24509234897686252,9.864926864846568,125422.0,1.7228871067242444,1.096113510178902,0.00030932688293416037,12.867672591351356,99.68992416666667,0.827647127,6.6,8.5,82.690243902439,43.980028530670474,1.521529919802591,24.850213980028528,0.10365007733890388,0.8597162245527453,163.78038247995065,72.46193707587909,0.66157211529003,12.219112259037978
032006,2015,TRIESTE,0,Friuli Venezia Giulia,032,7.409020688090713,7.691526588259434,7.5502736381750735,202244.0,46.44845745498246,0.2382578033628926,9.878486550435973,125422.0,1.6425703605545774,1.191629912383062,0.00022296851732141155,12.868424930825272,99.93022416666666,0.7829992370000001,8.1,8.3,83.090243902439,39.65651834504293,1.5070904452048022,27.413479052823316,0.1259747093811293,1.0418108819050256,169.66584917228693,77.64581396728704,0.7060801027040753,12.21723016822605
032006,2016,TRIESTE,0,Friuli Venezia Giulia,032,7.3716943126219,7.662835304707505,7.517264808664702,201554.0,47.70658120622252,0.2759703749660708,9.894201453599193,125422.0,1.6794506683072523,1.1495678577453188,0.0002628986825178035,12.875853446164294,99.96898750000003,0.774242763,8.1,8.1,82.5439024390244,37.01275045537341,1.5122498189070919,31.12325440194293,0.17700243976335892,1.2716195163578992,179.38865018803892,83.0119967849807,0.7708474987849124,12.213812614540391
032006,2017,TRIESTE,0,Friuli Venezia Giulia,032,7.326384098987249,7.6403101334192245,7.4833471162032374,201636.0,47.59202874871902,0.26660142717099533,9.900998976735815,125422.0,2.0918883532702495,1.2289472118074154,0.0004279697779478041,12.889307801378262,99.875,0.668010321,6.0,7.9,83.2439024390244,35.153583617747444,1.5324644408736536,36.803185437997726,0.2718821259428171,1.6043762026622232,197.8163621575512,90.55277827372096,0.8535874800230587,12.214219370665942
032006,2018,TRIESTE,0,Friuli Venezia Giulia,032,7.311045245999667,7.629751442775369,7.470398344387517,202150.0,46.29328873645488,0.23428520854619667,9.902183910218074,125422.0,2.2547613158545636,1.2505565174375464,0.0004967622054993902,12.906085515711625,101.10000000000002,0.62261636,7.299999999999999,7.6,82.9463414634147,33.194843933098966,1.541429631461786,40.673271545754766,0.3476264132289391,1.8886965124907245,204.79990106356664,95.812020776651,0.9049215953333694,12.216765275068918
032006,2019,TRIESTE,0,Friuli Venezia Giulia,032,7.3024745546376755,7.622893786014045,7.462684170325861,202351.0,47.4939594664427,0.2471935319648296,9.917505411397405,125422.0,2.1838290890581216,1.2685877509871462,0.0004523038374265387,12.912877077321392,102.25,0.595578796,5.8,7.299999999999999,83.3463414634146,33.211095439586266,1.745481860727152,43.883403855195105,0.4313437833872846,2.306388404307367,223.44885866637676,106.26881013684144,0.9733886719710302,12.217759092224096
032006,2020,TRIESTE,1,Friuli Venezia Giulia,032,7.302831088405732,7.62068488426523,7.46175798633548,201613.0,47.278492117839164,0.2501303249313864,9.928027856317975,125422.0,2.08220700054064,1.4924632836176237,0.0002925127431876993,12.917052192618227,102.875,0.527189894,4.5,7.0,83.4975609756098,35.27958901402885,1.7712151498167283,41.09859711519462,0.4138030010683932,2.0633590095876753,83.76840779116425,32.039600620991706,0.7917594006039069,12.214105297227324
032006,2021,TRIESTE,1,Friuli Venezia Giulia,032,7.318559702415287,7.646679912248324,7.4826198073318055,200609.0,47.896879381702945,0.26280350047552636,9.923853301425003,125422.0,2.026329825680802,1.217791823896236,0.00040304173879764413,12.823268425095804,102.73333333333333,0.47569158400000006,5.6,6.799999999999999,82.1951219512195,34.60283960092095,1.7980250138328788,40.47390636991558,0.4201814673661718,2.103096072459361,132.79613576659074,60.32381398641138,0.8792212763191097,12.209113018907338
032006,2022,TRIESTE,1,Friuli Venezia Giulia,032,7.369255417052852,7.705995524237098,7.537625470644974,199015.0,47.25608618975254,0.2704020562465995,9.945959016030429,125422.0,2.29480189935432,1.4209984172047334,0.00043906413192452157,12.907639034878864,104.65833333333335,0.507288293,6.299999999999999,6.799999999999999,82.6463414634146,35.38059773672502,1.8380524081099414,44.1048457297611,0.4751957391845131,2.2912845765394567,214.88882747531594,117.46602014923498,0.9907369139187134,12.201135477750357
032006,2023,TRIESTE,1,Friuli Venezia Giulia,032,7.419068619577592,7.741645175393437,7.5803568974855144,199032.0,49.40531590894326,0.29425806235689944,9.99356232830299,125422.0,2.632742473572089,1.5952208690059888,0.0005212838159522589,12.956158073334072,113.24166666666667,0.540095241,3.3,6.700000000000001,82.7,34.02242466713385,1.951444993769846,48.17799579537491,0.6219004640334233,2.763374733711162,242.61375055267496,134.95015876843925,1.0612766866159404,12.20122089479915
032006,2024,TRIESTE,1,Friuli Venezia Giulia,032,7.319651543749407,7.642144040769362,7.480897792259384,198843.0,48.13453421087503,0.2773285039091833,10.065603171291285,125422.0,2.5512590335088485,1.487605799550399,0.0005349211357495358,12.966840448140005,119.60833333333333,0.568072449,5.9,6.4,83.70000000000002,31.702607016414547,1.981462762078625,51.36787898294175,0.777375580041779,3.210573165763944,298.3021781003103,172.6226218675035,1.1341746365986938,12.200270847602336
033032,2014,PIACENZA,0,Emilia Romagna,033,7.142903706154807,7.450287000598432,7.296595353376619,102434.0,45.10217636109303,0.23975942743672118,9.865787738218843,57533.0,4.886072983579671,3.2801608840814573,0.0015677529916807047,12.867672591351358,99.68992416666667,0.827647127,9.4,8.5,82.690243902439,72.89927657206455,1.2788722494484253,8.347245409015025,0.03302452505518572,0.1464357537536365,103.57107991487203,40.266903567174964,0.3325692516740408,11.536973967727368
033032,2015,PIACENZA,0,Emilia Romagna,033,7.123845684830411,7.428103266870955,7.275974475850683,102101.0,45.17727986968235,0.23894167032140842,9.879294165092638,57533.0,4.359408820677564,3.2683323375872906,0.0010686246785930338,12.868424930825272,99.93022416666668,0.782999237,8.8,8.3,83.090243902439,70.12847965738757,1.2830432610846123,0.10706638115631692,0.0017381328976413535,0.001958844673411622,115.09681589798338,44.08379937512855,0.2391664581100326,11.533717798424087
033032,2016,PIACENZA,0,Emilia Romagna,033,7.115431674965641,7.4245709181325195,7.27000129654908,102178.0,46.91869890567379,0.2718688824740246,9.89444872589938,57533.0,4.590029164790855,3.344164105776194,0.0012193085194608046,12.875853446164292,99.96898750000001,0.7742427630000001,7.5,8.1,82.5439024390244,67.35007688364941,1.2859911135469475,11.84008200922604,0.04692958823631655,0.2260760633404451,128.8516118929711,42.29286147703028,0.4043936306627875,11.534471669391213
033032,2017,PIACENZA,0,Emilia Romagna,033,7.091000964920215,7.419753508807813,7.255377236864015,102502.0,45.39548356991194,0.2431123526920267,9.903062018631564,57533.0,4.995024487327076,3.338471444459621,0.0016161177761092036,12.889307801378264,99.875,0.668010321,6.1,7.9,83.2439024390244,66.7188315075639,1.2477805311115882,11.997913406364113,0.07995411329150227,0.22438586564164603,137.57780335993445,40.95334725176094,0.4515866864916927,11.537637589565362
033032,2018,PIACENZA,0,Emilia Romagna,033,7.0886475951984105,7.416691013083331,7.25266930414087,103215.0,45.80809694420328,0.24886364470096234,9.902654197049708,57533.0,5.5641137431574865,3.393886547497941,0.0021026277146340604,12.906085515711624,101.10000000000001,0.62261636,5.6,7.6,82.9463414634147,67.40623349181195,1.236254420384634,12.94241944004226,0.09038291067735038,0.23736859952526282,151.83355132490433,47.70527539601802,0.48667341468868697,11.54456947030469
033032,2019,PIACENZA,0,Emilia Romagna,033,7.083630032920021,7.415456418858841,7.249543225889431,103904.0,45.57860644980555,0.23634173735933547,9.924335405430208,57533.0,5.377078842008007,3.4426008623344626,0.0018617935591252932,12.912877077321394,102.25,0.595578796,5.7,7.3,83.3463414634146,65.73930963420918,1.2280566676932554,15.301391035548686,0.10950237255140528,0.2858407761010163,148.5784955343394,45.61133353865106,0.5128425500157112,11.551222674902572
033032,2020,PIACENZA,1,Emilia Romagna,033,7.08081303544884,7.411594717405131,7.246203876426986,104260.0,45.93455298187041,0.22835420416460775,9.937608845007885,57533.0,5.633032802608862,3.7176290044120464,0.0018371415674245306,12.917052192618227,102.875,0.527189894,5.9,7.0,83.4975609756098,65.4320987654321,1.2200268559370804,15.534979423868311,0.10950237255140528,0.2896604642240552,61.295798964128146,12.929215422981008,0.3578534040965922,11.554643058322096
033032,2021,PIACENZA,1,Emilia Romagna,033,7.029474710571022,7.36144647021142,7.195460590391221,102731.0,45.530902463034984,0.22453183507243712,9.926377355532201,57533.0,4.985836797071965,3.4419990071156708,0.001502796419733375,12.823268425095806,102.73333333333333,0.475691584,6.1,6.8,82.1951219512195,65.26423807080553,1.238185163193194,15.802975885069266,0.12514556863017745,0.29981213071030166,98.09015779073502,23.678344414052233,0.4533535921826882,11.539869200417774
033032,2022,PIACENZA,1,Emilia Romagna,033,6.977794962705982,7.323376668747321,7.150585815726652,102364.0,45.21694193113748,0.2245251309839649,9.969549365376524,57533.0,5.96303387909812,3.584267906685944,0.002323830616634926,12.907639034878862,104.65833333333335,0.507288293,6.5,6.8,82.6463414634146,66.11226611226611,1.242624360126607,15.02079002079002,0.11124050544904662,0.2823258176702747,136.23344144425775,44.14442577468641,0.5052669381603014,11.536290367274962
033032,2023,PIACENZA,1,Emilia Romagna,033,6.912867326672975,7.285655757016064,7.099261541844519,102728.0,48.628550905757784,0.2633690663352165,10.015140722901576,57533.0,6.520130830932171,3.776964410871427,0.002670320088058508,12.95615807333407,113.24166666666666,0.540095241,6.4,6.7,82.7,66.38961038961038,1.2440619889416713,15.636363636363637,0.10950237255140528,0.2930067751732731,146.04294836850713,49.38867689432288,0.5208608964378582,11.539839997511109
033032,2024,PIACENZA,1,Emilia Romagna,033,6.8962375405903655,7.2752558101274785,7.085746675358922,102887.0,46.00157687813727,0.2382610638505664,10.081024356881441,57533.0,6.798720926842069,3.692400400439317,0.0030191574507982075,12.966840448140005,119.60833333333333,0.568072449,5.3,6.4,83.7,62.091503267973856,1.2926803191851255,18.160597572362278,0.1581700936853632,0.3780846948594089,138.17780671999378,45.009573609882686,0.573693232642208,11.54138657759226
034027,2014,PARMA,0,Emilia Romagna,034,7.341257556973365,7.575205472241262,7.458231514607313,187528.0,45.10217636109303,0.23975942743672118,9.909626781359096,106971.0,4.438270551597628,2.646004863273751,0.0009557323110809463,12.867672591351358,99.68992416666667,0.827647127,7.1,8.5,82.690243902439,76.24250214224507,1.897849921078452,12.532133676092544,0.04113264342672313,0.3119534149566998,161.67665628599462,65.35823983618447,0.5062091489228104,12.141683446576824
034027,2015,PARMA,0,Emilia Romagna,034,7.2972234833330445,7.536248747628558,7.416736115480801,189696.0,45.17727986968235,0.23894167032140842,9.9250577611311,106971.0,3.942623987854251,2.600476551956815,0.0007075254279992389,12.868424930825272,99.93022416666668,0.782999237,6.9,8.3,83.090243902439,77.5840597758406,1.970521255060729,13.532586135325861,0.043937141842181525,0.34370782726045884,169.33040232793522,72.1185475708502,0.5343685647900738,12.153178069775649
034027,2016,PARMA,0,Emilia Romagna,034,7.233159120922775,7.483287795060994,7.358223457991884,192940.0,46.91869890567379,0.2718688824740246,9.945887549217764,106971.0,4.2780138903286,2.3406240281952937,0.0010041411123319717,12.875853446164294,99.96898750000001,0.774242763,6.5,8.1,82.5439024390244,69.28755998523441,1.9456825956255832,21.87153931339978,0.1692047377326565,0.6141805742717944,173.6275526070281,71.73473618741578,0.7146925288727121,12.170134538724545
034027,2017,PARMA,0,Emilia Romagna,034,7.161835968551733,7.413266484267616,7.287551226409675,195267.0,45.39548356991194,0.2431123526920267,9.95913765152186,106971.0,4.259808364956701,2.717305023378246,0.000789945736646978,12.889307801378262,99.875,0.668010321,5.2,7.9,83.2439024390244,74.0443050382278,1.9342746086128224,16.879043324838268,0.25333969019640834,0.44093472015240665,182.4363563735808,72.92169183733043,0.7373954548784901,12.182123131773462
034027,2018,PARMA,0,Emilia Romagna,034,7.149003572910669,7.402506069983046,7.275754821446857,197301.0,45.80809694420328,0.24886364470096234,9.959173051536535,106971.0,4.319288802388229,2.4728713995367486,0.00093583783298183,12.906085515711624,101.10000000000001,0.62261636,4.8,7.6,82.9463414634147,72.45348168041434,1.914333936472699,18.453865336658353,0.26175318544278353,0.48757989062397045,195.72125838186324,77.34780867811111,0.7589492167618366,12.192485760421583
034027,2019,PARMA,0,Emilia Romagna,034,7.153929040618554,7.407085209915059,7.280507125266806,198606.0,45.57860644980555,0.23634173735933547,9.983492190020602,106971.0,4.095042445847557,2.399726090853247,0.0008536078240306489,12.912877077321394,102.25,0.595578796,4.9,7.3,83.3463414634146,71.9291563511712,1.9017552339808466,18.434583888783088,0.259883519832478,0.48739715819260243,189.51139441910115,73.06979648147589,0.7501537010428556,12.199078241617213
034027,2020,PARMA,1,Emilia Romagna,034,7.140358802856365,7.405022180919479,7.272690491887922,200455.0,45.93455298187041,0.22835420416460775,10.000313641311875,106971.0,5.3034346860891475,2.7567284427926464,0.001270462818735627,12.917052192618227,102.875,0.527189894,5.8,7.0,83.4975609756098,71.75151975683892,1.8842134144820535,19.566869300911854,0.27577567752007554,0.5138310343967475,76.21710608365967,20.78271931356165,0.5966102821856556,12.208345061635837
034027,2021,PARMA,1,Emilia Romagna,034,7.149087546988004,7.408487727962408,7.278787637475205,195998.0,45.530902463034984,0.2245318350724371,9.989773177365484,106971.0,4.224532903396973,2.774518107327626,0.0007398110164743249,12.823268425095806,102.73333333333333,0.475691584,5.8,6.8,82.1951219512195,69.90560799555803,1.927060480208982,21.30297982602258,0.31503865533649306,0.5872508903152074,123.31248278043654,35.73352789314176,0.7002316891934194,12.18585973407896
034027,2022,PARMA,1,Emilia Romagna,034,7.169100011456417,7.434545136458128,7.301822573957273,195436.0,45.21694193113748,0.2245251309839649,10.029010026418048,106971.0,4.749380871487341,2.934464479420373,0.0009286499887773842,12.907639034878864,104.65833333333335,0.507288293,5.4,6.8,82.6463414634146,70.76487252124646,1.9172516834155426,21.359773371104815,0.31877798655710426,0.5787060725761887,190.74530792689166,69.73024417200516,0.7860223916587076,12.1829882390828
034027,2023,PARMA,1,Emilia Romagna,034,7.196189781511778,7.466645396834045,7.331417589172911,197018.0,48.628550905757784,0.2633690663352165,10.074553824090305,106971.0,5.352810403110376,2.9093788384817634,0.0012402072727510241,12.95615807333407,113.24166666666667,0.540095241,4.0,6.7,82.7,67.55002704164413,1.9018566831457024,23.382008292770866,0.361780295594133,0.6583154838644184,201.66939061405554,84.24306408551503,0.8291507962359729,12.191050374104465
034027,2024,PARMA,1,Emilia Romagna,034,7.280161350191705,7.5465855228938645,7.413373436542785,198121.0,46.00157687813727,0.2382610638505664,10.133938317935788,106971.0,5.198843131217791,2.9275038991323483,0.0011464404238245532,12.966840448140005,119.60833333333333,0.568072449,4.5,6.4,83.7,64.00202805475747,1.9114581493127938,26.398512759844518,0.4057174374363145,0.7884070845594359,195.65114248363372,79.54028093942591,0.8503078154727269,12.196633234135428
035033,2014,REGGIO NELL`EMILIA,0,Emilia Romagna,035,7.047890258195796,7.333446471371183,7.190668364783489,169769.0,45.10217636109303,0.23975942743672118,9.852867098004252,84440.0,5.935712644829151,4.212783252537271,0.0010148669028455604,12.867672591351358,99.68992416666667,0.827647127,6.6,8.5,82.690243902439,84.28417653390743,1.383644835040555,2.4757804090419806,0.010658455708195168,0.04064346258739817,65.80588917882535,21.379639392350782,0.17168091046107065,12.042193968465131
035033,2015,REGGIO NELL`EMILIA,0,Emilia Romagna,035,7.046443301412738,7.335513199430348,7.190978250421544,168710.0,45.17727986968235,0.23894167032140842,9.87365649314771,84440.0,5.313852172366784,4.332286171536957,0.0005818066509571614,12.868424930825272,99.93022416666668,0.782999237,5.4,8.3,83.090243902439,81.48936170212767,1.3621006460790706,2.624113475177305,0.011842728564661299,0.04386224882935214,95.78685318001304,31.798352202003436,0.22939703518823498,12.035936543600021
035033,2016,REGGIO NELL`EMILIA,0,Emilia Romagna,035,7.043263442284554,7.338225601158113,7.190744521721334,169363.0,46.91869890567379,0.2718688824740246,9.891939880220995,84440.0,5.595082751250273,4.182141317761259,0.0008342680712369376,12.875853446164294,99.96898750000001,0.774242763,4.7,8.1,82.5439024390244,83.49966733200266,1.4820238186616912,3.1936127744510974,0.015395547134059684,0.0566829827057858,105.8082343841335,29.317501461358148,0.2522446818827381,12.039799619397726
035033,2017,REGGIO NELL`EMILIA,0,Emilia Romagna,035,7.041754299557824,7.338693151251685,7.190223725404755,169875.0,45.39548356991194,0.2431123526920267,9.904134643432103,84440.0,5.483443708609272,4.31140544518028,0.0006899415825924899,12.889307801378262,99.875,0.668010321,4.9,7.9,83.2439024390244,80.5683836589698,1.3350993377483444,2.841918294849023,0.013027001421127428,0.047093451066961,113.92494481236204,30.24518027961737,0.2418746721866777,12.042818151453444
035033,2018,REGGIO NELL`EMILIA,0,Emilia Romagna,035,7.041754299557824,7.338693151251685,7.190223725404755,170151.0,45.80809694420328,0.2488636447009623,9.90421156493346,84440.0,5.792501954146611,4.122808564157719,0.0009813009562029565,12.906085515711624,101.10000000000001,0.62261636,4.2,7.6,82.9463414634147,78.75886524822695,1.3053111647889228,3.6170212765957444,0.016579819990525817,0.059946753178059475,117.290524299005,33.81995991795523,0.2615124483295023,12.044441557078986
035033,2019,REGGIO NELL`EMILIA,0,Emilia Romagna,035,7.041673980998827,7.338062425539769,7.189868203269298,170887.0,45.57860644980555,0.23634173735933547,9.924189855498554,84440.0,5.8687904872810694,4.229110464810079,0.0009595112691257912,12.912877077321394,102.25,0.595578796,4.0,7.3,83.3463414634146,80.27378027378028,1.3383112817241802,4.141804141804141,0.018948365703458078,0.06905147846237572,118.2764048757366,35.39414935015537,0.2766894341865786,12.048757798334425
035033,2020,REGGIO NELL`EMILIA,1,Emilia Romagna,035,7.044867304558585,7.335338052286838,7.190102678422711,171084.0,45.93455298187041,0.22835420416460775,9.938459303184715,84440.0,6.303336372775946,4.6918472796988615,0.0009419285807422577,12.917052192618227,102.875,0.527189894,4.8,7.0,83.4975609756098,78.88730385164051,1.2929321269084193,5.563480741797433,0.022501184272856467,0.09118327838956301,45.3514063267167,8.62324939795656,0.12768574519958908,12.04990994294196
035033,2021,REGGIO NELL`EMILIA,1,Emilia Romagna,035,7.0435235049080465,7.333101844245232,7.18831267457664,170601.0,45.530902463034984,0.2245318350724371,9.928144195857936,84440.0,5.026934191476017,4.301264353667329,0.0004253608348184876,12.823268425095806,102.73333333333333,0.475691584,5.1,6.8,82.1951219512195,76.89060851213507,1.2813523953552441,8.476960956735843,0.04618664140217906,0.14126529152818565,59.35017965897035,12.206259048891859,0.23317195822684714,12.04708277568725
035033,2022,REGGIO NELL`EMILIA,1,Emilia Romagna,035,7.046141432783535,7.3672937156522975,7.206717574217915,169908.0,45.21694193113748,0.2245251309839649,9.973880809759496,84440.0,5.311698095439885,4.381194528803823,0.0005476514152577055,12.907639034878864,104.65833333333335,0.507288293,4.4,6.8,82.6463414634146,75.79750346740639,1.2865786190173507,9.847434119278779,0.05921364282330649,0.16714928078724958,84.97834121995432,22.608117334086682,0.33029904008380867,12.04301239307297
035033,2023,REGGIO NELL`EMILIA,1,Emilia Romagna,035,7.047023334759183,7.3876845880739594,7.217353961416571,170451.0,48.628550905757784,0.2633690663352165,10.0221144286129,84440.0,6.566109908419429,4.151926360068289,0.0014163504751225514,12.95615807333407,113.24166666666667,0.540095241,5.0,6.7,82.7,72.46026261230132,1.230265589524262,12.40497581202488,0.08053055423969682,0.21061771418178832,91.12472206088553,26.999548257270416,0.38482337699942504,12.046203144371955
035033,2024,REGGIO NELL`EMILIA,1,Emilia Romagna,035,7.033415932683626,7.376133091466541,7.204774512075083,171207.0,46.00157687813727,0.23826106385056642,10.089444441234237,84440.0,6.451839001909969,3.9449321581477395,0.0014642548749538452,12.966840448140005,119.60833333333333,0.568072449,3.5,6.4,83.7,70.30856423173803,1.3042691011465652,14.672544080604531,0.11132164850781621,0.2721851326172411,88.52383372175203,26.622159140689337,0.4384739488584967,12.050628629704361
036005,2014,CARPI,0,Emilia Romagna,036,6.979715910495364,7.318753823345578,7.149234866920471,69862.0,45.10217636109303,0.23975942743672116,9.790139716101013,34589.0,16.753027396868113,12.822421344937162,0.005626243239430522,12.867672591351358,99.68992416666667,0.827647127,7.9,8.5,82.690243902439,73.92055267702936,0.612636340213564,9.32642487046632,0.014455462719361645,0.07729523918582348,45.403796055080015,12.951246743580198,0.06300641502889359,11.154277146636973
036005,2015,CARPI,0,Emilia Romagna,036,6.9546253019147,7.2911574727753905,7.122891387345046,70654.0,45.17727986968235,0.23894167032140842,9.811859095432167,34589.0,16.453420896198377,12.330512072918731,0.00583535089772645,12.868424930825272,99.93022416666668,0.782999237,7.4,8.3,83.090243902439,71.97802197802197,0.5562317773940612,0.0,0.0,0.0,41.11586039006992,11.798341212104056,-0.2280181252454432,11.165550003636666
036005,2016,CARPI,0,Emilia Romagna,036,6.877666030496993,7.229473191553741,7.053569611025368,70914.0,46.91869890567379,0.2718688824740246,9.824175174867802,34589.0,15.541359957131174,12.30222523056096,0.004567694286840699,12.875853446164294,99.96898750000001,0.774242763,6.6,8.1,82.5439024390244,71.91201353637902,0.5993174831486026,11.16751269035533,0.02891092543872329,0.09307047973601827,52.1956172264997,16.549623487604702,0.12832673189348953,11.169223154240296
036005,2017,CARPI,0,Emilia Romagna,036,6.8564236180819105,7.220292577221639,7.038358097651775,71304.0,45.39548356991194,0.2431123526920267,9.842206358232108,34589.0,16.330079658925165,12.333108941994839,0.005605535056841588,12.889307801378262,99.875,0.668010321,7.1,7.9,83.2439024390244,73.14974182444061,0.596039492875575,11.187607573149743,0.031802017982595625,0.09115898126332324,55.688320430831375,17.055144171434982,0.13887561030382772,11.174707705810553
036005,2018,CARPI,0,Emilia Romagna,036,6.848765348225986,7.213397966105998,7.031081657165993,71404.0,45.80809694420328,0.24886364470096234,9.843615831708728,34589.0,18.816873004313482,12.33544339252703,0.009077123987152614,12.906085515711624,101.10000000000001,0.62261636,6.0,7.6,82.9463414634147,69.90131578947368,0.5952047504341493,14.144736842105262,0.03758420307034028,0.12044143185255729,53.525012604335885,16.17836535768304,0.1554127975273881,11.176109169167443
036005,2019,CARPI,0,Emilia Romagna,036,6.914991991186122,7.27974260984951,7.097367300517816,72128.0,45.57860644980555,0.23634173735933547,9.868468830031778,34589.0,20.234860248447205,11.881654835847383,0.0115810855875663,12.912877077321394,102.25,0.595578796,6.5,7.3,83.3463414634146,68.88168557536467,0.5892302573203194,13.776337115072934,0.04047529561421261,0.11784605146406388,52.20996007098492,16.136590505767526,0.15736958318567268,11.186197597399449
036005,2020,CARPI,1,Emilia Romagna,036,6.910902490254743,7.279891942010151,7.095397216132447,72369.0,45.93455298187041,0.22835420416460775,9.880564466682998,34589.0,21.141649048625794,14.665119042684022,0.008949315322778775,12.917052192618227,102.875,0.527189894,6.1,7.0,83.4975609756098,68.10897435897436,0.5872680291284942,16.025641025641026,0.04625748070195727,0.1381807127361163,22.27611270018931,4.273929444928077,0.05067062806597618,11.189533309884368
036005,2021,CARPI,1,Emilia Romagna,036,6.911728410735414,7.278261507428259,7.094994959081836,71730.0,45.530902463034984,0.2245318350724371,9.865141443396743,34589.0,17.128119336400392,13.202286351596262,0.0054730698240682135,12.823268425095806,102.73333333333333,0.475691584,4.4,6.8,82.1951219512195,67.56756756756756,0.5924996514707933,21.144674085850557,0.06360403596519125,0.18541753798968352,31.798410706817236,6.0769552488498535,0.12762299353800605,11.18066434912048
036005,2022,CARPI,1,Emilia Romagna,036,6.9009756999435075,7.272619855696896,7.086797777820202,71402.0,45.21694193113748,0.22452513098396493,9.907578015689836,34589.0,18.72636620822946,13.811938040951233,0.006882759820842872,12.907639034878864,104.65833333333335,0.507288293,5.1,6.8,82.6463414634146,64.26282051282051,0.5616089185176886,24.679487179487182,0.07516840614068056,0.21568023304669334,49.34735721688468,12.701324892860145,0.21989571242933909,11.176081159139851
036005,2023,CARPI,1,Emilia Romagna,036,6.916329513414603,7.284500077315588,7.1004147953650945,72013.0,48.628550905757784,0.2633690663352165,9.95407863891579,34589.0,21.529446072236958,13.265660366878201,0.011475408197629256,12.95615807333407,113.24166666666667,0.540095241,5.3,6.7,82.7,63.34913112164296,0.5568439031841472,27.96208530805687,0.09251496140391453,0.245788954772055,54.560982044908556,15.256967491980614,0.268346341794524,11.184601937255556
036005,2024,CARPI,1,Emilia Romagna,036,6.918530045480938,7.284653846547686,7.101591946014311,72523.0,46.00157687813727,0.23826106385056636,10.030620611077307,34589.0,21.058147070584504,13.2054658522124,0.010827849397256185,12.966840448140005,119.60833333333332,0.568072449,4.2,6.4,83.7,55.54016620498615,0.5529280366228645,30.747922437673132,0.14166353464974415,0.3061097858610372,53.002495759965804,14.715331687878328,0.32466236581377284,11.19165903191167
036023,2014,MODENA,0,Emilia Romagna,036,7.29074067055613,7.586874599184406,7.438807634870268,184213.0,45.10217636109303,0.23975942743672116,9.89388839987612,95802.0,6.353514681374278,4.862848984599349,0.0008092076546035998,12.867672591351358,99.68992416666667,0.827647127,7.9,8.5,82.690243902439,77.93008910212474,1.8516608491257402,4.409412839844642,0.024007849522974467,0.10477002165970914,106.81439420670638,35.469266555563394,0.3268375736911577,12.123847975774467
036023,2015,MODENA,0,Emilia Romagna,036,7.283593008331335,7.582500579810804,7.43304679407107,184863.0,45.17727986968235,0.23894167032140842,9.912526700872636,95802.0,6.288440629006345,4.712679119131464,0.0008523942107803514,12.868424930825272,99.93022416666668,0.782999237,7.4,8.3,83.090243902439,72.9710656316161,1.6779993833271125,2.9875323453305103,0.007306736811340055,0.06869952343086502,120.0391641377669,40.89406749863412,0.28641557619188573,12.127370289184329
036023,2016,MODENA,0,Emilia Romagna,036,7.251539840103814,7.550769112985676,7.401154476544745,185399.0,46.91869890567379,0.2718688824740246,9.93547726568843,95802.0,5.944476507424527,4.705526998527501,0.0006682611604685173,12.875853446164294,99.96898750000001,0.774242763,6.6,8.1,82.5439024390244,71.5308242900023,1.6709906741676062,8.797044562456707,0.04384042086804033,0.20550272655192317,133.63340686842972,46.30877189197353,0.4282283227805993,12.130265538356088
036023,2017,MODENA,0,Emilia Romagna,036,7.250774719319151,7.560863146140255,7.405818932729703,186051.0,45.39548356991194,0.2431123526920267,9.949284899307813,95802.0,6.258499013711294,4.726660969304115,0.0008233430857169157,12.889307801378262,99.875,0.668010321,7.1,7.9,83.2439024390244,67.8099593495935,1.4345528914114947,10.213414634146341,0.07724264629130916,0.216069787316381,143.18869557271933,48.63881408861011,0.47613921347709437,12.133776108659545
036023,2018,MODENA,0,Emilia Romagna,036,7.229337403319229,7.575362143331292,7.402349773325261,186850.0,45.80809694420328,0.2488636447009623,9.953876859717662,95802.0,7.190794755151191,4.713941664436714,0.0013255836717765465,12.906085515711624,101.10000000000001,0.62261636,6.0,7.6,82.9463414634147,70.4390702042733,1.6055659620016056,8.828363465602255,0.0678482703910148,0.20123093390420121,144.72089911693874,50.16055659620016,0.4734993791050425,12.138061434913629
036023,2019,MODENA,0,Emilia Romagna,036,7.224409529870511,7.574843291291785,7.399626410581148,189016.0,45.57860644980555,0.23634173735933547,9.981454089360497,95802.0,7.721568544461845,4.534007703051594,0.0016863973639322867,12.912877077321394,102.25,0.595578796,6.5,7.3,83.3463414634146,68.80203515263645,1.5739408304058917,10.407030527289548,0.07933028538026346,0.23807508359080712,155.23024505861937,53.51451728954163,0.5077924313697384,12.14958694654331
036023,2020,MODENA,1,Emilia Romagna,036,7.221841513386202,7.576678763081056,7.399260138233631,189013.0,45.93455298187041,0.22835420416460775,9.997667971205079,95802.0,8.094681318216207,5.6149577013221315,0.0013119328389550324,12.917052192618227,102.875,0.527189894,6.1,7.0,83.4975609756098,67.28142076502732,1.5633845291064634,12.591074681238615,0.09811903718085217,0.29257246856036356,60.301143307603176,13.797992730658738,0.37566958246029103,12.149571074745115
036023,2021,MODENA,1,Emilia Romagna,036,7.228337025594867,7.587394250585783,7.407865638090326,186414.0,45.530902463034984,0.2245318350724371,9.994416342840639,95802.0,6.590706706577833,5.080090551138863,0.0008103555287902035,12.823268425095806,102.73333333333333,0.475691584,4.4,6.8,82.1951219512195,67.15089034676663,1.5374381752443484,12.46485473289597,0.11795160852591806,0.28538629072923705,100.40876758183398,25.72821783771605,0.4717136438007607,12.135725285709354
036023,2022,MODENA,1,Emilia Romagna,036,7.2666032937158604,7.622720151299046,7.444661722507454,184971.0,45.21694193113748,0.2245251309839649,10.032029671170404,95802.0,7.228700715247255,5.331646582437247,0.0010255954353979857,12.907639034878864,104.65833333333335,0.507288293,5.1,6.8,82.6463414634146,67.89607979587102,1.582410215655427,13.523544421247971,0.12630216488173526,0.3151845424417882,152.55039979239987,52.49471538781755,0.5751530391407599,12.127954335016081
036023,2023,MODENA,1,Emilia Romagna,036,7.275542644282776,7.6462046422895105,7.460873643286143,184836.0,48.628550905757784,0.2633690663352165,10.075995050370391,95802.0,8.387976368239954,5.1683654699301,0.0017418743633869237,12.95615807333407,113.24166666666667,0.540095241,5.3,6.7,82.7,67.11684059750358,1.7745460840961718,16.410886024145693,0.1826684202835014,0.43389815836741763,177.06507390335216,63.71972992274232,0.6784143723299845,12.127224224412458
036023,2024,MODENA,1,Emilia Romagna,036,7.300802340357597,7.660426657485635,7.480614498921616,184597.0,46.00157687813727,0.2382610638505664,10.138766999705837,95802.0,8.27315720190469,5.188058310806785,0.0016712616624852542,12.966840448140005,119.60833333333333,0.568072449,4.2,6.4,83.7,61.06359241353662,1.779010493128274,21.662328002975084,0.2567796079413791,0.6311045141578683,188.18019794471198,73.26012882116177,0.7635471929411745,12.125930349564555
037006,2014,BOLOGNA,0,Emilia Romagna,037,7.791442903960496,8.053842946815372,7.922642925387934,383255.0,45.10217636109303,0.23975942743672116,9.909716814862144,227232.0,5.231242906159085,3.159776128165321,0.0005404930863247091,12.867672591351358,99.68992416666669,0.8276471270000001,7.0,8.5,82.690243902439,72.48573569246729,3.2816271151061303,8.253126620944037,0.06117096183636107,0.3736415702339173,288.15644936139125,130.44109013581036,0.703373345187195,12.856455842963374
037006,2015,BOLOGNA,0,Emilia Romagna,037,7.728732677426457,8.000799872528207,7.864766274977331,385190.0,45.17727986968235,0.23894167032140845,9.929117688433767,227232.0,4.856564292946338,2.9816454217399206,0.0004867516994746534,12.868424930825272,99.93022416666668,0.782999237,7.2,8.3,83.090243902439,70.04289390906492,3.1794698720112153,5.467543608807549,0.03432615124630334,0.2481892053272411,299.76582985020383,138.67234351878295,0.6325832432569869,12.861491998029148
037006,2016,BOLOGNA,0,Emilia Romagna,037,7.72523538713732,7.983013576437936,7.854124481787629,387025.0,46.91869890567379,0.2718688824740246,9.951642736822041,227232.0,4.905109489051094,2.9346941412053487,0.0005091183638901223,12.875853446164294,99.96898750000001,0.774242763,5.4,8.1,82.5439024390244,68.83548151066584,3.160002583812415,9.838464569145044,0.09637727080692861,0.45165041018022084,332.38085395000326,153.67146825140495,0.7838758836944603,12.866244569408666
037006,2017,BOLOGNA,0,Emilia Romagna,037,7.722739227138946,7.962397590305908,7.8425684087224266,389819.0,45.39548356991194,0.2431123526920267,9.964516202196439,227232.0,5.308104530564186,3.1024655032207256,0.0005658110629147015,12.889307801378262,99.875,0.668010321,5.1,7.8999999999999995,83.2439024390244,67.32815964523282,3.115805027461463,12.899113082039912,0.23412195465427407,0.5969437097729972,361.8299775023793,169.0122851887671,0.9169249220105395,12.873437807812799
037006,2018,BOLOGNA,0,Emilia Romagna,037,7.726749666701678,7.956071762760008,7.841410714730843,390956.0,45.80809694420328,0.24886364470096234,9.96855697257637,227232.0,5.383470262638251,3.100093105106457,0.0005840496520150077,12.906085515711624,101.10000000000001,0.62261636,5.6,7.6000000000000005,82.9463414634147,65.61117704175207,3.111091785264838,15.001618297550973,0.3058548091818054,0.7113332446618034,394.687125916983,183.27765784384945,0.9738730730957137,12.876350300665996
037006,2019,BOLOGNA,0,Emilia Romagna,037,7.722764803940777,7.95962326159821,7.841194032769494,393248.0,45.57860644980555,0.2363417373593355,9.993121863657558,227232.0,5.461439091870779,3.1252542924566686,0.0005940741718747737,12.912877077321394,102.25,0.595578796,4.4,7.3,83.3463414634146,61.83779424366148,3.11965985840996,19.91531831241494,0.4435994930291508,1.0047094962975018,404.9581943201237,190.1024290015461,1.0509887298235578,12.882195735084323
037006,2020,BOLOGNA,1,Emilia Romagna,037,7.696767211102797,7.95670554516759,7.826736378135193,395416.0,45.93455298187041,0.22835420416460778,10.002418094306003,227232.0,6.137839642300766,3.5208489287231672,0.0006618322762805752,12.917052192618227,102.875,0.527189894,4.6,7.0,83.4975609756098,60.163996948893974,3.191575454710988,22.940503432494282,0.5518588931136459,1.2169462034920187,136.03116717583507,41.758047221154435,0.8953383887098579,12.887693654251496
037006,2021,BOLOGNA,1,Emilia Romagna,037,7.7020155040646,7.96434333699497,7.833179420529785,391686.0,45.530902463034984,0.2245318350724371,9.991424489451703,227232.0,5.04996349116384,3.466041676240662,0.0004043856086056632,12.823268425095804,102.73333333333333,0.47569158400000006,4.6,6.799999999999999,82.1951219512195,57.69758507135017,3.220692084986443,25.644895718990114,0.6350337980566118,1.4315038066206094,224.96872494804515,76.07930842562665,1.0107947784226725,12.878215777376166
037006,2022,BOLOGNA,1,Emilia Romagna,037,7.710637580315508,7.9724137413728915,7.841525660844199,387842.0,45.21694193113748,0.22452513098396493,10.027762704777475,227232.0,5.513843266072267,3.625961087246869,0.0004867657909214057,12.907639034878864,104.65833333333335,0.507288293,3.6000000000000005,6.799999999999999,82.6463414634146,56.90179930176349,3.277881199044972,26.421090323158175,0.6667194761301226,1.5220115407820711,388.1957085617339,180.08235312317902,1.1269286897461732,12.868353319175412
037006,2023,BOLOGNA,1,Emilia Romagna,037,7.733425977871606,7.9864567215021465,7.859941349686876,389200.0,48.628550905757784,0.2633690663352165,10.074576788793001,227232.0,6.267471736896198,3.769527235354574,0.0006418151340035006,12.956158073334072,113.24166666666667,0.540095241,3.8,6.700000000000001,82.7,53.308453539080844,3.2664439876670093,30.03186850050319,0.8119455006337135,1.8401849948612536,443.478417266187,226.55575539568343,1.1912983223765088,12.871848629293988
037006,2024,BOLOGNA,1,Emilia Romagna,037,7.770933285351883,8.017534883796035,7.894234084573959,390098.0,46.00157687813727,0.2382610638505664,10.13906127559693,227232.0,6.075652784684874,3.6765120559449165,0.0006150097485093381,12.966840448140006,119.60833333333333,0.568072449,4.5,6.4,83.7,49.564120211057585,3.323011140790263,33.71186051846754,0.9782953105196451,2.26020128275459,475.5953632164226,255.94414736809722,1.2412540079775742,12.874153268591064
037032,2014,IMOLA,0,Emilia Romagna,037,7.3023021290803145,7.501181398452028,7.401741763766171,69522.0,45.102176361093036,0.23975942743672116,9.869145517254294,36502.0,28.8383533270044,17.41894652052588,0.016425601689362395,12.867672591351356,99.68992416666667,0.827647127,7.0,8.5,82.690243902439,65.27196652719665,1.5707258134115818,16.497310221159594,0.027395759136485672,0.3969966341589713,113.94234918443081,40.83743275509911,0.41685665786570303,11.149398528225117
037032,2015,IMOLA,0,Emilia Romagna,037,7.279664148247764,7.477424245650248,7.378544196949005,69647.0,45.17727986968235,0.23894167032140845,9.876773499247214,36502.0,26.859735523425275,16.490301089781326,0.014888558636616001,12.86842493082527,99.93022416666669,0.782999237,7.2,8.3,83.090243902439,63.1578947368421,1.5162174968053181,14.413875598086124,0.010958303654594269,0.3460306976610622,114.65389751173775,39.22207704567318,0.3641876853922129,11.15119490577492
037032,2016,IMOLA,0,Emilia Romagna,037,7.250697290100873,7.4589125766596664,7.35480493338027,70001.0,46.91869890567379,0.2718688824740246,9.895192915060639,36502.0,27.11961257696319,16.22548249310724,0.01556282065092777,12.875853446164296,99.96898750000001,0.7742427630000001,5.4,8.1,82.5439024390244,64.25452276980661,1.4714075513206952,15.595757953836554,0.027395759136485672,0.3571377551749261,118.62401965686205,38.89944429365295,0.40157778146031864,11.156264806643742
037032,2017,IMOLA,0,Emilia Romagna,037,7.224849548769755,7.435924857236602,7.330387203003179,70331.0,45.395483569911946,0.2431123526920267,9.910465242732936,36502.0,29.420881261463652,17.195831141317484,0.0173821645080351,12.889307801378264,99.875,0.668010321,5.1,7.9,83.2439024390244,63.995142683667275,1.4986279165659524,15.54341226472374,0.07944770149580845,0.36399311825510805,134.88504357964482,46.94089377372709,0.5131564521991665,11.160967947884329
037032,2018,IMOLA,0,Emilia Romagna,037,7.226289360072946,7.4416999054918636,7.333994632782404,70480.0,45.80809694420328,0.24886364470096237,9.911916003366931,36502.0,29.86237230419977,17.196367763904654,0.017971062060577636,12.906085515711622,101.10000000000001,0.62261636,5.6,7.6,82.9463414634147,51.14022319262494,1.4954597048808171,8.442503639010189,0.1588954029916169,0.24687854710556187,139.36152099886493,48.901816118047684,0.5628854873033825,11.163084260610061
037032,2019,IMOLA,0,Emilia Romagna,037,7.230905541749128,7.456282228868241,7.343593885308684,70580.0,45.57860644980555,0.2363417373593355,9.940889457949655,36502.0,30.429300085009917,17.41286483423066,0.01844210151711428,12.912877077321394,102.25,0.595578796,4.4,7.3,83.3463414634146,50.55155875299761,1.4933408897704732,9.400479616306955,0.1753328584735083,0.27769906489090396,128.43015018418816,36.245395296117884,0.5527663658810106,11.164502097229262
037032,2020,IMOLA,1,Emilia Romagna,037,7.228126731257898,7.47000986270146,7.349068296979678,70588.0,45.93455298187041,0.22835420416460775,9.955845589588842,36502.0,34.382614608715365,19.722899076330254,0.020767999564210788,12.917052192618227,102.875,0.527189894,4.6,7.0,83.4975609756098,52.02169625246549,1.4945883152943846,7.149901380670612,0.10958303654594269,0.2054173513911713,55.744602482008276,9.658865529551765,0.3311361578914154,11.164615437363123
037032,2021,IMOLA,1,Emilia Romagna,037,7.223511668171584,7.471717827176383,7.347614747673984,69855.0,45.530902463034984,0.2245318350724371,9.955441478118997,36502.0,28.31579700808818,19.43454298189106,0.012713841566383399,12.823268425095806,102.73333333333333,0.475691584,4.6,6.8,82.1951219512195,68.14911706998038,1.4916612984038367,10.13734466971877,0.1232809161141855,0.22188819697945747,89.15324600959129,14.573044162908882,0.4117113908970036,11.154176944084588
037032,2022,IMOLA,1,Emilia Romagna,037,7.222681676213951,7.477338731384329,7.35001020379914,69551.0,45.21694193113748,0.2245251309839649,9.997748156743121,36502.0,30.74722146338658,20.219694900145218,0.015136412939053878,12.907639034878866,104.65833333333335,0.507288293,3.6,6.8,82.6463414634146,54.44096133751305,1.498181190780866,6.896551724137931,0.11780176428688839,0.18978878808356459,114.6166122701327,26.527296516225505,0.45629518823514914,11.149815575393443
037032,2023,IMOLA,1,Emilia Romagna,037,7.228464728818596,7.486124153698326,7.357294441258461,69298.0,48.62855090575778,0.2633690663352165,10.043970778183713,36502.0,35.200150076481286,21.170885162630956,0.02024483378142274,12.95615807333407,113.24166666666667,0.540095241,3.8,6.7,82.7,50.533462657613974,1.5036508990158446,11.202715809893308,0.13149964385513122,0.3333429536205951,128.66027879592485,29.484256399896104,0.5237453504458174,11.146171324732675
037032,2024,IMOLA,1,Emilia Romagna,037,7.2253949880555295,7.484277124736442,7.354836056395985,69332.0,46.001576878137264,0.2382610638505664,10.102131948616234,36502.0,34.18479201523106,20.685974730283274,0.019469822426798285,12.966840448140003,119.60833333333333,0.568072449,4.5,6.4,83.7,27.119084763390532,1.5043558529971732,8.892355694227769,0.19177031395539967,0.49327871689840186,125.73559106905904,32.203023135060285,0.6021526157852037,11.146661839061201
038008,2014,FERRARA,0,Emilia Romagna,038,7.015681280005813,7.327990533739615,7.1718359068727136,133286.0,45.10217636109303,0.23975942743672116,9.842852664153627,77820.0,4.238254580376034,3.282415257416383,0.0007171340748162978,12.867672591351358,99.68992416666667,0.827647127,13.3,8.5,82.690243902439,56.74581759309228,1.5778101225935208,21.532649757150566,0.10280133641737343,0.5987125429527482,146.86313641342676,44.709121738217064,0.5904371625276146,11.800252474394592
038008,2015,FERRARA,0,Emilia Romagna,038,6.977336677589281,7.317718823545771,7.147527750567526,133747.0,45.17727986968235,0.23894167032140842,9.849232628368108,77820.0,4.593000216827294,3.273344448847451,0.0009866806492705204,12.868424930825272,99.93022416666668,0.782999237,12.3,8.3,83.090243902439,56.48604269293924,1.543212184198524,21.839080459770116,0.10151631971215624,0.5966488967976852,147.8163996201784,45.54120840093609,0.5886194606404869,11.803705234600157
038008,2016,FERRARA,0,Emilia Romagna,038,6.97536229958817,7.316158197770051,7.14576024867911,133365.0,46.91869890567379,0.2718688824740246,9.86466873584719,77820.0,4.157012709481498,3.4566790387283017,0.0005251255357501568,12.875853446164294,99.96898750000001,0.774242763,10.6,8.1,82.5439024390244,52.66884531590414,1.4501555880478385,25.326797385620914,0.1233616037008481,0.6973343830840175,173.3648258538597,56.58006223521913,0.6464543710788913,11.80084500922335
038008,2017,FERRARA,0,Emilia Romagna,038,6.960670992512187,7.30333302643233,7.1320020094722585,132378.0,45.39548356991194,0.2431123526920267,9.87731384384698,77820.0,4.139660668691173,3.7566665155841608,0.0002893185824736833,12.889307801378262,99.875,0.668010321,9.5,7.8999999999999995,83.2439024390244,54.572919527602295,1.5010046986659416,23.729744575666025,0.16576715497301464,0.6526764265965643,185.78615782078595,62.40538458051942,0.6890960739115795,11.793416745536426
038008,2018,FERRARA,0,Emilia Romagna,038,6.9483648008965435,7.293009118217443,7.120686959556993,132889.0,45.80809694420328,0.24886364470096234,9.873006845700417,77820.0,5.258524031334422,3.603759528629156,0.0012452230829528895,12.906085515711624,101.10000000000001,0.62261636,9.1,7.6000000000000005,82.9463414634147,56.84779936070814,1.73979787642318,24.317678878780427,0.19403752248779235,0.7442301469647601,186.7317836690772,61.419681087223175,0.729303373049689,11.797269472276547
038008,2019,FERRARA,0,Emilia Romagna,038,6.938918875902249,7.284237643594957,7.111578259748602,132931.0,45.57860644980555,0.2363417373593355,9.897204227242288,77820.0,5.042465640068908,3.401764825360525,0.0012342499602864515,12.912877077321394,102.25,0.595578796,8.7,7.3,83.3463414634146,52.32379979570992,1.5414011780547803,27.170582226762,0.21973785659213566,0.800415253026006,193.06707991363942,60.45316743272827,0.7396945050655466,11.797585475589687
038008,2020,FERRARA,1,Emilia Romagna,038,6.934037917248514,7.27346012470215,7.103749020975331,132899.0,45.93455298187041,0.22835420416460775,9.910887602533814,77820.0,5.409371026117578,3.822451636204937,0.0011940792556096283,12.917052192618227,102.875,0.527189894,6.8999999999999995,7.0,83.4975609756098,52.33133628549101,1.5116742789637243,28.91377963011201,0.2158828064764842,0.8352207315329686,76.71163816131047,11.233342613563684,0.5478465465492973,11.79734472021855
038008,2021,FERRARA,1,Emilia Romagna,038,6.924455006958219,7.265354831791396,7.094904919374806,131669.0,45.530902463034984,0.22453183507243712,9.905440562328133,77820.0,4.6366266926915225,3.5141149397352454,0.0008525254638193327,12.823268425095806,102.73333333333333,0.47569158399999995,7.3,6.8,82.1951219512195,53.10480472042709,1.435417600194427,33.40826074740095,0.2737085582112568,0.9030219717625257,112.87394906925702,19.844458452635017,0.644544537986423,11.788046476577112
038008,2022,FERRARA,1,Emilia Romagna,038,6.927891358529875,7.266476420559179,7.097183889544528,129872.0,45.21694193113748,0.22452513098396493,9.938247320075085,77820.0,5.554700012319823,3.5958482197856347,0.001508294160815409,12.907639034878864,104.65833333333335,0.507288293,8.3,6.8,82.6463414634146,50.195421552205474,1.3844400640630776,35.62255723059743,0.29683885890516576,0.9825058519157324,170.32000739189354,38.66422323518541,0.7370283540617949,11.774304629000957
038008,2023,FERRARA,1,Emilia Romagna,038,6.935890524212769,7.2708296191556965,7.103360071684232,129724.0,48.628550905757784,0.2633690663352165,9.986980870314817,77820.0,6.516141962936696,3.8959637383984465,0.002019809923019834,12.95615807333407,113.24166666666667,0.540095241,5.6,6.7,82.7,50.7747015494031,1.540963892571922,35.12827025654051,0.3238242097147263,1.0661095865067374,178.9360488421572,47.78683975208905,0.7846847877142309,11.773164395591852
038008,2024,FERRARA,1,Emilia Romagna,038,6.949517648111787,7.27536245790872,7.112440053010253,129391.0,46.00157687813727,0.23826106385056642,10.063663701022783,77820.0,6.257776816007296,3.743691601425138,0.0019430139766924732,12.966840448140005,119.60833333333333,0.568072449,4.9,6.4,83.7,48.864185596906715,1.5627052886213106,37.31271145480909,0.38164996144949886,1.193282376672257,188.5386155142166,59.23827777820713,0.835493837222578,11.770594106852666
039010,2014,FAENZA,0,Emilia Romagna,039,7.002000508517265,7.30257152469559,7.152286016606428,58500.0,45.10217636109303,0.23975942743672116,9.757757313785763,30172.0,11.43931623931624,7.803418803418803,0.00621520929213237,12.867672591351358,99.68992416666667,0.827647127,9.2,8.5,82.690243902439,46.6499162479062,0.9521367521367521,0.0,0.0,0.0,82.52307692307694,21.27008547008547,-0.10057698860477651,10.976782033219948
039010,2015,FAENZA,0,Emilia Romagna,039,6.9987259037433915,7.2842331789060815,7.1414795413247365,58165.0,45.17727986968235,0.23894167032140842,9.777735332647644,30172.0,10.370497721997765,7.997936903636208,0.004079017997698887,12.868424930825272,99.93022416666668,0.7829992370000001,8.9,8.3,83.090243902439,48.59437751004016,1.0401444167454654,0.0,0.0,0.0,82.92100060173644,18.75870368778475,-0.09924252577062195,10.971039078250866
039010,2016,FAENZA,0,Emilia Romagna,039,7.001413287149412,7.276373924219191,7.138893605684301,57983.0,46.91869890567379,0.2718688824740246,9.798473017492528,30172.0,11.37402342065778,7.793663660038288,0.006174843938084425,12.875853446164294,99.96898750000001,0.774242763,9.0,8.1,82.54390243902438,47.990726429675426,1.0710035700119,21.715610510046368,0.10274426620707942,0.4846248038218098,91.26468102719762,25.39364986289085,0.45581908426751266,10.96790514311707
039010,2017,FAENZA,0,Emilia Romagna,039,6.9899587311237905,7.246763556176443,7.118361143650118,58216.0,45.39548356991194,0.2431123526920267,9.812461629919266,30172.0,12.06025834822042,8.138656039576748,0.006736296393849926,12.889307801378262,99.875,0.668010321,7.200000000000001,7.9,83.2439024390244,50.33277870216306,1.0392332004947094,23.377703826955074,0.08617261036722788,0.4826851724611791,98.57083963171637,25.24907241995328,0.4409786059063384,10.971915510026923
039010,2018,FAENZA,0,Emilia Romagna,039,6.978600269851163,7.2475505346519835,7.113075402251574,58118.0,45.80809694420328,0.24886364470096234,9.813516562674092,30172.0,12.784335317801716,7.933858701262948,0.008345911105920312,12.906085515711624,101.10000000000001,0.6226163600000001,5.799999999999999,7.6,82.9463414634147,50.755033557046985,1.0409855810592243,24.832214765100673,0.08948694153519819,0.5093086479231907,103.81981485942393,26.52362435045941,0.456277259335128,10.970230705529843
039010,2019,FAENZA,0,Emilia Romagna,039,6.976861137823449,7.254463629060975,7.115662383442213,58173.0,45.57860644980555,0.23634173735933547,9.837108775764468,30172.0,10.965568218933182,8.079349526412596,0.004961440346072209,12.912877077321394,102.25,0.595578796,4.6,7.299999999999999,83.3463414634146,52.02063628546861,1.04000137520843,22.957867583834908,0.08285827919925759,0.4589758135217369,108.12404380038849,27.2944493149743,0.44400934850660867,10.971176608550728
039010,2020,FAENZA,1,Emilia Romagna,039,6.972318566780923,7.257943842862824,7.115131204821874,58288.0,45.93455298187041,0.22835420416460778,9.8502476637637,30172.0,13.911954433159483,8.868034586878947,0.008653444699218601,12.917052192618227,102.875,0.527189894,6.9,7.0,83.49756097560979,50.74235807860262,0.9967746362887729,22.882096069868997,0.08285827919925759,0.4494921767773813,49.04611583859457,8.59181992863025,0.3036436287172082,10.973151519248345
039010,2021,FAENZA,1,Emilia Romagna,039,6.937463261360604,7.225295731451275,7.0813794964059396,59063.0,45.530902463034984,0.2245318350724371,9.84740524518492,30172.0,11.899158525642113,7.603745153480182,0.007272595994382148,12.823268425095806,102.73333333333333,0.475691584,6.2,6.8,82.1951219512195,52.63628239499554,0.9972402350033015,19.3923145665773,0.06297229219143577,0.36740429710647954,77.40886849635136,14.55056465130454,0.32670081816200464,10.986359949808731
039010,2022,FAENZA,1,Emilia Romagna,039,6.943613468711701,7.227550991543438,7.08558223012757,58899.0,45.21694193113748,0.2245251309839649,9.880164853047901,30172.0,13.540128015755784,8.38384352875261,0.008754451666417381,12.907639034878864,104.65833333333335,0.507288293,5.5,6.8,82.6463414634146,51.757469244288224,1.0000169782169477,20.210896309314588,0.06960095452737639,0.3904989897960916,101.11377103176625,24.66086011647057,0.3972805002099203,10.98357939156686
039010,2023,FAENZA,1,Emilia Romagna,039,6.960088935806609,7.241562794938733,7.10082586537267,58827.0,48.628550905757784,0.2633690663352165,9.920109343061037,30172.0,14.863923028541315,8.41960324340864,0.0109546973075844,12.956158073334072,113.24166666666667,0.540095241,4.6,6.7,82.7,48.357664233576635,0.9009468441361962,24.178832116788318,0.08285827919925759,0.4504734220680981,86.89717306678905,19.599843609227054,0.38952775773863707,10.982356212167627
039010,2024,FAENZA,1,Emilia Romagna,039,7.012971874679221,7.275717098937907,7.144344486808564,58843.0,46.00157687813727,0.2382610638505664,9.987365941469303,30172.0,14.231089509372396,8.514181805822272,0.009715527256513305,12.966840448140005,119.60833333333333,0.568072449,4.1,6.4,83.7,48.58984689766317,1.0247608041738183,26.027397260273972,0.12594458438287154,0.5489183080400387,93.93130873680812,23.171830124228883,0.48095624082317573,10.982628159139644
039014,2014,RAVENNA,0,Emilia Romagna,039,7.232745406638912,7.542489662974977,7.387617534806944,158585.0,45.10217636109303,0.23975942743672118,9.8140492966354,101746.0,4.2198190244979035,2.8785824636630197,0.0008457524739634162,12.867672591351358,99.68992416666667,0.827647127,9.2,8.5,82.690243902439,33.02706794393255,7.978686508812309,7.376471509488136,0.034399386708076976,1.7820096478229341,348.0959737680108,86.80203045685279,0.8505315763548726,11.974046006156552
039014,2015,RAVENNA,0,Emilia Romagna,039,7.227811614689307,7.535139330340257,7.381475472514783,158581.0,45.17727986968235,0.23894167032140842,9.8272754063027,101746.0,3.8037343691867243,2.9335166255730507,0.0005487528415217926,12.868424930825272,99.93022416666668,0.782999237,8.9,8.3,83.090243902439,33.12723133440265,8.074737831139922,7.432607233404045,0.036365065948538514,1.8116924473928149,359.02409494201703,85.67924278444454,0.8591466056240605,11.97402078277195
039014,2016,RAVENNA,0,Emilia Romagna,039,7.180384893296448,7.475619988190064,7.328002440743256,159088.0,46.91869890567379,0.2718688824740246,9.844502710307276,101746.0,4.145504374937142,2.8405662274967316,0.0008202618346075191,12.875853446164294,99.96898750000001,0.774242763,9.0,8.1,82.5439024390244,33.166801810049435,7.970431459318113,8.446025476707385,0.08255852809938474,2.0296942572664185,373.3021975258976,88.64024942170371,0.9426183692274938,11.977212787219855
039014,2017,RAVENNA,0,Emilia Romagna,039,7.179133096723196,7.461236606122617,7.3201848514229075,159288.0,45.39548356991194,0.2431123526920267,9.855712421552532,101746.0,4.40773944051027,2.9744864647682183,0.0008997871627128547,12.889307801378262,99.875,0.668010321,7.2,7.9,83.2439024390244,34.05715848488992,7.817914720506253,7.684944619171338,0.5887209325182317,1.7641002460951232,395.87037316056455,94.03909899050777,1.1565045355480235,11.978469163493871
039014,2018,RAVENNA,0,Emilia Romagna,039,7.175645757265552,7.464101024610117,7.3198733909378335,159678.0,45.80809694420328,0.24886364470096234,9.84941549749117,101746.0,4.653114392715339,2.8876864690189006,0.0011056175075442067,12.906085515711624,101.10000000000001,0.62261636,5.8,7.6,82.9463414634147,33.832229219486926,7.771890930497627,8.543932826258827,0.6427771116309241,1.962699933616403,389.5095128947006,92.10473578075877,1.1705549954222974,11.980914566416752
039014,2019,RAVENNA,0,Emilia Romagna,039,7.170374467365163,7.466618203095825,7.318496335230494,158923.0,45.57860644980555,0.23634173735933547,9.870226436918895,101746.0,4.013893520761626,2.9574070461795965,0.0006647788391749651,12.912877077321394,102.25,0.595578796,4.6,7.3,83.3463414634146,34.065964219075845,7.811959250706317,8.860169026451542,0.6585025455546164,2.031801564279557,386.5519780019254,88.99592884604493,1.173594972006517,11.976175087172962
039014,2020,RAVENNA,1,Emilia Romagna,039,7.167170604432953,7.454589245307571,7.310879924870262,158247.0,45.93455298187041,0.22835420416460775,9.883522617746262,101746.0,5.124267758630496,3.2664126334148516,0.0011740223354728017,12.917052192618227,102.875,0.527189894,6.9,7.0,83.4975609756098,32.621098556885556,7.3707558437126774,9.243203937800649,0.6801250171996933,2.088507207087654,227.5720866746289,28.82835061644138,1.0488899938608298,11.971912382480758
039014,2021,RAVENNA,1,Emilia Romagna,039,7.163471299238515,7.455147536548659,7.309309417893587,156463.0,45.530902463034984,0.2245318350724371,9.882784399277636,101746.0,4.491796782625925,2.8703271700018536,0.0010363278299815747,12.823268425095806,102.73333333333333,0.475691584,6.2,6.8,82.1951219512195,33.38918800131854,7.768609831078274,9.567629930776837,0.7597350264383859,2.2260854003821993,306.53573049219307,52.40791752682743,1.1391618710639595,11.960574839285083
039014,2022,RAVENNA,1,Emilia Romagna,039,7.178565993309593,7.459846136276685,7.319206064793139,155836.0,45.21694193113748,0.2245251309839649,9.912350505085888,101746.0,5.11755948561308,3.168715829461742,0.001250573459374816,12.907639034878864,104.65833333333335,0.507288293,5.5,6.8,82.6463414634146,33.27529021558872,7.725429297466567,9.458264234383638,0.7430267528944626,2.1958982520085217,388.87805128468386,94.10598321312149,1.1973882429747655,11.95655945119582
039014,2023,RAVENNA,1,Emilia Romagna,039,7.204582297559509,7.48026410801194,7.342423202785724,156050.0,48.628550905757784,0.2633690663352165,9.96027313570935,101746.0,5.603332265299583,3.1739826978532526,0.0015567763969537524,12.95615807333407,113.24166666666666,0.540095241,4.6,6.7,82.7,32.906616358981275,7.824415251521947,9.338364101873063,0.7351640359326165,2.220442165972445,395.56744633130404,110.49150913168857,1.2108570684531155,11.957931747698925
039014,2024,RAVENNA,1,Emilia Romagna,039,7.234003623032691,7.518483844518329,7.37624373377551,156304.0,46.00157687813727,0.2382610638505664,10.0350498975448,101746.0,5.35750844508138,3.205292250998055,0.001376942492887786,12.966840448140005,119.60833333333333,0.568072449,4.1,6.4,83.7,31.532413970872536,7.826415190910022,13.097048588735664,1.1469738368093094,3.2507165523595045,400.76069710308116,116.80123349370457,1.2900409251588414,11.959558107892724
040007,2014,CESENA,0,Emilia Romagna,040,7.328865768568663,7.546569472227648,7.437717620398155,97006.0,45.10217636109303,0.23975942743672116,9.771887804448111,46997.0,6.460425128342577,4.556419190565532,0.001962771310823088,12.86767259135136,99.68992416666667,0.827647127,7.7,8.5,82.690243902439,75.31055900621118,0.9999381481557842,8.540372670807454,0.036172521650318104,0.11339504772900645,71.83163928004454,11.952868894707544,0.19309137116789019,11.48252811124264
040007,2015,CESENA,0,Emilia Romagna,040,7.297686757505249,7.513886878285446,7.405786817895348,96684.0,45.17727986968235,0.23894167032140842,9.782689991983455,46997.0,5.797236357618634,4.5684911671010715,0.0012708878309933003,12.868424930825272,99.93022416666668,0.782999237,6.2,8.3,83.09024390243901,72.62569832402235,0.9412105415580653,7.262569832402235,0.027661340085537372,0.09412105415580654,74.83140954035828,12.374332878242523,0.16630468422391825,11.479203207565197
040007,2016,CESENA,0,Emilia Romagna,040,7.284292171289352,7.4901061262718995,7.387199148780626,96482.0,46.91869890567379,0.2718688824740246,9.80247098861994,46997.0,5.77102464708443,4.552144441450219,0.0012633239419106272,12.875853446164294,99.96898750000001,0.774242763,7.5,8.1,82.5439024390244,74.21052631578947,1.0229887440144276,7.593984962406016,0.02978913547673256,0.10468273874919676,78.02698949026762,12.29970357165067,0.18703131273840373,11.477111741431065
040007,2017,CESENA,0,Emilia Romagna,040,7.278231020786783,7.475969691911452,7.377100356349117,96344.0,45.39548356991194,0.2431123526920267,9.814846445723147,46997.0,6.254670763098896,4.365606576434444,0.001960749176559466,12.889307801378262,99.875,0.668010321,7.0,7.9,83.2439024390244,72.57093723129837,0.876027567881757,7.480653482373173,0.027661340085537372,0.09030141991198207,82.34451548617456,13.087478203105537,0.1692849698080811,11.475680398940316
040007,2018,CESENA,0,Emilia Romagna,040,7.272122710462016,7.468768902675683,7.37044580656885,96736.0,45.80809694420328,0.2488636447009623,9.821979184300053,46997.0,7.082161759841218,4.327241151174331,0.002847875257057234,12.906085515711624,101.10000000000001,0.62261636,4.8,7.6,82.9463414634147,74.11575562700965,0.9531094938802512,6.189710610932475,0.025533544694342193,0.07959808137611644,84.56107343698311,13.982385047965598,0.17439141735201366,11.479740897579184
040007,2019,CESENA,0,Emilia Romagna,040,7.2599610333902875,7.460947145355552,7.36045408937292,97421.0,45.57860644980555,0.23634173735933547,9.845823463195856,46997.0,7.0826618490879785,4.225988236622494,0.00293229756671096,12.912877077321394,102.25,0.595578796,5.5,7.3,83.34634146341462,71.57561361836896,0.9279313495037004,7.28424386381631,0.02978913547673256,0.09443549132117306,82.62694901509941,12.945874092854723,0.18096161174321165,11.486797072140535
040007,2020,CESENA,1,Emilia Romagna,040,7.253544367735512,7.453994334531048,7.35376935113328,97465.0,45.93455298187041,0.22835420416460775,9.861214336942492,46997.0,7.563740830041553,4.770943415585082,0.002865436222701966,12.917052192618227,102.875,0.527189894,5.3,7.0,83.4975609756098,67.21189591078067,0.9275124403632073,8.475836431226766,0.036172521650318104,0.11696506438208587,41.601600574565225,4.287693018006464,0.0936944886282272,11.487248618180246
040007,2021,CESENA,1,Emilia Romagna,040,7.243299557494817,7.441698531054316,7.342499044274567,96520.0,45.530902463034984,0.2245318350724371,9.859323693675071,46997.0,6.518856195607128,4.291338582677166,0.002307830100424744,12.823268425095806,102.73333333333333,0.47569158400000006,5.5,6.8,82.19512195121949,63.49693251533741,0.8578532946539578,9.125766871165645,0.038300317041513286,0.12329050973891421,64.72751761292996,6.658723580605056,0.14410248080670857,11.477505519738967
040007,2022,CESENA,1,Emilia Romagna,040,7.240598767909231,7.433280209201036,7.3369394885551324,96168.0,45.21694193113748,0.2245251309839649,9.89263628274214,46997.0,7.291406704933034,4.753140337742285,0.0026394085009470414,12.907639034878864,104.65833333333335,0.507288293,4.1,6.8,82.6463414634146,63.07578008915304,0.8828300474170202,9.658246656760772,0.04468370321509884,0.13518010148906082,85.07819648947675,11.823059645620166,0.21677950929623072,11.47385194098409
040007,2023,CESENA,1,Emilia Romagna,040,7.248326570378688,7.437051402011353,7.342688986195021,96003.0,48.628550905757784,0.2633690663352165,9.93616340032115,46997.0,8.065372957095091,4.859223149276585,0.0033396350195499156,12.95615807333407,113.24166666666667,0.540095241,5.2,6.7,82.7,64.80916030534351,0.8843473641448705,12.442748091603054,0.07021724790944102,0.1697863608428903,85.78377759028363,13.486036894680373,0.27615739408435963,11.472134719961701
040007,2024,CESENA,1,Emilia Romagna,040,7.311688534585746,7.499931825933555,7.405810180259651,96066.0,46.00157687813727,0.23826106385056636,10.01326905029138,46997.0,7.897695334457562,4.439656069785356,0.00359964947501947,12.966840448140005,119.60833333333332,0.568072449,3.4,6.4,83.7,63.84142173615859,0.9722482459975433,13.67053998632946,0.09362299721258803,0.2081902025690671,86.2188495409406,14.446318156267568,0.3318268739910703,11.47279073423011
040012,2014,FORLI`,0,Emilia Romagna,040,7.297223793438658,7.501257299090023,7.399240546264341,117947.0,45.10217636109303,0.23975942743672116,9.79332387091405,60127.0,5.313403477833264,3.7474458867118283,0.0013276790347541145,12.867672591351358,99.68992416666667,0.827647127,7.700000000000001,8.5,82.690243902439,76.84761281883584,0.9962101621914928,3.3355134074558537,0.011642024381725348,0.04323976023129033,92.97989775068461,15.433203048827014,0.14799309300894245,11.677990650006212
040012,2015,FORLI`,0,Emilia Romagna,040,7.28238999146015,7.497702282699523,7.390046137079836,117871.0,45.17727986968235,0.23894167032140842,9.807555772954991,60127.0,4.755198479693902,3.747316982124526,0.0008550716440595028,12.868424930825272,99.93022416666668,0.7829992370000001,6.200000000000001,8.3,83.090243902439,76.73333333333333,0.9764912489077042,3.733333333333334,0.011642024381725348,0.047509565541990824,87.98686699866803,14.025502456074863,0.13692526573196162,11.677346085107592
040012,2016,FORLI`,0,Emilia Romagna,040,7.270960236766115,7.489894310209229,7.380427273487672,117752.0,46.91869890567379,0.2718688824740246,9.824547931941137,60127.0,4.728582104762552,3.7298729533256343,0.0008481462322821846,12.875853446164294,99.96898750000001,0.774242763,7.5,8.1,82.5439024390244,76.5875561257216,1.0139955159997283,4.682488774855677,0.014968317062218305,0.06199470072695156,91.95342754263197,14.41334329777838,0.15858740214925024,11.676335996872423
040012,2017,FORLI`,0,Emilia Romagna,040,7.2590127764388805,7.479559519581584,7.369286148010232,117874.0,45.39548356991194,0.2431123526920267,9.832942489254284,60127.0,5.1122384919490305,3.5682169095814182,0.0013098915641851577,12.889307801378262,99.875,0.668010321,7.0,7.9,83.2439024390244,71.96391394864678,0.8797529565468212,7.425399028452463,0.02162090242320422,0.09077489522710691,94.70027317304918,16.029828460898926,0.1811459857445461,11.677371536336677
040012,2018,FORLI`,0,Emilia Romagna,040,7.247316561576843,7.463440787006434,7.3553786742916385,117876.0,45.80809694420328,0.2488636447009623,9.832076580523147,60127.0,5.8120397706063995,3.551189385455903,0.0019179904180244465,12.906085515711624,101.10000000000001,0.62261636,4.8,7.6,82.9463414634147,69.45746818486269,0.8797380297940206,8.84125920964501,0.02162090242320422,0.11198208286674134,91.98564593301435,15.058196749126202,0.18331483028467216,11.67738850346287
040012,2019,FORLI`,0,Emilia Romagna,040,7.228280444865606,7.44601333938638,7.337146892125993,118360.0,45.57860644980555,0.23634173735933547,9.855758133868791,60127.0,5.8296721865495105,3.478371071307874,0.001986567349815509,12.912877077321394,102.25,0.595578796,5.5,7.3,83.34634146341462,69.05071521456438,0.8972625887124028,9.687906371911575,0.023284048763450697,0.12588712402838798,92.61490368367693,14.82426495437648,0.1948215807388853,11.681486106514146
040012,2020,FORLI`,1,Emilia Romagna,040,7.222294244758397,7.435504334779613,7.328899289769005,118292.0,45.93455298187041,0.22835420416460775,9.870859049736639,60127.0,6.232035978764413,3.9309505291989315,0.001945258723806751,12.917052192618227,102.875,0.527189894,5.3,7.0,83.4975609756098,69.54813359528488,0.8977783789267236,8.97184020956123,0.01995775608295774,0.11581510161295776,44.51019511040476,5.218442498224732,0.06841897103552586,11.680911422996816
040012,2021,FORLI`,1,Emilia Romagna,040,7.2200087289023855,7.4262967078390725,7.323152718370729,117407.0,45.530902463034984,0.2245318350724371,9.863780424108423,60127.0,5.359135315611505,3.5278986772509304,0.0015597337793833202,12.823268425095806,102.73333333333333,0.47569158400000006,5.5,6.8,82.19512195121949,66.62180349932704,0.8432205916171949,10.430686406460296,0.03991551216591548,0.13201938555622747,63.85479571064757,7.9296805130869545,0.15739097144736394,11.673401809811567
040012,2022,FORLI`,1,Emilia Romagna,040,7.226986752503857,7.4234635955523185,7.3252251740280885,116558.0,45.21694193113748,0.2245251309839649,9.900677646397195,60127.0,6.015889085262273,3.921652739408706,0.00179673325370508,12.907639034878864,104.65833333333335,0.507288293,4.1,6.8,82.6463414634146,65.75851393188854,0.9111343708711542,11.888544891640866,0.054883829228133785,0.16472485801060416,78.7221812316615,14.283875838638275,0.25188706124137794,11.666144282176921
040012,2023,FORLI`,1,Emilia Romagna,040,7.241638060964228,7.429971867544863,7.335804964254545,116726.0,48.628550905757784,0.2633690663352165,9.942010799546136,60127.0,6.6334835426554495,3.996538903072152,0.0022590893541998337,12.95615807333407,113.24166666666667,0.540095241,5.2,6.7,82.7,63.07785888077859,0.8884053252917088,15.145985401459855,0.076504731651338,0.21332008292925314,83.98471634425921,14.77734180902284,0.3025817876563289,11.66758458694744
040012,2024,FORLI`,1,Emilia Romagna,040,7.240446214864632,7.436330812369497,7.338388513617065,117050.0,46.00157687813727,0.2382610638505664,10.018688110694384,60127.0,6.481845365228535,3.6437419906023067,0.0024246931863530358,12.966840448140005,119.60833333333333,0.568072449,3.4,6.4,83.7,59.52529668956902,0.8141819735155917,19.362898188632105,0.10976765845626757,0.26484408372490387,82.82528833831697,14.838103374626227,0.34591203039573604,11.670356472919057
041013,2014,FANO,0,Marche,041,7.394766378546693,7.726541469741866,7.56065392414428,62676.0,44.326515128481255,0.23040007693107245,9.72518245234189,34826.0,7.243602016720914,6.908545535771268,0.0005345849782207627,12.867672591351358,99.68992416666667,0.827647127,9.5,8.5,82.690243902439,27.915132386463267,5.0800944540174875,2.43731369454673,0.06029977602940332,0.44355096049524545,194.74439977024699,33.387580573106135,0.6228717195470173,11.045733878224299
041013,2015,FANO,0,Marche,041,7.389548445735316,7.728165794293011,7.558857120014163,62056.0,45.33060119894768,0.2364823679935596,9.733171389496402,34826.0,6.995294572644063,6.474796957586696,0.0008387546974625619,12.868424930825272,99.93022416666668,0.782999237,11.6,8.3,83.090243902439,26.157894736842106,4.805337114863994,2.543859649122807,0.06317119393556538,0.4673198401443857,202.40105710970738,32.59475312620859,0.6282710017106238,11.035792482170708
041013,2016,FANO,0,Marche,041,7.344496253532504,7.6664696796572365,7.505482966594871,61459.0,45.15627188138395,0.21333925258606376,9.755914827834351,34826.0,7.038838900730568,6.340812574236483,0.0011357593297874756,12.875853446164294,99.96898750000001,0.774242763,12.5,8.1,82.5439024390244,23.86178861788618,3.8204331342846456,3.2113821138211383,0.06891402974788953,0.5141639141541515,205.31085764493403,34.40505052148587,0.63144130091328,11.026125564806906
041013,2017,FANO,0,Marche,041,7.335801862007442,7.663063136366012,7.499432499186727,61095.0,46.61070866858987,0.2540126102737809,9.776146721860577,34826.0,8.321466568458957,6.607742041083559,0.0028050160035606817,12.889307801378262,99.875,0.668010321,8.9,7.9,83.2439024390244,22.989519051817023,3.8415582289876427,3.0463316681359585,0.07178544765405157,0.509043293231852,194.42343890662085,32.24977494066618,0.626093357233368,11.020185308750623
041013,2018,FANO,0,Marche,041,7.313982673785457,7.64351257337059,7.478747623578024,60908.0,45.86446948728183,0.2641504477280837,9.777200170929262,34826.0,9.06449070729625,6.381756091153871,0.0044045685560884906,12.906085515711624,101.10000000000001,0.62261636,8.0,7.6,82.9463414634147,20.92359811001159,3.8533525973599527,10.59106713024873,0.5111123872968473,1.9504826952124514,179.50679713666514,31.325934195836343,0.947877545533223,11.017119807960624
041013,2019,FANO,0,Marche,041,7.282026075279884,7.60459576750778,7.443310921393832,60479.0,46.521314937064986,0.2414946890054381,9.801795545551764,34826.0,8.56164949817292,6.645281833363646,0.0031686497210755378,12.912877077321394,102.25,0.595578796,6.8,7.3,83.3463414634146,20.604879858985065,3.672349079845897,11.893496613786066,0.5800264170447367,2.119744043386961,184.06058301228526,29.65492154301493,0.962972925300716,11.010051476325186
041013,2020,FANO,1,Marche,041,7.283937985203265,7.608017484179225,7.445977734691245,60411.0,46.520653579871244,0.25688316965989294,9.814737958322423,34826.0,8.95035672311334,7.3926933836552955,0.00257844322964037,12.917052192618227,102.875,0.527189894,7.7,7.0,83.4975609756098,19.090244793569603,3.4596348347155317,15.65582754841067,0.8499397002239706,2.837231630001159,130.8222012547384,12.004436278161263,0.9359720885727523,11.008926486546516
041013,2021,FANO,1,Marche,041,7.271547282321344,7.592620551225601,7.432083916773473,60136.0,45.702439844863065,0.24212290400750114,9.801693459505957,34826.0,8.414261008381004,6.39882932020753,0.003351456179615329,12.823268425095806,102.73333333333333,0.475691584,5.5,6.8,82.1951219512195,21.916038751345532,3.3856591725422374,6.910656620021529,0.1234709699649687,1.0675801516562458,176.3419582280165,21.268458161500597,0.6981522706955017,11.004363942857305
041013,2022,FANO,1,Marche,041,7.271989895911581,7.585129189942603,7.428559542927092,59926.0,47.75755263598897,0.2743426155381647,9.84421674863675,34826.0,9.092881220171545,6.314454493875781,0.00463642947351027,12.907639034878864,104.65833333333335,0.507288293,5.0,6.8,82.6463414634146,22.04535996670828,3.5360277675800154,7.438618393674573,0.1464423132142652,1.1931382037846678,202.95364282615225,34.560958515502456,0.7740000282444276,11.000865746689424
041013,2023,FANO,1,Marche,041,7.283464553149055,7.5953582232365715,7.439411388192813,59897.0,47.276992635012206,0.26656745103836976,9.88993598545638,34826.0,10.297677680017363,6.581297894719268,0.006204617568990259,12.95615807333407,113.24166666666667,0.540095241,5.2,6.7,82.7,21.701129823065443,3.399168572716497,7.9513962907695594,0.18089932808820997,1.2454713925572232,217.59353556939413,38.42763410521395,0.8096378587513348,11.000381699376868
041013,2024,FANO,1,Marche,041,7.3030396998228095,7.60677100910689,7.45490535446485,59992.0,47.41762470722174,0.26037142049121487,9.971876109048537,34826.0,10.956460861448193,6.462528337111614,0.007490886325404352,12.966840448140005,119.60833333333333,0.568072449,3.7,6.4,83.7,21.663483980479526,3.403787171622883,8.115849777211967,0.1923849997128582,1.2751700226696894,228.4354580610748,44.06587545006001,0.8332827283419121,11.001966498981226
041044,2014,PESARO,0,Marche,041,7.441035709479791,7.7696189295496545,7.605327319514723,96032.0,44.326515128481255,0.23040007693107245,9.75755608234577,49219.0,4.727590803065644,4.508913695434855,0.000227712749532228,12.867672591351358,99.68992416666667,0.827647127,9.5,8.5,82.690243902439,58.60153256704981,6.370793068977007,1.8582375478927202,0.01828562140636746,0.20201599466844383,214.17548317227593,48.1995584805065,0.538566581651464,11.472436748240094
041044,2015,PESARO,0,Marche,041,7.42199177189829,7.746169536212695,7.5840806540554935,95917.0,45.33060119894768,0.23648236799355962,9.769783389171891,49219.0,4.525787920806531,4.189038439484137,0.00035108425130309925,12.868424930825272,99.93022416666668,0.782999237,11.6,8.3,83.090243902439,67.71463119709794,6.422219210358956,2.1435638122457954,0.020317357118186066,0.20330077045779163,208.38537485534368,42.765098991836695,0.5329142700699895,11.471238513148904
041044,2016,PESARO,0,Marche,041,7.418580297270648,7.73521313729292,7.576896717281784,95931.0,45.15627188138395,0.21333925258606376,9.78447954075178,49219.0,4.509491196797699,4.062294774369078,0.0004661646625476862,12.875853446164294,99.96898750000001,0.774242763,12.5,8.1,82.5439024390244,66.56921173957045,6.171102146334344,2.1477566625435736,0.01828562140636746,0.1991014374915304,223.84109411973188,47.23603423293826,0.5376129291553611,11.471384462025355
041044,2017,PESARO,0,Marche,041,7.419395905292252,7.73155418795111,7.575475046621681,96229.0,46.61070866858987,0.2540126102737809,9.801872767311231,49219.0,5.283230626941982,4.195201030874269,0.0011306670505437167,12.889307801378262,99.875,0.668010321,8.9,7.9,83.2439024390244,64.68948600735868,6.029367446403891,2.5978369940907573,0.034539507100916314,0.24213075060532688,211.85193652641095,43.42350019224973,0.5724331941163813,11.474486046526733
041044,2018,PESARO,0,Marche,041,7.404841959644556,7.7144300990826435,7.5596360293636,96443.0,45.86446948728183,0.2641504477280837,9.803286896210059,49219.0,5.724624907976732,4.030359901703597,0.0017567526998052067,12.906085515711624,101.10000000000001,0.62261636,8.0,7.6,82.9463414634147,62.59255396808844,6.223365096481859,4.067160287829805,0.1544119140982141,0.40438393662577893,236.87048308327198,52.478666155138264,0.7780486089183363,11.476707439235586
041044,2019,PESARO,0,Marche,041,7.38509173279637,7.691760938755598,7.538426335775984,96548.0,46.521314937064986,0.2414946890054381,9.82565448283272,49219.0,5.3631354352239295,4.162696275427766,0.0012433599451010515,12.912877077321394,102.25,0.595578796,6.8,7.3,83.3463414634146,61.09977446031576,5.892405849939926,7.389109655246482,0.27022084967187465,0.7125989145295605,247.66437419729047,51.00053859220284,0.8834659820563122,11.47779557298649
041044,2020,PESARO,1,Marche,041,7.37811655194508,7.677685045435603,7.527900798690341,96786.0,46.520653579871244,0.25688316965989294,9.837162643064326,49219.0,5.586551774016903,4.614303721612631,0.001004533767698089,12.917052192618227,102.875,0.527189894,7.7,7.0,83.4975609756098,59.517766497461935,5.814890583348832,8.428510998307953,0.3067920924846096,0.8234662037898043,125.30324633728019,16.883640195896103,0.7747234165818574,11.480257634705843
041044,2021,PESARO,1,Marche,041,7.355572991142764,7.644685815523343,7.5001294033330534,95950.0,45.702439844863065,0.24212290400750114,9.81804630023047,49219.0,5.273579989577906,4.010422094841063,0.0013164751378184913,12.823268425095806,102.73333333333333,0.475691584,5.5,6.8,82.1951219512195,62.79916179552222,5.9343408025013025,4.720414690636374,0.08533289989638147,0.4460656591974987,175.0422094841063,31.96977592496092,0.6587866472277657,11.471582501435845
041044,2022,PESARO,1,Marche,041,7.338242320295867,7.623341862222556,7.480792091259213,95670.0,47.75755263598897,0.2743426155381647,9.862491605945634,49219.0,5.695620361659873,3.9552628828263825,0.0018191256180970943,12.907639034878864,104.65833333333335,0.507288293,5.0,6.8,82.6463414634146,62.268388545760814,5.795965297376398,4.8848961257720385,0.08736463560820008,0.4546879899655064,211.69854708895159,45.207484059788854,0.700715376682889,11.468660048672213
041044,2023,PESARO,1,Marche,041,7.344586476818918,7.636122826865571,7.490354651842244,95620.0,47.276992635012206,0.26656745103836976,9.906300060234715,49219.0,6.450533361221502,4.122568500313742,0.0024346003565234886,12.95615807333407,113.24166666666666,0.540095241,5.2,6.7,82.7,61.9638701097196,5.847103116502823,5.563559791643578,0.12596761413275362,0.5249947709684166,239.112110437147,54.207278811964024,0.7762533705461554,11.468137282180095
041044,2024,PESARO,1,Marche,041,7.402118997850267,7.687177761531291,7.544648379690779,95392.0,47.41762470722174,0.26037142049121487,9.978885756058805,49219.0,6.890514927876551,4.064282120093928,0.0029627566334520954,12.966840448140005,119.60833333333333,0.568072449,3.7,6.4,83.7,61.53586307848216,5.728991949010399,5.88897646661412,0.16253885694548853,0.5482640053673264,272.304805434418,63.328161690707816,0.8284011026743965,11.465749996477799
042002,2014,ANCONA,0,Marche,042,7.18684316835966,7.497559216536149,7.342201192447905,100892.0,44.326515128481255,0.23040007693107245,9.834395540277457,53060.0,5.792332395036277,5.083653808032351,0.0007024130624865454,12.867672591351358,99.68992416666667,0.827647127,10.4,8.5,82.690243902439,43.168271435121504,1.8663521389208262,7.702888583218708,0.03769317753486619,0.3330293779486976,137.4985132617056,38.39253855607977,0.4496919646538684,11.521805916776165
042002,2015,ANCONA,0,Marche,042,7.137734149973192,7.449841258441532,7.293787704207363,100458.0,45.33060119894768,0.23648236799355962,9.847002197732236,53060.0,5.633199944255311,4.784088872961835,0.0008452398726766168,12.868424930825272,99.93022416666668,0.782999237,9.4,8.3,83.090243902439,42.73057701044979,1.8724242967210178,7.882780554293503,0.039577836411609495,0.3454179856258337,146.17651157697745,41.11768102092417,0.46749773875952016,11.517495008684598
042002,2016,ANCONA,0,Marche,042,7.1068862679017215,7.420183366379378,7.26353481714055,99747.0,45.15627188138395,0.21333925258606376,9.859683372384715,53060.0,5.910954715430038,4.5475051881259585,0.001366907804048322,12.875853446164294,99.96898750000001,0.774242763,9.5,8.1,82.5439024390244,42.052313883299796,1.885771000631598,8.22714062150682,0.04900113079532605,0.3689334015058097,140.58568177489047,39.629262032943345,0.48400212268237297,11.510392259111873
042002,2017,ANCONA,0,Marche,042,7.0144322341248015,7.324369600392169,7.169400917258485,99373.0,46.61070866858987,0.2540126102737809,9.86846508102465,53060.0,5.586024372817566,5.118090426977147,0.0004708864035909348,12.889307801378262,99.875,0.668010321,12.5,7.9,83.2439024390244,41.17384512385628,1.8566411399474705,9.596072305288999,0.07350169619298907,0.4327131112072695,139.0921075141135,39.555009912149174,0.529129197484331,11.506635725967943
042002,2018,ANCONA,0,Marche,042,6.9934130161615435,7.320595360118852,7.157004188140197,99412.0,45.86446948728184,0.2641504477280837,9.861141735002944,53060.0,6.673238643222145,4.983301814670261,0.0016999324312476204,12.906085515711624,101.10000000000001,0.62261636,8.8,7.6,82.9463414634147,41.978425522148264,1.8398181306079748,15.538214367684185,0.08857896720693555,0.6810043053152537,149.46082967850964,39.22162314408723,0.5907607160037196,11.507028109704144
042002,2019,ANCONA,0,Marche,042,6.944995112909831,7.268067475245092,7.106531294077461,99307.0,46.521314937064986,0.2414946890054381,9.879215238829527,53060.0,6.656126959831633,5.038919713615354,0.0016284927006316563,12.912877077321394,102.25,0.595578796,11.1,7.3,83.3463414634146,34.799327084835376,1.4581046653307421,17.59192501802451,0.10931021485111195,0.7371081595456513,172.27587179151521,45.03509319584722,0.6200046717957836,11.505971341002896
042002,2020,ANCONA,1,Marche,042,6.932357818127403,7.2423007185189485,7.087329268323176,99077.0,46.520653579871244,0.25688316965989294,9.88795677024469,53060.0,7.169171452506637,5.919638261150419,0.0012611738257680576,12.917052192618227,102.875,0.527189894,8.2,7.0,83.4975609756098,33.63165332077249,1.441303228801841,17.0748940178992,0.0998869204673954,0.7317540902530355,113.51575037597021,18.222190821280417,0.5122531411028983,11.503652604582113
042002,2021,ANCONA,1,Marche,042,6.92837310110269,7.228160005429506,7.078266553266098,99273.0,45.702439844863065,0.24212290400750114,9.873601862202877,53060.0,6.378370755391698,5.2481540801627835,0.0011384935231421578,12.823268425095806,102.73333333333333,0.475691584,8.4,6.8,82.1951219512195,37.67942583732057,1.5865341029282887,17.679425837320576,0.18469656992084432,0.7444118743263526,148.3495008713346,28.208072688444997,0.6406775902534874,11.50562890973759
042002,2022,ANCONA,1,Marche,042,6.935197912102695,7.232491043177093,7.083844477639894,98402.0,47.75755263598897,0.2743426155381647,9.90451281339815,53060.0,7.758988638442308,5.2915591146521415,0.0025074993636208277,12.907639034878864,104.65833333333335,0.507288293,7.9,6.8,82.6463414634146,37.3162636320531,1.5995609845328347,15.457562825983878,0.1752732755371278,0.6625881587772606,199.26322635718788,54.21129651836345,0.6977194359403164,11.496816408037043
042002,2023,ANCONA,1,Marche,042,6.935036268265408,7.241980702701967,7.088508485483687,98950.0,47.276992635012206,0.26656745103836976,9.940344548109444,53060.0,8.785245073269328,5.271349166245579,0.0035511833320098526,12.95615807333407,113.24166666666667,0.540095241,6.0,6.7,82.7,36.59949038684272,1.5967660434562911,19.133657632615243,0.23746701846965698,0.834765032844871,209.66144517433048,60.02728650833754,0.7615465460881561,11.502369951030712
042002,2024,ANCONA,1,Marche,042,6.9460863367603745,7.25162534983498,7.098855843297677,99377.0,47.41762470722174,0.26037142049121487,10.012023526188715,53060.0,8.567374744659228,5.338257343248438,0.003249360919942028,12.966840448140005,119.60833333333333,0.568072449,6.8,6.4,83.7,35.0177304964539,1.5899051088279985,22.429078014184398,0.2883528081417263,1.0183442848948951,209.631001137084,61.79498274248568,0.8025432885237788,11.506675977540276
045003,2014,CARRARA,0,Toscana,045,7.349803729615524,7.679763721031089,7.514783725323307,64194.0,44.77960662215243,0.22721145840058513,9.782452316687852,36031.0,4.875845094557123,4.216905006698445,0.0010264823626175,12.867672591351358,99.68992416666667,0.827647127,16.4,8.5,82.690243902439,39.42701227830832,0.9003956756083124,10.231923601637108,0.04440620576725598,0.23366669782222638,34.00473564507586,10.641181418824189,0.17697741725446697,11.069665027366662
045003,2015,CARRARA,0,Toscana,045,7.331020281758544,7.666958520196906,7.498989400977726,63732.0,46.03271935995887,0.2557438779597369,9.797864525486506,36031.0,4.511077637607482,4.065461620535994,0.0006992029389811831,12.868424930825272,99.93022416666668,0.782999237,12.4,8.3,83.090243902439,37.35875706214689,0.8300382853197766,10.522598870056497,0.04440620576725598,0.233791501914266,30.995418314190676,9.8270884328124,0.1603818714031504,11.0624420702104
045003,2016,CARRARA,0,Toscana,045,7.254326934087612,7.614410669977584,7.434368802032598,62794.0,45.14877822884859,0.2249447439070771,9.811330513196156,36031.0,4.258368633945919,4.00356721979807,0.000405773504073397,12.875853446164294,99.96898750000001,0.774242763,16.6,8.1,82.5439024390244,33.45669874167284,0.719813994967672,11.917098445595855,0.047181593627709476,0.25639392298627256,32.8120521068892,10.977163423256998,0.17080670907470036,11.047614806490646
045003,2017,CARRARA,0,Toscana,045,7.225233496212581,7.590816615425873,7.408025055819226,62284.0,45.768940583026804,0.23082277950180324,9.815120855189386,36031.0,4.993256695138398,4.3831481600411015,0.0009795590121014974,12.889307801378262,99.875,0.668010321,16.0,7.9,83.2439024390244,33.25974981604121,0.7257080470104682,12.43561442236939,0.047181593627709476,0.27133774324063964,34.72480893969559,10.607860766810095,0.17671666977882441,11.039459849961315
045003,2018,CARRARA,0,Toscana,045,7.179105666561767,7.550194111524514,7.36464988904314,61984.0,46.637262861822585,0.23133104846677896,9.809011220697123,36031.0,5.848283427981415,4.163977800722767,0.002717323224152439,12.906085515711624,101.10000000000001,0.62261636,10.4,7.6,82.9463414634147,34.514637904468415,0.7227671657201858,14.175654853620955,0.049956981488162966,0.2968508002065049,33.069824470831186,9.184628291171917,0.17628652836985964,11.034631566206722
045003,2019,CARRARA,0,Toscana,045,7.164480130927909,7.535315650299639,7.349897890613774,61561.0,46.4847707089806,0.2713152480396638,9.8192048416972,36031.0,5.438508146391384,4.540212147301051,0.0014591965677788427,12.912877077321394,102.25,0.595578796,7.0,7.3,83.3463414634146,32.72343420126671,0.75534835366547,17.030260380014077,0.07216008437179096,0.39310602491837365,34.330176572830204,10.66909244489206,0.24564740854153416,11.027783832135368
045003,2020,CARRARA,1,Toscana,045,7.139260117398635,7.517612231267007,7.328436174332821,61314.0,46.27329735720798,0.2387713488106023,9.828851494598261,36031.0,5.603940372508726,4.604168705352774,0.001630576486864259,12.917052192618227,102.875,0.527189894,7.5,7.0,83.4975609756098,32.47206703910614,0.7583912320187886,17.108938547486034,0.07493547223224445,0.39958247708516814,24.159245849235084,4.633525785301889,0.1884291856873742,11.023763480840264
045003,2021,CARRARA,1,Toscana,045,7.103260172209554,7.482600923499417,7.292930547854485,60833.0,47.37494485513152,0.2861636134272045,9.820976066766992,36031.0,5.498660266631598,4.564956520309701,0.0015348638836189207,12.823268425095806,102.73333333333333,0.475691584,11.3,6.8,82.1951219512195,35.59445660102115,0.8021961764174049,18.161925601750546,0.07493547223224445,0.4093173113277333,32.24565614058159,7.943057222231355,0.23564449338215027,11.015887683869506
045003,2022,CARRARA,1,Toscana,045,7.050649604764089,7.43558874370901,7.24311917423655,60185.0,47.509470647361205,0.2650700070766048,9.862572195097304,36031.0,5.642601977236853,4.894907368945751,0.001242327171705744,12.907639034878864,104.65833333333335,0.507288293,8.9,6.8,82.6463414634146,30.607651912978245,0.6779097781839329,20.330082520630153,0.08603702367405844,0.4502783085486417,49.23984381490404,14.764476198388301,0.3119653176477411,11.005178430813835
045003,2023,CARRARA,1,Toscana,045,7.0327877301408295,7.409711820160918,7.221249775150874,59986.0,47.58211023047225,0.26033046513413105,9.909049133777863,36031.0,6.499849964991832,4.916147100990232,0.0026401208015230217,12.95615807333407,113.24166666666666,0.540095241,6.1,6.7,82.7,30.620413609072717,0.7651785416597205,23.415610406937958,0.09713857511587244,0.5851365318574334,52.22051812089488,18.174240656153106,0.37236042461096436,11.001866480644447
045003,2024,CARRARA,1,Toscana,045,7.062631291683003,7.4394122285206254,7.251021760101815,59757.0,47.531672746003,0.2757701675806967,9.981126848947149,36031.0,6.543166490955035,4.439647237980487,0.003520121915381541,12.966840448140005,119.60833333333333,0.568072449,6.2,6.4,83.7,34.1692789968652,0.7296216342855231,28.526645768025073,0.09713857511587244,0.6091336579814917,46.6572953796208,15.01414060277457,0.35130726816521946,10.998041617743384
045010,2014,MASSA,0,Toscana,045,7.558749500793728,7.858264004660784,7.708506752727256,69813.0,44.77960662215243,0.22721145840058515,9.718353212891548,40802.0,4.483405669431194,3.8775013249681294,0.0008678961575395198,12.867672591351358,99.68992416666667,0.827647127,16.4,8.5,82.690243902439,14.190960974857319,5.2712245570309255,0.9293536942773408,0.026959462771432775,0.34520791256642747,262.70322146305125,61.689083695013814,0.6161911834435825,11.153575517827091
045010,2015,MASSA,0,Toscana,045,7.546431516154034,7.848702933037176,7.6975672245956055,69363.0,46.03271935995887,0.2557438779597369,9.73148109972506,40802.0,4.144861093089975,3.7354209016334354,0.0005902861633097467,12.868424930825272,99.93022416666668,0.782999237,12.4,8.3,83.090243902439,14.306947673310722,5.412107319464267,0.853691070543847,0.026959462771432775,0.3229387425572712,253.67703242362643,53.88607759179966,0.5993811066215173,11.147108863114212
045010,2016,MASSA,0,Toscana,045,7.421183262646499,7.7773847112814325,7.599283986963966,68875.0,45.14877822884859,0.2249447439070771,9.742049975136881,40802.0,3.882395644283122,3.6500907441016333,0.00033728479155207045,12.875853446164294,99.96898750000001,0.774242763,16.6,8.1,82.5439024390244,14.22882524123143,5.395281306715064,0.5284117016388421,0.02941032302338121,0.20036297640653356,252.2715063520871,61.50852994555353,0.5826344242923821,11.140048546455215
045010,2017,MASSA,0,Toscana,045,7.389686262922952,7.764907682650757,7.577296972786855,68493.0,45.768940583026804,0.23082277950180324,9.75313737573253,40802.0,4.540609989341977,3.9858087687792914,0.0008100115640469623,12.889307801378262,99.875,0.668010321,16.0,7.9,83.2439024390244,13.989071038251366,5.41953192297023,0.5690597324288675,0.034312043527278076,0.22046048501306706,281.0885783948725,67.26234797716555,0.6137506619652844,11.134486829247564
045010,2018,MASSA,0,Toscana,045,7.339372220257248,7.724617411790275,7.531994816023762,68243.0,46.637262861822585,0.23133104846677896,9.749559934657695,40802.0,5.311900121624196,3.782072886596428,0.0022417350278091056,12.906085515711624,101.10000000000001,0.62261636,10.4,7.6,82.9463414634147,14.1203007518797,5.503861201881512,0.6466165413533834,0.041664624283123376,0.2520405023225825,282.32639245050774,68.26341163196226,0.6385937588441195,11.130830143684586
045010,2019,MASSA,0,Toscana,045,7.316561062398724,7.70551855796127,7.511039810179996,67995.0,46.4847707089806,0.2713152480396638,9.764526170285768,40802.0,4.923891462607545,4.110596367379955,0.001196110148139702,12.912877077321394,102.25,0.595578796,7.0,7.3,83.3463414634146,13.111812831921918,5.373924553275978,0.7930242572125736,0.06862408705455615,0.32502389881608934,276.5247444665049,61.355982057504235,0.6865609050584008,11.127189452043059
045010,2020,MASSA,1,Toscana,045,7.3119798281053585,7.702045748541243,7.5070127883233,67579.0,46.27329735720798,0.2387713488106023,9.771445097709115,40802.0,5.084419716184022,4.177333195223368,0.00134226094047064,12.917052192618227,102.875,0.527189894,7.5,7.0,83.4975609756098,13.842936629448449,5.485431864928454,0.9410358863288398,0.07597666781040145,0.3728969058435313,186.70444960712646,21.09827017268678,0.602579206804464,11.121052562881498
045010,2021,MASSA,1,Toscana,045,7.285121590708001,7.677439875001621,7.481280732854811,66977.0,47.37494485513152,0.2861636134272045,9.76031027864746,40802.0,4.994251758066202,4.146199441599355,0.0012661843863816644,12.823268425095806,102.73333333333333,0.475691584,11.3,6.8,82.1951219512195,14.070426185803681,5.6735894411514405,1.1182286073980818,0.08087838831429832,0.450901055586246,247.03256341729255,41.60831330158114,0.6964103114902411,11.112104555855717
045010,2022,MASSA,1,Toscana,045,7.245183506407358,7.632688190519497,7.438935848463427,66498.0,47.509470647361205,0.2650700070766048,9.804755812471363,40802.0,5.106920508887485,4.430208427321122,0.0010176427585286217,12.907639034878864,104.65833333333335,0.507288293,8.9,6.8,82.6463414634146,13.289914402679567,5.370086318385516,1.1685895050241906,0.08823096907014362,0.47219465247075104,308.0709194261482,68.23062347739781,0.7616225488847534,11.104927151003707
045010,2023,MASSA,1,Toscana,045,7.2332486928481705,7.616124149611928,7.424686421230049,66288.0,47.58211023047225,0.26033046513413105,9.850616236077927,40802.0,5.88190924450881,4.448769007965243,0.0021619904606317384,12.95615807333407,113.24166666666666,0.540095241,6.1,6.7,82.7,13.186771317534102,5.221156167028723,1.1963727806141888,0.08823096907014362,0.4736905623944002,293.84956553222304,75.82066135650494,0.762831948559013,11.101764164317183
045010,2024,MASSA,1,Toscana,045,7.219217544487329,7.5992632826954205,7.409240413591376,65992.0,47.531672746003,0.2757701675806967,9.916372602888579,40802.0,5.9249606012850045,4.020184264759365,0.002886374615901381,12.966840448140005,119.60833333333333,0.568072449,6.2,6.4,83.7,12.93753693211443,5.640077585161838,1.320866210156766,0.11519043184157639,0.5758273730149109,297.1117711237725,75.73190689780579,0.814078621101651,11.097288801540568
046017,2014,LUCCA,0,Toscana,046,7.458154734707491,7.702566218307582,7.580360476507536,88386.0,44.77960662215243,0.22721145840058513,9.843529497034845,48262.0,5.926277917317222,4.631955287036409,0.0014643977895603527,12.86767259135136,99.68992416666667,0.827647127,17.4,8.5,82.690243902439,45.3794139744553,2.0500984318783515,38.34209867267718,0.3480999544154822,1.7321747788111235,256.9626411422623,143.64492114135723,0.9696123322385425,11.389468865042993
046017,2015,LUCCA,0,Toscana,046,7.433417924405082,7.6846099252141675,7.559013924809625,88496.0,46.03271935995887,0.2557438779597369,9.850451096565058,48262.0,5.4273639486530465,4.4182787922617965,0.001140260753470496,12.868424930825272,99.93022416666668,0.782999237,11.4,8.3,83.09024390243901,45.556385362210605,2.0678900741276443,38.4117500622355,0.35017197795366956,1.743581630808172,257.6986530464654,143.5680708732598,0.9718390565563471,11.39071263223446
046017,2016,LUCCA,0,Toscana,046,7.417059090483841,7.681567997071797,7.54931354377782,88259.0,45.14877822884859,0.2249447439070771,9.86646790836007,48262.0,5.369424081396798,4.448271564373039,0.0010436924472560975,12.875853446164294,99.96898750000001,0.774242763,9.8,8.1,82.5439024390244,43.425841674249305,2.162952220170181,40.51410373066424,0.4040445899465418,2.0179245176129346,252.46263837115762,143.34288854394453,1.005974735532072,11.388030952598463
046017,2017,LUCCA,0,Toscana,046,7.391884691544627,7.676062081111314,7.533973386327971,87738.0,45.768940583026804,0.23082277950180324,9.873890271186378,48262.0,6.170644418609952,4.414278875743691,0.0020018299287267328,12.889307801378262,99.875,0.668010321,10.9,7.9,83.2439024390244,40.38709677419355,2.1404636531491485,41.44086021505377,0.43305291948116537,2.1963117463356814,267.51122660648747,150.22453212974992,1.0287397398142497,11.382110379839935
046017,2018,LUCCA,0,Toscana,046,7.3368586340003645,7.640774116195467,7.488816375097916,88742.0,46.637262861822585,0.23133104846677896,9.867654318409185,48262.0,6.914426089112259,4.284329855085529,0.002963755869855005,12.906085515711624,101.10000000000001,0.62261636,9.2,7.6,82.9463414634147,40.803108808290155,2.1297694440062203,42.76770293609672,0.447557084248477,2.232313898717631,271.76308850375244,157.3967230848978,1.0375511446097767,11.393488562429662
046017,2019,LUCCA,0,Toscana,046,7.309728576033813,7.629286866206541,7.469507721120178,88466.0,46.4847707089806,0.2713152480396638,9.885582346552246,48262.0,6.318811746885809,4.316912712228427,0.002262902171068413,12.912877077321394,102.25,0.595578796,7.9,7.3,83.34634146341462,36.72119095754457,2.25849478895847,50.96489615879434,0.6879118146782147,3.134537562453372,277.2941016887844,160.8538873691588,1.1216460559728816,11.390373576388713
046017,2020,LUCCA,1,Toscana,046,7.28835967950778,7.622310795886269,7.455335237697024,88734.0,46.27329735720798,0.2387713488106023,9.895049833592461,48262.0,7.470642594721302,4.680280388577096,0.003144637011905478,12.917052192618227,102.875,0.527189894,7.6,7.0,83.4975609756098,37.69768297168076,2.3102756553294115,47.59102611254137,0.6506153909908416,2.916582144386593,72.58886109045011,25.345414384565107,0.8713152693788191,11.393398409394823
046017,2021,LUCCA,1,Toscana,046,7.256637836948614,7.593399110730576,7.425018473839595,89378.0,47.37494485513152,0.2861636134272045,9.889037705823197,48262.0,6.528452191814542,4.252724384076618,0.00254618340949442,12.823268425095806,102.73333333333333,0.47569158400000006,11.9,6.8,82.19512195121949,36.07548552583364,2.2030029761238783,48.73580065958226,0.6775516969872778,2.976123878359328,152.81612924880844,66.91579583342657,1.0021314847533767,11.400629845866534
046017,2022,LUCCA,1,Toscana,046,7.236613450290657,7.581741977406777,7.409177713848718,89078.0,47.509470647361205,0.2650700070766048,9.921473550207034,48262.0,6.603201688407913,4.644244370102607,0.002199148295095654,12.907639034878864,104.65833333333335,0.507288293,6.8,6.8,82.6463414634146,33.29365754123448,2.198073598419363,52.81414725386839,0.7915129915875844,3.4868317654190712,275.7167875345203,148.69889310491928,1.1382195597257494,11.397267669390477
046017,2023,LUCCA,1,Toscana,046,7.207094329685509,7.559365172618284,7.383229751151895,89156.0,47.58211023047225,0.26033046513413105,9.973070154238817,48262.0,7.694378392929248,4.6222351832742605,0.0034458064624422217,12.95615807333407,113.24166666666667,0.540095241,6.7,6.7,82.7,31.8289384719405,2.1120283547938445,50.59161595672752,0.7790808503584602,3.3570371035039708,309.50468841132397,182.46668760375073,1.1522400298331041,11.398142923326084
046017,2024,LUCCA,1,Toscana,046,7.154861310457818,7.514708529161509,7.334784919809664,89234.0,47.531672746003,0.2757701675806967,10.04404612350607,48262.0,7.583432324002063,4.558800457224824,0.0033895509186826086,12.966840448140005,119.60833333333333,0.568072449,4.5,6.4,83.7,31.409248191255113,2.2379362126543696,51.698647373387864,0.8806100037296424,3.683573525786135,330.1936481610149,200.53118766389494,1.1907708444709428,11.399017411862108
046033,2014,VIAREGGIO,0,Toscana,046,7.911628023645294,8.162561052012443,8.03709453782887,62986.0,44.77960662215243,0.22721145840058515,9.692361352677363,38806.0,8.316133744006605,6.499857111104054,0.0028836195867376086,12.867672591351358,99.68992416666667,0.827647127,17.4,8.5,82.690243902439,24.339667742321023,6.466516368716858,1.828612405880244,0.048961500798845536,0.4858222462134443,332.8898485377703,138.1338710189566,0.7783754607434015,11.05066775845643
046033,2015,VIAREGGIO,0,Toscana,046,7.892734662429921,8.139046251797858,8.015890457113889,62431.0,46.03271935995887,0.2557438779597369,9.704280102279736,38806.0,7.693293395909084,6.262914257340103,0.0022911360358939944,12.868424930825272,99.93022416666668,0.782999237,11.4,8.3,83.090243902439,24.397968329847625,6.540020182281238,1.7747236331042724,0.04638457970416946,0.47572520062148604,345.0657525908603,140.92197786356138,0.7773961854444943,11.041817225867597
046033,2016,VIAREGGIO,0,Toscana,046,7.856232929270805,8.122341679849475,7.989287304560138,61634.0,45.14877822884859,0.22494474390707714,9.715196515947914,38806.0,7.688937923873188,6.369860791121782,0.0021401777148187776,12.875853446164294,99.96898750000001,0.774242763,9.8,8.1,82.5439024390244,25.905521040909623,7.171366453580815,1.682100574375806,0.04638457970416946,0.46565207515332446,365.6650550021092,153.60515299996754,0.7934472967963637,11.028968945306259
046033,2017,VIAREGGIO,0,Toscana,046,7.81627511103204,8.090497804300242,7.9533864576661415,61233.0,45.768940583026804,0.23082277950180327,9.733701452333033,38806.0,8.841637679029283,6.325020822105727,0.004109902923135493,12.889307801378262,99.875,0.668010321,10.9,7.900000000000001,83.2439024390244,25.579121080618545,6.83454999755034,2.0108795305910396,0.06442302736690203,0.5372919830810184,402.0609801904202,163.3988208972286,0.8420480762008093,11.022441538862152
046033,2018,VIAREGGIO,0,Toscana,046,7.750683949624788,8.034746434665475,7.892715192145133,60813.0,46.637262861822585,0.23133104846677893,9.730501876163302,38806.0,10.089947872987684,6.251952707480308,0.006311142626588683,12.906085515711624,101.10000000000001,0.62261636,9.2,7.599999999999999,82.9463414634147,26.290740406048556,7.176097216055778,2.33749021025363,0.08503839612431068,0.6380214756713203,383.44597372272375,155.64106358837748,0.8797250800491987,11.015558860888394
046033,2019,VIAREGGIO,0,Toscana,046,7.690723344495672,7.996425359885091,7.843574352190381,60602.0,46.4847707089806,0.2713152480396638,9.752746802839395,38806.0,9.224118015907065,6.301772218738655,0.00482219365230258,12.912877077321394,102.25,0.595578796,7.900000000000001,7.300000000000001,83.3463414634146,25.052707668212758,6.862809808257153,3.48171796879706,0.19326908210070606,0.9537639021814461,391.1834592917725,151.76396818586846,0.9964621750644265,11.012083174813139
046033,2020,VIAREGGIO,1,Toscana,046,7.678818388373354,7.984929046556092,7.831873717464721,60512.0,46.27329735720798,0.23877134881060233,9.759903909941965,38806.0,10.954851930195664,6.863101533580116,0.006761882596204964,12.917052192618227,102.875,0.527189894,7.599999999999999,7.0,83.4975609756098,24.74930530385405,6.77055790586991,3.582215778663768,0.19326908210070606,0.9799709148598625,198.26150185087255,46.23380486515071,0.8556843714355242,11.010596971458185
046033,2021,VIAREGGIO,1,Toscana,046,7.633492757793724,7.938874632247806,7.786183695020766,61251.0,47.37494485513152,0.2861636134272045,9.737873873033823,38806.0,9.526375079590538,6.20561296958417,0.005421563909171065,12.823268425095806,102.73333333333333,0.475691584,11.9,6.8,82.1951219512195,22.502870264064295,6.71989028750551,3.6848723415887594,0.2061536875740865,1.1003901977110577,266.5458523126153,82.78558717408696,0.9419535056512167,11.022735454804309
046033,2022,VIAREGGIO,1,Toscana,046,7.615461831567357,7.921492738259914,7.768477284913636,61045.0,47.509470647361205,0.2650700070766048,9.787363930749278,38806.0,9.635514784175609,6.776967810631501,0.004682688137511847,12.907639034878864,104.65833333333335,0.507288293,6.8,6.8,82.6463414634146,25.294962232349082,6.637726267507577,4.082651850927024,0.21388445085811472,1.0713408141534935,393.8504382013269,130.37431403063314,1.0056681548920352,11.019366576102955
046033,2023,VIAREGGIO,1,Toscana,046,7.605742606842193,7.913829982844326,7.75978629484326,60890.0,47.58211023047225,0.26033046513413105,9.843419479731866,38806.0,11.266217769748728,6.767942190835933,0.007387544061279018,12.95615807333407,113.24166666666667,0.540095241,6.7,6.7,82.7,27.925945106162608,7.08490720972245,4.518384256861729,0.23449981961552335,1.1463294465429463,374.89735588766627,144.04171456725243,1.0296107283387317,11.01682423660262
046033,2024,VIAREGGIO,1,Toscana,046,7.506215534532255,7.8507062639498875,7.67846089924107,60755.0,47.531672746003004,0.2757701675806967,9.91086959824643,38806.0,11.13817792774257,6.695745206155872,0.007312044640913011,12.966840448140005,119.60833333333333,0.568072449,4.5,6.400000000000001,83.7,26.801020742000915,6.741831947987819,4.874697376169601,0.27573055713034067,1.2262365237429018,391.5035799522673,166.34186486708913,1.064073929386847,11.014604662342713
047014,2014,PISTOIA,0,Toscana,047,7.409218383598267,7.600574850399289,7.504896616998778,90056.0,44.77960662215243,0.22721145840058513,9.786440142019655,47252.0,5.352225282046726,4.353957537532202,0.001108496651544066,12.867672591351358,99.68992416666667,0.827647127,13.3,8.5,82.690243902439,43.716577540106954,0.726214799680199,26.47058823529412,0.05925675103699314,0.4397263924669094,53.575552989251136,22.287243492937726,0.31045869492856387,11.40818697803464
047014,2015,PISTOIA,0,Toscana,047,7.327083495615306,7.52080095928969,7.423942227452497,90090.0,46.03271935995887,0.2557438779597369,9.797024657341922,47252.0,5.373515373515374,3.993783993783994,0.0015315033630051945,12.868424930825272,99.93022416666668,0.782999237,10.3,8.3,83.090243902439,43.28259430840503,0.7259407259407259,28.06088682991397,0.06772200118513502,0.4706404706404707,55.28471528471528,22.364302364302365,0.3308909328035873,11.408564449645485
047014,2016,PISTOIA,0,Toscana,047,7.260575403807032,7.452862892752431,7.356719148279731,89991.0,45.14877822884859,0.2249447439070771,9.81119419984701,47252.0,5.2005200520052,3.908168594637241,0.0014360896727094472,12.875853446164294,99.96898750000001,0.7742427629999998,16.0,8.1,82.5439024390244,38.94165535956581,0.6378415619339711,30.257801899592945,0.07830356387031237,0.49560511606716223,61.387249836094725,24.585791912524584,0.35375044692281693,11.40746494431207
047014,2017,PISTOIA,0,Toscana,047,7.2308796099681985,7.421334110848243,7.3261068604082205,90039.0,45.76894058302681,0.23082277950180327,9.823150612956095,47252.0,5.714190517442442,4.0893390641832985,0.0018046085066017433,12.88930780137826,99.875,0.668010321,11.699999999999998,7.900000000000001,83.2439024390244,37.988087359364656,0.6375015271160275,28.78888153540701,0.07407093879624142,0.4831239796088362,74.86422550228234,28.684236830706695,0.37078661102727023,11.407998188783962
047014,2018,PISTOIA,0,Toscana,047,7.169688705924666,7.3561035240701,7.262896114997383,90513.0,46.637262861822585,0.23133104846677896,9.82557343732138,47252.0,6.210157656911162,3.9220885397677683,0.0025278900457872283,12.906085515711624,101.10000000000001,0.62261636,7.900000000000001,7.599999999999999,82.9463414634147,38.497652582159624,0.634163048401887,28.169014084507044,0.07830356387031237,0.4640217427330881,71.59855490371548,31.777755681504317,0.37650937217047514,11.4132487657807
047014,2019,PISTOIA,0,Toscana,047,7.154547058560417,7.351351156484669,7.252949107522543,90833.0,46.4847707089806,0.2713152480396638,9.84250216980998,47252.0,6.473418251076151,4.0657029934054805,0.0026507054238775227,12.912877077321392,102.25,0.595578796,8.5,7.3,83.3463414634146,37.49183540169824,0.6319289245098147,28.608752449379494,0.08676881401845425,0.48220360441689697,75.32394614292163,31.833144341814094,0.39526314075183383,11.416777934685822
047014,2020,PISTOIA,1,Toscana,047,7.09833206367989,7.323829651334649,7.21108085750727,90908.0,46.27329735720798,0.23877134881060233,9.856423178581748,47252.0,7.251287015444187,4.672856074272891,0.0028363080709852763,12.917052192618227,102.875,0.527189894,8.6,7.0,83.4975609756098,36.91318327974277,0.6314075768909226,27.909967845659157,0.08676881401845425,0.4774057288687465,34.71641659699917,8.585603027236328,0.25685525169241386,11.417603285093904
047014,2021,PISTOIA,1,Toscana,047,7.106401344678022,7.323241374980575,7.2148213598292985,89729.0,47.374944855131524,0.2861636134272045,9.846239932755513,47252.0,5.941223015970311,4.374282561936497,0.0017463032620822852,12.823268425095806,102.73333333333333,0.475691584,9.8,6.8,82.1951219512195,38.21695760598504,0.6831682064884262,25.6857855361596,0.09100143909252519,0.45916036064148713,54.92315750760624,15.127773629484336,0.3289191965053688,11.404549295685257
047014,2022,PISTOIA,1,Toscana,047,7.126470419351488,7.331960939442151,7.22921567939682,89493.0,47.509470647361205,0.2650700070766048,9.881985839875512,47252.0,6.625099169767469,4.502028091582582,0.0023723320015921765,12.907639034878864,104.65833333333335,0.507288293,6.2,6.8,82.6463414634146,36.920103092783506,0.6402735409473367,27.512886597938145,0.0973503767036316,0.47713228967628757,75.87073849351346,26.72834746851709,0.3952084513820746,11.401915688913704
047014,2023,PISTOIA,1,Toscana,047,7.137233719128584,7.355589423680464,7.246411571404525,89524.0,47.582110230472246,0.26033046513413105,9.926928093618589,47252.0,7.212591037040347,4.678075153031589,0.002831102144686071,12.956158073334072,113.24166666666667,0.540095241,7.099999999999999,6.7,82.7,36.94390715667311,0.6400518296769581,27.143778207607994,0.10158300177770256,0.4702649568830705,80.61301997229793,32.24386756623922,0.41573840290154057,11.40226202474002
047014,2024,PISTOIA,1,Toscana,047,7.075536931985406,7.315500979973674,7.195518955979539,89054.0,47.531672746003,0.2757701675806967,10.004421719568057,47252.0,7.204617423136524,4.748804096390954,0.0027576676249753745,12.966840448140005,119.60833333333333,0.568072449,6.5,6.4,83.7,35.723114956736715,0.64904440002695,30.160692212608158,0.13967662744434098,0.5479821232061446,83.70539223392548,34.49592382150156,0.4716069142890388,11.396998206294063
048017,2014,FIRENZE,0,Toscana,048,7.8242733670723625,8.163606393907566,7.993939880489964,375126.0,44.779606622152436,0.22721145840058513,9.879557750976195,205420.0,5.32887616427547,2.801991864067007,0.0006736094806034408,12.867672591351358,99.68992416666667,0.827647127,7.7,8.5,82.690243902439,72.08273471528585,8.426235451554945,13.698661376023352,0.2565475610943433,1.601328620250263,925.3640110256287,677.4507765390829,1.2559423162118724,12.83501724851719
048017,2015,FIRENZE,0,Toscana,048,7.789486650735988,8.136773347829008,7.963129999282498,376841.0,46.03271935995887,0.2557438779597369,9.88296598296742,205420.0,5.01776611355983,2.926963891933203,0.0005548234458635412,12.868424930825272,99.93022416666668,0.782999237,7.7,8.3,83.090243902439,70.69859838869881,8.499605934598412,15.20803443328551,0.3115568104371531,1.8283573178077759,943.1747076353155,694.5709198309102,1.293746386997658,12.839578626805192
048017,2016,FIRENZE,0,Toscana,048,7.762177840180684,8.109003754495403,7.935590797338043,377395.0,45.14877822884859,0.2249447439070771,9.896485640144277,205420.0,4.906265318830403,2.7975993322646033,0.0005587424281100173,12.875853446164294,99.96898750000001,0.7742427629999998,8.0,8.1,82.5439024390244,69.88350944049887,8.552047589395725,17.222414689069808,0.37630221010612414,2.1076060891108783,951.1988765086977,697.3412472343301,1.3302583716102823,12.841047663286163
048017,2017,FIRENZE,0,Toscana,048,7.736754291153254,8.074923211313607,7.905838751233429,377277.0,45.76894058302681,0.23082277950180327,9.905674211741754,205420.0,5.2075795768096125,3.0582304248602488,0.0005697005521008076,12.88930780137826,99.875,0.668010321,6.8,7.900000000000001,83.2439024390244,66.08996539792388,8.60640855392722,18.056177488296356,0.43520591957939825,2.3513227681517823,1014.2942718480057,749.898350548801,1.368866832968206,12.840734944645584
048017,2018,FIRENZE,0,Toscana,048,7.740503527342433,8.070653820820885,7.905578674081659,373991.0,46.637262861822585,0.23133104846677896,9.906021585919506,205420.0,4.784874502327597,3.0420518140810873,0.00046600658525111817,12.906085515711624,101.10000000000001,0.62261636,5.8,7.599999999999999,82.9463414634147,65.98678827309557,8.840854459064523,19.218871614744444,0.4872943238243599,2.574928273675035,1045.2318371297706,769.2495273950443,1.3962831925727468,12.831987011935999
048017,2019,FIRENZE,0,Toscana,048,7.7488119970408995,8.074228953470914,7.911520475255906,369885.0,46.4847707089806,0.2713152480396638,9.928362167178538,205420.0,4.375954688619435,3.184232937264285,0.0003221870990592077,12.912877077321392,102.25,0.595578796,6.2,7.3,83.3463414634146,64.19577697771723,8.918177271314057,20.27245305050112,0.5398695355856294,2.816280735904403,1080.0697514092217,789.4240101653216,1.41964028807217,12.820947425497906
048017,2020,FIRENZE,1,Toscana,048,7.746392083571673,8.067241447759077,7.906816765665376,366927.0,46.27329735720798,0.23877134881060233,9.935398499605547,205420.0,5.331850749604144,3.4778034867971015,0.0005052904972397895,12.917052192618227,102.875,0.527189894,6.0,7.0,83.4975609756098,59.57565398335314,8.739067989000537,26.870912604042804,0.9716678025508715,3.9416559697160474,221.0584121637274,110.72202372679034,1.2449129824695901,12.81291819716973
048017,2021,FIRENZE,1,Toscana,048,7.751325515784909,8.069881538770277,7.910603527277591,368419.0,47.374944855131524,0.2861636134272045,9.895970104317195,205420.0,4.263352324391521,3.296789796400294,0.0002623541478564425,12.823268425095806,102.73333333333333,0.475691584,6.2,6.8,82.1951219512195,59.299191374663074,8.778048906272478,26.550782037882538,0.9629052672573265,3.9303076117138374,384.63244295218215,190.80802021611262,1.3276269887928032,12.816976156409055
048017,2022,FIRENZE,1,Toscana,048,7.757627083060743,8.072267728311672,7.914947405686207,361619.0,47.509470647361205,0.2650700070766048,9.937042432213957,205420.0,4.74781468894057,3.65854670246862,0.0003012197883606642,12.907639034878864,104.65833333333335,0.507288293,6.099999999999999,6.8,82.6463414634146,58.64217588256656,8.484344019534372,27.15074829411877,0.959010807126862,3.9281674911993014,897.9724516687453,612.1495275414179,1.4698279568850456,12.798346450367545
048017,2023,FIRENZE,1,Toscana,048,7.764538797628082,8.075724297490401,7.920131547559241,362742.0,47.582110230472246,0.26033046513413105,10.00482544875916,205420.0,5.688340473394313,3.5719602362009364,0.0005834395347639306,12.956158073334072,113.24166666666667,0.540095241,4.5,6.7,82.7,50.60498101031828,8.301492520855042,35.703962625617585,1.6020835361697985,5.8570554278247355,1082.4191849854717,819.8664615622123,1.5840447543078628,12.801447116747216
048017,2024,FIRENZE,1,Toscana,048,7.772050436466793,8.097866898287243,7.9349586673770185,362613.0,47.531672746003,0.2757701675806967,10.080859722193598,205420.0,5.6266598274193145,3.533794982529584,0.0005771621108150371,12.966840448140005,119.60833333333333,0.568072449,2.7,6.4,83.7,48.83221311726974,8.775747146406774,38.602952459871716,1.924836919482037,6.937423644491511,1097.9065836029044,861.9627536795427,1.6269411127592126,12.801091428838923
049009,2014,LIVORNO,0,Toscana,049,7.5342665988092286,7.746304102052701,7.640285350430965,159962.0,44.779606622152436,0.22721145840058513,9.846380001188273,77661.0,3.3582975956789745,2.785036446155962,0.00035837333211826073,12.867672591351358,99.68992416666667,0.827647127,8.8,8.5,82.690243902439,52.17158176943699,1.2165389279953989,7.72117962466488,0.029615894721932504,0.1800427601555369,86.87500781435591,34.69136419899726,0.30803089039469633,11.982691566008373
049009,2015,LIVORNO,0,Toscana,049,7.409197223422463,7.634157217111386,7.521677220266923,159509.0,46.03271935995887,0.2557438779597369,9.860077002126088,77661.0,3.3778658257527785,2.5873148223611206,0.0004956152965611081,12.868424930825272,99.93022416666668,0.782999237,8.6,8.3,83.090243902439,52.475795297372066,1.189274586386975,7.800829875518672,0.02832824712532674,0.17679253208282916,78.02443749255528,28.457955350481786,0.2787340492856455,11.979855625947419
049009,2016,LIVORNO,0,Toscana,049,7.343643464708182,7.561158963930495,7.452401214319338,159151.0,45.14877822884859,0.2249447439070771,9.869188576716548,77661.0,3.4149958215782497,2.527159741377685,0.0005578576824528683,12.875853446164294,99.96898750000001,0.7742427629999998,10.2,8.1,82.5439024390244,49.737808075511275,1.1919497835389032,12.506554798112218,0.032191189915144025,0.29971536465369364,86.51469359287721,32.67274475183945,0.33965599009288505,11.977608716070957
049009,2017,LIVORNO,0,Toscana,049,7.3525364770367645,7.570844363537547,7.461690420287156,158745.0,45.76894058302681,0.23082277950180327,9.876272426705036,77661.0,3.8722479448171594,2.733314435100318,0.0007174610285154439,12.88930780137826,99.875,0.668010321,6.8,7.900000000000001,83.2439024390244,49.737808075511275,1.1949982676619735,12.506554798112218,0.032191189915144025,0.3004819049418879,94.4999842514725,36.69910863334278,0.35432161168886117,11.975054420195935
049009,2018,LIVORNO,0,Toscana,049,7.338762569467058,7.5581491328347985,7.4484558511509285,158062.0,46.637262861822585,0.23133104846677896,9.876911336865613,77661.0,3.824448634080298,2.683757006744189,0.0007216735378118136,12.906085515711624,101.10000000000001,0.62261636,6.5,7.599999999999999,82.9463414634147,48.64356701584743,1.1457529323936178,15.954875100725223,0.048930608671018914,0.3758019005200491,103.99843099543217,43.27162758917387,0.41738201693680893,11.970742640101664
049009,2019,LIVORNO,0,Toscana,049,7.3289422131540976,7.532578352539622,7.430760282846861,157457.0,46.4847707089806,0.2713152480396638,9.89279715298546,77661.0,3.6829102548632324,2.7779012682827697,0.0005747658005553663,12.912877077321392,102.25,0.595578796,5.8,7.3,83.3463414634146,44.20492011159016,1.1069688867436822,19.249302561501395,0.07597120819973989,0.4820363654839099,110.82581276157934,44.28320112792699,0.479974295307996,11.96690768409919
049009,2020,LIVORNO,1,Toscana,049,7.3188549858101455,7.506291477856892,7.41257323183352,157017.0,46.27329735720798,0.23877134881060233,9.90522824281704,77661.0,4.0040250418744465,3.1124018418387815,0.0005678513791727424,12.917052192618227,102.875,0.527189894,6.2,7.0,83.4975609756098,43.59370971899974,1.076953450900221,19.953596287703014,0.08884768416579751,0.49294025487686044,65.4725284523332,18.13243152015387,0.3949913804513551,11.964109358723338
049009,2021,LIVORNO,1,Toscana,049,7.3188549858101455,7.506291477856892,7.41257323183352,155370.0,47.374944855131524,0.2861636134272045,9.89450383148844,77661.0,3.382248825384566,2.728969556542447,0.00042046680108265354,12.823268425095806,102.73333333333333,0.475691584,5.5,6.8,82.1951219512195,43.95746887966805,1.090944197721568,19.502074688796682,0.07468356060313414,0.4840059213490378,91.74229259187744,28.56986548239686,0.4322963390714009,11.953564648086047
049009,2022,LIVORNO,1,Toscana,049,7.33483117273368,7.534361756995389,7.434596464864534,154483.0,47.509470647361205,0.2650700070766048,9.925390717862056,77661.0,3.765462866464271,2.9343034508651438,0.0005380264596098779,12.907639034878864,104.65833333333335,0.507288293,5.0,6.8,82.6463414634146,44.39779585410653,1.0952661457895043,18.289162949357124,0.08369709377937445,0.4511823307418939,119.78211194759292,47.691979052711304,0.4949210724456387,11.947839336903472
049009,2023,LIVORNO,1,Toscana,049,7.339636580531862,7.530141034081222,7.4348888073065424,153859.0,47.582110230472246,0.26033046513413105,9.968454752805426,77661.0,4.686758655652254,2.9715518754184025,0.0011147913220766097,12.956158073334072,113.24166666666667,0.540095241,4.7,6.7,82.7,37.38588287686484,1.0912588798835297,17.635270541082164,0.1017241601318551,0.5147570177890146,132.71696813316086,56.06366868366492,0.546903609301397,11.943791877576752
049009,2024,LIVORNO,1,Toscana,049,7.386429532722781,7.580059387837406,7.483244460280093,153418.0,47.531672746003,0.2757701675806967,10.038150262566102,77661.0,4.318267739117966,2.876455174751333,0.0009397936124617924,12.966840448140005,119.60833333333333,0.568072449,4.8,6.4,83.7,40.17498226531095,1.1074319832092714,25.84535351146843,0.15966830197911436,0.7124327002046695,136.67627005957578,58.434473138745126,0.6289056695307834,11.940921501318291
050026,2014,PISA,0,Toscana,050,7.5218573966721305,7.869039277906286,7.695448337289209,88656.0,44.77960662215243,0.22721145840058513,9.905157201532,55815.0,8.932277567226132,6.2646634181555685,0.0030089493650407918,12.86767259135136,99.68992416666667,0.827647127,8.3,8.5,82.690243902439,40.38230984414547,6.838792636708176,13.647262554948714,0.27949475947325986,2.3111802923659988,724.4382782891176,416.42077242375024,1.2305581026978476,11.392518991107131
050026,2015,PISA,0,Toscana,050,7.481856951405356,7.835766193527969,7.6588115724666626,89215.0,46.03271935995887,0.2557438779597369,9.913063872041464,55815.0,8.777671916157596,6.198509219301688,0.00289095185434726,12.868424930825272,99.93022416666668,0.782999237,8.5,8.3,83.09024390243901,40.38230984414547,6.7959423863700055,13.647262554948714,0.27949475947325986,2.2966989855965925,712.7982962506305,422.895253040408,1.229155102150753,11.39880446586553
050026,2016,PISA,0,Toscana,050,7.429178510569479,7.789085383599988,7.609131947084734,89022.0,45.14877822884859,0.2249447439070771,9.923987946946797,55815.0,7.517242928714249,6.369212104872952,0.0012896034955868186,12.875853446164294,99.96898750000001,0.774242763,7.3,8.1,82.5439024390244,39.8578386205081,6.802812787850194,15.242859023298669,0.3672847800770403,2.6016040978634494,724.5759475185909,441.050526836063,1.2758207165561717,11.396638809178848
050026,2017,PISA,0,Toscana,050,7.413315810143014,7.7736430639530285,7.59347943704802,90875.0,45.768940583026804,0.23082277950180324,9.926124473834951,55815.0,9.44264099037139,6.627785419532324,0.0030975026914322593,12.889307801378262,99.875,0.668010321,7.1,7.9,83.2439024390244,39.272538994239845,6.677303988995874,16.134878001423854,0.41028397384215715,2.743328748280606,729.0090784044016,453.41513067400274,1.294520219778567,11.41724021483582
050026,2018,PISA,0,Toscana,050,7.3945392793907185,7.7548719320947805,7.574705605742749,90949.0,46.637262861822585,0.23133104846677896,9.919585716687815,55815.0,8.38491902054998,6.681766704416761,0.0018726454563911849,12.906085515711624,101.10000000000001,0.62261636,6.2,7.6,82.9463414634147,38.35157188943007,6.66637346205016,18.179517996078186,0.4980739944459375,3.160012754400818,860.1391988916866,543.1934380806827,1.3533449904251662,11.418054188833596
050026,2019,PISA,0,Toscana,050,7.360677257476356,7.714202818783723,7.537440038130039,90096.0,46.4847707089806,0.2713152480396638,9.937253072010813,55815.0,7.880483040312555,6.688421239566685,0.0013231018033496164,12.912877077321394,102.25,0.595578796,6.1,7.3,83.34634146341462,39.04526550539449,7.190108328893624,18.8957868724007,0.5554062527994267,3.4796217368140647,853.7315752086663,533.5775173148642,1.3777416545626244,11.4086310474944
050026,2020,PISA,1,Toscana,050,7.344309293174822,7.702409189795476,7.5233592414851485,90036.0,46.27329735720798,0.2387713488106023,9.943838709615578,55815.0,10.362521658003468,7.159358478830689,0.0035576471402247734,12.917052192618227,102.875,0.527189894,6.5,7.0,83.4975609756098,39.07240775409143,7.186014483095652,18.666586146506432,0.573322583534892,3.433071215958061,289.5230796570261,115.13394642143142,1.1907196150367318,11.407964869333728
050026,2021,PISA,1,Toscana,050,7.327115841448447,7.6907735254762155,7.508944683462331,89969.0,47.37494485513152,0.2861636134272045,9.931200675970205,55815.0,8.845268925963387,6.696751103157754,0.002388064580917463,12.823268425095806,102.73333333333333,0.47569158400000006,6.8,6.8,82.19512195121949,37.658411812579935,7.200257866598496,21.60213928612952,0.6234883095941951,4.130311551756717,449.88496037524027,199.13970367571054,1.2890546109461598,11.407220445533344
050026,2022,PISA,1,Toscana,050,7.294942658826207,7.664029462747337,7.479486060786771,89002.0,47.509470647361205,0.2650700070766048,9.971177219326117,55815.0,9.81663333408238,7.13467113098582,0.0030133729613902615,12.907639034878864,104.65833333333335,0.507288293,6.7,6.8,82.6463414634146,38.271679805942995,7.090851890968743,20.072771376591874,0.6431962734032071,3.7190175501674116,793.6203680816161,480.6712208714411,1.3828193247173561,11.3964141203719
050026,2023,PISA,1,Toscana,050,7.328425868768207,7.68429104818829,7.506358458478248,89059.0,47.58211023047225,0.26033046513413105,10.020551264255076,55815.0,10.832144982539665,7.231161364937852,0.004043368573195089,12.95615807333407,113.24166666666667,0.540095241,5.9,6.7,82.7,37.80544838068514,7.2614783458156955,21.454460423243308,0.7560691570366389,4.120863697099676,908.523563031249,592.9990231195051,1.437207132172245,11.397054350427297
050026,2024,PISA,1,Toscana,050,7.342823384353585,7.700126686949628,7.521475035651606,89117.0,47.531672746003,0.2757701675806967,10.092672641345084,55815.0,10.231493429985298,6.683348855998295,0.003981445261832203,12.966840448140005,119.60833333333333,0.568072449,4.7,6.4,83.7,36.90965092402464,7.261240840692573,23.63107460643395,0.9334408313177462,4.648944645802708,957.9238529124634,641.2424116610747,1.479124469366244,11.39770539211696
051002,2014,AREZZO,0,Toscana,051,7.197198171044488,7.461329703829681,7.329263937437084,99334.0,44.77960662215243,0.22721145840058515,9.770309303766163,49813.0,5.026476332373608,3.875812914007289,0.0011583782172934942,12.867672591351356,99.68992416666667,0.827647127,9.3,8.5,82.690243902439,58.188976377952756,2.231864215676405,14.225721784776905,0.12848051713408146,0.545633921919987,134.92560452614413,52.7402500654358,0.6473314710131584,11.506243188206307
051002,2015,AREZZO,0,Toscana,051,7.181719572061506,7.436046081748367,7.308882826904936,99330.0,46.03271935995887,0.2557438779597369,9.7782462042735,49813.0,5.006543843753146,3.8638880499345616,0.0011503632274424492,12.868424930825274,99.93022416666668,0.782999237,10.3,8.3,83.090243902439,57.284768211920536,2.264169938588543,15.868568517575138,0.15056310601650172,0.6272022551092319,152.44035034732707,62.018524111547364,0.6991481173030589,11.506202919209402
051002,2016,AREZZO,0,Toscana,051,7.1711248548491415,7.419554945829812,7.295339900339476,99262.0,45.14877822884859,0.22494474390707714,9.790721520442869,49813.0,4.888073986016804,3.9088472930225064,0.000986507115506737,12.875853446164294,99.96898750000001,0.774242763,9.2,8.1,82.5439024390244,56.62883361506882,2.3624347685922102,16.5177493359092,0.1826832353000221,0.6890854506256171,158.34861276218493,58.515846950494655,0.7308880195430996,11.505518098041806
051002,2017,AREZZO,0,Toscana,051,7.151832031786357,7.400535722242933,7.276183877014644,98996.0,45.768940583026804,0.23082277950180324,9.803033874341267,49813.0,4.983029617358277,4.018344175522244,0.0009744691117176783,12.889307801378262,99.875,0.668010321,9.7,7.9,83.2439024390244,54.43935926773455,2.4031273990868316,19.153318077803203,0.2288559211450826,0.8454887066144087,194.51998060527697,77.13341953210231,0.8117892594795165,11.502834724260058
051002,2018,AREZZO,0,Toscana,051,7.132138340876454,7.382203350121429,7.2571708454989405,98807.0,46.637262861822585,0.23133104846677893,9.808279110191364,49813.0,5.406499539506311,3.946076694971004,0.0014780560532505864,12.906085515711624,101.10000000000001,0.62261636,9.3,7.6,82.9463414634147,50.44899838821092,2.21745422895139,21.13746258346765,0.2569610342681629,0.9290839717833757,232.22848583602376,97.30484682259353,0.8564339130196348,11.500923731428632
051002,2019,AREZZO,0,Toscana,051,7.1218300926866664,7.373779281701412,7.247804687194039,98483.0,46.4847707089806,0.2713152480396638,9.823172621677392,49813.0,5.490287663860768,3.9935826487820236,0.0015197597708018074,12.912877077321394,102.25,0.595578796,7.4,7.3,83.3463414634146,55.13457556935818,2.704019983144299,19.855072463768117,0.27101359082970305,0.9737721231075414,241.87321669729803,104.40786734766407,0.8929529245148228,11.497639223432527
051002,2020,AREZZO,1,Toscana,051,7.113079991330638,7.36593053221856,7.239505261774599,98259.0,46.27329735720798,0.2387713488106023,9.836554725422856,49813.0,5.81422566889547,4.6947353423096105,0.001139325992108468,12.917052192618225,102.875,0.527189894,7.6,7.0,83.4975609756098,51.39524245196706,2.2868134216712974,20.882891125343093,0.2469234938670628,0.9291769710662636,90.94739413183525,15.624014085223745,0.6491266373705377,11.495362128589639
051002,2021,AREZZO,1,Toscana,051,7.1205828150148704,7.366303507037915,7.243443161026393,97373.0,47.37494485513152,0.2861636134272045,9.818488465443364,49813.0,4.952091442186232,4.179803436270834,0.0007931233564904005,12.823268425095808,102.73333333333332,0.47569158399999995,7.1,6.8,82.1951219512195,51.21676430824696,2.3343226561777906,21.20324470482199,0.25093851002750284,0.9663869861255174,156.31643268667906,27.85371714951783,0.7390675297125453,11.486304243809359
051002,2022,AREZZO,1,Toscana,051,7.136046456187216,7.376108356282221,7.256077406234718,96717.0,47.509470647361205,0.2650700070766048,9.861148844145998,49813.0,5.630861172286155,4.184372964421974,0.0014955883741887988,12.907639034878864,104.65833333333335,0.507288293,5.3,6.8,82.6463414634146,53.0958070823376,2.5269601000858173,19.24831631544645,0.24290847770662274,0.9160747335008323,216.2711829357817,63.15332361425603,0.8246791087533907,11.479544467437899
051002,2023,AREZZO,1,Toscana,051,7.156756324359522,7.391925673301012,7.274340998830267,96535.0,47.58211023047225,0.26033046513413105,9.909194497297182,49813.0,6.343813124773398,4.525819650903817,0.0018832480176822707,12.95615807333407,113.24166666666667,0.540095241,5.3,6.7,82.7,50.30263726761781,2.4105246801678146,21.444012105490703,0.27101359082970305,1.0276065675661676,244.62008597917855,81.52483555187237,0.8712032552160996,11.477660915869917
051002,2024,AREZZO,1,Toscana,051,7.232084127884336,7.462640367584303,7.34736224773432,96330.0,47.531672746003,0.2757701675806967,9.98145554280407,49813.0,6.067684002906675,4.115021281013184,0.002027055664791333,12.966840448140003,119.60833333333333,0.568072449,4.2,6.4,83.7,48.18432788277766,2.3554448250804527,24.166489700573376,0.3252163089956437,1.1813557562545418,251.31319422817396,87.12550607287449,0.9105483152594157,11.475535075751669
052032,2014,SIENA,0,Toscana,052,7.7333763154621264,8.08026436828045,7.9068203418712875,54095.0,44.77960662215243,0.22721145840058513,9.937123246841528,32275.0,9.777243737868565,7.069045198262317,0.0050063749692323654,12.867672591351358,99.68992416666667,0.827647127,8.9,8.5,82.690243902439,49.872481509818925,7.229873370921528,24.419790869676103,0.5298218435321457,3.5400683981883723,757.7816803771143,440.1737683704594,1.3512948376310558,10.898497039121674
052032,2015,SIENA,0,Toscana,052,7.551415260611963,7.906728025320361,7.7290716429661614,53988.0,46.03271935995887,0.2557438779597369,9.960816730030919,32275.0,8.401867081573682,6.94228347040083,0.0027035333984827227,12.868424930825272,99.93022416666668,0.782999237,9.9,8.3,83.09024390243901,48.63798841365709,7.309031636659999,23.862936028596078,0.5484120836560805,3.585982070089649,786.3858635252278,470.98614506927464,1.3644356954052763,10.896517078629172
052032,2016,SIENA,0,Toscana,052,7.507647972501284,7.864538250303504,7.686093111402394,54002.0,45.14877822884859,0.2249447439070771,9.980553173956404,32275.0,8.766341987333801,6.709010777378616,0.003809731509861089,12.875853446164294,99.96898750000001,0.774242763,9.1,8.1,82.5439024390244,46.21268196397731,6.936780119254843,24.673081667900323,0.5670023237800155,3.7035665345727935,871.2066219769639,487.51527721195515,1.3776262478175667,10.896776361897594
052032,2017,SIENA,0,Toscana,052,7.514537235572837,7.870341510004437,7.6924393727886375,53915.0,45.768940583026804,0.23082277950180324,9.99697284503966,32275.0,8.832421404061948,7.305944542335157,0.0028312656250149143,12.889307801378262,99.875,0.668010321,9.4,7.9,83.2439024390244,45.96045887234562,6.985069090234629,24.54234805955577,0.5855925639039504,3.7299452842437173,921.9382361123991,517.7056477789113,1.3902296097062485,10.895164011316172
052032,2018,SIENA,0,Toscana,052,7.404085849407157,7.758462139140818,7.581273994273987,54158.0,46.637262861822585,0.23133104846677896,10.001999771383046,32275.0,10.127774290040252,6.8060120388492935,0.00613346551052653,12.906085515711624,101.10000000000001,0.6226163600000001,7.5,7.6,82.9463414634147,45.90443686006826,6.95372798109236,24.658703071672356,0.6010844306738962,3.7353668894715466,941.042874552236,542.9225599172792,1.3977948085515852,10.899660979282453
052032,2019,SIENA,0,Toscana,052,7.412975284564967,7.76997527232212,7.591475278443545,54339.0,46.4847707089806,0.2713152480396638,10.024213526548502,32275.0,9.806952649110215,7.269180514915623,0.004670259177008396,12.912877077321394,102.25,0.595578796,7.0,7.299999999999999,83.3463414634146,45.22760646108664,6.80174460332358,25.342633382280958,0.7591014717273432,3.8112589484532284,958.593275547949,544.1855757374998,1.4244455405307106,10.902997480161027
052032,2020,SIENA,1,Toscana,052,7.401022711104186,7.75920478988996,7.580113750497073,54308.0,46.27329735720798,0.2387713488106023,10.034740922574152,32275.0,10.764528246298887,7.971201296309936,0.0051434907379924715,12.917052192618227,102.875,0.527189894,6.9,7.0,83.49756097560979,36.82342502218279,4.58495985858437,27.610174504584446,0.7281177381874516,3.4377992192678795,369.5919569860794,109.9101421521691,1.1982784089646814,10.902426824720171
052032,2021,SIENA,1,Toscana,052,7.452888882762555,7.7960902529471365,7.624489567854845,54123.0,47.37494485513152,0.2861636134272045,10.018669535754125,32275.0,8.811411045211832,6.919424274338082,0.003495716739415313,12.823268425095806,102.73333333333333,0.47569158400000006,5.9,6.8,82.19512195121949,28.155012636899745,3.0874120059863643,30.480202190395953,0.6723470178156468,3.3423867856548974,547.2054394619662,216.10405927239805,1.2302450941037857,10.899014513120912
052032,2022,SIENA,1,Toscana,052,7.511058305282816,7.858092176849242,7.684575241066029,53062.0,47.509470647361205,0.2650700070766048,10.051428380020685,32275.0,9.824356413252422,7.841770004899928,0.0037363582381977583,12.907639034878864,104.65833333333335,0.507288293,4.5,6.8,82.6463414634146,46.961184882533196,6.931514077871169,22.663432073544435,0.7002323780015491,3.3451434171346723,875.7962383626701,485.5998643096755,1.389906972583903,10.879216320158896
052032,2023,SIENA,1,Toscana,052,7.585203740816453,7.934297201634228,7.759750471225341,52974.0,47.58211023047225,0.26033046513413105,10.107437822325862,32275.0,11.539623211386717,8.111526409181863,0.006471281765025966,12.95615807333407,113.24166666666667,0.540095241,3.5,6.7,82.7,46.69678837464892,7.21863555706573,23.055318109659293,0.7900852052672347,3.5640125344508626,947.2344923924945,574.9971684222448,1.4301056034435689,10.877556506129638
052032,2024,SIENA,1,Toscana,052,7.521461719728339,7.869686733308676,7.695574226518508,52833.0,47.531672746003,0.2757701675806967,10.164505547531013,32275.0,11.810800068139232,8.225919406431586,0.006785305891597383,12.966840448140005,119.60833333333333,0.568072449,3.0,6.4,83.7,44.57102999302488,7.256828118789393,26.47058823529412,1.0100697134004648,4.309806371018113,954.9296840989531,592.2548407245473,1.4723680368071093,10.874891274463195
053011,2014,GROSSETO,0,Toscana,053,7.5196733030750345,7.834923262198637,7.677298282636836,81699.0,44.77960662215243,0.22721145840058515,9.75855022493262,46599.0,4.632859643324887,3.439454583287433,0.001460733986997949,12.867672591351358,99.68992416666667,0.827647127,7.900000000000001,8.5,82.690243902439,20.21053762285837,4.605931529149684,4.479295343466352,0.08583875190454732,1.0208203282781918,266.98246000563046,43.8169377838162,0.7632738005341146,11.310797040871105
053011,2015,GROSSETO,0,Toscana,053,7.500168914476278,7.807579715467104,7.6538743149716915,81758.0,46.03271935995887,0.2557438779597369,9.767425776633425,46599.0,4.300496587489909,3.559284718315027,0.0009065924670061428,12.868424930825272,99.93022416666668,0.782999237,7.800000000000001,8.3,83.090243902439,20.199581522613876,4.605053939675628,4.4691238800364825,0.087984720702161,1.0188605396413806,285.69314317864917,46.13248856381027,0.7744673374023991,11.311518943298806
053011,2016,GROSSETO,0,Toscana,053,7.464655235242763,7.770642820044821,7.617649027643791,81747.0,45.14877822884859,0.22494474390707714,9.77722048795562,46599.0,4.562858575849878,3.510832201793338,0.0012869296415238972,12.875853446164294,99.96898750000001,0.774242763,7.1,8.1,82.5439024390244,21.09638047138047,4.905378790658984,4.161405723905724,0.10086053348784309,0.9676196068357249,276.81260474390496,41.45106242430915,0.7787982056562377,11.311384390838432
053011,2017,GROSSETO,0,Toscana,053,7.448796103124977,7.755935755714548,7.602365929419761,81721.0,45.768940583026804,0.23082277950180327,9.78542128906633,46599.0,4.963228545906193,3.511949192985891,0.0017758952446987946,12.889307801378262,99.875,0.668010321,8.2,7.900000000000001,83.2439024390244,21.663212435233163,5.116188005531014,4.067357512953368,0.09871456469022942,0.9605854064438761,285.6891129575017,46.36874242850675,0.7904719974486182,11.311066285763198
053011,2018,GROSSETO,0,Toscana,053,7.429503428575864,7.731923789326804,7.580713608951334,81630.0,46.637262861822585,0.23133104846677893,9.7829087423602,46599.0,4.848707582996448,3.4178610804851157,0.0017528439330042045,12.906085515711624,101.10000000000001,0.62261636,8.9,7.599999999999999,82.9463414634147,20.892043099875675,4.940585569030993,4.113137173642769,0.10300650228545678,0.972681612152395,306.2575033688595,46.69851770182531,0.8001336619938211,11.309952120445402
053011,2019,GROSSETO,0,Toscana,053,7.421970732593609,7.713069652382632,7.5675201924881215,81893.0,46.4847707089806,0.2713152480396638,9.799790291249428,46599.0,4.803829387127105,3.366588108873774,0.00175502335761705,12.912877077321394,102.25,0.595578796,7.1,7.300000000000001,83.3463414634146,21.00712105798576,5.04316608257116,4.333672431332655,0.12661215905920728,1.0403819618282393,307.57085465180177,47.123685785109835,0.8313391112746078,11.313168796102914
053011,2020,GROSSETO,1,Toscana,053,7.409261184149772,7.691474595777423,7.5503678899635975,81912.0,46.27329735720798,0.23877134881060233,9.811520418702889,46599.0,5.313018849497022,3.93715206563141,0.0016796889147690354,12.917052192618227,102.875,0.527189894,6.4,7.0,83.4975609756098,20.25219522156422,4.843002246313117,4.5487032877271805,0.135196034249662,1.087752710225608,209.563922258033,19.655239769508743,0.7463817335680792,11.313400779254653
053011,2021,GROSSETO,1,Toscana,053,7.400828738730201,7.685177101215974,7.543002919973087,81643.0,47.37494485513152,0.2861636134272045,9.800342277283562,46599.0,4.830787697659321,3.4148671655867617,0.0017342828314400004,12.823268425095806,102.73333333333333,0.475691584,8.0,6.8,82.1951219512195,20.805736766097304,5.117401369376432,5.069468651959564,0.19528316058284514,1.2468919564445207,258.3454797104467,32.16932253836826,0.8549953439909528,11.310111362941436
053011,2022,GROSSETO,1,Toscana,053,7.395127245847523,7.686415980123195,7.54077161298536,81503.0,47.509470647361205,0.2650700070766048,9.840271999427532,46599.0,5.479552899893256,3.788817589536581,0.0020744454932415672,12.907639034878864,104.65833333333335,0.507288293,6.1,6.8,82.6463414634146,18.630177081808867,4.68571709016846,9.093126493975316,0.4935728234511471,2.2870323791762264,291.19664306835335,49.595720402929956,1.0473350068239133,11.30839510836744
053011,2023,GROSSETO,1,Toscana,053,7.3873229867144445,7.677365784072379,7.532344385393411,81608.0,47.58211023047225,0.26033046513413105,9.884453874288273,46599.0,5.896480737182629,3.9554945593569255,0.00237842635259497,12.95615807333407,113.24166666666667,0.540095241,5.6,6.7,82.7,18.794998105342934,4.862268405058328,10.4064039408867,0.6394987016888775,2.6921380256837564,292.80462699735324,51.28418782472307,1.0939816375512008,11.309682575362356
053011,2024,GROSSETO,1,Toscana,053,7.377061127483933,7.66506216190302,7.521061644693476,81482.0,47.531672746003,0.2757701675806967,9.952423821939016,46599.0,5.6846910974202896,3.933384060283253,0.002149317686282905,12.966840448140005,119.60833333333333,0.568072449,5.2,6.4,83.7,18.03033139861449,4.7274244618443335,11.28065905261187,0.7811326423313806,2.957708450946221,282.95451756216096,55.88964433862693,1.1248599135907595,11.308137415940331
054018,2014,FOLIGNO,0,Umbria,054,6.848899066325438,7.158564412749846,7.003731739537642,56696.0,47.85341354086265,0.2787742741076971,9.753805979087431,31063.0,14.202060110060675,11.674544941442077,0.004458013208372014,12.867672591351358,99.68992416666667,0.827647127,11.0,8.5,82.690243902439,52.03867171080285,2.18357556088613,12.526271542664984,0.11911277082059042,0.5256102723296175,167.04705799350924,19.225342175814873,0.5837377981666944,10.945458940490091
054018,2015,FOLIGNO,0,Umbria,054,6.844808198095551,7.144552807751511,6.994680502923531,56595.0,47.02900544494185,0.2792732047692542,9.767710850896362,31063.0,13.42344730099832,11.446240833995935,0.00349360626734232,12.868424930825272,99.93022416666668,0.782999237,10.2,8.3,83.090243902439,47.984496124031004,2.1874723915540244,11.782945736434108,0.12877056304928694,0.5371499249050269,188.35762876579201,20.439968195070236,0.6084453772772577,10.94367592106652
054018,2016,FOLIGNO,0,Umbria,054,6.7988134977669095,7.108761273244783,6.953787385505845,56340.0,48.143153994768895,0.27094221576641364,9.78477954285641,31063.0,13.223287184948527,11.331203407880725,0.0033583311627046536,12.875853446164294,99.96898750000001,0.774242763,9.5,8.1,82.5439024390244,46.20324896108802,2.170749023784168,13.902531167359275,0.14808614750667998,0.6531771388001419,205.96024139155128,19.00425985090522,0.6410319379494549,10.939160041430364
054018,2017,FOLIGNO,0,Umbria,054,6.803306526550335,7.114711496757448,6.959009011653892,56215.0,47.72689124985317,0.29137331643835956,9.79540575932977,31063.0,13.816596993684959,11.415102730587922,0.004271981256065176,12.889307801378262,99.875,0.668010321,10.1,7.9,83.2439024390244,46.36704119850187,2.2022591834919507,14.382022471910114,0.15774393973537648,0.6830917015031576,195.73423463488393,16.31415102730588,0.6388912319989937,10.93693890418386
054018,2018,FOLIGNO,0,Umbria,054,6.797087616799141,7.110790943093045,6.953939279946093,55870.0,47.548017522911636,0.26475335555460483,9.793760876280725,31063.0,15.246107034186505,11.637730445677466,0.006458522621279826,12.906085515711624,101.10000000000001,0.62261636,9.0,7.6,82.9463414634147,44.95782911624496,2.19437981027385,15.584891822515583,0.1802787882690017,0.7606944693037407,203.63164488992305,19.71720064435296,0.6768105467025332,10.930782842453194
054018,2019,FOLIGNO,0,Umbria,054,6.792021330768307,7.109716658658035,6.950868994713171,55802.0,47.30555426356589,0.2975232558139535,9.812226436248597,31063.0,15.680441561234366,11.750474893372997,0.0070426985911999,12.912877077321394,102.25,0.595578796,7.8,7.3,83.3463414634146,45.03875968992248,2.0823626393319237,20.775193798449614,0.21890995718378775,0.9605390487796137,206.30084943192006,20.848715099817213,0.7159757275610378,10.929564990020989
054018,2020,FOLIGNO,1,Umbria,054,6.78452508935081,7.109716658658035,6.947120874004422,55609.0,48.92716260701157,0.2945264185195111,9.824328608147479,31063.0,16.963081515582008,13.179521300508913,0.006803863070857409,12.917052192618225,102.875,0.527189894,8.5,7.0,83.4975609756098,43.42301943198804,2.0895898145983565,22.496263079222718,0.260760390174806,1.0825585786473413,118.69661385746913,4.418349547735079,0.6094152452397069,10.926100337642655
054018,2021,FOLIGNO,1,Umbria,054,6.700626159586736,7.0321589560575335,6.866392557822134,55831.0,47.634459365165974,0.26847492233360026,9.813013086594855,31063.0,13.93311959305762,11.463165624832081,0.00442398303491884,12.823268425095808,102.73333333333332,0.47569158399999995,6.5,6.8,82.1951219512195,42.69581056466302,2.099192205047375,25.3551912568306,0.30261082316582427,1.246619261700489,150.335834930415,8.31079507800326,0.6918053858747621,10.930084549661103
054018,2022,FOLIGNO,1,Umbria,054,6.689264590452774,7.026469589573168,6.857867090012971,55503.0,49.869284137697115,0.304377597249832,9.814129535255141,31063.0,15.031619912437169,11.082283840513126,0.007115536226733764,12.907639034878864,104.65833333333335,0.507288293,7.3,6.8,82.6463414634146,40.74858757062147,2.0791668918797184,27.36581920903955,0.3508997843093069,1.396320919589932,183.39549213556023,18.501702610669692,0.7850212809247056,10.924192352327712
054018,2023,FOLIGNO,1,Umbria,054,6.676173351476143,7.018433142173018,6.8473032468245805,55370.0,50.05796653854121,0.30969772065672674,9.848083424266163,31063.0,17.93570525555355,11.92523026909879,0.010855111046513925,12.95615807333407,113.24166666666667,0.540095241,5.8,6.7,82.7,37.18494271685761,2.0516525194148456,32.99509001636661,0.482889611434826,1.8204804045512009,202.61694058154234,22.400216723857685,0.8649913057313936,10.921793209817013
054018,2024,FOLIGNO,1,Umbria,054,6.676169069091264,7.00691077979037,6.841539924440818,55265.0,49.19045520392317,0.3049818040997169,9.907551881151692,31063.0,17.49751198769565,12.326065321632136,0.009357543953792659,12.966840448140005,119.60833333333332,0.568072449,4.7,6.4,83.7,36.470974089865535,2.012123405410296,32.53525746146278,0.4764510832823617,1.7949877861214152,206.75472722337832,23.859585632859854,0.8659719418320144,10.919895075745055
054039,2014,PERUGIA,0,Umbria,054,7.001867419032596,7.314540417248183,7.15820391814039,165466.0,47.85341354086265,0.2787742741076971,9.788323177304198,88804.0,4.866256511911813,4.000217567355227,0.0005233938963633534,12.867672591351358,99.68992416666669,0.8276471270000001,11.0,8.5,82.690243902439,52.960331557134396,3.243566654176689,6.28577067298204,0.07769920273861537,0.3849733479989847,233.32648399066878,67.6870172724306,0.6653702249089085,12.016521014627498
054039,2015,PERUGIA,0,Umbria,054,6.976135426182396,7.287564788939009,7.131850107560703,164227.0,47.02900544494185,0.2792732047692542,9.80005360806233,88804.0,4.6259141310503145,3.944540179142285,0.0004148976428407201,12.868424930825272,99.93022416666668,0.782999237,10.2,8.3,83.090243902439,55.48488008342022,3.240027522879916,6.777893639207508,0.08332957974865997,0.39579362711369015,241.30684966540218,71.58627996614442,0.6818749472567198,12.00900489610028
054039,2016,PERUGIA,0,Umbria,054,6.931483871070438,7.243478897784509,7.087481384427473,164633.0,48.14315399476889,0.27094221576641364,9.812602405239861,88804.0,4.525216694101426,3.877715889281007,0.00039329952368019703,12.875853446164294,99.96898750000001,0.7742427629999998,9.5,8.1,82.5439024390244,55.25890838626331,3.117843931654042,7.255894068252772,0.08220350434665105,0.4093954431979008,239.83709219901235,71.78451464773163,0.679250021791832,12.0114740331572
054039,2017,PERUGIA,0,Umbria,054,6.925183278108514,7.240410241220723,7.082796759664618,165106.0,47.72689124985317,0.29137331643835956,9.827673722538007,88804.0,4.7042506026431505,3.8865940668419072,0.0004952312670655475,12.88930780137826,99.875,0.668010321,10.1,7.900000000000001,83.2439024390244,55.653767381696674,3.1270819958087532,6.952678667672739,0.08220350434665105,0.3906581226605938,223.52609838527977,69.55047060676172,0.6675209126504281,12.014342970859024
054039,2018,PERUGIA,0,Umbria,054,6.913030027927299,7.231096745751795,7.072063386839546,164371.0,47.548017522911636,0.26475335555460483,9.821697359503823,88804.0,5.182179338204428,3.955685613642309,0.0007461740359078663,12.906085515711624,101.10000000000001,0.62261636,9.0,7.599999999999999,82.9463414634147,54.97640497640498,3.118554976242768,7.089232089232088,0.0855817305526778,0.40213906346009937,259.0937574146291,77.90181966405267,0.6955908820658211,12.009881347017314
054039,2019,PERUGIA,0,Umbria,054,6.875779242051219,7.208604337607322,7.04219178982927,164768.0,47.30555426356589,0.2975232558139535,9.843976237276827,88804.0,5.310497183919208,3.979534861138085,0.0008077796190893395,12.912877077321392,102.25,0.595578796,7.8,7.3,83.3463414634146,56.36942675159236,3.1152893765779766,7.302877223808477,0.08895995675870456,0.40359778597785984,250.08132647115943,70.83474946591572,0.6895423665580399,12.012293702845868
054039,2020,PERUGIA,1,Umbria,054,6.846066370205059,7.192916223879869,7.019491297042464,164880.0,48.927162607011574,0.2945264185195111,9.851311647611505,88804.0,5.721130519165453,4.44505094614265,0.000773944428082729,12.917052192618227,102.875,0.527189894,8.5,7.0,83.4975609756098,55.64227642276423,3.113173216885007,8.520325203252032,0.10247286158281159,0.47671033478893743,105.51977195536149,12.387190684133918,0.5246118598253673,12.01297321556434
054039,2021,PERUGIA,1,Umbria,054,6.722611390944416,7.068998590973211,6.895804990958813,164721.0,47.634459365165974,0.26847492233360026,9.843444052346026,88804.0,4.722530824849291,3.885357665385713,0.0005082370550589046,12.823268425095806,102.73333333333333,0.475691584,6.5,6.8,82.1951219512195,55.60056936384539,3.0827884726294763,8.945581955545823,0.11260754020089186,0.49599018947189494,157.67145658416354,22.143503257022484,0.6091288802924584,12.01200841259145
054039,2022,PERUGIA,1,Umbria,054,6.665959590163713,7.025446138767598,6.845702864465656,162362.0,49.869284137697115,0.304377597249832,9.850043088664522,88804.0,5.138517633436395,3.788448035870462,0.0008315182108904382,12.907639034878864,104.65833333333333,0.507288293,7.299999999999999,6.799999999999999,82.6463414634146,55.8945597307908,3.0690678853426294,10.555243970835672,0.14301157605513265,0.579569110998879,231.19387541419792,55.79938655596754,0.7439664071734506,11.997583689181965
054039,2023,PERUGIA,1,Umbria,054,6.64200636600656,7.008684959708704,6.825345662857632,162367.0,50.05796653854121,0.30969772065672674,9.885438651592374,88804.0,6.116390645882476,4.066713063615143,0.001262373254582109,12.95615807333407,113.24166666666669,0.540095241,5.799999999999999,6.700000000000001,82.70000000000002,53.938802083333336,3.0615827107725093,12.651909722222221,0.19706319535156072,0.7181262202294801,263.32444400647915,73.24271557644103,0.8278646310710265,11.997614484090954
054039,2024,PERUGIA,1,Umbria,054,6.63996232874282,6.9978305098918065,6.818896419317313,162099.0,49.19045520392318,0.3049818040997169,9.950598820068524,88804.0,5.965490225109347,4.202370156509294,0.0010876810273968706,12.966840448140005,119.60833333333333,0.568072449,4.7,6.4,83.70000000000002,53.29130156016243,3.0765149692471883,13.37892712117974,0.22746723120580153,0.7723675038094004,266.8739474025133,77.6747543168064,0.8548913749107362,11.995962538673277
055032,2014,TERNI,0,Umbria,055,6.891949598706616,7.241232077933702,7.06659083832016,111484.0,47.85341354086265,0.2787742741076971,9.783027764901616,59996.0,3.1798284955688714,2.4003444440457824,0.0006991891675245677,12.867672591351358,99.68992416666667,0.827647127,12.199999999999998,8.5,82.690243902439,38.66809881847476,0.9687488787628719,6.229860365198711,0.02166811120741383,0.15607620824512936,79.15126834343941,11.393563201894443,0.1784085114601083,11.621636361827674
055032,2015,TERNI,0,Umbria,055,6.865048427778601,7.214735845254324,7.039892136516463,111383.0,47.02900544494185,0.2792732047692542,9.795399954091451,59996.0,2.678146575330167,2.372893529533232,0.00027405712343619326,12.868424930825272,99.93022416666668,0.782999237,11.199999999999998,8.3,83.090243902439,36.93977591036415,0.9471822450463715,9.033613445378151,0.026668444562970864,0.2316331935753212,85.40351759245125,11.117495488539545,0.2145546309706515,11.620729991598665
055032,2016,TERNI,0,Umbria,055,6.823824326541182,7.177466218579237,7.0006452725602095,111028.0,48.14315399476889,0.27094221576641364,9.802617650882866,59996.0,2.963216485931477,2.4822567280325685,0.00043318780658834567,12.875853446164294,99.96898750000001,0.7742427629999998,9.7,8.1,82.5439024390244,37.358356940509914,0.9502107576467198,9.454674220963174,0.030002000133342217,0.2404798789494542,85.40368195410167,11.066577800194546,0.2246929866156487,11.617537700736474
055032,2017,TERNI,0,Umbria,055,6.8239519338945165,7.181859703179222,7.0029058185368696,110949.0,47.726891249853175,0.29137331643835956,9.813720407031635,59996.0,2.9418922207500744,2.4533794806622864,0.0004403038694244996,12.889307801378262,99.875,0.668010321,11.7,7.9,83.2439024390244,37.15596330275229,0.9490847145985994,10.515172900494004,0.03500233348889926,0.2685918755464222,84.06114521086263,10.030734842134674,0.2343921882056231,11.616825915251171
055032,2018,TERNI,0,Umbria,055,6.7720974813702455,7.12987454730862,6.950986014339433,110777.0,47.54801752291163,0.26475335555460483,9.812594488186635,59996.0,2.839036984211524,2.374139036081497,0.00041967010131166855,12.906085515711624,101.10000000000001,0.62261636,9.8,7.6,82.9463414634147,36.389380530973455,0.9279904673352771,11.2212389380531,0.04333622241482766,0.2861604845771234,86.65878296036182,11.8228513139009,0.2642979962535361,11.61527445051992
055032,2019,TERNI,0,Umbria,055,6.7350926935764575,7.098894009753829,6.916993351665144,110554.0,47.30555426356589,0.2975232558139535,9.834362461029839,59996.0,2.9732076632234024,2.5127991750637695,0.0004164557484664805,12.912877077321394,102.25,0.595578796,10.4,7.3,83.34634146341462,36.007005253940456,0.9298623297212222,12.504378283712786,0.06000400026668444,0.3229191164498797,82.89795032291912,10.818242668741068,0.2908921492568436,11.613259368353763
055032,2020,TERNI,1,Umbria,055,6.692953141840321,7.074256927275017,6.883605034557669,110003.0,48.92716260701157,0.29452641851951117,9.842094898089305,59996.0,3.373544357881149,2.788105778933302,0.0005322023753423514,12.917052192618227,102.875,0.527189894,7.6,7.0,83.4975609756098,36.05752367590319,0.9345199676372461,12.83760084180989,0.06167077805187012,0.3327181985945838,52.95491941128879,3.47990509349745,0.20685826846270658,11.608262917129933
055032,2021,TERNI,1,Umbria,055,6.5430914123506385,6.988600475045767,6.765845943698203,107982.0,47.634459365165974,0.26847492233360026,9.833953875980365,59996.0,3.0384693745253837,2.492082013668945,0.0005059985561079056,12.823268425095806,102.73333333333333,0.47569158400000006,7.2,6.8,82.19512195121949,44.43493150684932,0.9612713229982776,18.15068493150685,0.07833855590372692,0.3926580355985257,65.60723083476876,4.399807375303292,0.27106207428813145,11.589719825549258
055032,2022,TERNI,1,Umbria,055,6.477020923781924,6.943877386902795,6.710449155342359,107165.0,49.869284137697115,0.304377597249832,9.84420280989953,59996.0,3.324779545560584,2.7163719497970416,0.0005677297585625369,12.907639034878864,104.65833333333335,0.507288293,6.7,6.8,82.6463414634146,43.373493975903614,0.9406056081743106,18.803786574870912,0.08333888925928395,0.4077823916390612,82.43736294499136,10.388653011710913,0.3404610349863712,11.582124981771234
055032,2023,TERNI,1,Umbria,055,6.325202717740238,6.811577536608673,6.568390127174456,106793.0,50.05796653854121,0.30969772065672674,9.86754996947486,59996.0,3.828902643431686,2.8194731864448044,0.0009452206202530888,12.95615807333407,113.24166666666667,0.540095241,6.5,6.7,82.7,38.23975720789075,0.9438820896500708,18.85432473444613,0.09833988932595507,0.4653863080913543,93.79734626801383,13.91102413079509,0.39846188508086033,11.578647660289029
055032,2024,TERNI,1,Umbria,055,6.34316060053909,6.8306536077409135,6.586907104140002,106436.0,49.19045520392317,0.3049818040997169,9.922167627351545,59996.0,3.68390394227517,2.734037355781878,0.0008924298042892366,12.966840448140005,119.60833333333333,0.568072449,5.1,6.4,83.7,37.39431206764028,0.9141643804727725,19.52344350499616,0.10167344489632642,0.47728212259010105,92.45649968055922,13.426848058927431,0.39756018437324203,11.57529914452829
056059,2014,VITERBO,0,Lazio,056,7.055995719217637,7.380766267871103,7.218380993544369,64809.0,43.88934648644635,0.2127955315763319,9.744737619697775,38071.0,8.503448595102531,7.082349673656436,0.0021927493426007116,12.867672591351358,99.68992416666667,0.827647127,15.6,8.5,82.690243902439,33.08416389811739,1.8438797080652376,1.744186046511628,0.013133356097817236,0.09720872101097071,100.24379330031323,13.791294418985018,0.23158513759421973,11.079199761585086
056059,2015,VITERBO,0,Lazio,056,7.033055367333377,7.359910491879814,7.196482929606596,65244.0,42.64955373004006,0.18572315599972766,9.74839289734866,38071.0,7.960885292134143,6.641223714057998,0.00202265584279956,12.868424930825272,99.93022416666668,0.782999237,13.7,8.3,83.090243902439,33.28038125496426,1.9266139415118633,1.6679904686258933,0.013133356097817236,0.09656060327386427,103.18496720004904,17.04064741585433,0.2519351257779009,11.085889366933921
056059,2016,VITERBO,0,Lazio,056,7.025938655027635,7.377332764934147,7.2016357099808905,65250.0,44.20450969616019,0.21527117827297085,9.752127479239178,38071.0,7.803831417624521,6.9455938697318,0.0013153065868087683,12.875853446164294,99.96898750000001,0.774242763,14.9,8.1,82.5439024390244,34.28147415285679,2.1241379310344826,2.572347266881029,0.02101336975650758,0.1593869731800766,137.6567049808429,20.061302681992338,0.33942073450955457,11.08598132518494
056059,2017,VITERBO,0,Lazio,056,7.017064451524301,7.377332764934147,7.1971986082292245,65596.0,43.88151360277541,0.22234201292344857,9.761700903484877,38071.0,7.85718641380572,7.407463869748156,0.000685594463164772,12.889307801378262,99.875,0.668010321,13.0,7.9,83.2439024390244,33.50253807106599,2.1129337154704557,3.239062122310853,0.028893383415197923,0.2042807488261479,136.2415391182389,20.06524788096835,0.3702242778021427,11.091269997463336
056059,2018,VITERBO,0,Lazio,056,7.017064451524301,7.377332764934147,7.1971986082292245,66015.0,43.63072779288965,0.2274396766256218,9.751253446082362,38071.0,9.063091721578429,6.631826100128759,0.003682898767628069,12.906085515711624,101.10000000000001,0.62261636,11.8,7.6,82.9463414634147,49.16696207018788,2.101037642959933,5.10457284650833,0.03152005463476137,0.21813224267212,134.3043247746724,19.28046656063016,0.37412357637772387,11.097637267913301
056059,2019,VITERBO,0,Lazio,056,7.019380325654105,7.381173331694246,7.200276828674175,65985.0,46.418143833833085,0.23533623628905836,9.772219471699817,38071.0,8.530726680306131,6.7272865045086006,0.002733106275361871,12.912877077321394,102.25,0.595578796,10.0,7.3,83.3463414634146,45.90652966523036,2.0989618852769567,4.839244282399735,0.034146725854324815,0.22126240812305828,135.33984996590135,22.153519739334698,0.38995366329400283,11.09718272245093
056059,2020,VITERBO,1,Lazio,056,6.936315970560921,7.306487150851437,7.121401560706179,65911.0,45.115072570893176,0.22268050659775904,9.782040069336832,38071.0,8.773952754471939,8.159487794146653,0.0009322646604137183,12.917052192618227,102.875,0.527189894,9.2,7.0,83.4975609756098,46.53215636822195,2.2393834109632684,5.548549810844893,0.04728008195214205,0.26702674819074207,63.12603359075116,4.119191030328777,0.27503754161514676,11.09606062613619
056059,2021,VITERBO,1,Lazio,056,6.923676292637707,7.284224944560386,7.103950618599047,66113.0,45.817300418952705,0.23164671455380484,9.767334733623365,38071.0,8.031703295872218,6.529729402689336,0.0022718283744239134,12.823268425095806,102.73333333333333,0.475691584,10.9,6.8,82.1951219512195,45.49055453991468,2.258254806165202,6.916514320536258,0.08405347902603032,0.3433515344939725,73.09303767791508,5.171448882973091,0.3692992391896571,11.099120678211964
056059,2022,VITERBO,1,Lazio,056,6.879260341587558,7.242806655286042,7.0610334984368,65931.0,45.02707470708941,0.22682827438948816,9.80483986355868,38071.0,9.174743292229754,6.807116530918687,0.003591067572630579,12.907639034878864,104.65833333333335,0.507288293,7.5,6.8,82.6463414634146,45.61717352415027,2.3206079082677347,7.543231961836614,0.099813506343411,0.3837345103213966,111.48473404013286,12.18698336139297,0.47981092525422636,11.09636401959432
056059,2023,VITERBO,1,Lazio,056,6.879260341587558,7.242806655286042,7.0610334984368,66178.0,46.020427026167695,0.24969668949351861,9.844982960865824,38071.0,9.938348091510774,7.180634047568677,0.004167116026386557,12.95615807333407,113.24166666666667,0.540095241,9.7,6.7,82.7,49.80559875583204,1.9356885974190818,8.942457231726284,0.09193349268472066,0.3475475233461271,127.41696636344403,17.873009157121704,0.4795476150123612,11.100103360408495
056059,2024,VITERBO,1,Lazio,056,6.880469954173568,7.254244849290676,7.067357401732123,66188.0,46.764860828854154,0.24908675365456814,9.896038298260073,38071.0,10.402187707741586,7.274732579923853,0.004725108974161074,12.966840448140005,119.60833333333333,0.568072449,5.8,6.4,83.7,39.480097481722176,2.202816220462924,15.732466829136206,0.23377373854114683,0.8778026228319334,139.1611772526742,23.182449990934913,0.6947906521758729,11.100254456611735
058007,2014,ANZIO,0,Lazio,058,7.251913943641551,7.6358464455231685,7.44388019458236,52506.0,43.88934648644635,0.2127955315763319,9.678652224635805,40192.0,131.8934978859559,70.16721898449701,0.11756042909659636,12.867672591351358,99.68992416666667,0.827647127,11.300000000000002,8.5,82.690243902439,12.31234361968307,2.2492667504666133,1.2406171809841535,0.012440286624203822,0.22664076486496784,0.0,0.0,-0.21903061289126904,10.868682727763886
058007,2015,ANZIO,0,Lazio,058,7.160644798319454,7.554077637513828,7.35736121791664,52433.0,42.64955373004006,0.18572315599972766,9.689153727659765,40192.0,123.94675109186964,69.05002574714398,0.1046988067528573,12.868424930825272,99.93022416666668,0.782999237,10.699999999999998,8.3,83.090243902439,12.2739555186032,2.252398298781302,1.2367491166077738,0.012440286624203822,0.22695630614307785,0.0,0.0,-0.2187485168881161,10.867291443078967
058007,2016,ANZIO,0,Lazio,058,7.171422550385443,7.535943434831822,7.353682992608632,51979.0,44.20450969616019,0.21527117827297085,9.700677436642883,40192.0,119.13080282421747,72.69281825352546,0.08933989605550705,12.875853446164294,99.96898750000001,0.774242763,9.8,8.1,82.5439024390244,12.267580762438973,2.272071413455434,1.2361067830061285,0.012440286624203822,0.2289386098231978,0.0,0.0,-0.21723078601336682,10.858595069841899
058007,2017,ANZIO,0,Lazio,058,7.136231702223554,7.506085646967874,7.321158674595714,51430.0,43.88151360277541,0.22234201292344857,9.711493593522283,40192.0,119.83472681314409,77.71728563095469,0.08189274972232043,12.889307801378262,99.875,0.668010321,9.5,7.9,83.2439024390244,11.652210262305362,2.1679953334629594,1.2435991221653258,0.012440286624203822,0.23138246159828893,49.96694536262881,17.110635815671788,0.25438709056995795,10.847976938768962
058007,2018,ANZIO,0,Lazio,058,7.096757031558215,7.467197335899098,7.281977183728657,52054.0,43.63072779288965,0.22743967662562184,9.714576296146081,40192.0,109.24040419564298,74.04041956429862,0.0676220552336888,12.906085515711624,101.10000000000001,0.62261636,9.8,7.6,82.9463414634147,11.597670064489288,2.142006377992085,1.2377782400665696,0.012440286624203822,0.22860875244937948,52.493564375456266,17.314711645598802,0.2567490626786214,10.860036920273846
058007,2019,ANZIO,0,Lazio,058,7.041837467025191,7.417184060610789,7.2295107638179905,51666.0,46.418143833833085,0.23533623628905836,9.725638049537086,40192.0,108.40591491503116,77.07002671002206,0.060650888795356905,12.912877077321394,102.25,0.595578796,9.1,7.3,83.34634146341462,11.216202323429629,2.1116401501954862,1.2233987868818752,0.012440286624203822,0.23032555258777535,84.28753919405412,19.92606356211048,0.30019373756725753,10.85255520392422
058007,2020,ANZIO,1,Lazio,058,7.0003656457151635,7.398193247430474,7.1992794465728185,52335.0,45.115072570893176,0.22268050659775904,9.723932978697134,40192.0,116.48609916881627,81.62033056272094,0.0666203661146371,12.917052192618227,102.875,0.527189894,9.0,7.0,83.4975609756098,9.908321579689703,2.1477023024744435,1.0490126939351199,0.012440286624203822,0.22738129358937614,19.795547912486864,2.191649947453903,0.09788934750330622,10.865420642288985
058007,2021,ANZIO,1,Lazio,058,7.066441424688472,7.440889691626275,7.2536655581573735,57838.0,45.817300418952705,0.2316467145538048,9.719174100899526,40192.0,82.73453438915593,65.5589750682942,0.029695977248282657,12.823268425095806,102.73333333333333,0.47569158400000006,9.8,6.8,82.19512195121949,10.107676276484892,2.0125177219129293,1.2070163251128865,0.019904458598726117,0.2403264289913206,34.53957605726339,4.652650506587365,0.16643244225628048,10.965401278088198
058007,2022,ANZIO,1,Lazio,058,7.0838010746920075,7.442561343958963,7.263181209325485,58593.0,45.02707470708941,0.22682827438948813,9.75748517371017,40192.0,92.12021913880498,66.87829604218935,0.043080100176839616,12.907639034878864,104.65833333333335,0.507288293,7.5,6.8,82.6463414634146,9.706703910614525,1.8978376256549419,1.3006284916201116,0.024880573248407645,0.25429658832966395,50.49749970132951,13.407744952468724,0.25799477658541486,10.978370514505
058007,2023,ANZIO,1,Lazio,058,7.067564338086005,7.438061038669496,7.252812688377751,59250.0,46.020427026167695,0.24969668949351864,9.808178582259854,40192.0,106.87594936708862,65.67932489451476,0.0695301678862006,12.95615807333407,113.24166666666667,0.540095241,6.5,6.7,82.7,10.00990188135746,1.8767932489451478,1.3412548384192997,0.024880573248407645,0.2514767932489451,45.63713080168776,13.90717299578059,0.251507670055074,10.989521058997378
058007,2024,ANZIO,1,Lazio,058,7.086498252681955,7.460957873690227,7.273728063186091,59633.0,46.76486082885416,0.24908675365456814,9.865701075324266,40192.0,107.41200342092465,67.74940049972331,0.06651116482685987,12.966840448140005,119.60833333333333,0.568072449,5.9,6.4,83.7,9.105628373168852,1.980447067898647,2.7679259830377796,0.10698646496815287,0.6020156624687673,49.724146026528935,15.467945600590278,0.4610835130192263,10.995964391098154
058032,2014,CIVITAVECCHIA,0,Lazio,058,7.264325196717086,7.656881446364786,7.460603321540936,52331.0,43.88934648644635,0.2127955315763319,9.826421522372495,25317.0,132.33456268750837,70.40186505130802,0.11834801099959937,12.867672591351358,99.68992416666667,0.827647127,11.3,8.5,82.690243902439,42.54689042448174,1.6472072003210336,2.270483711747285,0.011849745230477545,0.08790200836979993,68.82727255355334,25.564197129808335,0.22447951367375402,10.865344208681089
058032,2015,CIVITAVECCHIA,0,Lazio,058,7.2087701695197,7.563711102809163,7.386240636164431,52362.0,42.64955373004006,0.18572315599972766,9.827699394408587,25317.0,124.11481608800274,69.14365379473664,0.10498293092942612,12.868424930825272,99.93022416666668,0.782999237,10.7,8.3,83.090243902439,41.22429459588714,1.6462320003055653,3.1563845050215207,0.01974957538412924,0.12604560559184141,91.35059776173561,43.30812421221496,0.3153271589844146,10.865936416391367
058032,2016,CIVITAVECCHIA,0,Lazio,058,7.160652111257564,7.5293117686330415,7.344981939945304,52224.0,44.20450969616019,0.21527117827297085,9.838719227212096,25317.0,118.57192095588236,72.35179227941177,0.08850361649140356,12.875853446164294,99.96898750000001,0.774242763,9.8,8.1,82.5439024390244,39.79686057248384,1.6505821078431373,3.9242843951985225,0.03159932061460679,0.16276041666666669,102.59842218137254,51.97227328431373,0.3780203876749863,10.863297438323778
058032,2017,CIVITAVECCHIA,0,Lazio,058,7.118768289677218,7.47824860743827,7.298508448557745,51973.0,43.88151360277541,0.22234201292344857,9.841483456641953,25317.0,118.58272564600851,76.90531622188445,0.08019050165301997,12.889307801378262,99.875,0.668010321,9.5,7.9,83.2439024390244,39.52315451627694,1.6585534796913781,4.493351673544246,0.03949915076825848,0.188559444326862,101.91637965866893,47.74017278202143,0.3945917721100056,10.858479631947358
058032,2018,CIVITAVECCHIA,0,Lazio,058,7.117144138089617,7.461811476999186,7.289477807544401,51781.0,43.63072779288965,0.2274396766256218,9.840593826379765,25317.0,109.81634190146966,74.43077576717329,0.0683369694179262,12.906085515711624,101.10000000000001,0.62261636,9.8,7.6,82.9463414634147,38.07420494699647,1.66470326953902,6.36042402826855,0.06714855630603941,0.2780942816863328,117.60684420926594,56.157664008033834,0.48594142222988185,10.854778565594904
058032,2019,CIVITAVECCHIA,0,Lazio,058,7.066956679712098,7.4363831236541715,7.251669901683135,51761.0,46.418143833833085,0.23533623628905836,9.854299449942625,25317.0,108.20695117945944,76.9285755684782,0.06042846083147784,12.912877077321394,102.25,0.595578796,9.1,7.3,83.3463414634146,35.45865898807075,1.6653464963969011,9.461127108185932,0.10664770707429791,0.4443499932381523,135.27945750661695,73.30808910183343,0.6034166727905368,10.854392248926331
058032,2020,CIVITAVECCHIA,1,Lazio,058,7.030407447339208,7.412539907198256,7.221473677268731,51690.0,45.115072570893176,0.22268050659775904,9.852835563677953,25317.0,117.93964016250726,82.63880828013154,0.0682933485826576,12.917052192618227,102.875,0.527189894,9.0,7.0,83.4975609756098,34.676434676434674,1.648287869994196,10.541310541310542,0.1224473673816013,0.5010640355968272,50.756432578835366,11.781775972141613,0.4264440492341122,10.853019618190086
058032,2021,CIVITAVECCHIA,1,Lazio,058,7.031854303280474,7.424283202075076,7.228068752677775,52069.0,45.817300418952705,0.2316467145538048,9.834772473054606,25317.0,91.90113119130385,72.82260077973459,0.03664086195542311,12.823268425095806,102.73333333333333,0.475691584,9.8,6.8,82.1951219512195,34.120945134161,1.6362903070925119,10.812975570684822,0.13034719753525298,0.5185427029518523,69.80545045996658,19.443430832165014,0.4902645854850295,10.86032504105607
058032,2022,CIVITAVECCHIA,1,Lazio,058,7.032108069597728,7.403844924154621,7.217976496876174,51880.0,45.02707470708941,0.22682827438948816,9.87305651744923,25317.0,104.04009252120277,75.53199691595991,0.054950068629997795,12.907639034878864,104.65833333333335,0.507288293,7.5,6.8,82.6463414634146,33.86327503974563,1.6422513492675404,11.446740858505565,0.14219694276573053,0.5551272166538165,114.04394757131844,65.17733230531996,0.6290432601985319,10.85668863843038
058032,2023,CIVITAVECCHIA,1,Lazio,058,7.07402424830883,7.451405069957371,7.2627146591331,51722.0,46.020427026167695,0.24969668949351864,9.915877044197522,25317.0,122.43146050036735,75.23877653609684,0.0912429603732851,12.95615807333407,113.24166666666667,0.540095241,6.5,6.7,82.7,35.54443053817272,1.6472680870809326,12.015018773466833,0.14219694276573053,0.5568230153513012,129.89830246316848,85.71400951239318,0.6597744869967966,10.853638501898386
058032,2024,CIVITAVECCHIA,1,Lazio,058,7.105143687695173,7.479985183990833,7.292564435843003,51697.0,46.764860828854154,0.24908675365456814,9.989719175360294,25317.0,123.9008066232083,78.1496024914405,0.0884987603376749,12.966840448140005,119.60833333333333,0.568072449,5.9,6.4,83.7,36.8860353130016,2.2225661063504654,17.335473515248793,0.29229371568511275,1.0445480395380777,132.29587790394027,85.56589357216086,0.8233870352109536,10.85315503173358
058047,2014,GUIDONIA MONTECELIO,0,Lazio,058,7.256558982675184,7.626235072515215,7.441397027595199,84181.0,43.88934648644635,0.2127955315763319,9.746489741244181,40250.0,82.2655943740274,43.76522018032573,0.0457352302701342,12.867672591351358,99.68992416666667,0.827647127,11.3,8.5,82.690243902439,65.31531531531532,0.3444957888359606,12.837837837837837,0.014906832298136646,0.06771124125396467,7.5551490241265835,3.6896686900844604,-0.11086319835901175,11.340724521560253
058047,2015,GUIDONIA MONTECELIO,0,Lazio,058,7.21640449207528,7.552590761277578,7.3844976266764295,84732.0,42.64955373004006,0.18572315599972766,9.74707853841295,40250.0,76.69947599490156,42.728839163480146,0.04009186237952771,12.868424930825272,99.93022416666668,0.782999237,10.7,8.3,83.090243902439,64.30155210643017,0.3422555823065666,12.638580931263856,0.014906832298136646,0.06727092479818723,5.276636925836756,3.166454232167304,-0.12256327771693679,11.347248613304346
058047,2016,GUIDONIA MONTECELIO,0,Lazio,058,7.1545885849558495,7.492865489625741,7.323727037290796,85208.0,44.20450969616019,0.21527117827297085,9.744781170308928,40250.0,72.67275373204394,44.34442775326261,0.033246087196954904,12.875853446164294,99.96898750000001,0.774242763,9.8,8.1,82.5439024390244,64.30155210643017,0.34034362970613086,12.638580931263856,0.014906832298136646,0.06689512721810159,7.5697117641536,3.9702844803304855,-0.1088005453090783,11.352850605123002
058047,2017,GUIDONIA MONTECELIO,0,Lazio,058,7.147620337539549,7.483092991793687,7.315356664666618,86125.0,43.88151360277541,0.22234201292344857,9.758666989810235,40250.0,71.55994194484761,46.40928882438317,0.02920249999473375,12.889307801378262,99.875,0.668010321,9.5,7.9,83.2439024390244,61.18143459915611,0.3367198838896952,13.924050632911392,0.017391304347826087,0.07663280116110305,7.069956458635704,3.1570391872278663,-0.10999357607439886,11.36355500831596
058047,2018,GUIDONIA MONTECELIO,0,Lazio,058,7.105866048120686,7.471215306786284,7.2885406774534856,86419.0,43.63072779288965,0.2274396766256218,9.751340555739876,40250.0,65.80034483157638,44.597831495388746,0.024534550661530027,12.906085515711624,101.10000000000001,0.62261636,9.8,7.6,82.9463414634147,58.58585858585859,0.3355743528622178,14.949494949494948,0.01987577639751553,0.08562931762691076,15.37046251403048,7.084090304215509,-0.043634748134240134,11.366962838023465
058047,2019,GUIDONIA MONTECELIO,0,Lazio,058,7.064980393141294,7.456551468512564,7.2607659308269294,87073.0,46.418143833833085,0.23533623628905836,9.766134679095298,40250.0,64.3241877505082,45.730593869511786,0.02135402924097759,12.912877077321394,102.25,0.595578796,9.1,7.3,83.3463414634146,56.42023346303502,0.33305387433532785,14.396887159533073,0.01987577639751553,0.08498616103729055,16.559668324279627,7.676317572611486,-0.037471462781437495,11.374502126265279
058047,2020,GUIDONIA MONTECELIO,1,Lazio,058,7.069972940864992,7.444858054266786,7.257415497565889,87039.0,45.115072570893176,0.22268050659775904,9.77182717152073,40250.0,70.04101609623272,49.07685060719908,0.02408594479375182,12.917052192618227,102.875,0.527189894,9.0,7.0,83.4975609756098,56.42023346303502,0.3331839749997128,14.396887159533073,0.01987577639751553,0.08501935913785774,8.043520720596515,0.718068911637312,-0.1309868848698302,11.374111573053183
058047,2021,GUIDONIA MONTECELIO,1,Lazio,058,7.066293336580946,7.449666036806829,7.257979686693887,87875.0,45.817300418952705,0.2316467145538048,9.750886572055734,40250.0,54.45462304409673,43.149928876244665,0.012864516833971053,12.823268425095806,102.73333333333333,0.475691584,9.8,6.8,82.1951219512195,53.90334572490706,0.33001422475106684,13.940520446096654,0.022360248447204967,0.08534850640113799,3.551635846372689,0.29246088193456615,-0.14221049198054744,11.383670629112967
058047,2022,GUIDONIA MONTECELIO,1,Lazio,058,7.078920464148326,7.461752163804298,7.270336313976312,88642.0,45.02707470708941,0.22682827438948816,9.793876588686603,40250.0,60.89212788520114,44.207035039823104,0.018823010362331666,12.907639034878864,104.65833333333335,0.507288293,7.5,6.8,82.6463414634146,53.50553505535055,0.3271586832427066,13.837638376383765,0.022360248447204967,0.08461000428690689,8.754315110218633,1.1980776607026016,-0.1166399394605726,11.392361064903461
058047,2023,GUIDONIA MONTECELIO,1,Lazio,058,7.056558957962585,7.444420489245164,7.2504897236038754,89263.0,46.020427026167695,0.24969668949351864,9.853684322874662,40250.0,70.94092737192341,43.59589079461815,0.03063423431579183,12.95615807333407,113.24166666666667,0.540095241,6.5,6.7,82.7,58.82352941176471,0.3248826501461972,15.212981744421908,0.022360248447204967,0.08402137503780961,4.104724241847126,0.7113809753201215,-0.13607095545129022,11.399342347298056
058047,2024,GUIDONIA MONTECELIO,1,Lazio,058,7.054618746863254,7.445070105576806,7.24984442622003,88992.0,46.764860828854154,0.24908675365456814,9.914984002324573,40250.0,71.97613268608414,45.398462783171524,0.02986523496821357,12.966840448140005,119.60833333333333,0.568072449,5.9,6.4,83.7,53.72750642673522,0.46970514203523916,17.994858611825194,0.044720496894409933,0.15731751168644373,3.5430151024811214,0.4079018338727077,-0.05218379757941303,11.396301757033692
058079,2014,POMEZIA,0,Lazio,058,7.276358546982511,7.647839325348365,7.462098936165439,60810.0,43.88934648644635,0.2127955315763319,9.772059866011457,36702.0,113.8825851011347,60.58543002795594,0.08764537916983844,12.867672591351358,99.68992416666667,0.827647127,11.3,8.5,82.690243902439,78.85196374622356,3.862851504686729,1.3763007720711649,0.008173941474579042,0.06742312119717152,141.0064134188456,65.55829633283999,0.41505433047608975,11.015509528114155
058079,2015,POMEZIA,0,Lazio,058,7.218166598341668,7.576117695989487,7.397142147165578,60658.0,42.64955373004006,0.18572315599972766,9.772000009366494,36702.0,107.14003099343863,59.68709815687956,0.07823029581680746,12.868424930825272,99.93022416666668,0.782999237,10.7,8.3,83.090243902439,79.6030534351145,4.29786672821392,1.618320610687023,0.010898588632772056,0.08737511952256916,287.88618154241817,169.7203996175278,0.5618223292589934,11.013006810042912
058079,2016,POMEZIA,0,Lazio,058,7.226414190294726,7.582070905011567,7.404242547653146,61021.0,44.20450969616019,0.21527117827297085,9.773408633864612,36702.0,101.47817964307369,61.92130577997739,0.06482501739253094,12.875853446164294,99.96898750000001,0.774242763,9.8,8.1,82.5439024390244,80.43478260869566,4.54761475557595,1.652173913043478,0.013623235790965069,0.09341046524966815,275.73130561609935,158.3995673620557,0.5661736985211656,11.018973346205863
058079,2017,POMEZIA,0,Lazio,058,7.157901824838174,7.509980811384477,7.333941318111325,61025.0,43.88151360277541,0.22234201292344857,9.784465486168013,36702.0,100.99303564113069,65.49774682507169,0.05816515987883491,12.889307801378262,99.875,0.668010321,9.5,7.9,83.2439024390244,71.9284603421462,4.547316673494469,1.4774494556765163,0.013623235790965069,0.0934043424825891,231.79352724293324,124.32609586235151,0.535269340917267,11.019038895261161
058079,2018,POMEZIA,0,Lazio,058,7.136044840070895,7.481446792911606,7.308745816491251,61182.0,43.63072779288965,0.2274396766256218,9.782405173383609,36702.0,92.94236867052402,62.99401784838678,0.04894961070598744,12.906085515711624,101.10000000000001,0.62261636,9.8,7.6,82.9463414634147,71.87257187257188,4.5356477395312345,1.4763014763014763,0.013623235790965069,0.09316465627145239,217.50678304076362,104.23817462652414,0.5184203359159009,11.021608307592281
058079,2019,POMEZIA,0,Lazio,058,7.133518185627178,7.5012923016832715,7.317405243655225,61227.0,46.418143833833085,0.23533623628905836,9.796700105070249,36702.0,91.4776160844072,65.03503356362388,0.043187780751601935,12.912877077321394,102.25,0.595578796,9.1,7.3,83.3463414634146,70.0227100681302,4.53231417511882,1.4383043149129449,0.013623235790965069,0.09309618305649468,171.7248926127362,86.72154441667892,0.4854856627255355,11.022343547681281
058079,2020,POMEZIA,1,Lazio,058,7.1046268641409736,7.489538445220939,7.297082654680956,61346.0,45.115072570893176,0.22268050659775904,9.804729276292848,36702.0,99.37567241547941,69.63127180256251,0.04848629187382536,12.917052192618227,102.875,0.527189894,9.0,7.0,83.4975609756098,69.87891019172552,4.515371825383888,1.437941473259334,0.013623235790965069,0.09291559351872983,46.57027353046653,6.257946728393049,0.2092318249186599,11.024285248339465
058079,2021,POMEZIA,1,Lazio,058,7.11961415590092,7.492574021526698,7.306094088713809,63767.0,45.817300418952705,0.2316467145538048,9.78426128452999,36702.0,75.04194959775432,59.46335879059702,0.02443049039026033,12.823268425095806,102.73333333333333,0.475691584,9.8,6.8,82.1951219512195,69.9975978861398,4.569761789013126,1.3692049003122748,0.013623235790965069,0.08938792792510232,44.37091285461132,2.2001975943669922,0.163774647633746,11.062991094138104
058079,2022,POMEZIA,1,Lazio,058,7.150077312042475,7.520774206691939,7.335425759367208,64005.0,45.02707470708941,0.22682827438948816,9.829250589594405,36702.0,84.33091164752754,61.223341926412,0.03610275716133981,12.907639034878864,104.65833333333335,0.507288293,7.5,6.8,82.6463414634146,70.02888781896966,4.544957425201156,1.37217140105922,0.013623235790965069,0.0890555425357394,115.38161081165535,17.74080149988282,0.33988370858055755,11.06671648429021
058079,2023,POMEZIA,1,Lazio,058,7.136365893085793,7.516007369001649,7.326186631043721,64199.0,46.020427026167695,0.24969668949351864,9.875243181234012,36702.0,98.63705042134613,60.61620897521768,0.05922341694750456,12.95615807333407,113.24166666666667,0.540095241,6.5,6.7,82.7,69.04170118751726,3.89414165329678,1.5741507870753937,0.013623235790965069,0.08878642969516659,177.43578560413712,57.12082742721849,0.4442119823910124,11.069742913232753
058079,2024,POMEZIA,1,Lazio,058,7.165825054309358,7.541263278788019,7.353544166548689,64451.0,46.764860828854154,0.24908675365456814,9.930707055714782,36702.0,99.38247661013794,62.684830336224415,0.056938831474939916,12.966840448140005,119.60833333333333,0.568072449,5.9,6.4,83.7,67.95649974709154,4.169058664722037,2.832574607991907,0.05994223748024631,0.17377542629284262,205.00690447006252,86.31363361313245,0.6115331300196895,11.073660524150764
058091,2014,ROMA,0,Lazio,058,7.990154674849849,8.283723947311502,8.136939311080676,2760303.0,43.88934648644635,0.2127955315763319,9.880108769089551,1441947.0,2.508855006135196,1.3347085446778852,4.253686865019206e-05,12.86767259135136,99.68992416666667,0.827647127,11.3,8.5,82.690243902439,67.80021837390737,4.02676807582356,11.27553541256199,0.14244628963477854,0.6696728583782287,300.6270688399063,217.5772007638292,0.8918745361477572,14.830851014276359
058091,2015,ROMA,0,Lazio,058,7.9314441729579475,8.24939530640801,8.090419739682979,2776835.0,42.64955373004006,0.18572315599972766,9.883025357497473,1441947.0,2.340398331193607,1.3038225173623927,3.732939889590899e-05,12.868424930825272,99.93022416666668,0.782999237,10.7,8.3,83.09024390243901,60.83031312240833,4.025554273120298,11.878407940705914,0.17628941979143478,0.7860747937850107,309.2578781238352,217.78532033772265,0.9294864927113877,14.83682234788704
058091,2016,ROMA,0,Lazio,058,7.9073162954004,8.247412798521705,8.077364546961052,2794353.0,44.20450969616018,0.21527117827297085,9.885708259299722,1441947.0,2.2160049213538877,1.3521913659441023,3.0912828673033986e-05,12.875853446164294,99.96898750000001,0.774242763,9.8,8.1,82.54390243902438,57.0376392003996,4.16812049157712,13.151193426117276,0.23489074147662847,0.9610453654209044,316.81358797546335,218.4894320796263,0.9831959455261365,14.84311115298032
058091,2017,ROMA,0,Lazio,058,7.867542305840813,8.218074276528107,8.04280829118446,2810118.0,43.8815136027754,0.22234201292344855,9.893473629657224,1441947.0,2.193181923321369,1.4223601998207904,2.7430226186251918e-05,12.889307801378262,99.875,0.668010321,9.5,7.9,83.2439024390244,55.079499939313024,4.198684895082697,14.765141400655418,0.29536453142868635,1.1255399239462542,321.5450383222342,225.320538141103,1.0270695052458811,14.848737033310814
058091,2018,ROMA,0,Lazio,058,7.843045273967608,8.195884069803158,8.019464671885384,2815541.0,43.63072779288965,0.2274396766256218,9.896074089226598,1441947.0,2.01964737860326,1.3688665872739914,2.3113880825364243e-05,12.906085515711624,101.10000000000001,0.6226163600000001,9.8,7.6,82.9463414634147,51.89105639520495,4.244868037794513,15.700261808519416,0.3595832579144726,1.2843357635353205,347.06456059421623,244.10377969988716,1.0748292432287385,14.850664985815499
058091,2019,ROMA,0,Lazio,058,7.8177426458207515,8.17253057773573,7.995136611778241,2820219.0,46.41814383383308,0.23533623628905836,9.916952722355514,1441947.0,1.985980521370858,1.4119116281395168,2.035547215416041e-05,12.912877077321394,102.25,0.595578796,9.1,7.299999999999999,83.3463414634146,49.75708685224875,4.288851326794125,16.06970229255711,0.3972406752814077,1.3851406575163134,355.92012535196733,249.29415056064792,1.0968693822000681,14.852325099473417
058091,2020,ROMA,1,Lazio,058,7.804138126280971,8.162615360050626,7.9833767431658,2808293.0,45.115072570893176,0.22268050659775904,9.916503779356905,1441947.0,2.1708204948700156,1.5210663559678426,2.313697818931904e-05,12.917052192618227,102.875,0.527189894,9.0,7.0,83.49756097560979,49.24992741233022,4.34883397138404,16.583862954479468,0.41721367012795885,1.4643771144962439,78.40421209610251,35.68997252067359,0.8462113994360337,14.84808738341365
058091,2021,ROMA,1,Lazio,058,7.798137908305106,8.16113169440968,7.979634801357393,2770226.0,45.817300418952705,0.23164671455380484,9.89621747169347,1441947.0,1.7273680919896068,1.3687691906725301,1.2944752569540418e-05,12.823268425095806,102.73333333333333,0.475691584,9.8,6.799999999999999,82.1951219512195,48.782761310452415,4.515118983072139,16.951248049921997,0.44058484812548593,1.5689333650034327,120.63221556652778,52.00922235225573,0.9244289986073053,14.834439463283019
058091,2022,ROMA,1,Lazio,058,7.8051928375195905,8.174448715446676,7.989820776483134,2749031.0,45.02707470708942,0.22682827438948816,9.934981956623192,1441947.0,1.9634554866787606,1.4254477304912165,1.9570814450166042e-05,12.907639034878864,104.65833333333333,0.507288293,7.5,6.799999999999999,82.6463414634146,48.641266119577956,4.527886371597846,17.34818288393904,0.4532066712576815,1.6148963034611101,257.88086784034084,164.15798876040319,1.07467019420578,14.826759043911737
058091,2023,ROMA,1,Lazio,058,7.808059386509895,8.179341333510234,7.993700360010065,2755309.0,46.020427026167695,0.24969668949351861,9.993657773513265,1441947.0,2.298254025229112,1.4123642756583743,3.2152101618030423e-05,12.95615807333407,113.24166666666669,0.540095241,6.5,6.700000000000001,82.70000000000002,52.92495090142773,4.352324911652377,19.48496149347927,0.45237446313907526,1.6023611144884298,324.1403777217002,226.91331534865964,1.1109391459192692,14.829040153989341
058091,2024,ROMA,1,Lazio,058,7.823833006774512,8.191372190216685,8.007602598495598,2751747.0,46.764860828854154,0.24908675365456817,10.065027040144356,1441947.0,2.3277212621654537,1.46819456875941,3.1235672952711265e-05,12.966840448140005,119.60833333333333,0.568072449,5.9,6.4,83.70000000000002,49.2581246270622,5.369897741325783,23.80068203864886,0.7966312215358818,2.594642603407945,369.2525875380258,267.7856285479733,1.2541837496284187,14.827746540669727
058104,2014,TIVOLI,0,Lazio,058,7.2589464364828,7.647040444533011,7.452993440507906,54723.0,43.88934648644635,0.2127955315763319,9.748200045439493,27092.0,126.55007949125596,67.32452533669571,0.1082279007995911,12.867672591351358,99.68992416666667,0.827647127,11.3,8.5,82.690243902439,82.95662797800856,2.481589094165159,8.185705558949298,0.05905802450908018,0.24486961606637067,52.915593077864884,17.94126783984796,0.3676380607729746,10.910039375355025
058104,2015,TIVOLI,0,Lazio,058,7.248991877207666,7.629919250821544,7.4394555640146045,54918.0,42.64955373004006,0.18572315599972766,9.741811181581063,27092.0,118.33824975417893,65.92556174660403,0.09543808588727724,12.868424930825272,99.93022416666668,0.782999237,10.7,8.3,83.090243902439,79.64809384164224,2.472777595688117,8.797653958944283,0.06274915104089768,0.273134491423577,67.04177136822172,30.012017917622636,0.43026799941874055,10.913596442612834
058104,2016,TIVOLI,0,Lazio,058,7.193211338726725,7.557910009719079,7.375560674222901,54636.0,44.20450969616019,0.21527117827297085,9.745180466834187,27092.0,113.33735998242918,69.15769822095322,0.08086181594823186,12.875853446164294,99.96898750000001,0.774242763,9.8,8.1,82.5439024390244,77.47747747747748,2.5184859799399666,10.135135135135135,0.07751365716816772,0.32945310784098397,63.39409912877956,27.70883666447031,0.4571180447998666,10.908448285122782
058104,2017,TIVOLI,0,Lazio,058,7.158501066934729,7.5132990384422005,7.335900052688465,54548.0,43.88151360277541,0.22234201292344855,9.746267577533379,27092.0,112.9848940382782,73.27491383735426,0.07279823311748174,12.889307801378262,99.875,0.668010321,9.5,7.900000000000001,83.2439024390244,76.23268698060942,2.5225489477157734,10.138504155124654,0.08120478369998524,0.3354843440639437,62.31209210236855,28.728825988120555,0.465043853275309,10.906836326977725
058104,2018,TIVOLI,0,Lazio,058,7.107153948575127,7.477350820905617,7.2922523847403715,54517.0,43.63072779288965,0.2274396766256218,9.745551705441246,27092.0,104.30507914962305,70.69537942293229,0.061649943552819796,12.906085515711624,101.10000000000001,0.62261636,9.8,7.599999999999999,82.9463414634147,72.07962283918282,2.5239833446447895,9.848088004190677,0.09227816329543777,0.34484656162298,64.97239393216795,29.27710622374672,0.4854180295398362,10.90626785861785
058104,2019,TIVOLI,0,Lazio,058,7.086470298232231,7.469364592927968,7.2779174455800995,54326.0,46.418143833833085,0.23533623628905836,9.758229404611983,27092.0,103.09796414239958,73.29639583256636,0.05485691622765014,12.912877077321394,102.25,0.595578796,9.1,7.300000000000001,83.3463414634146,68.15255076770678,2.532857195449693,10.549777117384844,0.10704266942270782,0.39207745830725615,55.87195817840445,28.54802488679454,0.4990273812068888,10.902758212686457
058104,2020,TIVOLI,1,Lazio,058,7.084268494002515,7.456610168618776,7.270439331310645,54366.0,45.115072570893176,0.22268050659775904,9.768684668752464,27092.0,112.13442224919987,78.57116580215576,0.06173574742862104,12.917052192618227,102.875,0.527189894,9.0,7.0,83.4975609756098,67.1875,2.530993635728213,10.9375,0.11073379595452533,0.41202221976970904,26.415406688003536,4.019056027664349,0.34664349071448874,10.903494237450115
058104,2021,TIVOLI,1,Lazio,058,7.057489580361423,7.437535495287026,7.247512537824225,55150.0,45.817300418952705,0.23164671455380484,9.753394018031162,27092.0,86.76699909338168,68.75430643699003,0.0326612740823058,12.823268425095806,102.73333333333333,0.475691584,9.8,6.8,82.1951219512195,65.86883676400191,2.495013599274705,11.96744853997128,0.12549830208179535,0.4533091568449683,38.781504986400726,4.400725294650952,0.39243507794520316,10.917812024681648
058104,2022,TIVOLI,1,Lazio,058,7.045478058542967,7.425744374132735,7.235611216337852,55176.0,45.02707470708941,0.22682827438948816,9.79261529350525,27092.0,97.82514136581122,71.02000869943453,0.04858114518337084,12.907639034878864,104.65833333333335,0.507288293,7.5,6.8,82.6463414634146,66.02687140115164,2.493837900536465,12.18809980806142,0.12918942861361288,0.460345077569958,45.98013629114108,9.641873278236915,0.44746598015917033,10.918283355111127
058104,2023,TIVOLI,1,Lazio,058,7.029810162343335,7.414044754728484,7.22192745853591,55020.0,46.020427026167695,0.24969668949351861,9.839891044071825,27092.0,115.092693565976,70.72882588149764,0.08063225678749249,12.95615807333407,113.24166666666667,0.540095241,6.5,6.7,82.7,74.25796006475986,2.500908760450745,13.707501349163516,0.12918942861361288,0.46165030897855325,46.846601235914214,11.970192657215557,0.4632854809043818,10.915452034478566
058104,2024,TIVOLI,1,Lazio,058,7.035952354313581,7.418456895004127,7.227204624658855,55061.0,46.764860828854154,0.24908675365456812,9.903432098387738,27092.0,116.3309783694448,73.37498410853416,0.07801528170739838,12.966840448140005,119.60833333333332,0.568072449,5.9,6.4,83.7,71.34652201659222,4.060950582081691,11.327377153797064,0.18086520005905804,0.6447394707687838,47.04418735584171,14.467590490546847,0.5803338923797594,10.916196940536757
058111,2014,VELLETRI,0,Lazio,058,7.188359133099713,7.57090949059304,7.3796343118463765,53243.0,43.88934648644635,0.2127955315763319,9.609346099555133,25940.0,130.06780234021375,69.19595064139887,0.11432836560452055,12.867672591351358,99.68992416666667,0.827647127,11.3,8.5,82.690243902439,51.141552511415526,0.4207125819356535,5.47945205479452,0.007710100231303006,0.045076348064534304,21.99725785549274,12.136806716375862,-0.029110973456787193,10.882621619531593
058111,2015,VELLETRI,0,Lazio,058,7.1020485636519926,7.486084066098984,7.294066314875488,53316.0,42.64955373004006,0.18572315599972766,9.618747804825915,25940.0,121.89399054692775,67.90644459449321,0.10125955801717035,12.868424930825272,99.93022416666668,0.782999237,10.7,8.3,83.090243902439,51.25858123569794,0.4201365443769225,5.491990846681922,0.007710100231303006,0.045014629754670264,19.804561482481805,10.790381874109086,-0.041358991378614915,10.883991752723908
058111,2016,VELLETRI,0,Lazio,058,7.026807119714346,7.418898793769132,7.222852956741739,53282.0,44.20450969616019,0.21527117827297085,9.624540071506846,25940.0,116.21748432866634,70.9151308134079,0.08502374819875089,12.875853446164294,99.96898750000001,0.774242763,9.8,8.1,82.5439024390244,50.56433408577878,0.4204046394654855,5.417607223476298,0.007710100231303006,0.045043354228444875,22.594872564843662,13.75323749108517,-0.01945381023956174,10.883353842047292
058111,2017,VELLETRI,0,Lazio,058,7.015293106126863,7.38901364515743,7.202153375642147,53310.0,43.88151360277541,0.22234201292344857,9.63336245191351,25940.0,115.60870380791597,74.9765522416057,0.07621862983738562,12.889307801378262,99.875,0.668010321,9.5,7.9,83.2439024390244,50.56433408577878,0.4201838304258113,5.417607223476298,0.007710100231303006,0.04501969611705121,19.923091352466706,10.79909960607766,-0.04104148708141671,10.883879209816806
058111,2018,VELLETRI,0,Lazio,058,6.955505759794717,7.293097133826525,7.124301446810621,53016.0,43.63072779288965,0.2274396766256218,9.631371409783887,25940.0,107.25818620793723,72.69692168401993,0.0651902529876213,12.906085515711624,101.10000000000001,0.62261636,9.8,7.6,82.9463414634147,48.69565217391305,0.42251395805039993,7.82608695652174,0.01156515034695451,0.0679040289723857,19.64501282631658,10.498717368341632,-0.027810453962253356,10.878349033768062
058111,2019,VELLETRI,0,Lazio,058,6.889022213520769,7.261758527481321,7.0753903705010455,52866.0,46.418143833833085,0.23533623628905836,9.648585658096867,25940.0,105.94521999016382,75.32062194983543,0.057928721749949674,12.912877077321394,102.25,0.595578796,9.1,7.3,83.3463414634146,44.49152542372881,0.39723073430938605,7.627118644067797,0.01156515034695451,0.06809669731018045,18.157227707789506,8.179169976922786,-0.047986660376505154,10.875515689094785
058111,2020,VELLETRI,1,Lazio,058,6.838709689373667,7.209156819939934,7.0239332546568,52937.0,45.115072570893176,0.22268050659775904,9.664322721587336,25940.0,115.16141828966506,80.69214349131987,0.06511376692737632,12.917052192618227,102.875,0.527189894,9.0,7.0,83.4975609756098,43.65904365904366,0.3966979617280919,7.484407484407485,0.01156515034695451,0.0680053648676729,8.632903262368476,1.668020477170977,-0.13360430734068612,10.87685780624945
058111,2021,VELLETRI,1,Lazio,058,6.859105914677942,7.221357851607868,7.040231883142905,52312.0,45.817300418952705,0.2316467145538048,9.647691741971128,25940.0,91.47423153387368,72.48432482030893,0.03630124390878718,12.823268425095806,102.73333333333333,0.475691584,9.8,6.8,82.1951219512195,40.51383399209486,0.3918794922771066,7.114624505928854,0.01156515034695451,0.06881786205841871,13.291405413671814,1.2521027680073407,-0.1279508441731547,10.864981069241113
058111,2022,VELLETRI,1,Lazio,058,6.847419456223347,7.230829864129757,7.039124660176552,52472.0,45.02707470708941,0.22682827438948816,9.700715327920946,25940.0,102.86629059307822,74.67982924226254,0.053717146956120745,12.907639034878864,104.65833333333335,0.507288293,7.5,6.8,82.6463414634146,40.51383399209486,0.3906845555724958,7.114624505928854,0.01156515034695451,0.06860801951517,12.28464704985516,1.7456929409971031,-0.12389243958034302,10.868034972973572
058111,2023,VELLETRI,1,Lazio,058,6.850319122807226,7.237268696850282,7.043793909828754,52655.0,46.020427026167695,0.24969668949351864,9.756040078315301,25940.0,120.26208337289906,73.90561200265881,0.08803811864066136,12.95615807333407,113.24166666666667,0.540095241,6.5,6.7,82.7,46.171171171171174,0.3893267495964296,8.108108108108109,0.01156515034695451,0.0683695755388852,16.81701642768968,4.721299021935239,-0.07885013963533063,10.871516479814698
058111,2024,VELLETRI,1,Lazio,058,6.804278558778272,7.203274310077113,7.003776434427692,52862.0,46.764860828854154,0.24908675365456814,9.818317176040509,25940.0,121.17021679088948,76.42730127501797,0.08464098126418129,12.966840448140005,119.60833333333333,0.568072449,5.9,6.4,83.7,34.280936454849495,0.3878022019598199,9.364548494983277,0.030840400925212026,0.10593621126707274,12.492906057281223,1.4301388521054823,-0.06842348502813844,10.875440023235184
059001,2014,APRILIA,0,Lazio,059,7.087923513051487,7.414755482369494,7.2513394977104895,70472.0,43.88934648644635,0.2127955315763319,9.621318468017947,32922.0,12.736973549778636,9.497389033942559,0.004596981092967529,12.867672591351358,99.68992416666667,0.827647127,15.899999999999999,8.5,82.690243902439,58.88594164456234,0.31501873084345555,9.814323607427056,0.012149930137901707,0.05250312180724259,24.956010897945283,5.978260869565218,-0.06386633168843737,11.162970746789632
059001,2015,APRILIA,0,Lazio,059,7.083882176596926,7.378682611217384,7.231282393907155,71115.0,42.64955373004006,0.18572315599972766,9.628000849756868,32922.0,12.440413414891372,9.829149968361104,0.0036718884152854786,12.868424930825272,99.93022416666668,0.782999237,16.5,8.3,83.090243902439,58.88594164456234,0.3121704281797089,9.814323607427056,0.012149930137901707,0.05202840469661816,26.364339450186318,7.21507417563102,-0.05204259088406782,11.172053564004328
059001,2016,APRILIA,0,Lazio,059,7.078946135993458,7.357244710037283,7.21809542301537,71874.0,44.20450969616019,0.21527117827297085,9.625600127413302,32922.0,12.812700002782648,9.196649692517461,0.005031096516494403,12.875853446164294,99.96898750000001,0.774242763,15.5,8.1,82.5439024390244,57.36434108527132,0.30887386259287086,9.560723514211885,0.012149930137901707,0.05147897709881181,27.864039847510924,5.239725074435818,-0.06512694550106787,11.182669864959387
059001,2017,APRILIA,0,Lazio,059,7.035749223169352,7.317041785999594,7.176395504584472,72287.0,43.88151360277541,0.22234201292344857,9.64455831601445,32922.0,12.484955801181401,10.165036590258277,0.0032093173197436944,12.889307801378262,99.875,0.668010321,13.3,7.9,83.2439024390244,58.421052631578945,0.30710916209000233,7.368421052631578,0.00911244760342628,0.03873448891225255,27.72144368973674,5.584683276384412,-0.07275256173852207,11.188399585617375
059001,2018,APRILIA,0,Lazio,059,7.014099003886313,7.308800726880118,7.161449865383216,72251.0,43.63072779288965,0.22743967662562178,9.655155041747497,32922.0,13.058642786951049,10.123043279677791,0.004063057268789714,12.906085515711624,101.10000000000001,0.62261636,16.0,7.6,82.9463414634147,56.202531645569614,0.3072621832223775,8.60759493670886,0.012149930137901707,0.047058172205228996,26.517280037646536,4.434540698398639,-0.07729617987332656,11.187901446709345
059001,2019,APRILIA,0,Lazio,059,7.001907359777485,7.299484853695196,7.150696106736341,72528.0,46.418143833833085,0.23533623628905836,9.672279778215533,32922.0,12.098775645268034,10.085759982351645,0.0027755014103744615,12.912877077321394,102.25,0.595578796,13.6,7.3,83.3463414634146,55.36159600997506,0.30608868299139647,8.478802992518704,0.012149930137901707,0.04687844694462828,25.42466357820428,4.893282594308404,-0.07532902935856885,11.19172797318063
059001,2020,APRILIA,1,Lazio,059,7.000092219054599,7.290658458913228,7.145375338983913,72859.0,45.115072570893176,0.222680506597759,9.688617649811647,32922.0,13.23927037153955,11.880481477923112,0.0018649568256721017,12.917052192618225,102.875,0.527189894,11.7,7.0,83.4975609756098,53.36538461538462,0.30469811553823134,8.173076923076923,0.012149930137901707,0.04666547715450391,11.58950850272444,0.988210104448318,-0.15370776161939617,11.196281345516404
059001,2021,APRILIA,1,Lazio,059,7.009291561379138,7.289042439758115,7.149167000568626,73429.0,45.817300418952705,0.2316467145538048,9.672120607942274,32922.0,11.238066703890834,9.651500088520883,0.0021606812231815087,12.823268425095808,102.73333333333332,0.47569158399999995,10.9,6.8,82.1951219512195,53.11004784688996,0.3023328657614839,8.133971291866029,0.012149930137901707,0.046303231693200234,10.467254082174618,0.7272331095343801,-0.16133754532957023,11.204074231940831
059001,2022,APRILIA,1,Lazio,059,6.998486385036652,7.276714432482659,7.137600408759655,74119.0,45.02707470708941,0.2268282743894882,9.714825169961733,32922.0,13.38658103860009,10.40488943455794,0.004022843810685721,12.907639034878864,104.65833333333335,0.507288293,9.6,6.8,82.6463414634146,53.62318840579711,0.2995183421255009,8.212560386473431,0.012149930137901707,0.04587217852372536,10.812342314386324,1.4004506266949095,-0.15038851182547613,11.213427188673098
059001,2023,APRILIA,1,Lazio,059,7.019221829848545,7.2923864360398385,7.155804132944192,74277.0,46.020427026167695,0.24969668949351864,9.769962917782497,32922.0,14.354376186437253,11.299594760154557,0.004112688216113597,12.95615807333407,113.24166666666667,0.540095241,8.9,6.7,82.7,56.202531645569614,0.29888121491174924,8.60759493670886,0.012149930137901707,0.045774600481979615,10.545660163980774,2.648195269060409,-0.13547352678577357,11.215556626928903
059001,2024,APRILIA,1,Lazio,059,7.020060285773768,7.295079144368313,7.157569715071039,74470.0,46.764860828854154,0.24908675365456814,9.838505057084614,32922.0,12.821270310192023,10.772123002551364,0.002751641342340082,12.966840448140005,119.60833333333332,0.568072449,9.4,6.4,83.7,46.46017699115044,0.4229891231368336,13.421828908554573,0.039487272948180545,0.12219685779508527,1.7000134282261314,0.3128776688599436,-0.08448544435100927,11.218151638704692
059011,2014,LATINA,0,Lazio,059,7.233940216498922,7.510001190202427,7.371970703350675,122284.0,43.88934648644635,0.2127955315763319,9.704998770509194,62283.0,7.34028981714697,5.473324392398024,0.00152674546526851,12.867672591351358,99.68992416666667,0.827647127,15.9,8.5,82.690243902439,32.376340366655135,1.5308625821857316,0.8128675198893117,0.008027872774272273,0.03843511824932125,64.5063949494619,10.296522848451147,0.12784294865624793,11.714101487278715
059011,2015,LATINA,0,Lazio,059,7.209546119787928,7.469540566200596,7.339543342994261,123150.0,42.64955373004006,0.18572315599972766,9.714870409706533,62283.0,7.183922046285018,5.676004872107186,0.0012244556834574358,12.868424930825272,99.93022416666668,0.782999237,16.5,8.3,83.090243902439,37.66233766233766,1.5306536743808363,0.9390609390609391,0.008027872774272273,0.03816483962647178,49.48761672756801,8.863987007714169,0.1001204581230283,11.721158403548683
059011,2016,LATINA,0,Lazio,059,7.17388945932945,7.4220096711580466,7.297949565243748,124252.0,44.20450969616019,0.21527117827297088,9.71996001787294,62283.0,7.41155071950552,5.319833885973666,0.0016834472149598028,12.875853446164294,99.96898750000001,0.774242763,15.5,8.1,82.5439024390244,36.705261019703435,1.4543025464378845,0.954702417225269,0.008027872774272273,0.037826352895728034,52.33960016740174,8.050574638637608,0.09374946602155357,11.730067040408803
059011,2017,LATINA,0,Lazio,059,7.174222194082921,7.430137274710577,7.302179734396749,124985.0,43.88151360277541,0.22234201292344857,9.72595835276606,62283.0,7.220866503980477,5.879105492659119,0.001073537633573116,12.889307801378262,99.875,0.668010321,13.3,7.9,83.2439024390244,36.630853436042976,1.4457734928191384,0.9527670788566794,0.008027872774272273,0.03760451254150498,42.320278433412014,6.6680001600192025,0.06880827261002094,11.735949009083862
059011,2018,LATINA,0,Lazio,059,7.144022094482635,7.424843722983793,7.284432908733214,126020.0,43.63072779288965,0.22743967662562178,9.730500095192088,62283.0,7.486906840184098,5.803840660212665,0.0013355548166730936,12.906085515711624,101.10000000000001,0.62261636,16.0,7.6,82.9463414634147,36.630853436042976,1.4338993810506269,0.9527670788566794,0.008027872774272273,0.03729566735438819,48.35978416124425,7.77733693064593,0.0843988416984933,11.744195903496047
059011,2019,LATINA,0,Lazio,059,7.138398552124315,7.4203371636769315,7.279367857900622,126952.0,46.418143833833085,0.23533623628905836,9.745043389870363,62283.0,6.912061251496629,5.762020291133657,0.0009058864455565663,12.912877077321394,102.25,0.595578796,13.6,7.3,83.3463414634146,36.33621556404585,1.4233726132711577,1.0456464910516792,0.009633447329126727,0.04096036297183187,47.63217594051295,6.736404310290503,0.0791892020104473,11.751564341242679
059011,2020,LATINA,1,Lazio,059,7.136950678100817,7.41476993329398,7.275860305697398,127037.0,45.115072570893176,0.222680506597759,9.757003517234041,62283.0,7.593063438210915,6.813762919464407,0.0006134437358773477,12.917052192618225,102.875,0.527189894,11.7,7.0,83.4975609756098,36.314308681672024,1.4224202397726646,1.1454983922829582,0.011239021883981183,0.04486881774601101,27.53449782346875,2.2930327384935096,0.006238309123074957,11.752233661592562
059011,2021,LATINA,1,Lazio,059,7.132038639527039,7.407255183102589,7.269646911314814,127560.0,45.817300418952705,0.2316467145538048,9.754975961924544,62283.0,6.469112574474758,5.555816870492317,0.0007159734273929446,12.823268425095808,102.73333333333332,0.47569158399999995,10.9,6.8,82.1951219512195,36.14722944588918,1.4165882721856382,1.1402280456091218,0.011239021883981183,0.044684854186265284,32.023361555346504,2.9633113828786453,0.022010894470557818,11.756342121123994
059011,2022,LATINA,1,Lazio,059,7.128485750021182,7.396723425202154,7.262604587611667,127861.0,45.02707470708941,0.2268282743894882,9.798719606518258,62283.0,7.759989363449371,6.03154988620455,0.001351811324207398,12.907639034878864,104.65833333333335,0.507288293,9.6,6.8,82.6463414634146,35.81764122893954,1.4132534549237064,2.041625371655104,0.02408361832281682,0.08055622902996222,46.914227168565866,6.971633257991099,0.12697813540623837,11.758699015344412
059011,2023,LATINA,1,Lazio,059,7.121635460303592,7.391249726942197,7.256442593622895,127719.0,46.020427026167695,0.24969668949351864,9.848618309959912,62283.0,8.348013999483241,6.571457653129135,0.00139098829959059,12.95615807333407,113.24166666666667,0.540095241,8.9,6.7,82.7,35.83895279650932,1.4148247324203918,2.042840142800476,0.02408361832281682,0.08064579271682365,57.44720832452494,9.646959340427031,0.15880676024893853,11.757587817170757
059011,2024,LATINA,1,Lazio,059,7.129039302452144,7.395229321457483,7.2621343119548145,127859.0,46.764860828854154,0.24908675365456814,9.912659205896528,62283.0,7.467601029258793,6.274098811972563,0.0009334518628225071,12.966840448140005,119.60833333333332,0.568072449,9.4,6.4,83.7,35.40372670807454,1.5157321737226164,3.5440263061746444,0.04816723664563364,0.15172963968121134,64.38107602906327,9.609804550324966,0.24799257155975862,11.758683373235854
061022,2014,CASERTA,0,Campania,061,7.181941778199515,7.561099514535627,7.371520646367571,76505.0,40.16930351691652,0.14954978396327348,9.855382856136353,39306.0,17.686425723808902,16.928305339520293,0.0009909422708170835,12.86767259135136,99.68992416666667,0.827647127,21.5,8.5,82.690243902439,88.10650887573964,1.9462780210443762,1.6568047337278107,0.007632422530911312,0.036598915103588,132.9756225083328,24.44023266453173,0.26321709764591866,11.245111377155913
061022,2015,CASERTA,0,Campania,061,6.916282973301188,7.321404969532282,7.1188439714167355,76040.0,41.422463310964034,0.18279832661638196,9.866638041061655,39306.0,17.042346133613886,16.236191478169385,0.0010601718246245418,12.868424930825272,99.93022416666668,0.782999237,19.6,8.3,83.090243902439,87.56567425569177,1.9726459758022097,2.335084646818447,0.010176563374548414,0.052603892688058915,140.0920568122041,21.395318253550762,0.2710519610500804,11.239014796602365
061022,2016,CASERTA,0,Campania,061,6.898062319075628,7.281484563447605,7.089773441261616,75524.0,41.337034052418055,0.18785705570516248,9.871043306496583,39306.0,16.406705153328744,16.008156347651077,0.0005277114634787177,12.875853446164294,99.96898750000001,0.774242763,21.0,8.1,82.5439024390244,87.56567425569177,1.9861236163338802,2.335084646818447,0.010176563374548414,0.05296329643557014,148.58720406758118,24.619988348074784,0.2858587924424116,11.232205765518422
061022,2017,CASERTA,0,Campania,061,6.8796484044150015,7.2672104815610625,7.073429442988031,75330.0,42.355625125927226,0.2033441423806311,9.879714582188441,39306.0,16.883047922474447,16.13434222753219,0.0009939010951045479,12.889307801378262,99.875,0.668010321,22.4,7.9,83.2439024390244,84.82880755608029,1.9076065312624453,3.541912632821724,0.015264845061822624,0.07964954201513341,150.2880658436214,14.116553829815478,0.2669576752854556,11.22963374081974
061022,2018,CASERTA,0,Campania,061,6.896797310297396,7.2812743002325515,7.089035805264974,74804.0,42.814768048333335,0.20285445834340216,9.883223261153079,39306.0,17.266456339233198,15.87481952836747,0.0018603775344443216,12.906085515711624,101.10000000000001,0.6226163600000001,19.3,7.6,82.9463414634147,83.49796629866357,1.9210202662959202,4.822777454968042,0.017808985905459727,0.11095663333511577,184.0930966258489,31.829848671194057,0.35794494642603664,11.222626638468611
061022,2019,CASERTA,0,Campania,061,6.892504223192517,7.270558621479745,7.0815314223361305,74757.0,42.76615390779926,0.192407140859279,9.900743781813109,39306.0,18.82499297724628,16.6151664727049,0.0029560128209283132,12.912877077321394,102.25,0.595578796,18.4,7.299999999999999,83.3463414634146,81.33783024170883,1.935604692537154,4.665542439572794,0.017808985905459727,0.11102639217732119,191.59008520941182,30.617868560803668,0.3595689755442999,11.221998132353418
061022,2020,CASERTA,1,Campania,061,6.892065576831199,7.264771287205487,7.078418432018343,73984.0,43.0498712288792,0.19672556111430567,9.901193352452193,39306.0,19.018977076124568,19.996215397923876,-0.0013208779219821972,12.917052192618227,102.875,0.527189894,17.2,7.0,83.49756097560979,81.14891243725599,1.9666414359861593,5.186837702175126,0.022897267592733934,0.12570285467128028,82.46647923875432,5.357915224913494,0.20259197921361638,11.211604132591996
061022,2021,CASERTA,1,Campania,061,6.885663069602178,7.256482909860042,7.07107298973111,72813.0,42.789618715440376,0.1859304659773027,9.897540110198154,39306.0,17.598505761333826,16.73052888907201,0.0011920630550338773,12.823268425095806,102.73333333333333,0.475691584,15.3,6.799999999999999,82.1951219512195,80.78845086063299,1.9982695397799843,5.163797890061077,0.022897267592733934,0.1277244448106794,116.81979866232679,8.696249296142172,0.25850596177758206,11.19564978967137
061022,2022,CASERTA,1,Campania,061,6.856971927211527,7.214898631523635,7.03593527936758,73037.0,43.4477019372846,0.20476971138699945,9.934720154578628,39306.0,19.480537261935734,17.91010036009146,0.0021501936030289778,12.907639034878864,104.65833333333333,0.507288293,14.5,6.799999999999999,82.6463414634146,80.87826570316841,1.9921409696455221,4.836020011117288,0.020353126749096832,0.1191177074633405,140.01944220052852,17.578761449676193,0.30839258574892664,11.198721441040869
061022,2023,CASERTA,1,Campania,061,6.836391594204956,7.194526490793344,7.015459042499151,73001.0,43.379683129132744,0.20388402733900296,9.972674509588654,39306.0,21.36546074711305,19.19562745715812,0.002972333652901919,12.95615807333407,113.24166666666669,0.540095241,13.3,6.700000000000001,82.70000000000002,79.76973684210526,1.993123381871481,4.769736842105264,0.020353126749096832,0.11917644963767621,142.64325146230874,19.21069574389392,0.31559042785584374,11.19822841866684
061022,2024,CASERTA,1,Campania,061,6.8367520364691465,7.193686176787112,7.0152191066281295,72699.0,44.173334617232044,0.21723264678043241,10.0387544628429,39306.0,20.322150235904207,18.168062834426884,0.0029630220518539773,12.966840448140005,119.60833333333333,0.568072449,9.900000000000002,6.4,83.70000000000002,77.10084033613445,2.0192849970426003,6.565126050420168,0.035617971810919455,0.1719418423912296,136.27697767507118,19.180456402426444,0.3657224222845574,11.194082908268824
062008,2014,BENEVENTO,0,Campania,062,7.259413148176741,7.472890941477805,7.366152044827272,60630.0,40.16930351691652,0.14954978396327348,9.681695898247888,28836.0,4.979383143658255,5.20699323767112,-0.0003754083688155442,12.867672591351358,99.68992416666667,0.827647127,16.7,8.5,82.690243902439,61.49897330595483,0.9879597558964208,7.8028747433264884,0.027743098904147594,0.12535048655780967,42.42454230578922,6.338446313706086,0.10598060233901722,11.012545099065777
062008,2015,BENEVENTO,0,Campania,062,7.247756664729696,7.461695624123753,7.354726144426724,60184.0,41.422463310964034,0.18279832661638196,9.687245430396619,28836.0,4.496211617705702,5.134254951482122,-0.0010601544160847062,12.868424930825272,99.93022416666668,0.782999237,13.7,8.3,83.090243902439,61.37295081967213,0.9952811378439451,7.786885245901639,0.027743098904147594,0.12627940980991625,37.08460720457264,5.3768443440116975,0.09028356775960109,11.005161815240058
062008,2016,BENEVENTO,0,Campania,062,7.232907102097471,7.432599634330257,7.332753368213864,59724.0,41.337034052418055,0.18785705570516248,9.686845426565661,28836.0,5.08003482687027,5.0147344451141915,0.00010933691942280974,12.875853446164294,99.96898750000001,0.774242763,13.6,8.1,82.5439024390244,59.33062880324543,0.9795057263411695,7.7079107505071,0.027743098904147594,0.1272520259862032,40.573303864443105,6.431250418592191,0.1035909036237378,10.997489228646554
062008,2017,BENEVENTO,0,Campania,062,7.207753206314637,7.425229595914132,7.3164914011143845,59517.0,42.35562512592722,0.2033441423806311,9.700026922007376,28836.0,6.218391383974327,5.749617756271317,0.0007876297993901057,12.889307801378262,99.875,0.668010321,13.6,7.900000000000001,83.2439024390244,59.63302752293578,0.982912445183729,6.829765545361875,0.024275211541129143,0.11257287833728179,45.49624477040173,6.98119864912546,0.10243203685174004,10.994017265010882
062008,2018,BENEVENTO,0,Campania,062,7.128536736478569,7.355038259470691,7.241787497974629,59302.0,42.814768048333335,0.20285445834340213,9.691242463212157,28836.0,7.423021145998449,5.659168324845705,0.0029743563811553456,12.906085515711624,101.10000000000001,0.62261636,11.9,7.599999999999999,82.9463414634147,56.3041385948027,0.9864760041819838,7.6034648700673735,0.027743098904147594,0.13321641765876363,61.131159151462015,9.416208559576406,0.15498996627544553,10.990398311229896
062008,2019,BENEVENTO,0,Campania,062,7.034668642779304,7.260439997082439,7.1475543199308715,58745.0,42.76615390779926,0.192407140859279,9.711004694262352,28836.0,5.724742531279258,5.8728402417227,-0.00025210266481137417,12.912877077321394,102.25,0.595578796,10.5,7.300000000000001,83.3463414634146,55.60836501901141,0.99582943229211,7.509505703422054,0.027743098904147594,0.13447953017278066,55.77495957102732,9.113967146140096,0.14822680575816474,10.980961322001672
062008,2020,BENEVENTO,1,Campania,062,6.939525642098134,7.150569827861647,7.045047734979891,58338.0,43.0498712288792,0.19672556111430567,9.718058163060007,28836.0,5.3927114402276395,7.053721416572388,-0.0028472178963021497,12.917052192618227,102.875,0.527189894,11.7,7.0,83.4975609756098,63.44902386117136,1.0027769207034865,8.568329718004339,0.027743098904147594,0.13541773800953066,13.756042373752958,1.1484795502074119,-0.0011131280920191721,10.974008961037713
062008,2021,BENEVENTO,1,Campania,062,6.744002203592229,6.950028577576124,6.847015390584176,57500.0,42.789618715440376,0.1859304659773027,9.71994758271547,28836.0,4.516521739130435,6.045217391304348,-0.0026586011342155007,12.823268425095806,102.73333333333333,0.475691584,12.8,6.8,82.1951219512195,66.02272727272728,1.0104347826086957,5.681818181818182,0.017339436815092247,0.08695652173913043,11.516521739130434,1.1008695652173912,-0.05059538461925288,10.959540226785442
062008,2022,BENEVENTO,1,Campania,062,6.6904155898848705,6.940553925151425,6.815484757518147,56916.0,43.4477019372846,0.20476971138699945,9.762897766952976,28836.0,5.718954248366013,6.59392789373814,-0.0015373069881441546,12.907639034878864,104.65833333333335,0.507288293,7.699999999999999,6.8,82.6463414634146,65.18264840182648,1.0032328343523789,6.164383561643835,0.020807324178110695,0.09487666034155598,24.857685009487664,3.2468901539110266,0.018888418830168507,10.949331775665582
062008,2023,BENEVENTO,1,Campania,062,6.671668360809487,6.951701783343972,6.811685072076729,56336.0,43.379683129132744,0.20388402733900293,9.805485777922271,28836.0,6.4221811985231465,6.919199091167282,-0.0008822385200300609,12.95615807333407,113.24166666666667,0.540095241,9.5,6.7,82.7,63.51501668520578,1.0135614882135757,6.0066740823136815,0.020807324178110695,0.09585345072422607,25.493467764839533,4.473161033797217,0.034690014217255614,10.939089041394833
062008,2024,BENEVENTO,1,Campania,062,6.629171148122205,6.954001427805694,6.791586287963949,56048.0,44.17333461723204,0.21723264678043241,9.856602226777824,28836.0,6.958321438766771,7.031473023123038,-0.00013051595838614523,12.966840448140005,119.60833333333333,0.568072449,8.4,6.400000000000001,83.7,62.268266085059985,1.0187696260348273,5.888767720828789,0.020807324178110695,0.0963459891521553,21.19076505852127,3.3614045104196406,0.014483497583381133,10.933963745437268
063001,2014,ACERRA,0,Campania,063,6.750546973643463,7.162666619491102,6.956606796567282,58274.0,40.16930351691652,0.14954978396327348,9.510292169337202,24661.0,53.78384871469266,62.10488382469027,-0.014279155558220822,12.867672591351358,99.68992416666667,0.827647127,24.6,8.5,82.690243902439,42.3728813559322,0.04290077907814806,0.0,0.0,0.0,0.0,0.0,-0.7168495038242465,10.972911303739563
063001,2015,ACERRA,0,Campania,063,6.715593139207274,7.127953602259235,6.921773370733254,58674.0,41.422463310964034,0.18279832661638196,9.525644770920117,24661.0,51.383917919350985,57.71551283362307,-0.010791142438340813,12.868424930825274,99.93022416666668,0.782999237,22.1,8.3,83.090243902439,26.31578947368421,0.04260831032484576,0.0,0.0,0.0,0.0,0.0,-0.7168616498795678,10.97975197754033
063001,2016,ACERRA,0,Campania,063,6.70701820120379,7.124812982169935,6.915915591686863,58994.0,41.337034052418055,0.18785705570516248,9.539446409078609,24661.0,50.27121402176492,54.60216293182357,-0.007341337949721414,12.875853446164294,99.96898750000001,0.774242763,22.8,8.1,82.5439024390244,26.31578947368421,0.04237719090076957,0.0,0.0,0.0,0.0,0.0,-0.7168713668958857,10.985191022801324
063001,2017,ACERRA,0,Campania,063,6.696209804324901,7.115177868527509,6.905693836426205,59561.0,42.35562512592722,0.2033441423806311,9.548803362326423,24661.0,45.19400278705864,55.27778244153053,-0.016930171848142054,12.889307801378262,99.875,0.668010321,23.9,7.9,83.2439024390244,29.411764705882355,0.04197377478551401,0.0,0.0,0.0,0.0,0.0,-0.7168810840651767,10.994756276448804
063001,2018,ACERRA,0,Campania,063,6.713422689137187,7.133454996824321,6.923438842980754,59982.0,42.814768048333335,0.20285445834340213,9.542871392791564,24661.0,46.915741389083394,52.89920309426161,-0.009975428803938218,12.906085515711624,101.10000000000001,0.62261636,24.2,7.6,82.9463414634147,0.0,0.0,0.0,0.0,0.0,0.0,0.0,-0.8303118809302112,11.001799796195236
063001,2019,ACERRA,0,Campania,063,6.730635573949473,7.151732125121131,6.941183849535302,59133.0,42.76615390779926,0.192407140859279,9.554713757392252,24661.0,40.57125462939475,55.83346016606633,-0.0258099631959677,12.912877077321394,102.25,0.595578796,23.3,7.3,83.3463414634146,65.11627906976744,0.18940354793431755,0.0,0.0,0.0,0.0,0.0,-0.7079343735576669,10.98754442319504
063001,2020,ACERRA,1,Campania,063,6.677197051998964,7.101626038845059,6.8894115454220115,59004.0,43.0498712288792,0.19672556111430567,9.550317291490805,24661.0,45.89519354620026,63.17029353942105,-0.029277845558302474,12.917052192618225,102.875,0.527189894,22.1,7.0,83.4975609756098,65.11627906976744,0.189817639482069,0.0,0.0,0.0,0.0,0.0,-0.7078902748037049,10.98536051719994
063001,2021,ACERRA,1,Campania,063,6.673009884831029,7.096372219625695,6.884691052228362,58334.0,42.789618715440376,0.1859304659773027,9.550240271483515,24661.0,37.95213768985498,55.4359378749957,-0.029971886352968647,12.823268425095808,102.73333333333332,0.47569158399999995,23.7,6.8,82.1951219512195,65.11627906976744,0.19199780573936298,0.0,0.0,0.0,0.0,0.0,-0.7074082410626674,10.973940392743664
063001,2022,ACERRA,1,Campania,063,6.7404639470376715,7.169250676653322,6.954857311845496,58494.0,43.4477019372846,0.20476971138699945,9.608965688134226,24661.0,40.925565015215234,59.15820426026601,-0.03117010162589458,12.907639034878864,104.65833333333335,0.507288293,21.0,6.8,82.6463414634146,65.11627906976744,0.1914726296714193,0.0,0.0,0.0,0.0,0.0,-0.7075332705143327,10.976679463857327
063001,2023,ACERRA,1,Campania,063,6.760711506951855,7.186388256049639,6.973549881500747,58473.0,43.379683129132744,0.20388402733900293,9.670586980123975,24661.0,45.08234569801447,60.92213500247979,-0.027089065559258656,12.95615807333407,113.24166666666667,0.540095241,20.8,6.7,82.7,65.11627906976744,0.19154139517384092,0.0,0.0,0.0,0.0,0.0,-0.707517940067923,10.97632038821675
063001,2024,ACERRA,1,Campania,063,6.739398218610982,7.167476415064317,6.9534373168376495,58507.0,44.17333461723204,0.21723264678043241,9.744872457481941,24661.0,44.73994564752936,57.1777735997402,-0.021258700586615012,12.966840448140005,119.60833333333333,0.568072449,20.0,6.400000000000001,83.7,65.11627906976744,0.1914300852889398,0.0,0.0,0.0,0.0,0.0,-0.7075567458920253,10.976901684181144
063002,2014,AFRAGOLA,0,Campania,063,6.882992388843516,7.296161188284324,7.08957678856392,63851.0,40.16930351691652,0.14954978396327348,9.371698516191419,28133.0,49.086153701586504,56.68039654821381,-0.01189369445525881,12.867672591351358,99.68992416666667,0.827647127,24.6,8.5,82.690243902439,0.0,0.0,100.0,0.0035545444851242313,0.036021362233950915,0.0,0.0,-0.5888541795981422,11.064307523045168
063002,2015,AFRAGOLA,0,Campania,063,6.816891822542763,7.231482377790613,7.024187100166687,63675.0,41.422463310964034,0.18279832661638196,9.37552998159764,28133.0,47.34825284648606,53.18256772673734,-0.009162646062428389,12.868424930825272,99.93022416666668,0.782999237,22.1,8.3,83.09024390243901,0.0,0.0,100.0,0.0035545444851242313,0.03769140164899882,0.0,0.0,-0.5883078710200218,11.061547299847657
063002,2016,AFRAGOLA,0,Campania,063,6.809955138785654,7.222432173524078,7.016193656154867,63488.0,41.337034052418055,0.18785705570516248,9.376561042660546,28133.0,46.71276461693548,50.73714717741935,-0.006338808216487954,12.875853446164294,99.96898750000001,0.774242763,22.8,8.1,82.5439024390244,0.0,0.0,100.0,0.0035545444851242313,0.03780241935483871,0.0,0.0,-0.5882416747107074,11.058606190644545
063002,2017,AFRAGOLA,0,Campania,063,6.8380301305039355,7.245813838892691,7.0419219846983125,63056.0,42.355625125927226,0.2033441423806311,9.394960245145041,28133.0,42.689038315148444,52.21390510022837,-0.015105409136450016,12.889307801378262,99.875,0.668010321,23.9,7.9,83.2439024390244,0.0,0.0,100.0,0.0035545444851242313,0.03806140573458513,0.0,0.0,-0.5881064604112379,11.051778499434786
063002,2018,AFRAGOLA,0,Campania,063,6.846097566064857,7.256067086743916,7.051082326404385,63348.0,42.814768048333335,0.20285445834340213,9.380829407568882,28133.0,44.422870493148956,50.088400580918105,-0.008943502695853301,12.906085515711624,101.10000000000001,0.62261636,24.2,7.6,82.9463414634147,0.0,0.0,100.0,0.0035545444851242313,0.03788596325061565,0.0,0.0,-0.5881660278179984,11.056398614611616
063002,2019,AFRAGOLA,0,Campania,063,6.880834745030562,7.294623099349782,7.0877289221901725,63072.0,42.76615390779926,0.19240714085927899,9.39754857527351,28133.0,38.03748097412481,52.34652460679858,-0.022686839853934822,12.912877077321394,102.25,0.595578796,23.3,7.3,83.34634146341462,0.0,0.0,100.0,0.0035545444851242313,0.0380517503805175,0.0,0.0,-0.588113078815467,11.052032209952447
063002,2020,AFRAGOLA,1,Campania,063,6.86577714860996,7.288621226171252,7.077199187390606,62808.0,43.049871228879205,0.19672556111430567,9.411952533956724,28133.0,43.11552668449879,59.34435103808432,-0.025838785431132227,12.917052192618227,102.875,0.527189894,22.1,7.0,83.4975609756098,0.0,0.0,100.0,0.0035545444851242313,0.03821169277799007,0.0,0.0,-0.5880071902358054,11.047837732878092
063002,2021,AFRAGOLA,1,Campania,063,6.908197075723039,7.327812489957822,7.11800478284043,61861.0,42.789618715440376,0.1859304659773027,9.405524857019882,28133.0,35.7882995748533,52.27526228156675,-0.026651626560698086,12.823268425095806,102.73333333333333,0.47569158400000006,23.7,6.8,82.19512195121949,0.0,0.0,100.0,0.0035545444851242313,0.03879665702138665,0.0,0.0,-0.5878389288173972,11.032645211643478
063002,2022,AFRAGOLA,1,Campania,063,6.934158603962063,7.357346986152032,7.145752795057048,62198.0,43.4477019372846,0.20476971138699945,9.497964301656069,28133.0,38.488375832020324,55.63522942859899,-0.027568175176981038,12.907639034878864,104.65833333333335,0.507288293,21.0,6.8,82.6463414634146,0.0,0.0,100.0,0.0035545444851242313,0.038586449725071546,0.0,0.0,-0.5878989510345026,11.038078123869473
063002,2023,AFRAGOLA,1,Campania,063,6.949300438374613,7.374193665026528,7.16174705170057,61930.0,43.379683129132744,0.20388402733900293,9.580030115173946,28133.0,42.56580009688358,57.52139512352657,-0.02414919267986919,12.95615807333407,113.24166666666667,0.540095241,20.8,6.7,82.7,0.0,0.0,85.71428571428571,0.0035545444851242313,0.03875343129339577,0.0,0.0,-0.5878668126548503,11.033759993932106
063002,2024,AFRAGOLA,1,Campania,063,6.936106498024901,7.364156619714048,7.150131558869473,61713.0,44.173334617232044,0.21723264678043241,9.64597425924286,28133.0,42.41569847519971,54.2073793204025,-0.019107288326937262,12.966840448140005,119.60833333333332,0.568072449,20.0,6.4,83.7,0.0,0.0,85.71428571428571,0.0035545444851242313,0.03888969909095328,0.0,0.0,-0.5878190798339132,11.030249884620584
063023,2014,CASORIA,0,Campania,063,7.011216362773478,7.4287696676424035,7.21999301520794,77579.0,40.16930351691652,0.14954978396327348,9.538611648433172,30506.0,40.400108276724374,46.650511091919206,-0.00805682312893287,12.867672591351358,99.68992416666667,0.827647127,24.600000000000005,8.5,82.690243902439,100.0,0.8649247863468207,0.0,0.0,0.0,34.241225073795746,3.079441601464314,-0.27559516616532775,11.2590520509908
063023,2015,CASORIA,0,Campania,063,6.968682035902819,7.384531719132658,7.176606877517738,77051.0,41.422463310964034,0.18279832661638196,9.548817236622623,30506.0,39.128629089823626,43.95011096546443,-0.006257520182269933,12.868424930825272,99.93022416666668,0.782999237,22.1,8.3,83.090243902439,100.0,1.0356776680380528,0.0,0.0,0.0,38.043633437593286,6.149173923764779,-0.22192190079889473,11.252222819249376
063023,2016,CASORIA,0,Campania,063,6.945313872309725,7.359949311681233,7.152631591995479,76751.0,41.337034052418055,0.18785705570516245,9.54871023176534,30506.0,38.64053888548683,41.969485739599484,-0.0043373335254428625,12.875853446164292,99.96898750000001,0.7742427630000001,22.8,8.1,82.5439024390244,100.0,1.0397258667639508,0.0,0.0,0.0,41.43789657463746,6.4403069666844734,-0.21358032470751984,11.248321694680524
063023,2017,CASORIA,0,Campania,063,6.926267150051404,7.340832675140607,7.133549912596006,76363.0,42.35562512592722,0.2033441423806311,9.558813823395743,30506.0,35.2500556552257,43.11512119743855,-0.01029957642079652,12.889307801378264,99.875,0.668010321,23.9,7.9,83.2439024390244,100.0,1.2545342639760093,0.0,0.0,0.0,39.15770726660817,4.31491691002187,-0.21807565943170273,11.24325356465307
063023,2018,CASORIA,0,Campania,063,6.907514870945721,7.321974832981505,7.114744851963613,75857.0,42.814768048333335,0.20285445834340213,9.560561497033117,30506.0,37.097433328499676,41.82870400885877,-0.006237091738875905,12.906085515711624,101.10000000000001,0.62261636,24.2,7.6,82.9463414634147,100.0,1.1284390366083552,0.0,0.0,0.0,44.809312258591824,8.070448343593867,-0.1893656026136001,11.236605267927818
063023,2019,CASORIA,0,Campania,063,6.899125748110287,7.316816426459033,7.1079710872846595,75432.0,42.76615390779926,0.192407140859279,9.575865562434497,30506.0,31.80480432707604,43.76922261109343,-0.015861197216058692,12.912877077321394,102.25,0.595578796,23.3,7.3,83.3463414634146,100.0,1.1825220065754587,0.0,0.0,0.0,55.09995757768586,9.696150174992047,-0.16028313395907196,11.230986867145512
063023,2020,CASORIA,1,Campania,063,6.8665933117257785,7.283177787948034,7.074885549836906,74949.0,43.0498712288792,0.19672556111430567,9.578729505254291,30506.0,36.13123590708348,49.731150515684,-0.01814555845788539,12.917052192618227,102.875,0.527189894,22.1,7.0,83.4975609756098,100.0,1.1901426303219522,0.0,0.0,0.0,24.193785107206235,0.8459085511481139,-0.29295813599352566,11.224563161213583
063023,2021,CASORIA,1,Campania,063,6.868282573294592,7.285366938647837,7.076824755971214,74115.0,42.789618715440376,0.1859304659773027,9.555682309387539,30506.0,29.871146191729068,43.63219321324968,-0.01856715512584579,12.823268425095806,102.73333333333333,0.475691584,23.7,6.8,82.1951219512195,100.0,1.203535046886595,0.0,0.0,0.0,27.461377588882144,1.6690278621061865,-0.27327236763363216,11.21337321994796
063023,2022,CASORIA,1,Campania,063,6.875121754716381,7.293155063484681,7.0841384091005315,74394.0,43.4477019372846,0.20476971138699945,9.614270898732428,30506.0,32.178670322875504,46.514503857837994,-0.019270147505124728,12.907639034878862,104.65833333333335,0.507288293,21.0,6.8,82.6463414634146,100.0,1.2124633707019383,0.0,0.0,0.0,32.72844584240664,5.960158077264296,-0.21708836728247566,11.217130572407896
063023,2023,CASORIA,1,Campania,063,6.8982846344690305,7.324563210536686,7.1114239225028575,74268.0,43.379683129132744,0.20388402733900293,9.67214883840431,30506.0,35.49442559379544,47.96547638282975,-0.016791957221191235,12.95615807333407,113.24166666666666,0.540095241,20.8,6.7,82.7,99.12087912087912,1.2145203856304196,0.8791208791208791,0.006556087327083197,0.01077179942909463,44.81741799967685,8.455862551839283,0.0580113640119195,11.215435451527362
063023,2024,CASORIA,1,Campania,063,6.876179601714445,7.303020345361426,7.089599973537936,73814.0,44.17333461723204,0.21723264678043241,9.738693666641844,30506.0,35.46210745928956,45.32067087544368,-0.013355953364069308,12.966840448140005,119.60833333333333,0.568072449,20.0,6.400000000000001,83.7,98.7878787878788,1.3249519061424662,0.8080808080808081,0.006556087327083197,0.010838052401983362,58.42387622944157,11.894762511176742,0.10651000272372994,11.209303694494453
063024,2014,CASTELLAMMARE DI STABIA,0,Campania,063,7.457099692158235,7.870336164584262,7.663717928371249,65699.0,40.16930351691652,0.14954978396327348,9.616683087902313,28130.0,47.705444527313965,55.086074369472904,-0.01123400636563561,12.867672591351358,99.68992416666669,0.8276471270000001,24.6,8.5,82.690243902439,92.9228998849252,2.4581804898095863,0.6904487917146145,0.0035549235691432635,0.018265118190535622,119.09465897502245,58.221586325514856,0.3304727691309279,11.092838983656714
063024,2015,CASTELLAMMARE DI STABIA,0,Campania,063,7.372505516627106,7.78712440746294,7.579814962045023,65625.0,41.422463310964034,0.18279832661638196,9.635191932349732,28130.0,45.94133333333333,51.60228571428571,-0.008626213151927438,12.868424930825274,99.93022416666668,0.782999237,22.1,8.3,83.090243902439,99.79140592407175,3.644952380952381,0.0,0.0,0.0,128.68419047619048,66.52190476190476,0.14538538040060275,11.091711999893924
063024,2016,CASTELLAMMARE DI STABIA,0,Campania,063,7.342333535169189,7.758058660665161,7.5501960979171745,65519.0,41.337034052418055,0.18785705570516248,9.64225006245089,28130.0,45.26473236771013,49.164364535478256,-0.005951910388998802,12.875853446164294,99.96898750000001,0.774242763,22.8,8.1,82.5439024390244,99.79140592407175,3.6508493719379116,0.0,0.0,0.0,150.95621117538425,76.88151528564234,0.16987736222031746,11.090095455895215
063024,2017,CASTELLAMMARE DI STABIA,0,Campania,063,7.338568889752139,7.7533504570008756,7.545959673376508,65281.0,42.35562512592722,0.2033441423806311,9.650797312531207,28130.0,41.234049723503006,50.43427643571636,-0.014093268657363333,12.889307801378262,99.875,0.668010321,23.9,7.9,83.2439024390244,99.0232558139535,3.261285825891148,0.23255813953488375,0.003554923569143263,0.007659196397114014,144.13382147945038,68.64784546805349,0.383508067756114,11.08645630814811
063024,2018,CASTELLAMMARE DI STABIA,0,Campania,063,7.33206327968238,7.748651950504597,7.540357615093488,65129.0,42.814768048333335,0.20285445834340213,9.649394374674875,28130.0,43.20809470435597,48.71869674031537,-0.00846105734152129,12.906085515711624,101.10000000000001,0.62261636,24.2,7.6,82.9463414634147,92.58788648877594,3.3564157287844134,1.228293096145701,0.01066477070742979,0.04452701561516375,134.13533141918344,64.91271169525096,0.39381418471489527,11.084125197515005
063024,2019,CASTELLAMMARE DI STABIA,0,Campania,063,7.324116805038851,7.743483481316081,7.533800143177466,64903.0,42.76615390779926,0.192407140859279,9.663593284410931,28130.0,36.96439301727193,50.8697594872348,-0.021424843951686166,12.912877077321394,102.25,0.595578796,23.3,7.3,83.3463414634146,89.79348689436061,3.483660231422276,2.8196981731532964,0.028439388553146105,0.10939401876646689,137.5406375668305,62.858419487542946,0.4634649933692915,11.08064912658532
063024,2020,CASTELLAMMARE DI STABIA,1,Campania,063,7.270724513037933,7.684755900246467,7.4777402066422,64466.0,43.0498712288792,0.19672556111430567,9.672442847288899,28130.0,42.00663915862625,57.818074643998386,-0.02452678231218338,12.917052192618225,102.875,0.527189894,22.1,7.0,83.4975609756098,89.08589440504335,3.5072751527937207,2.955082742316785,0.03199431212228937,0.11634039648807123,38.133279558216735,6.0977879812614395,0.22580249400180613,11.073893232018117
063024,2021,CASTELLAMMARE DI STABIA,1,Campania,063,7.2594397112049975,7.679539943059096,7.469489827132047,63694.0,42.789618715440376,0.1859304659773027,9.638324458252706,28130.0,34.758375985179136,50.7708732376676,-0.02513972627325724,12.823268425095808,102.73333333333332,0.47569158399999995,23.7,6.8,82.1951219512195,86.75645342312009,3.6408452915502245,3.666292555181444,0.04265908282971916,0.1538606462147141,68.66894840958332,15.663955788614311,0.35878640747823987,11.061845645601192
063024,2022,CASTELLAMMARE DI STABIA,1,Campania,063,7.26841033560187,7.690488548650756,7.479449442126312,63330.0,43.4477019372846,0.20476971138699945,9.69412280458487,28130.0,37.80041054792358,54.64077056687194,-0.026591441684743988,12.907639034878864,104.65833333333335,0.507288293,21.0,6.8,82.6463414634146,84.55827765404604,3.5970314227064586,5.122494432071269,0.049768929968005686,0.21790620558976787,136.72035370282646,61.021632717511444,0.5379922588762845,11.056114429510476
063024,2023,CASTELLAMMARE DI STABIA,1,Campania,063,7.286243622833846,7.709931352893569,7.498087487863708,62917.0,43.379683129132744,0.20388402733900293,9.752570836209433,28130.0,41.89805616923884,56.61903777993229,-0.023397462705935516,12.95615807333407,113.24166666666667,0.540095241,20.8,6.7,82.7,82.71604938271605,3.6206430694406917,5.88235294117647,0.06398862424457874,0.2574820795651414,185.6747778819715,101.49562121525184,0.6321322111233385,11.049571676442373
063024,2024,CASTELLAMMARE DI STABIA,1,Campania,063,7.112832876815489,7.537987691350551,7.32541028408302,62471.0,44.173334617232044,0.21723264678043241,9.816066453253582,28130.0,41.901042083526754,53.54964703622481,-0.018646419863133385,12.966840448140005,119.60833333333332,0.568072449,20.0,6.4,83.7,80.8374733853797,3.646491972275135,9.155429382540808,0.09242801279772485,0.41299162811544554,175.8383890125018,89.93292887899985,0.6952115320604481,11.042457728043182
063034,2014,GIUGLIANO IN CAMPANIA,0,Campania,063,6.877818743636398,7.291031467229023,7.08442510543271,117647.0,40.16930351691652,0.14954978396327348,9.458166488942293,51386.0,26.640713320356664,30.76236538118269,-0.003503406003405124,12.86767259135136,99.68992416666667,0.827647127,24.6,8.5,82.690243902439,33.40034462952326,0.9885504942752471,3.0729465824238944,0.01556844276651228,0.09095004547502274,38.52456926228463,4.029852014926007,0.03669083932694538,11.675443894467879
063034,2015,GIUGLIANO IN CAMPANIA,0,Campania,063,6.828001669541704,7.243171278097331,7.035586473819518,117539.0,41.422463310964034,0.18279832661638196,9.456866825016704,51386.0,25.65020971762564,28.8108627774611,-0.0026890249702953583,12.868424930825272,99.93022416666668,0.782999237,22.1,8.3,83.09024390243901,39.34550989345511,1.3195620177132696,0.8878741755454084,0.005838166037442105,0.02977735049643097,36.81076068368797,5.164243357523886,0.033972171708883774,11.674525472388405
063034,2016,GIUGLIANO IN CAMPANIA,0,Campania,063,6.798385280274095,7.2128629899426935,7.005624135108394,118853.0,41.337034052418055,0.18785705570516248,9.467976617228517,51386.0,24.95267262921424,27.102386982238563,-0.001808716947005395,12.875853446164294,99.96898750000001,0.774242763,22.8,8.1,82.5439024390244,39.34550989345511,1.304973370466038,0.8878741755454084,0.005838166037442105,0.02944814182225101,53.88252715539363,11.787670483706764,0.1027568327060174,11.685642714371324
063034,2017,GIUGLIANO IN CAMPANIA,0,Campania,063,6.782020227520669,7.1954560897011985,6.988738158610935,119473.0,42.355625125927226,0.2033441423806311,9.479554915755875,51386.0,22.530613611443588,27.55769085902254,-0.004207709898955375,12.889307801378262,99.875,0.668010321,23.9,7.9,83.2439024390244,46.19341563786008,1.1274513906907837,0.7887517146776405,0.00389211069162807,0.019251211570815163,54.57885882165845,15.923262996660336,0.10404025499321083,11.6908456834025
063034,2018,GIUGLIANO IN CAMPANIA,0,Campania,063,6.779584312084922,7.1926451401040365,6.986114726094479,119690.0,42.814768048333335,0.20285445834340213,9.474028827860845,51386.0,23.51157155986298,26.510151223995326,-0.002505288381763174,12.906085515711624,101.10000000000001,0.62261636,24.2,7.6,82.9463414634147,46.230294722412616,1.1270782855710586,0.7882111034955449,0.00389211069162807,0.019216308797727462,59.63321914946946,12.08455175871,0.09206122147943925,11.692660345867417
063034,2019,GIUGLIANO IN CAMPANIA,0,Campania,063,6.767342079576395,7.182084650221692,6.974713364899045,118392.0,42.76615390779926,0.19240714085927899,9.489774215374547,51386.0,20.264038110683156,27.887019393202245,-0.006438763837522035,12.912877077321394,102.25,0.595578796,23.3,7.3,83.34634146341462,46.230294722412616,1.1394350969660112,0.7882111034955449,0.00389211069162807,0.01942698831002095,65.7730252044057,11.72798837759308,0.09850150793650567,11.681756431581684
063034,2020,GIUGLIANO IN CAMPANIA,1,Campania,063,6.713823846716323,7.135394275083665,6.924609060899995,118576.0,43.049871228879205,0.19672556111430567,9.490432637040742,51386.0,22.837673728241803,31.433848333558224,-0.007249506312674083,12.917052192618227,102.875,0.527189894,22.1,7.0,83.4975609756098,46.230294722412616,1.1376669815139657,0.7882111034955449,0.00389211069162807,0.019396842531372284,31.874915665902034,2.1952165699635677,-0.026605759215793973,11.68330938419114
063034,2021,GIUGLIANO IN CAMPANIA,1,Campania,063,6.7130673584490825,7.132831403296292,6.922949380872687,122364.0,42.789618715440376,0.1859304659773027,9.464991155754726,51386.0,18.09273969468144,26.427707495668663,-0.006811617633443842,12.823268425095806,102.73333333333333,0.47569158400000006,23.7,6.8,82.19512195121949,46.230294722412616,1.10244843254552,0.7882111034955449,0.00389211069162807,0.01879637801967899,32.598640122911966,3.1929325618646005,-0.016961123028705047,11.714755488152226
063034,2022,GIUGLIANO IN CAMPANIA,1,Campania,063,6.764371267605987,7.183705025977293,6.97403814679164,123758.0,43.4477019372846,0.20476971138699945,9.538156630755392,51386.0,19.34339598248194,27.961020701692014,-0.00696328699494988,12.907639034878864,104.65833333333333,0.507288293,21.0,6.799999999999999,82.6463414634146,46.92567567567567,1.1223516863556295,0.7770270270270271,0.0038921106916280706,0.018584657153476947,43.40325473908758,6.9668223468381845,0.03782213008112105,11.72608332480609
063034,2023,GIUGLIANO IN CAMPANIA,1,Campania,063,6.785171058789998,7.20838407044524,6.99677756461762,124222.0,43.379683129132744,0.20388402733900296,9.604175796435717,51386.0,21.220878749335863,28.67688493181562,-0.006002162404791224,12.95615807333407,113.24166666666669,0.540095241,20.800000000000004,6.700000000000001,82.70000000000002,46.92567567567567,1.1181594242565729,0.7770270270270271,0.0038921106916280706,0.01851523884658112,52.37397562428555,9.984543800615029,0.06963802296072105,11.729825566450597
063034,2024,GIUGLIANO IN CAMPANIA,1,Campania,063,6.774823644789402,7.201566057929621,6.988194851359512,124209.0,44.173334617232044,0.21723264678043241,9.675919554070251,51386.0,21.07415726718676,26.932830954278675,-0.004716786776394556,12.966840448140005,119.60833333333333,0.568072449,20.0,6.4,83.7,39.55310504933256,1.097343992786352,0.6674405107370864,0.00389211069162807,0.018517176694120393,47.560965791528794,11.380012720495293,0.06883035540181151,11.729720909624259
063041,2014,MARANO DI NAPOLI,0,Campania,063,7.022691896836129,7.438868484206456,7.230780190521291,58586.0,40.16930351691652,0.14954978396327348,9.562575573572957,24318.0,53.49742259242822,61.77414399344553,-0.01412747311818063,12.867672591351358,99.68992416666667,0.827647127,24.6,8.5,82.690243902439,0.0,0.0,0.0,0.0,0.0,0.0,0.0,-0.8303118809302112,10.978251039172248
063041,2015,MARANO DI NAPOLI,0,Campania,063,6.979646055889783,7.395131128571189,7.187388592230486,58450.0,41.422463310964034,0.18279832661638196,9.559825822113183,24318.0,51.5808383233533,57.93669803250642,-0.010874011478448456,12.868424930825272,99.93022416666668,0.782999237,22.1,8.3,83.090243902439,81.93548387096774,0.21727972626176217,0.0,0.0,0.0,0.0,0.0,-0.7048051920032414,10.975926966900214
063041,2016,MARANO DI NAPOLI,0,Campania,063,6.927685833903801,7.340104720521304,7.133895277212552,58565.0,41.337034052418055,0.18785705570516248,9.548968839834085,24318.0,50.639460428583625,55.002134380602755,-0.007449285327446648,12.875853446164294,99.96898750000001,0.774242763,22.8,8.1,82.5439024390244,81.93548387096774,0.21685306923930675,0.0,0.0,0.0,0.0,0.0,-0.7048519705176697,10.977892527503975
063041,2017,MARANO DI NAPOLI,0,Campania,063,6.9171251106356815,7.329433691668691,7.123279401152186,58319.0,42.35562512592722,0.2033441423806311,9.55200377922125,24318.0,46.156484164680464,56.455014660745206,-0.0176589627669623,12.889307801378262,99.875,0.668010321,23.9,7.9,83.2439024390244,100.0,0.1371765633841458,0.0,0.0,0.0,0.0,0.0,-0.7121442155119063,10.973683219759126
063041,2018,MARANO DI NAPOLI,0,Campania,063,6.9087955665520315,7.321396776420047,7.11509617148604,58101.0,42.814768048333335,0.20285445834340213,9.543183817738864,24318.0,48.43462246777164,54.611796698852,-0.010631786425501036,12.906085515711624,101.10000000000001,0.62261636,24.2,7.6,82.9463414634147,100.0,0.13769126176830004,0.0,0.0,0.0,0.0,0.0,-0.712113350137962,10.969938154395841
063041,2019,MARANO DI NAPOLI,0,Campania,063,6.922841774632573,7.335071411631417,7.128956593131995,58248.0,42.76615390779926,0.192407140859279,9.558909163746145,24318.0,41.187680263700045,56.681774481527256,-0.026600216690405184,12.912877077321394,102.25,0.595578796,23.3,7.3,83.3463414634146,100.0,0.1373437714599643,0.0,0.0,0.0,0.0,0.0,-0.7121364990343068,10.972465036074547
063041,2020,MARANO DI NAPOLI,1,Campania,063,6.889421069509851,7.30315327264822,7.096287171079035,58132.0,43.0498712288792,0.19672556111430567,9.55236731287712,24318.0,46.58363723938622,64.11786967591,-0.030162788888260822,12.917052192618227,102.875,0.527189894,22.1,7.0,83.4975609756098,100.0,0.13761783527145116,0.0,0.0,0.0,0.0,0.0,-0.7121210663473481,10.970471565746061
063041,2021,MARANO DI NAPOLI,1,Campania,063,6.899655076276857,7.31747754521824,7.108566310747548,57700.0,42.789618715440376,0.1859304659773027,9.529810317795796,24318.0,38.36915077989602,56.04506065857886,-0.030634159235152246,12.823268425095806,102.73333333333333,0.475691584,23.7,6.8,82.1951219512195,100.0,0.1386481802426343,0.0,0.0,0.0,0.0,0.0,-0.7120593391740657,10.96301245249619
063041,2022,MARANO DI NAPOLI,1,Campania,063,6.90842173401769,7.326442303480748,7.117432018749219,58042.0,43.4477019372846,0.20476971138699945,9.590478369854763,24318.0,41.244271389683334,59.618896661038555,-0.031657464028385,12.907639034878864,104.65833333333335,0.507288293,21.0,6.8,82.6463414634146,100.0,0.13783122566417422,0.0,0.0,0.0,0.0,0.0,-0.712101775991461,10.968922165398224
063041,2023,MARANO DI NAPOLI,1,Campania,063,6.91972736167941,7.341988438326779,7.130857900003094,57931.0,43.379683129132744,0.20388402733900293,9.65735520713746,24318.0,45.504134228651324,61.492119935785674,-0.02759832508869923,12.95615807333407,113.24166666666667,0.540095241,20.8,6.7,82.7,95.23809523809523,0.1380953202948335,0.0,0.0,0.0,0.0,0.0,-0.7120863441088681,10.967007926154695
063041,2024,MARANO DI NAPOLI,1,Campania,063,6.84285956438959,7.26860283002278,7.0557311972061845,57740.0,44.173334617232044,0.21723264678043241,9.723995480996122,24318.0,45.3342570142016,57.93730516106685,-0.02182723960316116,12.966840448140005,119.60833333333332,0.568072449,20.0,6.4,83.7,82.4742268041237,0.13855213023900242,0.0,0.0,0.0,0.5697956356078975,0.38101835815725665,-0.46046187689030316,10.963705453216926
063049,2014,NAPOLI,0,Campania,063,7.535883775814573,7.951757378493143,7.743820577153858,964313.0,40.16930351691652,0.14954978396327348,9.677981667899196,438924.0,3.250189513155998,3.7530345437632806,-5.2145416540820536e-05,12.867672591351358,99.68992416666667,0.827647127,24.6,8.5,82.690243902439,80.23463402193319,1.3049704815760028,5.457791379750064,0.017998560115190784,0.08876785856874272,74.7007455048309,35.681360720015185,0.24416825072992537,13.779171209689363
063049,2015,NAPOLI,0,Campania,063,7.4847419995298345,7.902187596135036,7.693464797832434,963521.0,41.422463310964034,0.18279832661638196,9.675637011771512,438924.0,3.1290444110714764,3.5146094376770205,-4.001625565042627e-05,12.868424930825272,99.93022416666668,0.7829992370000001,22.1,8.3,83.090243902439,90.65353368322668,1.3086377982420727,2.6170105686965277,0.007974045620654145,0.03777810758665353,118.09841197026323,58.27221202236381,0.2762202199591781,13.778349562136142
063049,2016,NAPOLI,0,Campania,063,7.456314523624953,7.875650243681248,7.665982383653101,961011.0,41.337034052418055,0.18785705570516248,9.669948741960338,438924.0,3.0860208676071346,3.3518867109741715,-2.7665223745309566e-05,12.875853446164294,99.96898750000001,0.774242763,22.800000000000004,8.1,82.54390243902438,90.65353368322668,1.312055741297446,2.6170105686965277,0.007974045620654145,0.03787677768516698,128.84493517764105,62.91405613463321,0.2902507136763104,13.77574113429691
063049,2017,NAPOLI,0,Campania,063,7.460952466608284,7.88060199684416,7.670777231726222,959433.0,42.35562512592722,0.20334414238063112,9.67036177524646,438924.0,2.805615399928916,3.431610128065222,-6.524632028878575e-05,12.88930780137826,99.875,0.668010321,23.899999999999995,7.900000000000001,83.2439024390244,77.84881534411433,1.2945145726694829,5.158580920145418,0.017087240615687456,0.08577983037898425,133.27350633134364,65.4230154685111,0.3312202591079279,13.774097763956366
063049,2018,NAPOLI,0,Campania,063,7.460822414836485,7.880163558615364,7.670492986725924,957571.0,42.81476804833333,0.20285445834340213,9.666612017777263,438924.0,2.938789917405602,3.3135924124686316,-3.9140961355662355e-05,12.906085515711624,101.10000000000001,0.62261636,24.2,7.599999999999999,82.9463414634147,78.20294247647914,1.2933766791183108,9.616720338447939,0.03508580073087824,0.15904825856255045,143.7584262681305,73.65072668240788,0.4149409607098784,13.772155148723888
063049,2019,NAPOLI,0,Campania,063,7.457741663567312,7.876338745456468,7.667040204511889,954318.0,42.76615390779926,0.192407140859279,9.670586930642875,438924.0,2.5139418935826425,3.459643431225231,-9.90971078448262e-05,12.912877077321392,102.25,0.595578796,23.3,7.3,83.3463414634146,75.343028028615,1.346406543730706,11.240764629998827,0.04602163472491821,0.2008764374139438,143.64195163457046,74.8125886758921,0.4522651683800378,13.768752228220544
063049,2020,NAPOLI,1,Campania,063,7.4031992388397265,7.822520677019774,7.612859957929751,948850.0,43.0498712288792,0.19672556111430564,9.662579866955088,438924.0,2.8539811350582283,3.9282289086789266,-0.00011321576367399465,12.917052192618227,102.875,0.527189894,22.100000000000005,7.0,83.4975609756098,73.79338083199265,1.3535332244295726,12.905079292116758,0.05946359734259234,0.2367075934025399,41.75138325341203,12.735205775412345,0.26685770948207577,13.763006003982126
063049,2021,NAPOLI,1,Campania,063,7.407841111911051,7.829725290510929,7.618783201210991,922094.0,42.789618715440376,0.1859304659773027,9.643360212025176,438924.0,2.4009482764230112,3.50701772270506,-0.00011995191881544059,12.823268425095806,102.73333333333333,0.475691584,23.7,6.8,82.1951219512195,70.5142292055818,1.3919405179949116,14.839028678167233,0.0731333898351423,0.2929202445737636,63.54948627797165,20.27537322659078,0.3628189851726685,13.734402449619608
063049,2022,NAPOLI,1,Campania,063,7.419422908299417,7.841344450759377,7.630383679529397,921142.0,43.4477019372846,0.20476971138699943,9.690833990652784,438924.0,2.598839266909988,3.7566412127554707,-0.00012569201554651544,12.907639034878864,104.65833333333335,0.507288293,21.0,6.8,82.6463414634146,67.78205195763293,1.396418793193666,15.682141539758653,0.0822465848301756,0.323077223707094,116.45859161779617,57.488421980541546,0.5023655374347276,13.733369483591764
063049,2023,NAPOLI,1,Campania,063,7.4370632823385145,7.860153708044102,7.648608495191308,917510.0,43.37968312913275,0.20388402733900293,9.744009749673966,438924.0,2.873102200520975,3.882573486937472,-0.00011002291925063451,12.956158073334072,113.24166666666667,0.540095241,20.8,6.7,82.7,60.29780128026718,1.4167692995171715,16.448650153075427,0.1009286345699939,0.38648080129916834,147.09975913069067,77.07436431210559,0.5817926821212797,13.729418758034027
063049,2024,NAPOLI,1,Campania,063,7.264722601976076,7.691600948165382,7.478161775070729,913704.0,44.173334617232044,0.21723264678043241,9.801336657909841,438924.0,2.8648227434705333,3.6612513461689997,-8.716483704771637e-05,12.966840448140005,119.60833333333333,0.568072449,20.0,6.4,83.7,60.430999134356924,1.4516736273453985,16.15563351405531,0.1009286345699939,0.3880906726904993,158.61307381821683,86.09330811728962,0.5989142754521696,13.72526194678166
063059,2014,PORTICI,0,Campania,063,7.327782800905952,7.7458826260062965,7.536832713456125,55228.0,40.16930351691652,0.14954978396327348,9.75153616353068,24144.0,56.75019917433186,65.53016585789817,-0.01589767270870991,12.867672591351358,99.68992416666667,0.827647127,24.6,8.5,82.690243902439,30.303030303030305,0.10864054465126384,14.646464646464645,0.012425447316103379,0.05250959658144419,0.0,0.0,-0.45472757616059023,10.919225350036044
063059,2015,PORTICI,0,Campania,063,7.2838830950892985,7.70243461065393,7.493158852871614,54901.0,41.422463310964034,0.18279832661638196,9.759415984287756,24144.0,54.915211016192785,61.68193657674723,-0.01232532296416176,12.868424930825272,99.93022416666668,0.782999237,22.1,8.3,83.090243902439,32.608695652173914,0.10928762681918361,10.326086956521738,0.00828363154406892,0.03460774849274148,0.0,0.0,-0.4686093932949816,10.91328684226798
063059,2016,PORTICI,0,Campania,063,7.250460461247138,7.671128573263321,7.460794517255228,54740.0,41.337034052418055,0.18785705570516248,9.76356829835675,24144.0,54.17793204238217,58.84545122396784,-0.008526706579440413,12.875853446164294,99.96898750000001,0.774242763,22.8,8.1,82.5439024390244,32.608695652173914,0.10960906101571063,10.326086956521738,0.00828363154406892,0.034709535988308365,0.0,0.0,-0.4685208932873041,10.91034998259467
063059,2017,PORTICI,0,Campania,063,7.242782602984194,7.66325856015305,7.453020581568623,54613.0,42.35562512592722,0.2033441423806311,9.767131442347257,24144.0,49.288630912053904,60.28601248786918,-0.02013692999068955,12.889307801378262,99.875,0.668010321,23.9,7.900000000000001,83.2439024390244,36.144578313253014,0.10986395180634648,0.0,0.0,0.0,1.1169501766978558,0.33325398714591764,-0.46254052541991325,10.90802722863092
063059,2018,PORTICI,0,Campania,063,7.254133906615643,7.671816080419924,7.462974993517784,54359.0,42.814768048333335,0.20285445834340213,9.771744805277352,24144.0,51.768796335473425,58.37119888150997,-0.012145923482839167,12.906085515711624,101.10000000000001,0.62261636,24.2,7.599999999999999,82.9463414634147,35.714285714285715,0.11037730642579886,0.0,0.0,0.0,0.0,0.0,-0.7139451051067127,10.903365472216551
063059,2019,PORTICI,0,Campania,063,7.276397341362064,7.692265454420828,7.484331397891446,53979.0,42.76615390779926,0.192407140859279,9.788488895713009,24144.0,44.44506196854332,61.16452694566405,-0.030974017631154222,12.912877077321394,102.25,0.595578796,23.3,7.300000000000001,83.3463414634146,14.40922190201729,0.09262861483169381,14.985590778097983,0.028992710404241222,0.09633375942496157,5.268715611626744,1.9118546101261604,-0.11704221187753612,10.896350361020628
063059,2020,PORTICI,1,Campania,063,7.245016872029812,7.662132787696787,7.453574829863298,53485.0,43.0498712288792,0.19672556111430567,9.78808122211433,24144.0,50.63101804244181,69.68869776572872,-0.03563182148880417,12.917052192618227,102.875,0.527189894,22.1,7.0,83.4975609756098,14.36781609195402,0.09348415443582313,16.379310344827587,0.028992710404241222,0.10657193605683836,1.6284939702720391,0.16266242871833225,-0.1454566585014577,10.88715651974023
063059,2021,PORTICI,1,Campania,063,7.294786059891136,7.713671274885488,7.504228667388312,52721.0,42.789618715440376,0.1859304659773027,9.771404314040854,24144.0,41.992754310426584,61.337986760493926,-0.03669359923003612,12.823268425095806,102.73333333333333,0.475691584,23.7,6.8,82.1951219512195,14.36781609195402,0.09483886876197341,16.379310344827587,0.028992710404241222,0.10811631038864969,2.632726996832382,0.40780713567648563,-0.1398988277656767,10.872769137130032
063059,2022,PORTICI,1,Campania,063,7.307746188708943,7.729324020590111,7.518535104649526,52500.0,43.4477019372846,0.20476971138699945,9.813457131234992,24144.0,45.59809523809524,65.91238095238096,-0.03869387755102042,12.907639034878864,104.65833333333335,0.507288293,21.0,6.8,82.6463414634146,13.966480446927374,0.09523809523809523,15.921787709497206,0.028992710404241222,0.10857142857142858,3.9561904761904763,1.3923809523809525,-0.12159027310055841,10.868568448579715
063059,2023,PORTICI,1,Campania,063,7.3052107201481995,7.729042050085367,7.517126385116784,52260.0,43.379683129132744,0.20388402733900293,9.861153904118588,24144.0,50.44202066590127,68.16494450822809,-0.03391298094589901,12.95615807333407,113.24166666666667,0.540095241,20.8,6.7,82.7,13.368983957219251,0.09567546880979717,18.449197860962567,0.03313452617627568,0.13203214695752008,6.69345579793341,2.36318407960199,-0.08543525771514493,10.863986539074604
063059,2024,PORTICI,1,Campania,063,7.172236160925736,7.596984340294994,7.384610250610365,51901.0,44.173334617232044,0.21723264678043241,9.925347196841471,24144.0,50.434481031194,64.4554054835167,-0.027014748178884215,12.966840448140005,119.60833333333333,0.568072449,20.0,6.4,83.7,38.7434554973822,0.4277374231710372,13.961605584642234,0.041418157720344594,0.1541396119535269,18.059382285505095,8.978632396292943,0.0577436720732382,10.857093336791094
063060,2014,POZZUOLI,0,Campania,063,7.354950051312942,7.773320049166771,7.564135050239856,81189.0,40.16930351691652,0.14954978396327348,9.604393012820045,33470.0,38.6037517397677,44.57623569695402,-0.007356272348700341,12.86767259135136,99.68992416666667,0.827647127,24.6,8.5,82.690243902439,94.5945945945946,1.6381529517545481,1.9203413940256044,0.0089632506722438,0.03325573661456601,151.48357536119426,50.85910652920962,0.3097087056338358,11.304535048992857
063060,2015,POZZUOLI,0,Campania,063,7.296797491222864,7.713844185061899,7.5053208381423815,81163.0,41.422463310964034,0.18279832661638196,9.61453898372279,33470.0,37.14623658563631,41.72344541231842,-0.005639526418050232,12.868424930825272,99.93022416666668,0.782999237,22.1,8.3,83.090243902439,35.39379474940334,1.8271872651331271,0.9785202863961814,0.011951000896325066,0.05051562904279044,151.3411283466604,49.35623375183274,0.32816855469476564,11.304214757278285
063060,2016,POZZUOLI,0,Campania,063,7.267423751468358,7.6846168551953475,7.476020303331853,80963.0,41.337034052418055,0.18785705570516245,9.622119307065757,33470.0,36.630312611933846,39.78607512073416,-0.0038977835663208064,12.875853446164292,99.96898750000001,0.7742427630000001,22.8,8.1,82.5439024390244,35.39379474940334,1.831700900411299,0.9785202863961814,0.011951000896325066,0.05064041599249039,161.3910057680669,44.83776539900942,0.3270812695075195,11.301747539170728
063060,2017,POZZUOLI,0,Campania,063,7.260050238127843,7.674894951512067,7.467472594819955,80704.0,42.35562512592722,0.2033441423806311,9.631387086223901,33470.0,33.35398493259318,40.79599524187153,-0.009221364875691852,12.889307801378264,99.875,0.668010321,23.9,7.9,83.2439024390244,33.14996412341545,1.7173869944488502,1.171968428605597,0.01493875112040633,0.060715701823949246,170.4723433782712,46.326080491673274,0.33857757653780773,11.298543419324591
063060,2018,POZZUOLI,0,Campania,063,7.2610392295246164,7.675581072289034,7.468310150906825,80215.0,42.814768048333335,0.20285445834340213,9.627125835038042,33470.0,35.08196721311476,39.55619273203266,-0.00557779158376601,12.906085515711624,101.10000000000001,0.62261636,24.2,7.6,82.9463414634147,38.008185538881314,1.7365829333665774,3.301500682128241,0.0179265013444876,0.15084460512372996,154.7391385651063,43.09293772985103,0.36935131139670196,11.292465808785176
063060,2019,POZZUOLI,0,Campania,063,7.25512953907512,7.670121821634038,7.462625680354578,79752.0,42.76615390779926,0.192407140859279,9.639577176935601,33470.0,30.082004213060486,41.398334837997794,-0.014189400422481329,12.912877077321394,102.25,0.595578796,23.3,7.3,83.3463414634146,36.33549113425275,1.6187681813622228,3.2085561497326207,0.01493875112040633,0.1429431236834186,136.86177149162404,33.54649413180861,0.32665071505043086,11.28667709870254
063060,2020,POZZUOLI,1,Campania,063,7.2031079652070895,7.618131702394043,7.410619833800567,79407.0,43.0498712288792,0.19672556111430567,9.62662025817954,33470.0,34.10278690795522,46.93918672157367,-0.016165325240367286,12.917052192618227,102.875,0.527189894,22.1,7.0,83.4975609756098,37.142857142857146,1.6862493231075346,3.273231622746186,0.0179265013444876,0.1486015086831136,50.13285982344126,6.4805369803669715,0.1576071953810822,11.282341804558325
063060,2021,POZZUOLI,1,Campania,063,7.186935560084304,7.6037461985834485,7.395340879333876,77090.0,42.789618715440376,0.1859304659773027,9.61554832246522,33470.0,28.71838111298483,41.948372032689065,-0.017161747204182436,12.823268425095806,102.73333333333333,0.475691584,23.7,6.8,82.1951219512195,38.71401668011838,1.866649370865222,3.1746031746031744,0.0179265013444876,0.15306784278116486,70.06226488519913,6.449604358541965,0.1919427307805927,11.252728849453307
063060,2022,POZZUOLI,1,Campania,063,7.20382729195923,7.621015814539835,7.412421553249533,76952.0,43.4477019372846,0.20476971138699945,9.662284667452466,33470.0,31.109003014866406,44.96829192223724,-0.018010303705388857,12.907639034878862,104.65833333333335,0.507288293,21.0,6.8,82.6463414634146,38.90520694259012,1.8933880860796342,3.4712950600801067,0.023902001792650132,0.16893647988356378,96.61607235679385,15.783865266659735,0.29162140021652405,11.250937129832451
063060,2023,POZZUOLI,1,Campania,063,7.1948412937118285,7.614903537381324,7.404872415546577,76618.0,43.379683129132744,0.20388402733900293,9.722827245449698,33470.0,34.40575321725965,46.49429637944086,-0.01577768039126734,12.95615807333407,113.24166666666666,0.540095241,20.8,6.7,82.7,39.08441386610214,1.9277454384087287,3.440063508864779,0.023902001792650132,0.16967292281187188,87.32543266595317,21.933488214257746,0.3073926100004905,11.246587315068744
063060,2024,POZZUOLI,1,Campania,063,7.182329073117568,7.604374771919155,7.39335192251836,76255.0,44.173334617232044,0.21723264678043241,9.782103447739711,33470.0,34.32692938167989,43.86991016982493,-0.012514564013041816,12.966840448140005,119.60833333333333,0.568072449,20.0,6.4,83.7,39.159926950169584,1.9683955150481935,3.3915992695016963,0.023902001792650132,0.17048062422136254,84.65018687299194,29.51675299980329,0.3266343276299181,11.241838266090284
063084,2014,TORRE DEL GRECO,0,Campania,063,7.104608872235816,7.519656529036289,7.312132700636052,85939.0,40.16930351691652,0.14954978396327348,9.573358994026114,37409.0,36.47005434086969,42.112428583064734,-0.006565557246645931,12.867672591351358,99.68992416666669,0.8276471270000001,24.6,8.5,82.690243902439,100.0,0.5957714192625001,0.0,0.0,0.0,24.66982394489115,8.850463700997219,-0.271282294705976,11.361393021236154
063084,2015,TORRE DEL GRECO,0,Campania,063,7.04052111523599,7.457321661135483,7.248921388185737,85422.0,41.422463310964034,0.18279832661638196,9.574201585675251,37409.0,35.29418650933015,39.643183254899206,-0.005091190496088892,12.868424930825274,99.93022416666668,0.782999237,22.1,8.3,83.090243902439,92.3076923076923,0.8569221043759219,0.0,0.0,0.0,26.408887640186368,8.860715038280537,-0.24184281631600507,11.355358957841801
063084,2016,TORRE DEL GRECO,0,Campania,063,7.020741166528836,7.434537270277026,7.22763921840293,84990.0,41.337034052418055,0.18785705570516248,9.582968268293515,37409.0,34.89469349335216,37.90092952112013,-0.003537164404951143,12.875853446164294,99.96898750000001,0.774242763,22.8,8.1,82.5439024390244,92.3076923076923,0.8612777973879279,0.0,0.0,0.0,29.54582892104953,8.76220731850806,-0.2361338902941396,11.350288881492672
063084,2017,TORRE DEL GRECO,0,Campania,063,7.014143988969124,7.427385345111942,7.220764667040532,84569.0,42.35562512592722,0.2033441423806311,9.598974563908039,37409.0,31.829630242760352,38.931523371448165,-0.008397749918631906,12.889307801378262,99.875,0.668010321,23.9,7.9,83.2439024390244,91.18942731277532,0.9790821695893295,0.0,0.0,0.0,35.54612210147926,11.681585450933557,-0.19627004954777832,11.345323048182294
063084,2018,TORRE DEL GRECO,0,Campania,063,7.014143988969124,7.4268698629318735,7.220506925950498,84225.0,42.814768048333335,0.20285445834340213,9.600172861916109,37409.0,33.41169486494508,37.6728999703176,-0.005059311493466926,12.906085515711624,101.10000000000001,0.62261636,24.2,7.6,82.9463414634147,90.59080962800876,0.9830810329474622,0.0,0.0,0.0,48.16028495102404,17.815375482338975,-0.14816114555747767,11.341247068274754
063084,2019,TORRE DEL GRECO,0,Campania,063,7.013866509432747,7.427506839118307,7.220686674275527,83749.0,42.76615390779926,0.192407140859279,9.610603590164603,37409.0,28.646312194772474,39.42256026937635,-0.012867315519712319,12.912877077321394,102.25,0.595578796,23.3,7.3,83.3463414634146,84.27350427350427,0.5886637452387491,0.0,0.0,0.0,52.25375825382989,19.821132192623196,-0.17493406837638756,11.335579509317519
063084,2020,TORRE DEL GRECO,1,Campania,063,6.97042469374251,7.387564544432069,7.178994619087289,83044.0,43.0498712288792,0.19672556111430567,9.628135595852484,37409.0,32.60921920909398,44.88343528731757,-0.01478037676198592,12.917052192618225,102.875,0.527189894,22.1,7.0,83.4975609756098,87.2566371681416,0.5936611916574347,0.0,0.0,0.0,18.794855739126245,3.2633302827416792,-0.3307868261499161,11.32712586679644
063084,2021,TORRE DEL GRECO,1,Campania,063,6.984137893478746,7.4026621720492205,7.193400032763984,81655.0,42.789618715440376,0.1859304659773027,9.590585780666764,37409.0,27.112852856530527,39.60320862163982,-0.015296498395823036,12.823268425095808,102.73333333333332,0.47569158399999995,23.7,6.8,82.1951219512195,86.33975481611208,0.6037597207764375,0.0,0.0,0.0,32.70467209601372,5.307697017941339,-0.28109932943379023,11.310258333510843
063084,2022,TORRE DEL GRECO,1,Campania,063,7.131603276766661,7.551740684803908,7.341671980785285,81289.0,43.4477019372846,0.20476971138699945,9.642444498271226,37409.0,29.449248975876195,42.569105290998785,-0.016139768375945808,12.907639034878864,104.65833333333335,0.507288293,21.0,6.8,82.6463414634146,87.56660746003553,0.6064781212710207,0.0,0.0,0.0,45.77618127913986,14.489045258276029,-0.20285446800837087,11.305765985028835
063084,2023,TORRE DEL GRECO,1,Campania,063,7.160598324305832,7.579257967210268,7.369928145758049,80712.0,43.379683129132744,0.20388402733900293,9.720466576556369,37409.0,32.66057091882248,44.13594013281792,-0.01421767421696333,12.95615807333407,113.24166666666667,0.540095241,20.8,6.7,82.7,77.10526315789473,0.7260382594905342,9.736842105263158,0.010692614076826432,0.09168401229061354,60.20913866587373,21.55565467340668,0.12781770011242544,11.298642542088215
063084,2024,TORRE DEL GRECO,1,Campania,063,7.101801286849589,7.522963912730816,7.312382599790202,80069.0,44.173334617232044,0.21723264678043241,9.802201422164188,37409.0,32.69180331963681,41.78021456493774,-0.011350724057126884,12.966840448140005,119.60833333333332,0.568072449,20.0,6.4,83.7,74.17721518987341,0.7318687631917471,11.39240506329114,0.016038921115239645,0.11240305236733317,59.39377287089886,22.183366846095243,0.14762082486779415,11.290644041916629
064008,2014,AVELLINO,0,Campania,064,7.121430175022995,7.296314400400602,7.208872287711799,55353.0,40.16930351691652,0.14954978396327348,9.816876327244849,27435.0,8.301266417357686,9.09797120300616,-0.0014393163616217267,12.867672591351358,99.68992416666667,0.827647127,16.8,8.5,82.690243902439,87.31884057971014,0.4353874225425903,2.898550724637681,0.003644979041370512,0.014452694524235362,16.815710078947845,3.0314526764583674,-0.1202967582030974,10.921486137209993
064008,2015,AVELLINO,0,Campania,064,7.107450245138276,7.289484558757577,7.198467401947926,54996.0,41.422463310964034,0.18279832661638196,9.819989038319743,27435.0,8.002400174558149,9.042475816423012,-0.0018911841622388235,12.868424930825272,99.93022416666668,0.782999237,16.5,8.3,83.090243902439,87.31884057971014,0.43821368826823764,2.898550724637681,0.003644979041370512,0.014546512473634447,14.81380464033748,1.8510437122699834,-0.13928538980883723,10.915015734297125
064008,2016,AVELLINO,0,Campania,064,7.069127584562111,7.261472987329771,7.165300285945941,54645.0,41.337034052418055,0.18785705570516248,9.840537148604614,27435.0,8.03916186293348,9.091408180071369,-0.0019256040207482651,12.875853446164294,99.96898750000001,0.774242763,14.6,8.1,82.5439024390244,81.14478114478115,0.4410284564004026,0.0,0.0,0.0,22.794400219599233,3.328758349345777,-0.33841589332467054,10.908612998110774
064008,2017,AVELLINO,0,Campania,064,7.056263226832935,7.251734377704175,7.153998802268555,54357.0,42.35562512592722,0.2033441423806311,9.846143449955663,27435.0,9.205806059937082,9.428408484647791,-0.0004095193346040242,12.889307801378262,99.875,0.668010321,15.1,7.9,83.2439024390244,73.25227963525836,0.4433651599609986,2.735562310030395,0.003644979041370512,0.016557205143771733,32.34174071416745,5.445480802840481,-0.06208488826997812,10.903328679104217
064008,2018,AVELLINO,0,Campania,064,7.026708015907933,7.22278673835675,7.1247473771323415,54111.0,42.814768048333335,0.20285445834340213,9.8454132888933,27435.0,9.715215020975403,9.140470514313172,0.001062158353499716,12.906085515711624,101.10000000000001,0.62261636,15.3,7.6,82.9463414634147,73.25227963525836,0.4453807913363272,2.735562310030395,0.003644979041370512,0.016632477684759107,33.100478645746705,6.691800188501413,-0.050407226423465464,10.898792771338309
064008,2019,AVELLINO,0,Campania,064,7.025299988942773,7.221797632369993,7.123548810656383,53762.0,42.76615390779926,0.192407140859279,9.86088676503967,27435.0,8.243740932256985,9.413712287489306,-0.002176205043027269,12.912877077321394,102.25,0.595578796,14.5,7.3,83.3463414634146,71.94029850746269,0.4482720136899669,2.6865671641791042,0.003644979041370512,0.016740448644023655,34.20259662958967,7.235593913916895,-0.04397137725644242,10.892322176885992
064008,2020,AVELLINO,1,Campania,064,7.016688063225818,7.212930737352132,7.1148094002889755,53346.0,43.0498712288792,0.19672556111430567,9.863567316088067,27435.0,8.568589959884527,10.984891088366513,-0.004529488862298929,12.917052192618227,102.875,0.527189894,14.1,7.0,83.4975609756098,71.94029850746269,0.45176770517002207,2.6865671641791042,0.003644979041370512,0.016870993139129455,11.071120608855397,1.2653244854347092,-0.15411890482290308,10.884554277349194
064008,2021,AVELLINO,1,Campania,064,7.00904778355627,7.206225706998296,7.107636745277284,52819.0,42.789618715440376,0.1859304659773027,9.856967469589213,27435.0,7.794543630133097,9.557166928567371,-0.0033371008508950835,12.823268425095806,102.73333333333333,0.475691584,14.5,6.8,82.1951219512195,71.94029850746269,0.4562752039985611,2.6865671641791042,0.003644979041370512,0.017039322970900623,19.28283382873587,2.1299153713625776,-0.12187486424157476,10.874626253449264
064008,2022,AVELLINO,1,Campania,064,6.996100091288442,7.199142270170639,7.097621180729541,52498.0,43.4477019372846,0.20476971138699945,9.891416113918622,27435.0,9.777515333917483,10.05181149758086,-0.0005224887875031003,12.907639034878864,104.65833333333335,0.507288293,14.0,6.8,82.6463414634146,74.38271604938271,0.4590651072421807,2.7777777777777777,0.003644979041370512,0.017143510228961104,33.89843422606575,7.06122137986209,-0.04427542884328057,10.868530352615977
064008,2023,AVELLINO,1,Campania,064,6.974439974793185,7.179349207006982,7.076894590900084,52250.0,43.379683129132744,0.20388402733900293,9.92678503598266,27435.0,10.455502392344497,10.723444976076554,-0.0005128087726929304,12.95615807333407,113.24166666666666,0.540095241,14.1,6.7,82.7,70.99697885196375,0.44976076555023925,4.531722054380665,0.007289958082741024,0.028708133971291867,34.19712918660287,8.53397129186603,-0.02856713254743627,10.863795169827057
064008,2024,AVELLINO,1,Campania,064,6.9471552316603,7.1565806415525675,7.051867936606434,52121.0,44.173334617232044,0.21723264678043241,9.999009546520275,27435.0,11.37545327219355,10.561961589378562,0.0015607752783234926,12.966840448140005,119.60833333333333,0.568072449,8.7,6.4,83.7,66.38418079096046,0.45087392797528825,6.779661016949152,0.014579916165482048,0.04604669902726348,33.78484679879511,9.681318470482147,-0.004111893684823553,10.861323217547433
065037,2014,CAVA DE` TIRRENI,0,Campania,065,7.103663991672592,7.436358632519665,7.27001131209613,53467.0,40.16930351691652,0.14954978396327348,9.57188234972302,22467.0,21.802233153159893,19.81970187218284,0.003707953094389162,12.86767259135136,99.68992416666667,0.827647127,17.5,8.5,82.690243902439,60.04813477737665,0.933285952082593,5.535499398315283,0.017803890149997774,0.08603437634428712,48.98535545289618,16.722464323788504,0.12790451317138815,10.886819920140972
065037,2015,CAVA DE` TIRRENI,0,Campania,065,7.136026024202981,7.45286659321716,7.294446308710071,53136.0,41.422463310964034,0.18279832661638196,9.570682552254562,22467.0,21.239837398373986,19.04735019572418,0.004126180372346064,12.868424930825272,99.93022416666668,0.782999237,16.6,8.3,83.09024390243901,55.32150776053215,0.9390996687744655,6.097560975609757,0.02225486268749722,0.10350797952423967,39.914558867810904,13.574601023788016,0.11940344219531615,10.880609943616529
065037,2016,CAVA DE` TIRRENI,0,Campania,065,7.117474651184605,7.451493708138535,7.28448417966157,52578.0,41.337034052418055,0.18785705570516248,9.573759633319897,22467.0,21.08866826429305,19.23237856137548,0.003530544529874798,12.875853446164294,99.96898750000001,0.774242763,17.5,8.1,82.5439024390244,55.32150776053215,0.9490661493400282,6.097560975609757,0.02225486268749722,0.10460648940621553,28.123930160903797,7.432766556354369,0.06444838302440262,10.870053060283906
065037,2017,CAVA DE` TIRRENI,0,Campania,065,7.070469486428945,7.4285233502269525,7.249496418327949,52256.0,42.355625125927226,0.2033441423806311,9.578245063112677,22467.0,21.6970300061237,19.934552969993877,0.0033727744873886696,12.889307801378262,99.875,0.668010321,15.9,7.9,83.2439024390244,65.95135908440629,0.8821953459889774,7.1530758226037205,0.026705835224996664,0.09568279240661359,40.81636558481323,13.211879975505203,0.11970876185929824,10.863909995770191
065037,2018,CAVA DE` TIRRENI,0,Campania,065,7.084995724132776,7.445104070054336,7.265049897093556,51802.0,42.814768048333335,0.20285445834340213,9.573923511450044,22467.0,22.528087718620903,20.630477587737925,0.003663198584770815,12.906085515711624,101.10000000000001,0.62261636,15.0,7.6,82.9463414634147,69.03553299492386,0.7876143778232502,0.0,0.0,0.0,68.19041735840315,25.15732983282499,-0.12036042495515323,10.855184037540836
065037,2019,CAVA DE` TIRRENI,0,Campania,065,7.094173414190766,7.443013586511234,7.268593500351,51494.0,42.76615390779926,0.19240714085927899,9.595948922569752,22467.0,22.16763118033169,22.056938672466693,0.00021496195258670234,12.912877077321394,102.25,0.595578796,17.2,7.3,83.34634146341462,52.0,0.6816328115896998,17.037037037037038,0.04450972537499444,0.2233269895521808,75.79718025401017,29.18786654755894,0.27436484345174506,10.849220575010241
065037,2020,CAVA DE` TIRRENI,1,Campania,065,7.081567282288114,7.425570152507383,7.253568717397749,51101.0,43.049871228879205,0.19672556111430567,9.604853806024192,22467.0,22.328330169663996,26.33412261990959,-0.007838970764262126,12.917052192618227,102.875,0.527189894,13.0,7.0,83.4975609756098,51.69366715758469,0.6868750122306805,16.642120765832104,0.04005875283749499,0.22113070194321052,33.4670554392282,4.2308369699223105,0.09741939348677306,10.841559345471941
065037,2021,CAVA DE` TIRRENI,1,Campania,065,7.08919423426322,7.437054886869689,7.263124560566455,51257.0,42.789618715440376,0.1859304659773027,9.599243963506078,22467.0,18.766217297149655,20.691807948182685,-0.0037567369355074034,12.823268425095806,102.73333333333333,0.47569158400000006,15.1,6.8,82.19512195121949,51.541850220264315,0.6847845172366701,16.593245227606463,0.04005875283749499,0.2204576935833155,44.044715843689644,6.551300310201534,0.1350035194804399,10.844607473039577
065037,2022,CAVA DE` TIRRENI,1,Campania,065,7.089941926820342,7.437950576230633,7.263946251525487,51067.0,43.4477019372846,0.20476971138699945,9.656988315845831,22467.0,21.25247224234829,22.20416315820393,-0.001863612344284253,12.907639034878864,104.65833333333335,0.507288293,14.5,6.8,82.6463414634146,51.541850220264315,0.6873323281179627,16.593245227606463,0.04005875283749499,0.22127792899524157,58.0551040789551,20.159790079699217,0.22277137466226646,10.840893775014358
065037,2023,CAVA DE` TIRRENI,1,Campania,065,7.10462024058071,7.450250940574632,7.277435590577672,50614.0,43.379683129132744,0.20388402733900293,9.706277337132915,22467.0,24.864661951238787,24.597937329592604,0.0005269779540170375,12.95615807333407,113.24166666666667,0.540095241,15.1,6.7,82.7,49.85795454545455,0.6934840162800805,17.329545454545457,0.04896069791249388,0.24104002845062636,63.20780811633146,27.253329118425736,0.26989287289557773,10.831983496848645
065037,2024,CAVA DE` TIRRENI,1,Campania,065,7.138000365503986,7.468262117720173,7.30313124161208,50223.0,44.173334617232044,0.21723264678043241,9.771979714954055,22467.0,26.085657965473985,24.168209784361746,0.0038178686679653513,12.966840448140005,119.60833333333333,0.568072449,12.4,6.4,83.7,48.48066298342542,0.6988829819007227,18.784530386740332,0.05786264298749277,0.2707922664914481,62.93530852398304,28.023017342651773,0.29348055686491287,10.824228368083894
065116,2014,SALERNO,0,Campania,065,7.384324919193861,7.707753326889688,7.5460391230417745,135331.0,40.16930351691652,0.14954978396327348,9.800629241536916,63251.0,8.613695310017663,7.830430573926152,0.0005787770252872656,12.867672591351358,99.68992416666667,0.827647127,17.5,8.5,82.690243902439,60.39377289377289,0.9746473461365096,3.4340659340659343,0.011067018703261608,0.05541967472345582,156.48003783316463,37.45852761008195,0.25058391620320764,11.815478908387815
065116,2015,SALERNO,0,Campania,065,7.31720053217644,7.636881835684457,7.4770411839304485,134732.0,41.422463310964034,0.18279832661638196,9.811769179578047,63251.0,8.376629160110442,7.511949648190481,0.0006417773891280174,12.868424930825272,99.93022416666668,0.782999237,16.6,8.3,83.09024390243901,54.10172272354389,0.9789804946115251,4.881050041017227,0.0205530347346287,0.08832348662530058,220.92747083098297,67.66692396758009,0.3584845685669803,11.811042899143537
065116,2016,SALERNO,0,Campania,065,7.287249470639907,7.607281597054659,7.447265533847282,134338.0,41.337034052418055,0.18785705570516248,9.8187532330956,63251.0,8.253807560035135,7.527281930652534,0.0005408191497436323,12.875853446164294,99.96898750000001,0.774242763,17.5,8.1,82.5439024390244,54.10172272354389,0.9818517470857092,4.881050041017227,0.0205530347346287,0.0885825306316902,168.09167919724874,60.60533877235033,0.32713331511427074,11.808114291111403
065116,2017,SALERNO,0,Campania,065,7.264525034896517,7.593277577818235,7.428901306357376,133941.0,42.355625125927226,0.2033441423806311,9.826702907389901,63251.0,8.464921121986546,7.777304932768906,0.0005133724469860909,12.889307801378262,99.875,0.668010321,15.9,7.9,83.2439024390244,38.49970811441914,0.9847619474246123,15.79100992410975,0.17865330192408027,0.4039091838944013,181.30445494658096,64.8703533645411,0.6161795268459132,11.805154683465735
065116,2018,SALERNO,0,Campania,065,7.275819554893826,7.612722317476771,7.4442709361852994,133019.0,42.814768048333335,0.20285445834340213,9.820276121317878,63251.0,8.773182778400077,8.034190604349755,0.0005555538487361371,12.906085515711624,101.10000000000001,0.62261636,15.0,7.6,82.9463414634147,48.73695771554091,1.3343958381885295,0.0,0.0,0.0,189.7886768055691,65.63648802050834,0.08229764094453709,11.798247254143638
065116,2019,SALERNO,0,Campania,065,7.272693394698482,7.609719730236217,7.441206562467349,132364.0,42.76615390779926,0.192407140859279,9.838307501865566,63251.0,8.623946088060197,8.580883019552143,3.253382226893597e-05,12.912877077321394,102.25,0.595578796,17.2,7.3,83.3463414634146,43.64303178484108,1.3485539874890453,7.359413202933987,0.05059208550062449,0.22740322141972139,140.57674292103593,51.19216705448611,0.4380185216324651,11.793310982189372
065116,2020,SALERNO,1,Campania,065,7.259086400093174,7.5841954924337465,7.4216409462634605,131556.0,43.0498712288792,0.19672556111430567,9.835698601195402,63251.0,8.673112590835842,10.22910395572988,-0.0011827597106129995,12.917052192618227,102.875,0.527189894,13.0,7.0,83.4975609756098,43.441226575809196,1.3568366323086747,7.885130201995619,0.056916096188202564,0.24628295174678466,40.21861412630363,6.217124266472072,0.2229258911966447,11.78718789546254
065116,2021,SALERNO,1,Campania,065,7.246036248509198,7.574851549328446,7.410443898918823,129206.0,42.789618715440376,0.1859304659773027,9.830462519587813,63251.0,7.444700710493321,8.20859712397257,-0.0005912236378180959,12.823268425095806,102.73333333333333,0.475691584,15.1,6.8,82.1951219512195,42.75449101796407,1.3815147903348142,8.119760479041917,0.06007810153199159,0.2623717164837546,46.13717629212265,8.748819714254756,0.2594830771272191,11.769163308880835
065116,2022,SALERNO,1,Campania,065,7.234901683311704,7.572960971925366,7.403931327618535,128136.0,43.4477019372846,0.20476971138699945,9.85926662230558,63251.0,8.469906973840295,8.8491914840482,-0.0002960015219828187,12.907639034878864,104.65833333333335,0.507288293,14.5,6.8,82.6463414634146,42.03956665096562,1.3930511331710058,9.255770136599152,0.06640211221956965,0.30670537553849037,96.68789411250546,32.14319160891553,0.4211538967245248,11.760847478848131
065116,2023,SALERNO,1,Campania,065,7.23173817713477,7.577483490418226,7.404610833776498,127485.0,43.379683129132744,0.20388402733900293,9.905492759105192,63251.0,9.871749617602072,9.765854806447818,8.306452614366721e-05,12.95615807333407,113.24166666666666,0.540095241,15.1,6.7,82.7,39.99551870938831,1.4001647252617955,10.598252296661439,0.10434617634503802,0.37102404204416206,151.17621680982077,58.71828058202926,0.5634283194288678,11.755753989600837
065116,2024,SALERNO,1,Campania,065,7.34884216063876,7.68778876958725,7.518315465113005,126715.0,44.173334617232044,0.21723264678043241,9.977066767334694,63251.0,10.338949611332518,9.578976443199306,0.0005997499649869493,12.966840448140005,119.60833333333333,0.568072449,12.4,6.4,83.7,37.25773195876288,1.4260348025095686,12.824742268041236,0.14545224581429544,0.49086532770390245,151.40038669455075,62.74474213786845,0.6300181796197872,11.749695749199095
066049,2014,L`AQUILA,0,Abruzzo,066,6.751428622927203,7.083557140008646,6.917492881467925,70464.0,44.230501271848574,0.21360228983313415,9.850397638293732,55594.0,7.016348773841961,5.821412352406903,0.0016958112247886265,12.867672591351358,99.68992416666667,0.827647127,13.9,8.5,82.690243902439,64.10958904109589,1.9925068119891007,9.1324200913242,0.03237759470446451,0.2838328792007266,89.8799386920981,11.055290644868302,0.318248763372985,11.162857220082351
066049,2015,L`AQUILA,0,Abruzzo,066,6.733024441573129,7.057875016038735,6.895449728805931,70371.0,46.15271404514641,0.2400193872183312,9.855837867285226,55594.0,6.234102115928437,5.945631012775149,0.0004099289524850976,12.868424930825272,99.93022416666668,0.782999237,14.6,8.3,83.090243902439,62.36605229318474,2.0676130792513963,9.172738962708959,0.03597510522718279,0.30410254224041156,96.02535135211947,10.50574810646431,0.3369272111893237,11.161536525460733
066049,2016,L`AQUILA,0,Abruzzo,066,6.662892999935971,6.990449409339426,6.826671204637699,69954.0,45.124416085303345,0.22505785673004416,9.867976824578681,55594.0,5.828115618835235,5.919604311404638,-0.000130784076063417,12.875853446164294,99.96898750000001,0.7742427629999998,11.699999999999998,8.1,82.5439024390244,59.91718426501035,2.06850215856134,8.571428571428571,0.03417634996582365,0.295908740029162,94.60502616004801,10.905738056437087,0.3321468081244277,11.155593162161347
066049,2017,L`AQUILA,0,Abruzzo,066,6.650741848210052,6.977652152844268,6.81419700052716,69837.0,46.44698920948556,0.23793416465969167,9.884397603856447,55594.0,6.440711943525638,5.979638300614287,0.0006602139881600749,12.88930780137826,99.875,0.668010321,12.300000000000002,7.900000000000001,83.2439024390244,57.32963549920762,2.0719675816544236,9.706814580031695,0.04317012627261935,0.35081690221515816,81.8219568423615,10.140756332603061,0.34517411268602527,11.153919234264416
066049,2018,L`AQUILA,0,Abruzzo,066,6.658309294065881,6.988376131138287,6.823342712602083,69778.0,44.611137786329714,0.2223398311785905,9.875988975051914,55594.0,6.698386310871622,5.8571469517613,0.0012055939681709447,12.906085515711624,101.10000000000001,0.62261636,9.8,7.6,82.9463414634147,52.778842468378684,1.9734013585943992,10.310463779225756,0.0503651473180559,0.3855083264066038,99.42675341798274,12.551233913267792,0.38953943679481934,11.15307405282242
066049,2019,L`AQUILA,0,Abruzzo,066,6.617791593974112,6.950052361470628,6.78392197772237,69925.0,46.595439526345515,0.2500891421938898,9.902291733506997,55594.0,6.393993564533429,5.799070432606364,0.0008508017617834327,12.912877077321394,102.25,0.595578796,9.4,7.3,83.34634146341462,50.31055900621118,1.9692527708258847,10.559006211180124,0.053962657840774184,0.4132999642474079,115.35359313550234,11.578119413657491,0.40826207469760467,11.15517851807016
066049,2020,L`AQUILA,1,Abruzzo,066,6.624667284951079,6.957798735037464,6.791233009994272,70019.0,45.33742507764231,0.22937121267069768,9.912037704714361,55594.0,6.442537025664463,6.352561447607077,0.0001285016610596922,12.917052192618227,102.875,0.527189894,8.2,7.0,83.4975609756098,49.657410746483954,1.9666090632542594,10.602235845654528,0.055761413102133325,0.4198860309344607,59.929447721332785,3.3305245719019125,0.29794237047051064,11.156521912772854
066049,2021,L`AQUILA,1,Abruzzo,066,6.625605680850628,6.958576077148101,6.792090878999365,69349.0,47.173183262088706,0.26547162122299767,9.903619570790246,55594.0,5.770811403192548,5.476647103779434,0.00042417958357454926,12.823268425095806,102.73333333333333,0.47569158400000006,9.5,6.8,82.19512195121949,48.113207547169814,1.9856090210385153,12.823200559049615,0.0683526999316473,0.5292073425716305,79.25853292765576,6.607160881916106,0.3881564143914042,11.146907006028343
066049,2022,L`AQUILA,1,Abruzzo,066,6.607137079068494,6.943745917385741,6.775441498227118,69210.0,46.783726377012314,0.2514020231747897,9.934461416875974,55594.0,6.883398352839184,5.895101863892501,0.0014279677632519623,12.907639034878864,104.65833333333335,0.507288293,9.2,6.8,82.6463414634146,46.82992284468299,2.017049559312238,13.384770211338475,0.077346476238443,0.576506285218899,95.47319751481,11.128449646004912,0.4528644713258668,11.144900639835909
066049,2023,L`AQUILA,1,Abruzzo,066,6.6479389876492485,6.99505113834946,6.821495062999355,69659.0,45.3876794313853,0.22980869111679544,9.989788993810839,55594.0,7.839618714021161,6.22604401441307,0.0023163908462769923,12.95615807333407,113.24166666666667,0.540095241,9.2,6.7,82.7,44.2817076971019,2.0399374093799794,14.552820193206609,0.09893153937475267,0.6704087052642157,116.05679093871575,13.415351928681146,0.5200844115586774,11.15136718837624
066049,2024,L`AQUILA,1,Abruzzo,066,6.67252612694392,7.0438366986214715,6.858181412782696,69717.0,47.48946693579489,0.2535656985062716,10.057964887565307,55594.0,8.036777256623205,5.900999756157034,0.0030634959916034407,12.966840448140005,119.60833333333333,0.568072449,6.1,6.4,83.7,42.4813153961136,2.0382403144139882,17.309417040358742,0.12951037881785804,0.8305004518266706,136.5577979545878,16.777830371358494,0.5941764931037083,11.152199469448275
067041,2014,TERAMO,0,Abruzzo,067,6.729818579335419,7.080348026393665,6.905083302864542,54757.0,44.230501271848574,0.21360228983313415,9.728794351971414,28299.0,7.699472213598262,6.40466059133992,0.0023646504049862883,12.867672591351358,99.68992416666667,0.827647127,11.0,8.5,82.690243902439,80.39673278879813,1.258286611757401,4.3173862310385065,0.010601081310293652,0.06757126942673995,40.79843672955056,4.733641360921891,0.05107948965591798,10.910660493387415
067041,2015,TERAMO,0,Abruzzo,067,6.679047295753755,7.047689552497113,6.863368424125435,55043.0,46.1527140451464,0.2400193872183312,9.73850042643843,28299.0,7.381501735007176,6.380466180985775,0.001818642795671386,12.868424930825272,99.93022416666668,0.782999237,11.5,8.3,83.090243902439,78.38452787258248,1.2517486328870155,5.5745164960182025,0.014134775080391532,0.08902131061170358,47.67000345184674,5.29040931635267,0.08298407046718706,10.915869976935792
067041,2016,TERAMO,0,Abruzzo,067,6.6168721944930295,6.9974183033248964,6.807145248908963,54939.0,45.124416085303345,0.22505785673004414,9.76165335764562,28299.0,7.837783723766359,6.711079560967619,0.0020508275774927466,12.875853446164294,99.96898750000001,0.774242763,11.1,8.1,82.5439024390244,78.4738041002278,1.2541182038260617,7.403189066059225,0.017668468850489415,0.11831303809679827,44.23815504468592,5.091101039334535,0.09527588702489055,10.913978757809058
067041,2017,TERAMO,0,Abruzzo,067,6.586171694127603,6.971969087976972,6.779070391052287,54870.0,46.44698920948555,0.23793416465969167,9.768841661872882,28299.0,8.884636413340623,7.630763623109167,0.00228517002046921,12.889307801378262,99.875,0.668010321,10.2,7.9,83.2439024390244,78.4738041002278,1.2556952797521415,7.403189066059225,0.017668468850489415,0.11846181884454166,35.14671040641517,3.88372516858028,0.06921994283434207,10.912722030053022
067041,2018,TERAMO,0,Abruzzo,067,6.564949420630963,6.951605190246587,6.758277305438775,54451.0,44.611137786329714,0.2223398311785905,9.766155539781474,28299.0,7.397476630364916,7.030173917834383,0.0006745564131614347,12.906085515711624,101.10000000000001,0.62261636,10.1,7.6,82.9463414634147,77.76523702031604,1.2653578446676828,7.336343115124154,0.017668468850489415,0.1193733815724229,39.25180437457531,4.5416980404400284,0.0835179871652995,10.905056493665374
067041,2019,TERAMO,0,Abruzzo,067,6.562447602783695,6.943859706097327,6.753153654440511,54443.0,46.595439526345515,0.2500891421938898,9.788602763648381,28299.0,9.137997538710211,7.108351854232868,0.0037280195515995494,12.912877077321394,102.25,0.595578796,9.3,7.3,83.3463414634146,77.32884399551067,1.2655437797329319,7.295173961840629,0.017668468850489415,0.1193909226163143,43.81279503333762,5.908932277795125,0.1033655658115681,10.904909561786402
067041,2020,TERAMO,1,Abruzzo,067,6.560926013467792,6.942652309986503,6.751789161727147,53998.0,45.3374250776423,0.22937121267069768,9.80079658845412,28299.0,8.511426349124042,7.813252342679358,0.0012929627142573498,12.917052192618227,102.875,0.527189894,9.4,7.0,83.4975609756098,75.88105726872246,1.2759731841920072,7.158590308370045,0.017668468850489415,0.12037482869735915,20.574836105040927,1.2685655024260156,0.011327391796969993,10.896702287823487
067041,2021,TERAMO,1,Abruzzo,067,6.552570622131113,6.934550620636916,6.743560621384015,52476.0,47.173183262088706,0.26547162122299767,9.800154588076616,28299.0,7.346215412760119,6.8393170211144145,0.0009659623287706853,12.823268425095806,102.73333333333333,0.475691584,6.9,6.8,82.1951219512195,75.6043956043956,1.3110755392941535,7.142857142857142,0.017668468850489415,0.1238661483344767,32.4224407348121,2.117158319993902,0.051140043950767586,10.868111201200922
067041,2022,TERAMO,1,Abruzzo,067,6.559087541828604,6.9442011768355165,6.751644359332061,51849.0,46.783726377012314,0.2514020231747897,9.835966998672697,28299.0,8.478466315647362,7.271114196995122,0.0023285928728658993,12.907639034878864,104.65833333333335,0.507288293,6.3,6.8,82.6463414634146,75.19125683060109,1.3269301240139637,7.103825136612022,0.017668468850489415,0.12536403787922623,25.8982815483423,2.744508090802137,0.04850974511136792,10.856090927068603
067041,2023,TERAMO,1,Abruzzo,067,6.582573602616734,6.969209519993402,6.775891561305069,51650.0,45.3876794313853,0.22980869111679547,9.880932588018497,28299.0,9.945788964181993,7.738625363020329,0.004273308037099059,12.95615807333407,113.24166666666666,0.540095241,6.7,6.7,82.7,73.58288770053476,1.3320425943852856,8.663101604278074,0.028269550160783065,0.15682478218780252,35.50822846079381,4.3233301064859635,0.11971060800893688,10.852245474547784
067041,2024,TERAMO,1,Abruzzo,067,6.621073616037356,7.00827542900524,6.814674522521299,51630.0,47.48946693579489,0.2535656985062716,9.948731277161361,28299.0,10.768932791012977,7.408483439860546,0.006508714606144552,12.966840448140005,119.60833333333333,0.568072449,9.2,6.4,83.7,71.66666666666667,1.3325585899670735,10.520833333333334,0.03533693770097883,0.19562269998063142,44.94673639356963,5.525857059848925,0.1726245736650075,10.851858177873694
068024,2014,MONTESILVANO,0,Abruzzo,068,6.9489592904815005,7.2697021301589935,7.109330710320247,52392.0,44.230501271848574,0.21360228983313415,9.595637927862066,29081.0,9.936631546801038,7.852343869293021,0.00397825560678733,12.867672591351358,99.68992416666667,0.827647127,12.4,8.5,82.690243902439,92.91389306420442,8.258894487708048,1.6534249516856347,0.017193356487053404,0.1469690029012063,227.90311497938617,26.240647427088103,0.50159216715951,10.86650918689789
068024,2015,MONTESILVANO,0,Abruzzo,068,6.942673833267867,7.25540213274958,7.099037983008724,52807.0,46.15271404514641,0.2400193872183312,9.600780852523567,29081.0,8.546215463858958,7.440301475183214,0.0020942564218299547,12.868424930825272,99.93022416666668,0.782999237,13.0,8.3,83.090243902439,91.79041154009334,8.19398943321908,1.845566397963513,0.020632027784464085,0.16475088529929743,227.26343098452855,23.218512697180298,0.5067730698721334,10.87439903666454
068024,2016,MONTESILVANO,0,Abruzzo,068,6.935677938794005,7.2435258760239565,7.089601907408981,52687.0,45.124416085303345,0.22505785673004416,9.603369487028452,29081.0,8.664376411638544,7.610985632129367,0.0019993371790179297,12.875853446164294,99.96898750000001,0.774242763,13.8,8.1,82.5439024390244,91.39472507822978,7.76092774308653,2.123379526151095,0.024070699081874765,0.18031013342949875,239.36265112836185,26.765615806555697,0.529362372030338,10.872124024782218
068024,2017,MONTESILVANO,0,Abruzzo,068,6.9198057351174755,7.229278937652945,7.0745423363852105,52969.0,46.44698920948555,0.23793416465969164,9.615674101624627,29081.0,9.6093941739508,7.919726632558666,0.003189917765848203,12.889307801378262,99.875,0.668010321,12.3,7.900000000000001,83.2439024390244,90.18526687251874,7.71960958296362,2.249669166299074,0.02750937037928544,0.19256546281787462,257.5204364817157,29.279389831788404,0.5520653825631936,10.877462115749834
068024,2018,MONTESILVANO,0,Abruzzo,068,6.886494295688367,7.196280178239159,7.041387236963762,52950.0,44.611137786329714,0.2223398311785905,9.612679122196477,29081.0,8.796978281397545,8.239848914069878,0.001052180108267548,12.906085515711624,101.10000000000001,0.62261636,11.7,7.599999999999999,82.9463414634147,89.8483849703362,7.722379603399434,2.2412656558998023,0.02750937037928544,0.1926345609065156,280.4230406043437,32.60056657223796,0.5668378533279356,10.877103351029552
068024,2019,MONTESILVANO,0,Abruzzo,068,6.866833374833046,7.17757698652642,7.022205180679732,52843.0,46.595439526345515,0.2500891421938898,9.628060669987788,29081.0,10.79423953976875,8.18462237193195,0.00493843492579301,12.912877077321394,102.25,0.595578796,12.0,7.300000000000001,83.3463414634146,89.59011060507483,7.81749711409269,2.6458468878768167,0.03438671297410681,0.2308725848267509,257.0406676380978,27.57034990443389,0.5744933248148476,10.875080532194938
068024,2020,MONTESILVANO,1,Abruzzo,068,6.854821829897059,7.178139523314191,7.016480676605625,53212.0,45.33742507764231,0.22937121267069768,9.637376510273183,29081.0,11.316996166278283,9.464030669773734,0.003482232384621042,12.917052192618227,102.875,0.527189894,9.7,7.0,83.4975609756098,90.19650655021833,7.763286476734572,2.2707423580786026,0.030948041676696132,0.19544463654814706,141.97925280012026,9.326843569119747,0.4360752434357546,10.882039213803797
068024,2021,MONTESILVANO,1,Abruzzo,068,6.844704430668248,7.185961829304937,7.015333129986593,53344.0,47.173183262088706,0.26547162122299767,9.615875335544288,29081.0,9.58495800839832,7.997150569886023,0.002976543638482861,12.823268425095806,102.73333333333333,0.475691584,11.2,6.8,82.1951219512195,90.53735816741597,7.927789442111578,2.397773496039392,0.03438671297410681,0.20995800839832035,188.78036892621475,14.500224955008996,0.5014092564734605,10.88451678555052
068024,2022,MONTESILVANO,1,Abruzzo,068,6.828787022741868,7.213717469983398,7.021252246362633,53402.0,46.783726377012314,0.2514020231747897,9.671629019223703,29081.0,10.85165349612374,8.318040522826859,0.004744415889473955,12.907639034878864,104.65833333333335,0.507288293,11.3,6.8,82.6463414634146,90.09373668512995,7.9191790569641585,2.3647209203238173,0.03438671297410681,0.20785738361859107,212.5575821130295,23.150818321411183,0.5410246547348734,10.885603477430454
068024,2023,MONTESILVANO,1,Abruzzo,068,6.848119579734992,7.243786460646586,7.045953020190789,53573.0,45.3876794313853,0.22980869111679547,9.734751439863759,29081.0,11.580460306497677,8.885072704534,0.0050312426072157196,12.95615807333407,113.24166666666667,0.540095241,9.3,6.7,82.7,89.92820945945947,7.949900136262668,2.491554054054054,0.037825384271517486,0.22026020570063276,257.82017060832885,28.715957665241817,0.5821379855612586,10.888800488800355
068024,2024,MONTESILVANO,1,Abruzzo,068,6.857116564320214,7.2556753311757785,7.056395947747997,53493.0,47.48946693579489,0.2535656985062716,9.806199974347237,29081.0,10.893014039220086,8.872188884526947,0.0037777375632197466,12.966840448140005,119.60833333333332,0.568072449,7.400000000000001,6.4,83.7,87.82051282051282,7.9393565513244715,4.052936311000828,0.07565076854303497,0.3664030807769241,285.57942160656535,35.48127792421438,0.7002592399541641,10.887306083202157
068028,2014,PESCARA,0,Abruzzo,068,7.189489974852732,7.520388327944534,7.354939151398633,121760.0,44.230501271848574,0.21360228983313415,9.735184886519644,65776.0,4.275624178712221,3.378777923784494,0.0007365688690273706,12.867672591351358,99.68992416666667,0.827647127,12.4,8.5,82.690243902439,82.44170096021948,1.4807818659658345,2.606310013717421,0.006081245439065921,0.04681340341655716,88.31061103810775,16.499671484888303,0.18162955242708242,11.709807173095513
068028,2015,PESCARA,0,Abruzzo,068,7.160393429873817,7.4931225728827275,7.3267580013782725,121600.0,46.15271404514641,0.2400193872183312,9.73961558442398,65776.0,3.711348684210526,3.23108552631579,0.000394953254847645,12.868424930825272,99.93022416666668,0.782999237,13.0,8.3,83.090243902439,78.39859216893973,1.4654605263157894,2.5076990761108666,0.006081245439065921,0.046875,85.90131578947368,15.148848684210526,0.1726321950669743,11.708492248514204
068028,2016,PESCARA,0,Abruzzo,068,7.154970934756123,7.470854427057776,7.312912680906949,121393.0,45.124416085303345,0.22505785673004414,9.750832311210287,65776.0,3.760513373917771,3.303320619805096,0.0003766220079515911,12.875853446164294,99.96898750000001,0.774242763,13.799999999999999,8.1,82.5439024390244,77.88503729706011,1.46219304243243,4.475647213690214,0.01368280223789832,0.08402461426935655,101.94574645984528,20.259817287652503,0.23179347862439512,11.706788495319067
068028,2017,PESCARA,0,Abruzzo,068,7.144093482541074,7.457627487259871,7.300860484900472,121123.0,46.44698920948555,0.23793416465969167,9.761497297921663,65776.0,4.202339770316125,3.463421480643643,0.0006100561327514027,12.889307801378262,99.875,0.668010321,12.3,7.8999999999999995,83.2439024390244,77.5227542540562,1.6173641670037895,4.3925603482390185,0.01672342495743128,0.09164238005993906,109.14442343733232,21.30644056042205,0.260218984831975,11.70456183718884
068028,2018,PESCARA,0,Abruzzo,068,7.1144688358367425,7.427644389044782,7.271056612440762,120075.0,44.611137786329714,0.2223398311785905,9.752937981515844,65776.0,3.879242140328961,3.6335623568602955,0.00020460527459393335,12.906085515711624,101.10000000000001,0.62261636,11.7,7.6000000000000005,82.9463414634147,74.92283950617285,1.6173225067666042,4.398148148148148,0.015203113597664802,0.09494066208619613,119.11305434103683,23.282948157401623,0.2711906909402629,11.695871826533025
068028,2019,PESCARA,0,Abruzzo,068,7.081262124364134,7.403881059149982,7.242571591757058,120463.0,46.595439526345515,0.2500891421938898,9.772145291652725,65776.0,4.735063878535318,3.590314038335422,0.0009502916581854141,12.912877077321394,102.25,0.595578796,12.0,7.3,83.3463414634146,72.32752084912812,1.5838888289350257,5.496588324488249,0.022804670396497202,0.12036890995575406,127.9621128479284,24.58265193461893,0.3064915070849708,11.699097930820225
068028,2020,PESCARA,1,Abruzzo,068,7.064619387043448,7.404407296721675,7.234513341882562,119862.0,45.33742507764231,0.22937121267069768,9.777634305870023,65776.0,5.024111061053545,4.201498389814954,0.000686299804140254,12.917052192618227,102.875,0.527189894,9.7,7.0,83.4975609756098,70.23721275018532,1.5809847991857302,6.893995552260935,0.02888591583556312,0.155178455223507,62.21571473861608,6.686856551701123,0.1961062528668723,11.694096360006787
068028,2021,PESCARA,1,Abruzzo,068,7.045635825750913,7.398538337572968,7.2220870816619405,118766.0,47.173183262088706,0.26547162122299767,9.764084309050789,65776.0,4.305104154387619,3.5919370863715203,0.000600480834595843,12.823268425095806,102.73333333333333,0.47569158399999995,11.2,6.8,82.1951219512195,68.50566313481914,1.5787346546991563,9.462915601023019,0.04104840671369497,0.21807588030244351,80.96593301113113,11.462034589023794,0.28808795394312864,11.6849104496628
068028,2022,PESCARA,1,Abruzzo,068,7.032473625267483,7.412794408181219,7.222634016724352,118992.0,46.783726377012314,0.2514020231747897,9.802880434934064,65776.0,4.870075299179777,3.7330240688449647,0.0009555694755402145,12.907639034878864,104.65833333333335,0.507288293,11.3,6.8,82.6463414634146,66.60746003552399,1.5757361839451391,10.373001776198935,0.048649963512527365,0.245394648379723,112.20418179373404,24.17305365066559,0.38324843193071995,11.686811542943081
068028,2023,PESCARA,1,Abruzzo,068,7.029953704556741,7.420445574495399,7.225199639526069,118829.0,45.3876794313853,0.22980869111679547,9.854488511545608,65776.0,5.220947748445245,4.005756170631749,0.0010226388994382654,12.95615807333407,113.24166666666667,0.540095241,9.3,6.7,82.7,64.41085537615939,1.5778976512467495,11.508072827207146,0.0623327657504257,0.28191771368941926,109.56752981174627,26.11062956012421,0.41629341518810115,11.685440763865342
068028,2024,PESCARA,1,Abruzzo,068,7.032209610060291,7.42642927201448,7.229319441037385,118461.0,47.48946693579489,0.2535656985062716,9.91742189496065,65776.0,4.918918462616388,4.006381847190214,0.0007703266184028282,12.966840448140005,119.60833333333333,0.568072449,7.3999999999999995,6.4,83.7,59.98026964814207,1.5397472585914351,15.718513646826699,0.10338117246412065,0.40350832763525546,113.48376258853125,28.53006474704755,0.5029727871782118,11.6823390714634
071020,2014,CERIGNOLA,0,Puglia,071,6.770056074939792,7.059014038609733,6.9145350567747625,57952.0,41.913564771212435,0.20262077920134733,9.12595116263122,26180.0,10.094561016013252,11.625138045278852,-0.0026411116601076762,12.867672591351358,99.68992416666667,0.827647127,22.8,8.5,82.690243902439,50.63694267515924,0.2743649917172833,12.101910828025476,0.007639419404125286,0.06557150745444505,5.150814467145224,0.3951546107123136,-0.18190179806241139,10.96737036068314
071020,2015,CERIGNOLA,0,Puglia,071,6.718596462768336,7.004605402161282,6.8616009324648095,57611.0,43.932451498849154,0.24255959780537917,9.126005391641282,26180.0,9.489507212164344,10.921525403134817,-0.002485667999115576,12.868424930825272,99.93022416666668,0.782999237,19.1,8.3,83.090243902439,53.061224489795926,0.31591189182621376,11.07871720116618,0.007639419404125286,0.06595962576591276,5.804447067400322,0.6057870892711461,-0.17344721010805877,10.961468800673332
071020,2016,CERIGNOLA,0,Puglia,071,6.658980811628184,6.926527308928699,6.792754060278441,57098.0,42.894296061629696,0.22280959387174856,9.139886270462847,26180.0,8.301516690602122,11.072191670461313,-0.0048524904197330705,12.875853446164294,99.96898750000001,0.7742427629999998,20.3,8.1,82.5439024390244,28.413284132841326,0.13485586185155346,16.236162361623617,0.015278838808250572,0.07706049248660199,6.096535780587761,0.5604399453571054,-0.1726256936996812,10.952524368760965
071020,2017,CERIGNOLA,0,Puglia,071,6.606354927903603,6.908615949046228,6.757485438474916,56636.0,42.85513302328345,0.20995188112914773,9.153910906507857,26180.0,9.742919697718765,11.609223815241188,-0.0032952611722622065,12.88930780137826,99.875,0.668010321,15.4,7.900000000000001,83.2439024390244,27.598566308243722,0.1359559290910375,21.50537634408602,0.02291825821237586,0.10593968500600326,5.727805635991242,0.6162158344515856,-0.1416764147393149,10.944400104404862
071020,2018,CERIGNOLA,0,Puglia,071,6.583542611429528,6.888310454187412,6.735926532808469,56023.0,44.916699614995274,0.222716961238745,9.153461553979787,26180.0,10.138693036788462,12.00935330132267,-0.0033390933447587762,12.906085515711624,101.10000000000001,0.62261636,13.0,7.599999999999999,82.9463414634147,52.16346153846154,0.38734091355336203,15.865384615384615,0.026737967914438502,0.11780875711761242,4.167931028327651,0.36235117719508053,-0.11067086460215676,10.933517599682975
071020,2019,CERIGNOLA,0,Puglia,071,6.60620306689217,6.899529980388722,6.752866523640446,55428.0,44.44889743063808,0.22464109637209043,9.180626082154252,26180.0,10.359385148300499,12.618171321353827,-0.0040751717057323535,12.912877077321392,102.25,0.595578796,11.800000000000002,7.3,83.3463414634146,41.16161616161616,0.2940751966515118,15.656565656565656,0.02291825821237586,0.11185682326621922,18.84426643573645,2.1000216497077293,-0.07066924400297607,10.922840160218605
071020,2020,CERIGNOLA,1,Puglia,071,6.622255918876984,6.8964881294599705,6.759372024168478,55324.0,44.705911231216014,0.23357483834594472,9.20994179502363,26180.0,10.754826115248354,14.959149736100066,-0.007599457054536389,12.917052192618227,102.875,0.527189894,10.3,7.0,83.4975609756098,41.895261845386536,0.3036656785481889,12.967581047381548,0.01145912910618793,0.09399175764586798,12.565974983732195,0.9959511242860243,-0.13222907659393232,10.920962089744599
071020,2021,CERIGNOLA,1,Puglia,071,6.649770227037297,6.890708355267745,6.770239291152521,57223.0,44.624017630258514,0.2253185443990905,9.215262029236746,26180.0,9.296961012180418,11.608968421788441,-0.004040346381014668,12.823268425095806,102.73333333333333,0.475691584,10.0,6.8,82.1951219512195,41.895261845386536,0.2935882424899079,12.967581047381548,0.01145912910618793,0.09087255124687627,15.387169494783569,1.2023137549586704,-0.1247043727983248,10.95471119445029
071020,2022,CERIGNOLA,1,Puglia,071,6.670391972806825,6.894699649627815,6.782545811217319,57127.0,46.08467547717161,0.23254114580501448,9.266255781065556,26180.0,12.244647889789414,12.752288760130936,-0.0008886181146244683,12.907639034878864,104.65833333333335,0.507288293,9.3,6.8,82.6463414634146,37.086092715231786,0.2940816076461218,34.87858719646799,0.06493506493506493,0.27657675004813836,15.554816461568086,2.0165595952876925,0.04506651839271061,10.953032138524556
071020,2023,CERIGNOLA,1,Puglia,071,6.688610302243077,6.913736843493698,6.801173572868389,57152.0,46.3803066170099,0.2520650094958447,9.30909247628083,26180.0,12.863941769316908,14.482432810750277,-0.0028319062175135973,12.956158073334072,113.24166666666667,0.540095241,8.3,6.7,82.7,39.14728682170542,0.3534434490481522,35.077519379844965,0.06493506493506493,0.31669932810750284,17.602183650615903,1.663983762597984,0.06331510805106007,10.95346966423617
071020,2024,CERIGNOLA,1,Puglia,071,6.668596683553708,6.932114745107362,6.800355714330535,57066.0,45.77932370301236,0.2504442642718165,9.364462796536547,26180.0,12.241965443521536,13.547471348964358,-0.0022877123075786304,12.966840448140005,119.60833333333333,0.568072449,5.599999999999999,6.400000000000001,83.7,40.08350730688935,0.33645252865103564,33.194154488517746,0.05729564553093965,0.2786247502891389,19.361791609715066,1.9573826797042022,0.04890549194233684,10.95196377171044
071024,2014,FOGGIA,0,Puglia,071,7.092002143814199,7.338970005431975,7.215486074623087,151956.0,41.91356477121243,0.2026207792013473,9.657476523629295,69553.0,3.849798625918029,4.43352022954013,-0.0003841385688107748,12.86767259135136,99.68992416666667,0.827647127,22.8,8.5,82.690243902439,66.88851913477536,0.5291005291005291,9.151414309484194,0.014377525052837405,0.07238937587196294,35.090420911316436,3.195661902129564,-0.03485416083786279,11.931346284238609
071024,2015,FOGGIA,0,Puglia,071,7.030913233991918,7.28381657862519,7.157364906308554,151523.0,43.932451498849154,0.24255959780537917,9.63345207224077,69553.0,3.6080331038852185,4.152504900246167,-0.00035933277216062805,12.868424930825272,99.93022416666668,0.782999237,19.1,8.3,83.09024390243901,65.70743405275779,0.5424918989196359,8.233413269384492,0.015815277558121146,0.0679764788183972,38.40473063495311,3.304448829550629,-0.025832454084561685,11.92849270759032
071024,2016,FOGGIA,0,Puglia,071,6.981020760234023,7.222751482514946,7.101886121374484,150981.0,42.894296061629696,0.22280959387174853,9.6479005546987,69553.0,3.139467880064379,4.18728184341076,-0.0006940038570061011,12.875853446164294,99.96898750000001,0.774242763,20.3,8.1,82.5439024390244,64.57187745483111,0.54443936654281,8.798114689709347,0.01869078256868863,0.07418151952894736,41.088613799087305,3.744179731224459,-0.007135938989912116,11.924909280065508
071024,2017,FOGGIA,0,Puglia,071,6.93869713201533,7.19237596894047,7.0655365504779,150960.0,42.85513302328344,0.2099518811291477,9.653791088689841,69553.0,3.6552729199788025,4.3554583995760465,-0.00046382185982859304,12.889307801378262,99.875,0.668010321,15.4,7.9,83.2439024390244,60.6671299513551,0.5782988871224165,9.867963863794301,0.024441792589823586,0.09406465288818229,40.54385267620562,3.5128510863804983,0.01649545646285057,11.924770180042431
071024,2018,FOGGIA,0,Puglia,071,6.897343082334954,7.145575058163267,7.021459070249111,150816.0,44.916699614995274,0.222716961238745,9.645525427127643,69553.0,3.766178654784638,4.461065138977297,-0.000460751169764918,12.906085515711624,101.10000000000001,0.62261636,13.0,7.6,82.9463414634147,59.115646258503396,0.5761988117971567,11.020408163265307,0.03019280261095855,0.10741565881604075,37.244058985784,3.5022809251007847,0.028508501021898103,11.923815829723457
071024,2019,FOGGIA,0,Puglia,071,6.876028129739424,7.1272971793855815,7.001662654562503,150652.0,44.44889743063807,0.22464109637209043,9.654723754595933,69553.0,3.8114329713511927,4.642487321774686,-0.0005516384451739724,12.912877077321394,102.25,0.595578796,11.8,7.3,83.34634146341462,55.55555555555556,0.5874465655948808,10.608913998744507,0.03019280261095855,0.11217906167857049,42.591535459203996,4.061014789050262,0.045614419455741295,11.92272782027517
071024,2020,FOGGIA,1,Puglia,071,6.818102714059001,7.085365051752357,6.951733882905679,149673.0,44.705911231216014,0.23357483834594475,9.662541964191513,69553.0,3.9753328923720375,5.52938739786067,-0.00103829983062318,12.917052192618227,102.875,0.527189894,10.3,7.0,83.4975609756098,51.52866242038216,0.5405116487275594,12.611464968152868,0.03306830762152603,0.1322883886873384,19.823214607845102,1.1952723604123656,-0.022072630941705123,11.916208193419326
071024,2021,FOGGIA,1,Puglia,071,6.7920573956766805,7.047388207788435,6.919722801732559,147467.0,44.624017630258514,0.22531854439909052,9.66666500971885,69553.0,3.6075867821275267,4.504736652946082,-0.0006083733111940676,12.823268425095806,102.73333333333333,0.47569158400000006,10.0,6.8,82.19512195121949,53.03834808259587,0.6096279167542569,12.448377581120942,0.03594381263209351,0.14308285921596017,27.451565434978676,2.0187567387957985,0.022635771021695856,11.901359700917428
071024,2022,FOGGIA,1,Puglia,071,6.7793433333932365,7.040035035474996,6.909689184434116,146803.0,46.08467547717161,0.23254114580501445,9.702095261143166,69553.0,4.764889000905976,4.962432647834173,-0.00013456376704031717,12.907639034878864,104.65833333333335,0.507288293,9.3,6.8,82.6463414634146,50.62358276643992,0.6082981955409631,34.807256235827666,0.09057840783287566,0.4182475834962501,34.79356688896004,3.7349372969217245,0.20718962542119845,11.896846830921044
071024,2023,FOGGIA,1,Puglia,071,6.769203483264592,7.022657341596479,6.895930412430536,146017.0,46.38030661700991,0.2520650094958447,9.745962665018608,69553.0,5.035030167720197,5.668518049268236,-0.00043384529304672716,12.95615807333407,113.24166666666667,0.540095241,8.3,6.7,82.7,48.26296098343132,0.6184211427436531,37.52004275788348,0.10926919040156427,0.48076593821267394,38.83794352712356,5.169945965195832,0.2598379577728682,11.89147833226822
071024,2024,FOGGIA,1,Puglia,071,6.75563714229552,7.019229177763955,6.887433160029738,145652.0,45.77932370301236,0.2504442642718165,9.797472948860863,69553.0,4.796363935956938,5.307857084008458,-0.0003511748194679923,12.966840448140005,119.60833333333333,0.568072449,5.6,6.4,83.7,48.80546075085324,0.6872545519457336,40.80936128717699,0.1279599729702529,0.5746574025760031,45.0951583225771,6.59517205393678,0.3209476974685579,11.888975493841535
071029,2014,MANFREDONIA,0,Puglia,071,7.086466903415763,7.331813303459552,7.209140103437657,57235.0,41.913564771212435,0.2026207792013473,9.372996909848736,30226.0,10.221018607495413,11.77076963396523,-0.0027076981330825846,12.867672591351356,99.68992416666667,0.827647127,22.8,8.5,82.690243902439,51.1601150527325,4.661483358085087,11.102588686481305,0.01654204989082247,1.0116187647418537,88.00908534987333,14.103258495675721,0.4770746783370631,10.954920878352576
071029,2015,MANFREDONIA,0,Puglia,071,7.038047475090084,7.310510616002569,7.174279045546326,57175.0,43.932451498849154,0.24255959780537917,9.374062477883026,30226.0,9.561871447310889,11.004809794490598,-0.0025237225136505617,12.868424930825274,99.93022416666668,0.782999237,19.1,8.3,83.090243902439,41.12439132359451,3.2496720594665502,12.85967242142541,0.01654204989082247,1.0161783996501967,64.41626585045913,11.188456493222562,0.40862009332741367,10.953872018890982
071029,2016,MANFREDONIA,0,Puglia,071,7.007243523365323,7.2783110492857945,7.1427772863255585,56953.0,42.894296061629696,0.22280959387174853,9.369367188076652,30226.0,8.32265201130757,11.100381015925413,-0.004877230355938832,12.875853446164294,99.96898750000001,0.774242763,20.3,8.1,82.5439024390244,29.856982162943915,3.262339121731954,21.53302265788205,0.02315886984715146,2.3528172352641654,72.64411005565992,14.382034308991626,0.5244900336289031,10.949981645275436
071029,2017,MANFREDONIA,0,Puglia,071,6.995922893810411,7.253059832081016,7.124491362945713,56606.0,42.85513302328344,0.2099518811291477,9.383206927256564,30226.0,9.748083242059145,11.615376461859167,-0.003298754937285839,12.889307801378262,99.875,0.668010321,15.4,7.9,83.2439024390244,28.214285714285715,2.0934176589054165,25.071428571428573,0.02315886984715146,1.8602268310779775,75.46903155142564,13.804190368512172,0.46057285223483546,10.94387026564006
071029,2018,MANFREDONIA,0,Puglia,071,6.979053971645537,7.231496210226183,7.10527509093586,56312.0,44.916699614995274,0.22271696123874501,9.399284023567922,30226.0,10.086660036937065,11.947719846569115,-0.003304908029606567,12.906085515711624,101.10000000000001,0.62261636,13.0,7.6,82.9463414634147,28.08056872037914,2.1043472084102857,24.834123222748815,0.02315886984715146,1.8610598096320499,73.08033811620969,12.92974854382725,0.4545281819011806,10.938662935287967
071029,2019,MANFREDONIA,0,Puglia,071,6.978634069551218,7.233041816204296,7.105837942877757,55881.0,44.44889743063807,0.22464109637209045,9.415290792817903,30226.0,10.275406667740377,12.515881963458062,-0.004009368650735823,12.912877077321394,102.25,0.595578796,11.8,7.3,83.3463414634146,27.577379567139864,2.1205776560906213,25.669071445194323,0.03308409978164494,1.9738372613231685,67.92290760723681,15.253842987777599,0.4881025010233369,10.930979708701113
071029,2020,MANFREDONIA,1,Puglia,071,6.948501384338847,7.205966031164616,7.077233707751731,55517.0,44.705911231216014,0.2335748383459447,9.445421027345214,30226.0,10.71743790190392,14.907145559017959,-0.007546711200378331,12.917052192618225,102.875,0.527189894,10.3,7.0,83.4975609756098,27.29785763648929,2.13448133004305,25.91568762957844,0.03308409978164494,2.026406325990237,41.46117405479403,4.094241403534053,0.3843180546402348,10.924444559138633
071029,2021,MANFREDONIA,1,Puglia,071,6.939899360802,7.2084399252587374,7.074169643030369,54643.0,44.624017630258514,0.22531854439909046,9.470687878617658,30226.0,9.735922259026774,12.157092399758431,-0.004430888019932393,12.823268425095808,102.73333333333332,0.47569158399999995,10.0,6.8,82.1951219512195,27.135333180673236,2.168621781380964,25.852988321502174,0.036392509759809434,2.066138389180682,57.604816719433416,7.56730047764581,0.4461580056886314,10.908576397569082
071029,2022,MANFREDONIA,1,Puglia,071,6.94589651906769,7.219155647709004,7.082526083388347,54342.0,46.08467547717161,0.23254114580501445,9.530070751844754,30226.0,12.872179897685033,13.405837105737737,-0.0009820345369193327,12.907639034878864,104.65833333333335,0.507288293,9.3,6.8,82.6463414634146,25.400883104810596,2.011335615177947,29.281896351382763,0.09594388936677033,2.318648559125538,69.49504986934599,14.226565087777407,0.5841608052133662,10.903052687603003
071029,2023,MANFREDONIA,1,Puglia,071,6.953381335541583,7.231869287142224,7.092625311341903,53975.0,46.38030661700991,0.2520650094958447,9.591942712527453,30226.0,13.621120889300602,15.334877257989808,-0.003175092855376021,12.95615807333407,113.24166666666667,0.540095241,8.3,6.7,82.7,23.84433962264151,1.8730893932376098,29.71698113207547,0.08601865943227685,2.3344140805928673,68.00926354793886,15.310792033348772,0.5695504564628409,10.896276255383007
071029,2024,MANFREDONIA,1,Puglia,071,6.977388043964639,7.251090118539527,7.114239081252083,53722.0,45.77932370301236,0.2504442642718165,9.646255000639444,30226.0,13.00398347045903,14.39075239194371,-0.0025813799216050756,12.966840448140005,119.60833333333332,0.568072449,5.6,6.4,83.7,12.005383580080755,0.8301999180968691,35.47779273216689,0.12241116919208628,2.4533710584118236,71.10494769368229,17.026544060161573,0.5435020312545042,10.891577880026057
072004,2014,ALTAMURA,0,Puglia,072,6.767802712901442,7.11131370121069,6.939558207056066,70036.0,41.913564771212435,0.2026207792013473,9.399130240383153,30256.0,12.8533896853047,13.894282940202181,-0.0014862260193293183,12.867672591351358,99.68992416666669,0.8276471270000001,20.4,8.5,82.690243902439,53.37995337995338,0.3269746987263693,2.797202797202797,0.003305129561078794,0.017134045348106686,12.199440287851962,1.8804614769547092,-0.15715485685292746,11.156764674546208
072004,2015,ALTAMURA,0,Puglia,072,6.746913614484424,7.103066353653125,6.924989984068774,70137.0,43.932451498849154,0.24255959780537914,9.407364283066904,30256.0,12.700856894363888,13.48503642870382,-0.0011180682583229024,12.868424930825272,99.93022416666668,0.782999237,20.7,8.3,83.090243902439,49.66292134831462,0.31509759470750104,2.696629213483146,0.003305129561078794,0.017109371658325847,14.079587093830645,2.6875971313286855,-0.14436123879885204,11.15820575117978
072004,2016,ALTAMURA,0,Puglia,072,6.743733260653238,7.088821357414212,6.916277309033726,70051.0,42.894296061629696,0.2228095938717485,9.430865197891075,30256.0,13.16183923141711,13.247491113617222,-0.00012227074874036155,12.875853446164292,99.96898750000001,0.7742427630000001,18.5,8.1,82.5439024390244,58.55704697986576,0.49820844813064774,2.013422818791946,0.003305129561078794,0.01713037644002227,16.68641418395169,2.812236798903656,-0.11550479664509021,11.156978827180746
072004,2017,ALTAMURA,0,Puglia,072,6.754041113272823,7.1022694228003225,6.928155268036574,70157.0,42.85513302328344,0.20995188112914767,9.470891534891518,30256.0,12.228287982667446,13.7420357198854,-0.002157657450030581,12.889307801378264,99.875,0.668010321,17.3,7.9,83.2439024390244,54.70219435736678,0.4974557064868794,1.8808777429467085,0.003305129561078794,0.01710449420585259,27.61805664438331,4.6253403081659705,-0.07190984286095137,11.158490866724785
072004,2018,ALTAMURA,0,Puglia,072,6.744065754136082,7.097941270347994,6.921003512242038,69958.0,44.916699614995274,0.222716961238745,9.47900037264168,30256.0,14.148489093456076,14.344320878241232,-0.00027992764913970934,12.906085515711624,101.10000000000001,0.62261636,14.2,7.6,82.9463414634147,50.584795321637436,0.49458246376397264,1.7543859649122806,0.003305129561078794,0.017153149032276507,31.57037079390491,6.223734240544326,-0.05094621658107716,11.155650340959463
072004,2019,ALTAMURA,0,Puglia,072,6.7259988540146995,7.076309256069314,6.901154055042007,70008.0,44.44889743063807,0.22464109637209043,9.508610779483721,30256.0,13.462747114615473,14.646897497428865,-0.0016914500954367964,12.912877077321394,102.25,0.595578796,14.2,7.3,83.3463414634146,47.019867549668874,0.5070849045823335,1.589403973509934,0.003305129561078794,0.017140898183064794,37.33858987544281,7.474860015998172,-0.0308616466927476,11.156364800215668
072004,2020,ALTAMURA,1,Puglia,072,6.733888243105935,7.0571048278111315,6.895496535458534,69999.0,44.705911231216014,0.23357483834594472,9.525726752314094,30256.0,14.485921227446106,16.140230574722498,-0.0023633328294352662,12.917052192618227,102.875,0.527189894,13.7,7.0,83.4975609756098,38.96816684961581,0.5071501021443163,3.7321624588364433,0.013220518244315176,0.04857212245889227,14.934499064272346,1.355733653337905,-0.11414324650795395,11.156236235215168
072004,2021,ALTAMURA,1,Puglia,072,6.749574050476935,7.065510808068939,6.907542429272937,69911.0,44.624017630258514,0.2253185443990905,9.52368474230845,30256.0,12.620331564417619,13.49716067571627,-0.0012542076515836605,12.823268425095806,102.73333333333333,0.475691584,15.6,6.8,82.1951219512195,37.40779768177028,0.5077884739168371,2.73972602739726,0.013220518244315176,0.03719014175165568,20.01401782266024,2.8307419433279453,-0.08766973000783101,11.154978283509006
072004,2022,ALTAMURA,1,Puglia,072,6.7598793648123925,7.073740560505232,6.916809962658814,69855.0,46.08467547717161,0.23254114580501445,9.605679584820365,30256.0,15.473480781619067,13.702669816047525,0.002534980982852394,12.907639034878862,104.65833333333335,0.507288293,11.0,6.8,82.6463414634146,34.80392156862745,0.5081955479206929,25.588235294117645,0.10245901639344263,0.37363109297831215,28.13685491374991,6.589363681912533,0.21299360971681783,11.154176944084588
072004,2023,ALTAMURA,1,Puglia,072,6.763442506629769,7.066445442943754,6.914943974786761,70038.0,46.38030661700991,0.2520650094958447,9.67551406007946,30256.0,17.257774351066562,14.964733430423486,0.003273995431969896,12.95615807333407,113.24166666666666,0.540095241,9.4,6.7,82.7,37.752161383285305,0.5611239612781633,19.98078770413064,0.08262823902696986,0.2969816385390788,29.1598846340558,8.622462092007197,0.19475707786071997,11.156793230880718
072004,2024,ALTAMURA,1,Puglia,072,6.858307467686361,7.129755316364007,6.9940313920251835,70093.0,45.77932370301236,0.2504442642718165,9.72816694105907,30256.0,16.262679582839944,15.010058065712695,0.001787085040057137,12.966840448140005,119.60833333333333,0.568072449,6.6,6.4,83.70000000000002,33.50831146106737,0.5464169032571013,27.47156605424322,0.11898466419883659,0.44797626011156605,30.567959710670113,9.30620746722212,0.2722239401381257,11.157578210689957
072006,2014,BARI,0,Puglia,072,7.256015029355883,7.5793158424613924,7.417665435908638,318513.0,41.913564771212435,0.2026207792013473,9.735816679165065,163254.0,2.8262582688932634,3.055134327327299,-7.185768192633753e-05,12.867672591351358,99.68992416666667,0.827647127,20.4,8.5,82.690243902439,82.87425149700599,1.5208170467139488,2.8400342172797255,0.005512881767062369,0.0521171820302468,98.12064185763218,26.635019606735042,0.22450837041548882,12.671418569487923
072006,2015,BARI,0,Puglia,072,7.250839129107634,7.54888377409412,7.399861451600876,318031.0,43.932451498849154,0.2425595978053792,9.74052879641384,163254.0,2.80098480965692,2.973923925655046,-5.437806880402419e-05,12.868424930825272,99.93022416666668,0.7829992370000001,20.699999999999996,8.3,83.090243902439,81.1895788956251,1.558024217764935,3.5556283794854986,0.009188136278437281,0.0682323421301697,106.81285786605707,31.92204533520317,0.2568045679328954,12.66990414128776
072006,2016,BARI,0,Puglia,072,7.3038777953387415,7.591280488658261,7.447579141998501,318234.0,42.894296061629696,0.22280959387174853,9.748182006883026,163254.0,2.8972391384955722,2.916093189288385,-5.924587188299418e-06,12.875853446164294,99.96898750000001,0.774242763,18.5,8.1,82.5439024390244,78.68715550359111,1.480357221415688,4.008685485217972,0.011638305952687224,0.07541620317125135,120.92202593060452,38.24198545724216,0.280676581041923,12.670542240214742
072006,2017,BARI,0,Puglia,072,7.301223570454416,7.583316651748028,7.442270111101222,316893.0,42.85513302328344,0.2099518811291477,9.754905265154997,163254.0,2.7072229427598593,3.0423518348464627,-0.00010575458974688725,12.889307801378262,99.875,0.668010321,17.3,7.9,83.2439024390244,78.43706988836213,1.6185273893711758,4.434928888209206,0.014088475626937167,0.09151353927035308,130.37681488704388,44.541848510380476,0.31919736230024087,12.666319456447985
072006,2018,BARI,0,Puglia,072,7.296694706314291,7.575860556641845,7.4362776314780685,316758.0,44.916699614995274,0.222716961238745,9.753470801371625,163254.0,3.124782957336516,3.168033640823594,-1.3654172424083527e-05,12.906085515711624,101.10000000000001,0.62261636,14.2,7.6,82.9463414634147,74.29457822425765,1.5876473522373546,6.721820062047571,0.02695186641674936,0.14364278092423868,140.9258803250431,51.6050107653161,0.3851848341370686,12.66589335437589
072006,2019,BARI,0,Puglia,072,7.298421142510889,7.5781043298084265,7.438262736159658,316491.0,44.44889743063807,0.22464109637209043,9.768969575817577,163254.0,2.977967777914696,3.2399025564708,-8.276215707748536e-05,12.912877077321394,102.25,0.595578796,14.2,7.3,83.34634146341462,75.12755102040816,1.8610323832273272,6.454081632653062,0.03001457850956179,0.15987816399202506,151.90416157173505,60.31861885488055,0.4294239201832175,12.665050084143099
072006,2020,BARI,1,Puglia,072,7.295293245581933,7.570116120699402,7.432704683140668,315284.0,44.705911231216014,0.23357483834594475,9.769039746446945,163254.0,3.2161479808680427,3.5834358863754585,-0.0001164943052953578,12.917052192618227,102.875,0.527189894,13.7,7.0,83.4975609756098,68.45214122701033,1.6172720467895612,10.37723184320043,0.047778308647873864,0.24517577802869792,52.30617475038378,11.676456781822102,0.27754662266721297,12.661229098923648
072006,2021,BARI,1,Puglia,072,7.294531784085483,7.568264409454451,7.431398096769967,317205.0,44.624017630258514,0.22531854439909052,9.763298673604284,163254.0,2.781482006904053,2.974732428555666,-6.0922880046535554e-05,12.823268425095806,102.73333333333333,0.47569158400000006,15.6,6.8,82.19512195121949,65.80872392305608,1.5315017102504689,12.638851259821186,0.061254241856248545,0.2941315553033527,94.51017480808939,30.628142683753406,0.41459006930081194,12.667303531544196
072006,2022,BARI,1,Puglia,072,7.297139049568026,7.568367787621502,7.432753418594763,315948.0,46.08467547717161,0.23254114580501445,9.798388506540915,163254.0,3.4211325914390973,3.0296124678744603,0.00012391916504128433,12.907639034878864,104.65833333333335,0.507288293,11.0,6.8,82.6463414634146,55.438357718044685,1.5470900274728752,34.05920381082,0.24685459468068166,0.9504728626229634,146.7839644498462,68.93096332307847,0.7533730531094877,12.663332922066042
072006,2023,BARI,1,Puglia,072,7.293966902138722,7.564647938438206,7.429307420288464,316736.0,46.38030661700991,0.2520650094958447,9.850110679441732,163254.0,3.8161118407759145,3.3090649626187107,0.00016008501659337863,12.95615807333407,113.24166666666667,0.540095241,9.4,6.7,82.7,57.0139729343162,1.6360628409779754,32.896908350753655,0.2278657797052446,0.9440038391594262,172.29364518084463,86.59325116185089,0.7791093557164006,12.665823898311558
072006,2024,BARI,1,Puglia,072,7.293772106340112,7.564050606751634,7.428911356545873,316226.0,45.77932370301236,0.2504442642718165,9.911257091862407,163254.0,3.6047004357642956,3.327050906630068,8.780098067022537e-05,12.966840448140005,119.60833333333333,0.568072449,6.6,6.4,83.7,47.29994837377387,1.4486474862914498,43.65513680949922,0.3221973121638673,1.3370184614800809,212.57929455515995,115.55754428794596,0.8755146618315119,12.664212426816063
072011,2014,BITONTO,0,Puglia,072,7.059441925145021,7.323957341735506,7.191699633440264,55509.0,41.913564771212435,0.2026207792013473,9.455919665142112,25318.0,16.217190005224378,17.530490551081808,-0.002365923626542417,12.867672591351358,99.68992416666667,0.827647127,20.4,8.5,82.690243902439,51.70940170940172,0.21798266947702177,0.0,0.0,0.0,10.935163667153073,1.4916500027022646,-0.4132645166576069,10.924300448749825
072011,2015,BITONTO,0,Puglia,072,7.054233751587272,7.314513832994265,7.184373792290769,54848.0,43.932451498849154,0.2425595978053792,9.469156254744068,25318.0,16.24124854142357,17.244019836639442,-0.0018282732191071186,12.868424930825272,99.93022416666668,0.782999237,20.7,8.3,83.090243902439,54.7085201793722,0.22243290548424735,0.0,0.0,0.0,13.262106184364061,1.316365227537923,-0.40938046470108747,10.912321001957451
072011,2016,BITONTO,0,Puglia,072,7.044562704166079,7.301771596090521,7.173167150128299,54451.0,42.894296061629696,0.22280959387174853,9.48232192699305,25318.0,16.932655047657526,17.042845861416687,-0.00020236692394843205,12.875853446164294,99.96898750000001,0.774242763,18.5,8.1,82.5439024390244,45.18518518518518,0.22405465464362453,4.814814814814815,0.003949759064697053,0.02387467631448458,18.475326440285762,1.6840829369524895,-0.1525786354771039,10.905056493665374
072011,2017,BITONTO,0,Puglia,072,7.030349342841383,7.3003786506367465,7.165363996739065,54001.0,42.85513302328344,0.2099518811291477,9.487460532888319,25318.0,15.886742838095593,17.8533730856836,-0.00364184042441438,12.889307801378262,99.875,0.668010321,17.3,7.900000000000001,83.2439024390244,42.745098039215684,0.2018481139238162,5.098039215686274,0.003949759064697053,0.024073628266143222,18.64595100090739,1.8981129979074463,-0.151957149518044,10.896757843893464
072011,2018,BITONTO,0,Puglia,072,7.026074621451337,7.300667385237471,7.1633710033444045,53538.0,44.916699614995274,0.222716961238745,9.499285175524568,25318.0,18.48780305577347,18.7436960663454,-0.00047796520335449823,12.906085515711624,101.10000000000001,0.62261636,14.2,7.599999999999999,82.9463414634147,40.97744360902256,0.20359370914117075,4.887218045112782,0.003949759064697053,0.024281818521424036,19.91482685195562,2.0490119167693974,-0.14704289164187562,10.888146961128207
072011,2019,BITONTO,0,Puglia,072,7.029077296285875,7.301551111118395,7.165314203702135,52861.0,44.44889743063807,0.22464109637209045,9.538388242859986,25318.0,17.829779989027827,19.39804392652428,-0.002966769333717587,12.912877077321394,102.25,0.595578796,14.2,7.300000000000001,83.3463414634146,39.63636363636363,0.2062011691038762,4.7272727272727275,0.003949759064697053,0.024592799984865972,20.150961956830177,3.677569474659957,-0.12687635581577725,10.875421105875668
072011,2020,BITONTO,1,Puglia,072,7.029077296285875,7.301551111118395,7.165314203702135,52546.0,44.705911231216014,0.23357483834594472,9.559856376421209,25318.0,19.29737753587333,21.501160887603245,-0.004194007825010304,12.917052192618227,102.875,0.527189894,13.7,7.0,83.4975609756098,41.76470588235294,0.2702394092794885,4.411764705882353,0.007899518129394106,0.0285464164731854,6.20408784683896,0.3406539032466791,-0.19369360069309327,10.869444255425103
072011,2021,BITONTO,1,Puglia,072,7.033584205927223,7.288805654250443,7.161194930088834,53457.0,44.624017630258514,0.2253185443990905,9.561713086564842,25318.0,16.50485436893204,17.651570421086106,-0.0021451186040257883,12.823268425095806,102.73333333333333,0.475691584,15.600000000000001,6.8,82.1951219512195,40.92219020172911,0.2656340610210075,4.899135446685879,0.01184927719409116,0.03180126082645865,7.882971360158631,1.3468769291206015,-0.16709928837785681,10.886632871395525
072011,2022,BITONTO,1,Puglia,072,7.018593695253307,7.293766703387448,7.156180199320378,53396.0,46.08467547717161,0.23254114580501448,9.611105983865635,25318.0,20.243089369990262,17.926436437186304,0.00433862636303086,12.907639034878864,104.65833333333335,0.507288293,11.0,6.8,82.6463414634146,42.13649851632047,0.2659375234099932,35.90504451038576,0.0513468678410617,0.22660873473668441,15.842010637500936,3.6706869428421607,0.02988803974309891,10.885491115775624
072011,2023,BITONTO,1,Puglia,072,7.024066753808686,7.30530312471,7.1646849392593435,53282.0,46.38030661700991,0.2520650094958447,9.679315033847695,25318.0,22.68495927330055,19.670808152847115,0.005656978192360335,12.95615807333407,113.24166666666667,0.540095241,9.4,6.7,82.7,41.040462427745666,0.2665065125182988,34.68208092485549,0.04739710877636464,0.22521677114222438,15.902180849067227,5.463383506625127,0.041107992558225843,10.883353842047292
072011,2024,BITONTO,1,Puglia,072,7.039602457722281,7.307695730397149,7.173649094059716,53103.0,45.77932370301236,0.2504442642718165,9.742148167577739,25318.0,21.465830555712483,19.81243997514265,0.0031135539999055306,12.966840448140005,119.60833333333332,0.568072449,6.6,6.4,83.7,33.97129186602871,0.26740485471630604,36.36363636363637,0.06319614503515285,0.286236182513229,11.050223151234393,4.255880082104589,0.056595513415626506,10.879988702809266
072029,2014,MOLFETTA,0,Puglia,072,7.0632285317756764,7.368356577561958,7.215792554668817,59941.0,41.913564771212435,0.2026207792013473,9.519998733127274,29935.0,15.018101132780567,16.23429705877446,-0.0020289883818986874,12.867672591351358,99.68992416666667,0.827647127,20.4,8.5,82.690243902439,76.37362637362637,0.23189469645151065,0.0,0.0,0.0,14.96471530338166,1.9736073805909145,-0.3952649640126339,11.001116024081504
072029,2015,MOLFETTA,0,Puglia,072,7.0406324269684495,7.349929887287434,7.195281157127941,59553.0,43.932451498849154,0.24255959780537917,9.476807077576753,29935.0,14.95810454553087,15.881651638036706,-0.0015507986037745119,12.868424930825272,99.93022416666668,0.782999237,20.7,8.3,83.090243902439,71.64948453608247,0.23340553792420196,0.0,0.0,0.0,15.547495508202777,1.961278189176028,-0.393950679497348,10.994621951348279
072029,2016,MOLFETTA,0,Puglia,072,7.040107596044321,7.3376018719306595,7.188854733987491,59214.0,42.894296061629696,0.22280959387174853,9.50042961059556,29935.0,15.570642077886987,15.671969466680178,-0.00017112066199410767,12.875853446164294,99.96898750000001,0.774242763,18.5,8.1,82.5439024390244,69.15422885572139,0.2347417840375587,1.9900497512437811,0.0033405712376816435,0.006755159252879387,16.415036984496908,2.4808322356199546,-0.15085242946818342,10.988913279400062
072029,2017,MOLFETTA,0,Puglia,072,7.1090795027793146,7.390409548938498,7.249744525858906,58871.0,42.85513302328344,0.2099518811291477,9.529988167734539,29935.0,14.572539960252076,16.376484177268942,-0.00306423233343559,12.889307801378262,99.875,0.668010321,17.3,7.9,83.2439024390244,62.05357142857143,0.23610945966604951,1.7857142857142854,0.0033405712376816435,0.006794516824922288,16.502182738530006,2.4290397649097177,-0.15130998842005788,10.983103888458638
072029,2018,MOLFETTA,0,Puglia,072,7.050083348014008,7.3574522960298525,7.2037678220219306,58670.0,44.916699614995274,0.22271696123874501,9.538788991232506,29935.0,16.870632350434633,17.104141810124425,-0.00039800487419429305,12.906085515711624,101.10000000000001,0.62261636,14.2,7.6,82.9463414634147,54.08560311284047,0.23691835691153912,4.669260700389105,0.006681142475363287,0.020453383330492587,18.387591614112832,2.7543889551730016,-0.13646760759062118,10.979683801919906
072029,2019,MOLFETTA,0,Puglia,072,7.024117228419001,7.32248122795446,7.173299228186733,58389.0,44.44889743063807,0.22464109637209045,9.566636902293837,29935.0,16.14173902618644,17.561526999948622,-0.002431601797876626,12.912877077321394,102.25,0.595578796,14.2,7.3,83.3463414634146,62.67029972752043,0.39390981177961604,4.35967302452316,0.01002171371304493,0.027402421689016764,21.913374094435596,4.730343044066519,-0.08439487926228309,10.974882794910684
072029,2020,MOLFETTA,1,Puglia,072,7.02547559421416,7.317035010699459,7.171255302456809,58145.0,44.705911231216014,0.2335748383459447,9.582948616524796,29935.0,17.439160718892424,19.43073351104996,-0.0034251832352868473,12.917052192618225,102.875,0.527189894,13.7,7.0,83.4975609756098,52.39179954441913,0.3955628170951931,12.300683371298406,0.033405712376816436,0.09287127010061054,10.325909364519735,1.2228050563247055,-0.07656884969312099,10.970695169727144
072029,2021,MOLFETTA,1,Puglia,072,7.0222077315610125,7.323644123614639,7.172925927587826,57891.0,44.624017630258514,0.22531854439909046,9.57688444465649,29935.0,15.240710991345804,16.299597519476258,-0.001829103881657692,12.823268425095808,102.73333333333332,0.47569158399999995,15.6,6.8,82.1951219512195,62.0889748549323,0.5544903352852775,11.411992263056092,0.04008685485217972,0.10191566910227841,11.630477967214247,2.9434627144115666,-0.016914795248254934,10.966317211064466
072029,2022,MOLFETTA,1,Puglia,072,7.0249796009525145,7.323241787560089,7.174110694256302,57645.0,46.08467547717161,0.23254114580501445,9.625460965302887,29935.0,18.750975800156127,16.60508283459103,0.0037226003392576918,12.907639034878864,104.65833333333335,0.507288293,11.0,6.8,82.6463414634146,47.257383966244724,0.38858530661809354,39.45147679324894,0.09687656589276766,0.3243993407927834,18.135137479399773,6.918206262468557,0.1636541462938877,10.962058791667054
072029,2023,MOLFETTA,1,Puglia,072,7.028275022751231,7.325557542300823,7.176916282526027,57458.0,46.38030661700991,0.2520650094958447,9.689124899608478,29935.0,21.036235163075638,18.241150057433256,0.0048645708267645625,12.95615807333407,113.24166666666667,0.540095241,9.4,6.7,82.7,57.340241796200345,0.5778133593233318,31.43350604490501,0.0835142809420411,0.3167531066170072,21.800271502662817,8.921299035817466,0.18950322617975807,10.958809525105371
072029,2024,MOLFETTA,1,Puglia,072,7.035089534199561,7.326736914374872,7.180913224287215,57305.0,45.77932370301236,0.2504442642718165,9.749126664280322,29935.0,19.891806997644185,18.359654480411834,0.00267368033719981,12.966840448140005,119.60833333333332,0.568072449,6.6,6.4,83.7,46.09053497942387,0.39089084722101036,39.91769547325103,0.09353599465508602,0.3385393944681965,23.77104964662769,10.370822790332431,0.1988700000442043,10.9561431589308
073027,2014,TARANTO,0,Puglia,073,6.5440566774407465,6.855509369789711,6.699783023615229,198612.0,41.913564771212435,0.2026207792013473,9.751782875013149,100425.0,2.2732765391819223,2.7405192032706984,-0.00023525399476807856,12.867672591351358,99.68992416666667,0.827647127,18.5,8.5,82.690243902439,63.42648845686514,0.7884719956498096,2.6326447954637504,0.005974607916355489,0.03272712625621815,33.0468451050289,5.822407508106258,-0.0145632676326461,12.199108451728542
073027,2015,TARANTO,0,Puglia,073,6.535656790303115,6.8518893732495,6.693773081776308,197486.0,43.932451498849154,0.24255959780537917,9.763756663850055,100425.0,2.0644501382376474,2.7125973486728174,-0.0003281990674960098,12.868424930825272,99.93022416666668,0.782999237,18.8,8.3,83.090243902439,60.253943824547896,0.7929676027667785,3.2320123124278566,0.008961911874533234,0.04253466068480804,39.908651752529295,6.3852627528027295,0.008649612354338426,12.193422974734828
073027,2016,TARANTO,0,Puglia,073,6.535740981733013,6.833763396888012,6.684752189310512,196713.0,42.894296061629696,0.22280959387174853,9.773003483409406,100425.0,2.1635580769954195,2.7593499158672787,-0.0003028736478381496,12.875853446164294,99.96898750000001,0.774242763,16.5,8.1,82.5439024390244,53.627267041901185,0.8718285014208518,5.0969355847404625,0.017923823749066467,0.08286183424583023,42.93056381632124,6.416962783344263,0.05487470113324189,12.189501092686406
073027,2017,TARANTO,0,Puglia,073,6.532678652330518,6.808102714090069,6.670390683210293,195386.0,42.85513302328344,0.2099518811291477,9.77462185344119,100425.0,2.354314024546283,2.936239034526527,-0.0002978335243979836,12.889307801378262,99.875,0.668010321,16.8,7.9,83.2439024390244,48.459194039959364,0.7323963845925502,12.597358618354216,0.042818023400547675,0.1903923515502646,44.77393467290389,6.8781796034516285,0.13913914241093656,12.182732368122245
073027,2018,TARANTO,0,Puglia,073,6.534914041714915,6.801762514501632,6.668338278108273,194227.0,44.916699614995274,0.222716961238745,9.765799629389194,100425.0,2.382264051856848,2.927502355491255,-0.0002807221980643306,12.906085515711624,101.10000000000001,0.62261636,16.7,7.6,82.9463414634147,44.858101922490086,0.7568463704840213,13.762587732682332,0.05377147124719941,0.23220252591040383,46.212421547982515,8.166217879079634,0.1830130407996074,12.176782857101168
073027,2019,TARANTO,0,Puglia,073,6.522831550019134,6.796438751677051,6.659635150848093,192775.0,44.44889743063807,0.22464109637209043,9.780685342628958,100425.0,2.4116197639735444,3.100505770976527,-0.00035735235741303733,12.912877077321394,102.25,0.595578796,15.4,7.3,83.3463414634146,48.36622452280815,0.7755154973414603,18.117114202523453,0.06970375902414737,0.29049409933860715,48.62611853196732,8.945143301776683,0.23114638790421788,12.169278984701162
073027,2020,TARANTO,1,Puglia,073,6.509904140856339,6.802258028315503,6.656081084585921,191050.0,44.705911231216014,0.23357483834594472,9.786072795762088,100425.0,2.624443862863125,3.5268254383669198,-0.00047232744072431043,12.917052192618227,102.875,0.527189894,11.7,7.0,83.4975609756098,49.73166368515206,0.8730698769955509,20.721526535480024,0.09260642270351008,0.3637791154148129,26.842187908924366,2.4784087935095527,0.19503824575542192,12.160290452875046
073027,2021,TARANTO,1,Puglia,073,6.515483964379175,6.809240394831526,6.66236217960535,190717.0,44.624017630258514,0.2253185443990905,9.775291073014289,100425.0,2.385209498891027,2.907973594383301,-0.0002741046133759833,12.823268425095806,102.73333333333333,0.475691584,15.0,6.8,82.1951219512195,44.75028376844495,0.8268796174436469,21.027241770715097,0.09758526263380633,0.3885337961482196,40.31156110886812,5.134833287016889,0.2536583902719721,12.158545932869634
073027,2022,TARANTO,1,Puglia,073,6.523201818929146,6.820637806601617,6.671919812765382,189461.0,46.08467547717161,0.23254114580501445,9.802680022333728,100425.0,2.7815750998886313,3.0069512986841618,-0.00011895651284197301,12.907639034878864,104.65833333333335,0.507288293,13.6,6.8,82.6463414634146,48.5480687905272,0.9088941787491885,31.23766563292924,0.13940751804829474,0.5848169280221259,44.607069528821235,8.927430975240288,0.3680238252891884,12.151938477574575
073027,2023,TARANTO,1,Puglia,073,6.5583670580453095,6.86139490048278,6.709880979264045,188310.0,46.38030661700991,0.2520650094958447,9.843875328115823,100425.0,2.986564707131857,3.290319154585524,-0.0001613055320767177,12.95615807333407,113.24166666666667,0.540095241,13.5,6.7,82.7,50.39157439913584,0.9909192289310181,30.46178773967054,0.13940751804829474,0.5990122670065318,48.82958950666455,11.68498752057777,0.4009247360150483,12.145844819979686
073027,2024,TARANTO,1,Puglia,073,6.572916323002667,6.871177992309845,6.722047157656256,187025.0,45.77932370301236,0.2504442642718165,9.892779135593434,100425.0,2.8862451543911245,3.2434166555273363,-0.00019097527129325587,12.966840448140005,119.60833333333333,0.568072449,10.5,6.4,83.7,48.791893998441154,1.0041438310386313,33.099506365289685,0.16430171769977595,0.6811923539633739,58.57719556209064,15.810720491912846,0.4630251937072908,12.138997576740605
074001,2014,BRINDISI,0,Puglia,074,6.946081245291287,7.086111729428294,7.016096487359791,88917.0,41.913564771212435,0.2026207792013473,9.661066992632286,41661.0,4.143189716252235,4.557058830144967,-0.00046545555281074676,12.867672591351356,99.68992416666667,0.827647127,18.3,8.5,82.690243902439,73.37386018237082,1.3574457077949098,8.875379939209726,0.009601305777585752,0.16419807235961628,71.74443582217124,21.72925312369963,0.22452064006070688,11.395458629317355
074001,2015,BRINDISI,0,Puglia,074,6.94672570306592,7.088023395737233,7.017374549401576,88270.0,43.932451498849154,0.24255959780537917,9.674396339245497,41661.0,4.099920697858842,4.567803330689928,-0.0005300584942008457,12.868424930825274,99.93022416666668,0.782999237,16.5,8.3,83.090243902439,67.0625,1.2155885351761642,9.9375,0.01200163222198219,0.18012914920131415,73.42018805936331,22.355273592386997,0.22542620170492675,11.38815557801428
074001,2016,BRINDISI,0,Puglia,074,6.9469503997441135,7.0882148967130645,7.017582648228588,87719.0,42.894296061629696,0.22280959387174853,9.690881193609238,41661.0,3.942133403253571,4.5862355932010175,-0.0007342789930886653,12.875853446164294,99.96898750000001,0.774242763,17.1,8.1,82.5439024390244,62.1465666474322,1.2277841744661933,16.791690709751876,0.016802285110775063,0.33174112791983495,80.74761454188945,25.191805652139216,0.29203238278247234,11.381893802558045
074001,2017,BRINDISI,0,Puglia,074,6.933012826666233,7.0752578902915655,7.0041353584789,87014.0,42.85513302328344,0.2099518811291477,9.69629364201572,41661.0,4.406187510055854,4.793481508722734,-0.00044509389140469396,12.889307801378262,99.875,0.668010321,18.6,7.9,83.2439024390244,62.00345423143351,1.2377318592410416,16.06217616580311,0.014401958666378629,0.32063805824350106,84.95414530995012,27.693244765210192,0.29604778375116564,11.37382430423079
074001,2018,BRINDISI,0,Puglia,074,6.923615732640994,7.06822864653117,6.995922189586082,86028.0,44.916699614995274,0.22271696123874501,9.69087732643836,41661.0,4.59152833961036,4.89956758264751,-0.00035806858585245543,12.906085515711624,101.10000000000001,0.62261636,14.5,7.6,82.9463414634147,63.55389541088581,1.3844329753103641,15.528281750266808,0.016802285110775063,0.33826196122192775,89.76960989445297,29.74147951829637,0.32699982200926625,11.362428103640873
074001,2019,BRINDISI,0,Puglia,074,6.918573963128344,7.061440101017726,6.990007032073035,85397.0,44.44889743063807,0.22464109637209045,9.706515555434192,41661.0,4.891272527137955,5.186364860592292,-0.00034555351295049763,12.912877077321394,102.25,0.595578796,11.9,7.3,83.3463414634146,61.11675126903553,1.4098855931707204,15.22842639593909,0.019202611555171504,0.3513003969694486,105.62431935548086,37.84324976287223,0.36589873517641236,11.35506625035401
074001,2020,BRINDISI,1,Puglia,074,6.9264653760204995,7.069067717551201,6.99776654678585,84465.0,44.705911231216014,0.2335748383459447,9.713837395975437,41661.0,5.1867637482981115,5.872254780086426,-0.0008115681427671995,12.917052192618225,102.875,0.527189894,11.8,7.0,83.4975609756098,60.50251256281407,1.4254424909725922,16.733668341708544,0.028803917332757258,0.39424613745338305,46.55182620020127,10.239744272775706,0.2511871778358634,11.344092526356828
074001,2021,BRINDISI,1,Puglia,074,6.925241849272179,7.068372363734822,6.996807106503501,83690.0,44.624017630258514,0.22531854439909046,9.708866172135526,41661.0,4.8655753375552635,5.164296809654678,-0.0003569380715729648,12.823268425095808,102.73333333333332,0.47569158399999995,15.8,6.8,82.1951219512195,60.13986013986014,1.4386426096307803,18.03196803196803,0.03600489666594657,0.43135380571155457,68.4717409487394,19.722786473891745,0.3448021402412633,11.33487477502692
074001,2022,BRINDISI,1,Puglia,074,6.919649030387956,7.065019356261795,6.992334193324875,83317.0,46.08467547717161,0.23254114580501445,9.741372702690795,41661.0,5.577493188664978,5.18861696892591,0.0004667429453041618,12.907639034878864,104.65833333333335,0.507288293,13.1,6.8,82.6463414634146,56.41986879100282,1.4450832363143176,27.5070290534208,0.10561436355344327,0.7045380894655353,106.0599877576005,45.0820360790715,0.5706134118183133,11.330407888965764
074001,2023,BRINDISI,1,Puglia,074,6.9152968599680475,7.063742475869984,6.989519667919015,82883.0,46.38030661700991,0.2520650094958447,9.789507132670975,41661.0,5.716491922348371,5.78647008433575,-8.443005439882705e-05,12.95615807333407,113.24166666666667,0.540095241,14.8,6.7,82.7,56.3715953307393,1.3983567197133309,25.68093385214008,0.08161109910947889,0.6370425780920093,120.30693869671707,57.81040744181557,0.5611789551914823,11.325185253749414
074001,2024,BRINDISI,1,Puglia,074,6.887190637631686,7.063726715514553,6.975458676573121,82298.0,45.77932370301236,0.2504442642718165,9.841841516721335,41661.0,5.476439281635034,5.814236068920265,-0.0004104556456842592,12.966840448140005,119.60833333333332,0.568072449,10.5,6.4,83.7,53.232462173315,1.4107268706408418,28.702430077945895,0.12481697510861475,0.7606503195703419,128.35427349388806,62.73056453376753,0.6330812806767059,11.318102085033306
075035,2014,LECCE,0,Puglia,075,6.757915255402661,6.987123858523867,6.8725195569632636,94791.0,41.913564771212435,0.2026207792013473,9.724203505862961,56196.0,7.189501112974861,7.071346435843065,0.00012464756900106182,12.867672591351358,99.68992416666667,0.827647127,25.8,8.5,82.690243902439,28.941589811155026,2.7808547224947513,5.094422485726834,0.04270766602605167,0.4894979481174373,221.6043717230539,51.10717262187339,0.5951604197019362,11.459429747027478
075035,2015,LECCE,0,Puglia,075,6.72699578116468,6.963898572559108,6.845447176861894,94897.0,43.932451498849154,0.24255959780537917,9.733424764102452,56196.0,6.809488181923559,7.139319472691444,-0.00034756766891248916,12.868424930825272,99.93022416666668,0.782999237,22.0,8.3,83.090243902439,34.83973720883934,3.688209321685617,4.997013736810671,0.04982561036372695,0.5289945941389085,246.64109508203632,65.08741056092396,0.6649979189354098,11.460547371874949
075035,2016,LECCE,0,Puglia,075,6.729787429972452,6.975665122498923,6.852726276235687,94996.0,42.894296061629696,0.22280959387174853,9.74042759823041,56196.0,7.3403090656448695,6.87081561328898,0.0004942244435090841,12.875853446164294,99.96898750000001,0.774242763,23.1,8.1,82.5439024390244,37.14499252615845,4.185439386921554,5.8109118086696565,0.05872304078582105,0.6547644111331004,276.67375468440775,79.25807402416943,0.729414063845135,11.461590064433068
075035,2017,LECCE,0,Puglia,075,6.664340975372997,6.9345350059966435,6.799437990684821,94522.0,42.85513302328344,0.2099518811291477,9.747261338486926,56196.0,7.991790271048011,7.453291297264129,0.0005697075535683562,12.889307801378262,99.875,0.668010321,22.3,7.9,83.2439024390244,31.15741655145171,3.3378472736505787,6.735137270393047,0.06762047120791516,0.7215251475846893,284.7114957364423,86.04346078161697,0.7398855711436518,11.456587890619938
075035,2018,LECCE,0,Puglia,075,6.698983638230262,6.968893410486335,6.833938524358299,94351.0,44.916699614995274,0.222716961238745,9.739318935316879,56196.0,8.153596676240845,7.322656887579358,0.0008806899647714249,12.906085515711624,101.10000000000001,0.62261636,17.8,7.6,82.9463414634147,31.28255528255528,3.3735731470784627,7.164619164619164,0.08719481813652218,0.7726468187936535,281.185149071022,93.74145478055347,0.777800538097307,11.454777149574657
075035,2019,LECCE,0,Puglia,075,6.741446426567929,6.994970398015857,6.868208412291893,93484.0,44.44889743063807,0.22464109637209045,9.759616336084783,56196.0,7.844123058491293,7.569209704334431,0.00029407530075399097,12.912877077321394,102.25,0.595578796,17.5,7.300000000000001,83.3463414634146,30.003769317753488,3.405930426597065,7.981530343007915,0.10498967898071036,0.9060373967737794,293.10577211073553,103.65731034187668,0.8202319806665852,11.445545577638915
075035,2020,LECCE,1,Puglia,075,6.716107921378931,6.969223834138093,6.842665877758512,93865.0,44.705911231216014,0.23357483834594472,9.761327115063827,56196.0,7.734512331539978,8.657113940233314,-0.0009829026886414916,12.917052192618227,102.875,0.527189894,16.3,7.0,83.4975609756098,28.35314091680815,3.380386725616577,9.668483602895183,0.15659477542885616,1.1527193309540298,136.7900708464284,21.392425291642255,0.7082865458107787,11.449612858758462
075035,2021,LECCE,1,Puglia,075,6.675651557085024,6.940679748777612,6.808165652931317,95037.0,44.624017630258514,0.2253185443990905,9.751821498641382,56196.0,7.377126803245051,7.044624725107064,0.0003498659239432931,12.823268425095806,102.73333333333333,0.475691584,15.4,6.8,82.1951219512195,30.916458315372015,3.773267253806413,9.862919217173895,0.16905117801978786,1.2037417006008186,204.894935656639,51.71143870282101,0.8241286011251248,11.4620215684417
075035,2022,LECCE,1,Puglia,075,6.718959858634857,6.987111271398213,6.853035565016535,94783.0,46.08467547717161,0.23254114580501445,9.787662939577599,56196.0,8.661890845404766,7.097264277349313,0.001650745986153058,12.907639034878864,104.65833333333335,0.507288293,13.1,6.8,82.6463414634146,29.570284049526585,3.855121699038857,23.800275147689568,0.5445227418321589,3.1028770982138147,298.8858761592269,126.11333255963622,1.1352106273442617,11.459345347267966
075035,2023,LECCE,1,Puglia,075,6.733398415014364,6.998821842017053,6.866110128515708,94596.0,46.38030661700991,0.2520650094958447,9.840796649159342,56196.0,8.700156454818385,8.153621717620195,0.0005777567097955409,12.95615807333407,113.24166666666667,0.540095241,10.7,6.7,82.7,31.50147988160947,4.162966721637278,22.30221582273418,0.43241511851377323,2.9472704976954627,333.20224956657785,153.8194003974798,1.1332224749112463,11.45737047084791
075035,2024,LECCE,1,Puglia,075,6.820203680645685,7.081663483351597,6.95093358199864,94250.0,45.77932370301236,0.2504442642718165,9.895736896943742,56196.0,8.481697612732097,7.928912466843503,0.0005865094386085885,12.966840448140005,119.60833333333332,0.568072449,10.1,6.4,83.7,28.642541087231354,3.846153846153846,24.739254108723134,0.503594561890526,3.3220159151193633,356.82334217506633,179.9267904509284,1.171581938000125,11.453706105310257
076063,2014,POTENZA,0,Basilicata,076,7.206283258510267,7.382534248953063,7.294408753731665,66704.0,46.42884521964832,0.2590747431910616,9.781903342898394,33367.0,4.5934276804989205,5.11063804269609,-0.0007753813297510936,12.86767259135136,99.68992416666667,0.827647127,13.5,8.5,82.690243902439,74.33460076045627,1.1723434876469179,0.9505703422053232,0.005993946114424433,0.014991604701367236,52.95034780522907,4.996701846965699,0.04035338999465896,11.108020200120578
076063,2015,POTENZA,0,Basilicata,076,7.160766258830121,7.333023905836691,7.246895082333405,66751.0,46.63168317876508,0.2483885094789939,9.784400289094396,33367.0,4.437386705817142,5.316774280535124,-0.0013174148323140957,12.868424930825272,99.93022416666668,0.782999237,13.3,8.3,83.09024390243901,73.01587301587301,1.171518029692439,1.7740429505135384,0.008990919171636646,0.028463993048793275,55.11677727674492,5.734745546883194,0.05681140241520681,11.108724557423686
076063,2016,POTENZA,0,Basilicata,076,7.13209066740968,7.301510901396065,7.2168007844028725,66614.0,46.27633697877153,0.23601647604460413,9.8035193553077,33367.0,4.665685891854565,5.285675683790194,-0.0009307199566692115,12.875853446164294,99.96898750000001,0.774242763,13.6,8.1,82.5439024390244,71.31072410632447,1.1679226589005314,1.7415215398716772,0.008990919171636646,0.028522532800912718,56.563184916083706,5.860629897619119,0.05946023051047218,11.10667004464762
076063,2017,POTENZA,0,Basilicata,076,7.110081929367001,7.282985520609275,7.1965337249881385,66784.0,47.01762484721495,0.2612005994994471,9.81337272044433,33367.0,4.939805941542884,5.728917105893627,-0.001181587153136594,12.889307801378262,99.875,0.668010321,12.7,7.9,83.2439024390244,67.29957805907173,0.9553186391950168,3.1645569620253164,0.01498486528606108,0.0449209391471011,55.90261140392908,5.649556780067082,0.05302119672986187,11.109218809876927
076063,2018,POTENZA,0,Basilicata,076,7.080171303736321,7.263157971816873,7.171664637776597,66979.0,47.773682538154155,0.2654855327138799,9.808330560324233,33367.0,5.612206811090043,5.779423401364606,-0.0002496552505629575,12.906085515711624,101.10000000000001,0.62261636,12.8,7.6,82.9463414634147,66.45833333333333,0.9525373624568895,3.854166666666667,0.01498486528606108,0.055241195001418365,56.026515773600686,6.100419534480957,0.060647990187759473,11.112134416406944
076063,2019,POTENZA,0,Basilicata,076,7.060375876430518,7.244245825150933,7.152310850790726,66734.0,47.99680159807871,0.2632883312571777,9.827001001463119,33367.0,4.691761321065724,5.95198849162346,-0.0018884334380641597,12.912877077321394,102.25,0.595578796,10.9,7.3,83.34634146341462,65.3688524590164,0.9560344052506967,4.508196721311475,0.02397578445769773,0.06593340725866874,53.95900140857733,5.974465789552552,0.08282013978279579,11.108469847155238
076063,2020,POTENZA,1,Basilicata,076,6.9812176489332725,7.177548198184184,7.079382923558728,66393.0,48.797453117458126,0.29716807795979255,9.830009973272274,33367.0,4.559215579955718,7.0896028195743535,-0.0038112259419195325,12.917052192618227,102.875,0.527189894,8.9,7.0,83.4975609756098,64.37941473259335,0.9609446779027909,5.045408678102926,0.02697275751490994,0.07530914403626889,25.337008419562302,1.4594912114228908,-0.0022361023980459345,11.103346908220521
076063,2021,POTENZA,1,Basilicata,076,6.950646169113646,7.1715792845205675,7.0611127268171066,65420.0,49.58978711379051,0.28953089675960814,9.833599827642212,33367.0,3.905533476001223,6.192295933965148,-0.0034955097186853035,12.823268425095806,102.73333333333333,0.47569158400000006,8.4,6.8,82.19512195121949,63.73626373626373,0.9752369306022622,6.093906093906094,0.03296670362933437,0.09324365637419749,32.87985325588505,2.302048303271171,0.04601002460259603,11.088583301092376
076063,2022,POTENZA,1,Basilicata,076,6.941803505123169,7.177866720527858,7.059835112825513,64850.0,48.522388610639446,0.2668662550560881,9.866862328671429,33367.0,4.926754047802622,6.390131071703932,-0.0022565567060930003,12.907639034878864,104.65833333333335,0.507288293,7.0,6.8,82.6463414634146,63.99197592778335,0.9838087895142638,6.118355065195587,0.03296670362933437,0.09406322282189669,41.39861218195836,4.7509637625289125,0.08872260378069738,11.07983218974459
076063,2023,POTENZA,1,Basilicata,076,6.920564793614907,7.1586069110697705,7.03958585234234,64470.0,49.371303495691514,0.302887846807549,9.914744722509438,33367.0,6.4557158368233285,7.0141150922909885,-0.000866138134741213,12.95615807333407,113.24166666666667,0.540095241,7.2,6.7,82.7,63.67265469061876,0.9896075694121296,6.686626746506986,0.038960649743758805,0.10392430587870327,51.133860710407944,6.942764076314565,0.1372791795810421,11.073955278304666
076063,2024,POTENZA,1,Basilicata,076,6.944437328947255,7.173749244446095,7.059093286696675,64070.0,49.24296632709095,0.2856070836028508,9.976957117291436,33367.0,6.567816450756984,7.320118620259092,-0.0011741878718621941,12.966840448140005,119.60833333333333,0.568072449,6.5,6.4,83.7,58.119658119658126,0.9552052442640862,8.357075023741691,0.05993946114424432,0.13734977368503198,51.65131886998595,7.090682066489777,0.1821131319445855,11.067731514633067
077014,2014,MATERA,0,Basilicata,077,7.175927854931674,7.470783067376287,7.32335546115398,60433.0,46.42884521964832,0.2590747431910616,9.700410151664702,30126.0,3.7413333774593354,3.637085698211242,0.00017250124807322706,12.867672591351358,99.68992416666667,0.827647127,17.0,8.5,82.690243902439,56.49931224209078,2.7187132857875667,18.56946354883081,0.21576047268140477,0.8935515364122251,253.18120894213428,79.5078847649463,0.8463330162791568,11.00929059233982
077014,2015,MATERA,0,Basilicata,077,7.154076390003015,7.4453764608375925,7.299726425420304,60434.0,46.63168317876509,0.2483885094789939,9.706737807184982,30126.0,3.615514445510805,3.698249329847437,-0.0001369012217239174,12.868424930825272,99.93022416666668,0.782999237,14.5,8.3,83.090243902439,45.78346785416087,2.7219776946751826,29.947119398831063,0.5111863506605591,1.7804547109243143,355.6342456233246,101.51901247642057,1.052795671510009,11.00930713945359
077014,2016,MATERA,0,Basilicata,077,7.169576477779481,7.4619338523735985,7.31575516507654,60372.0,46.276336978771525,0.23601647604460413,9.72532565495704,30126.0,3.5198436361227063,3.4585569469290403,0.0001015150884411086,12.875853446164294,99.96898750000001,0.774242763,12.8,8.1,82.5439024390244,35.27722553567484,2.6452660173590403,41.17517119505191,0.9759012148974308,3.087524017756576,414.2532962300404,106.11707414032996,1.1807732131117388,11.008280700279318
077014,2017,MATERA,0,Basilicata,077,7.1858854419756915,7.477954060939137,7.331919751457415,60346.0,47.01762484721495,0.2612005994994471,9.741036609558986,30126.0,3.688728333278096,4.187518642494946,-0.0008265507394306996,12.889307801378262,99.875,0.668010321,13.0,7.9,83.2439024390244,33.232205367561264,2.3597255824743977,43.54725787631272,1.254730133439554,3.092168495012097,466.4998508600404,126.79713651277633,1.2105097324717855,11.00784994429592
077014,2018,MATERA,0,Basilicata,077,7.194362442284301,7.483920764109048,7.3391416031966745,60427.0,47.773682538154155,0.2654855327138799,9.742067395485803,30126.0,3.994902940738412,4.041239843116488,-7.668244721411948e-05,12.906085515711624,101.10000000000001,0.62261636,12.0,7.6,82.9463414634147,33.17155518041781,2.6014860906548396,45.32601814728846,1.417380335922459,3.5547023681466894,570.6273685604117,155.3891472355073,1.2730072252499707,11.00919130390684
077014,2019,MATERA,0,Basilicata,077,7.197184693658573,7.496210540115902,7.346697616887238,60540.0,47.99680159807871,0.2632883312571777,9.758740848077059,30126.0,3.9263296993723156,4.0948133465477365,-0.0002783013663287429,12.912877077321394,102.25,0.595578796,10.5,7.3,83.3463414634146,32.8411214953271,2.9022134126197554,47.046728971962615,1.6464183761534887,4.157581764122894,641.159563924678,186.2917079616782,1.3287804475365108,11.01105958257571
077014,2020,MATERA,1,Basilicata,077,7.195688328321036,7.487074963450426,7.341381645885731,60530.0,48.797453117458126,0.29716807795979255,9.77536932226945,30126.0,4.151660333718818,4.862051875103254,-0.001173618935047805,12.917052192618227,102.875,0.527189894,8.6,7.0,83.4975609756098,33.72093023255814,3.018338014207831,47.37910668143226,1.623182632941645,4.240872294729886,261.4306955228812,35.31637204691888,1.1439378087882324,11.010894388885733
077014,2021,MATERA,1,Basilicata,077,7.168233944309329,7.464181397237312,7.316207670773321,59794.0,49.58978711379051,0.28953089675960814,9.75299950176303,30126.0,3.5471786466869584,4.2077800448205505,-0.0011047954613064724,12.823268425095806,102.73333333333333,0.475691584,7.9,6.8,82.1951219512195,33.136432926829265,2.9083185603906747,48.36128048780488,1.5667529708557393,4.244573034083688,358.1780780680336,75.0025086129043,1.219377520261674,10.998660600456725
077014,2022,MATERA,1,Basilicata,077,7.178493812232342,7.480209795089616,7.329351803660979,59748.0,48.522388610639446,0.266866255056088,9.797302866966811,30126.0,4.614380397670215,4.473789917654147,0.00023530575084700295,12.907639034878864,104.65833333333335,0.507288293,7.8,6.8,82.6463414634146,33.75305393722984,3.005958358438776,48.35557226085322,1.5833499302927705,4.3064202985874,529.7030862957756,202.75825132222002,1.3217823477717379,10.997890996430183
077014,2023,MATERA,1,Basilicata,077,7.191645625725331,7.497825168222138,7.344735396973735,59745.0,49.371303495691514,0.302887846807549,9.843503263717263,30126.0,5.809691187547076,4.696627332831199,0.001863024277706714,12.95615807333407,113.24166666666666,0.540095241,8.0,6.7,82.7,34.401821685058685,3.2873043769353085,48.92275354703101,1.669654119365332,4.674868189806678,650.8929617541216,294.7510251903925,1.3828851915680835,10.997840784283854
077014,2024,MATERA,1,Basilicata,077,7.208323804491969,7.51413371343894,7.361228758965455,59652.0,49.24296632709095,0.2856070836028508,9.89815296317276,30126.0,5.386240193120097,5.171662308053376,0.00035971616218520856,12.966840448140005,119.60833333333333,0.568072449,7.1,6.4,83.7,36.93710457759583,3.3276336082612477,43.09639002605136,1.095399322844055,3.8825186079259706,638.9794139341515,320.6581506068531,1.3352858035132955,10.996282955882673
078045,2014,COSENZA,0,Calabria,078,6.6641055755574214,6.990038072819923,6.827071824188673,67891.0,43.632649286798646,0.20130577229839758,9.682766371641582,36591.0,10.450575186696321,10.665625782504309,-0.00031675862162582313,12.867672591351356,99.68992416666667,0.827647127,27.8,8.5,82.690243902439,90.5458089668616,1.3683698870247898,0.7797270955165692,0.002732912464813752,0.011783594290848567,69.81485027470504,11.341709504941745,0.11665308983824833,11.125658756897037
078045,2015,COSENZA,0,Calabria,078,6.662693834058329,6.971861887627118,6.817277860842724,67353.0,42.75146286903055,0.2054545694469067,9.689641394395135,36591.0,9.95946728430805,10.226715959200035,-0.00039678807906401534,12.868424930825274,99.93022416666668,0.782999237,22.5,8.3,83.090243902439,90.5458089668616,1.3793001054147551,0.7797270955165692,0.002732912464813752,0.01187771888408831,75.48290350838121,13.654922572120023,0.13575416588718806,11.117702724276326
078045,2016,COSENZA,0,Calabria,078,6.70265801958447,7.018581982905311,6.86062000124489,67047.0,43.155481118178585,0.21038429628459035,9.691660440345183,36591.0,9.396393574656583,10.49711396483064,-0.0016417146034484126,12.875853446164292,99.96898750000001,0.7742427630000001,23.7,8.1,82.5439024390244,88.0466472303207,1.3512908854982326,0.7774538386783284,0.002732912464813752,0.011931928348770266,84.0276224141274,14.422718391576058,0.14634288289927855,11.113149144979532
078045,2017,COSENZA,0,Calabria,078,6.642919965425463,6.969453406323154,6.806186685874309,66877.0,43.00485008658495,0.18994853240621576,9.70462589145515,36591.0,10.102127786832543,11.075556618867473,-0.0014555509846956801,12.889307801378262,99.875,0.668010321,21.2,7.9,83.2439024390244,80.57366362451108,0.9240845133603482,1.0430247718383312,0.002732912464813752,0.011962259072625865,86.58283116766601,11.902447777262735,0.0980152675308075,11.110610390293171
078045,2018,COSENZA,0,Calabria,078,6.652934046296382,6.9763727891570655,6.814653417726722,66333.0,45.42228515551326,0.23751991248661622,9.692382680875527,36591.0,10.887491896944205,11.115131231815235,-0.00034317660119552923,12.906085515711624,101.10000000000001,0.62261636,23.5,7.6,82.9463414634147,75.47445255474453,0.7794009015120679,1.167883211678832,0.002732912464813752,0.012060362112372424,88.67833506701038,12.958859089744172,0.09215017439792385,11.102442789900266
078045,2019,COSENZA,0,Calabria,078,6.633653044846858,6.96118754031716,6.797420292582008,66102.0,44.4773933981426,0.2252583066217108,9.707717002898637,36591.0,11.604792593264953,11.166076669389732,0.0006636953857299656,12.912877077321394,102.25,0.595578796,21.4,7.3,83.3463414634146,73.82645803698435,0.7851502223835891,3.1294452347083923,0.005465824929627504,0.03328189767329279,66.08423345738404,14.235575322985687,0.0828851880974359,11.09895428256812
078045,2020,COSENZA,1,Calabria,078,6.57317059300033,6.903871762503634,6.738521177751982,65623.0,45.653628154706794,0.24602440701783634,9.704175768696937,36591.0,11.8205507215458,14.558919890891914,-0.004172880193447594,12.917052192618225,102.875,0.527189894,21.9,7.0,83.4975609756098,73.30623306233063,0.8244060771375888,5.149051490514905,0.01366456232406876,0.05790652667509867,23.574051780625695,1.7890069030675222,-0.051549259939779504,11.09168152323904
078045,2021,COSENZA,1,Calabria,078,6.528734790560529,6.897375361814698,6.713055076187613,64070.0,44.95388301509355,0.24318755898125594,9.696689274367818,36591.0,9.826751990010925,12.113313563290152,-0.0035688490296226427,12.823268425095808,102.73333333333332,0.47569158399999995,18.8,6.8,82.1951219512195,74.93074792243767,0.8443889495863898,4.1551246537396125,0.010931649859255007,0.046823786483533636,28.715467457468396,2.6018417356016856,-0.038698972495571166,11.067731514633067
078045,2022,COSENZA,1,Calabria,078,6.544831108616544,6.911390726144783,6.728110917380664,64073.0,45.15376991209908,0.24151544040754444,9.735956565843862,36591.0,12.42020820002185,12.429572518845692,-1.4615077839092442e-05,12.907639034878864,104.65833333333335,0.507288293,16.0,6.8,82.6463414634146,53.21944809461236,0.6320915206093051,9.461235216819974,0.02459621218332377,0.11237182588609866,41.856944422767775,8.421644062241505,0.07273882066184792,11.067778337323352
078045,2023,COSENZA,1,Calabria,078,6.561003696514203,6.923945814007908,6.742474755261055,63909.0,45.33379999713014,0.22038884074598827,9.784035708059138,36591.0,15.73956719710839,13.616235584972383,0.003322429723725933,12.95615807333407,113.24166666666667,0.540095241,17.5,6.7,82.7,38.064516129032256,0.36927506298017493,12.096774193548388,0.030062037112951273,0.11735436323522508,47.96351061665806,10.602575537091802,0.079501328947132,11.065215475518313
078045,2024,COSENZA,1,Calabria,078,6.5547757712773915,6.924821673537869,6.73979872240763,63701.0,45.36676449447268,0.250336525758639,9.847261648342485,36591.0,16.721872498076955,14.583758496726896,0.0033564842017394696,12.966840448140005,119.60833333333332,0.568072449,13.6,6.4,83.7,44.54865181711606,0.596536946044803,25.32239155920281,0.07378863654997131,0.3390841588044144,46.201786471169996,11.505313888322004,0.24171096236858275,11.06195554002416
078157,2014,CORIGLIANO CALABRO,0,Calabria,078,6.475201697219525,6.763929968776449,6.619565832997987,76051.0,43.632649286798646,0.20130577229839758,9.007096884865376,47220.0,9.32926588736506,9.521242324229794,-0.00025243118021424436,12.867672591351356,99.68992416666667,0.827647127,27.8,8.5,82.690243902439,22.667217175887696,1.443767997790956,0.6606110652353426,0.006353240152477764,0.04207702725802422,42.75814913676349,5.989401848759385,0.06416276520956268,11.239159446844907
078157,2015,CORIGLIANO CALABRO,0,Calabria,078,6.444074828959962,6.750710103089044,6.597392466024503,76023.0,42.75146286903055,0.2054545694469067,9.012865463081289,47220.0,8.823645475711297,9.060415926759006,-0.00031144581382964277,12.868424930825272,99.93022416666668,0.7829992370000001,22.5,8.3,83.090243902439,22.667217175887693,1.4442997513910265,0.6606110652353426,0.0063532401524777635,0.04209252463070387,45.304710416584456,6.1797087723452115,0.06948056193216226,11.238791205063716
078157,2016,CORIGLIANO CALABRO,0,Calabria,078,6.389465356757925,6.7024136578331825,6.545939507295553,75975.0,43.155481118178585,0.2103842962845903,9.038466203576052,47220.0,8.292201382033564,9.263573543928924,-0.0012785418386250212,12.875853446164294,99.96898750000001,0.774242763,23.699999999999996,8.1,82.54390243902438,22.376197269207253,1.445212240868707,0.978194416140208,0.010588733587462939,0.06317867719644621,50.871997367555124,15.674893056926622,0.14646974727405554,11.238159617784994
078157,2017,CORIGLIANO CALABRO,0,Calabria,078,6.394839189899554,6.705926979267428,6.5503830845834905,75688.0,43.00485008658495,0.18994853240621576,9.072521940876266,47220.0,8.926117746538422,9.7862276714935,-0.0011363887603782336,12.88930780137826,99.875,0.668010321,21.2,7.900000000000001,83.2439024390244,22.249240121580545,1.4506923158228517,1.458966565349544,0.014824227022448115,0.09512736497199027,47.60596131487157,12.235757319522248,0.14803697653815567,11.23437490638428
078157,2018,CORIGLIANO CALABRO,0,Calabria,078,6.400681385578056,6.7060827833999,6.553382084488978,75440.0,45.42228515551326,0.2375199124866162,9.17065304617941,47220.0,9.573170731707318,9.773329798515377,-0.0002653221988441925,12.906085515711624,101.10000000000001,0.62261636,23.5,7.599999999999999,82.9463414634147,22.027134876296888,1.4634146341463417,1.436552274541101,0.014824227022448115,0.09544008483563098,53.67046659597031,16.413043478260867,0.17688890972720975,11.23109291730734
078157,2019,CORIGLIANO CALABRO,0,Calabria,078,6.409034940393969,6.715730843835962,6.562382892114965,75385.0,44.4773933981426,0.22525830662171084,9.179440789014789,47220.0,10.175764409365257,9.79107249452809,0.0005103029977278873,12.912877077321394,102.25,0.595578796,21.4,7.3,83.3463414634146,31.11866013588245,5.225177422564171,1.587928582714489,0.023295213892418464,0.26663129269748626,116.61205810174438,26.052928301386217,0.45649232049493116,11.230363595213019
078157,2020,CORIGLIANO CALABRO,1,Calabria,078,6.3805157503321785,6.699468967701194,6.539992359016687,75126.0,45.653628154706794,0.24602440701783632,9.191169245858026,47220.0,10.3253201288502,12.717301599978704,-0.0031839595760835195,12.917052192618227,102.875,0.527189894,21.9,7.0,83.4975609756098,26.590433242067967,4.395282591912254,2.850700595909164,0.044472681067344345,0.4712083699385033,62.266059686393525,3.9853046881239518,0.3724941460307914,11.226921982897002
078157,2021,CORIGLIANO-ROSSANO,1,Calabria,078,6.436538986862823,6.807839545075131,6.622189265968979,74129.0,44.95388301509355,0.24318755898125594,9.197216907573004,47220.0,8.493302216406533,10.469586801386772,-0.002666007345276799,12.823268425095808,102.73333333333332,0.47569158399999995,18.8,6.8,82.1951219512195,29.1387812610074,4.463840062593587,2.8355054596688976,0.03811944091486658,0.4343779087806391,73.56500155134967,5.66040281131541,0.383872599843995,11.213562097744587
078157,2022,CORIGLIANO-ROSSANO,1,Calabria,078,6.448200206890222,6.818505356659747,6.6333527817749856,74173.0,45.15376991209908,0.24151544040754444,9.239653994640674,47220.0,10.728971458617018,10.737060655494588,-1.090585102068173e-05,12.907639034878864,104.65833333333335,0.507288293,16.0,6.8,82.6463414634146,28.394415357766142,4.387041106602132,3.106457242582897,0.042354934349851756,0.4799590147358203,90.67450419964138,7.661817642538391,0.43064048067376104,11.214155481532952
078157,2023,CORIGLIANO-ROSSANO,1,Calabria,078,6.454752927140964,6.8266163688096,6.640684647975283,74300.0,45.33379999713014,0.22038884074598827,9.295966376287401,47220.0,13.538358008075372,11.711978465679678,0.0024581151310843798,12.95615807333407,113.24166666666667,0.540095241,17.5,6.7,82.7,27.201642840217993,4.635262449528937,1.745517731616776,0.03811944091486658,0.297442799461642,140.27994616419917,14.842530282637952,0.4654407966338739,11.215866230705851
078157,2024,CORIGLIANO-ROSSANO,1,Calabria,078,6.441092567114689,6.810547193343325,6.625819880229007,74268.0,45.36676449447268,0.250336525758639,9.355450265946017,47220.0,14.342650939839498,12.50875208703614,0.002469298826955566,12.966840448140005,119.60833333333332,0.568072449,13.6,6.4,83.7,31.427498121713,5.632304626487855,3.651389932381668,0.07200338839474799,0.6543868153174988,138.52938008294288,8.469327301125654,0.5624895989084744,11.215435451527362
079023,2014,CATANZARO,0,Calabria,079,6.775812674996449,7.0163843932067165,6.896098534101583,89710.0,43.632649286798646,0.20130577229839755,9.706163683486276,46783.0,4.309441533831234,4.500055735146583,-0.0002124782090239096,12.867672591351358,99.68992416666667,0.827647127,20.4,8.5,82.690243902439,71.34251290877796,0.9240887303533608,6.798623063683305,0.01068764294722442,0.08806153160182811,53.71976368297848,3.705272544866793,0.03775182007575441,11.404337524553329
079023,2015,CATANZARO,0,Calabria,079,6.766966791901456,7.009152247178311,6.888059519539883,89372.0,42.75146286903055,0.20545456944690668,9.713479235558697,46783.0,3.850199167524504,4.34476122275433,-0.0005533747205274871,12.868424930825272,99.93022416666668,0.782999237,22.399999999999995,8.3,83.090243902439,71.34251290877796,0.9275835832251712,6.798623063683305,0.01068764294722442,0.08839457548225395,56.70903638723538,3.8826478091572305,0.04395768665075458,11.400562712999378
079023,2016,CATANZARO,0,Calabria,079,6.759918308337497,7.01313423995143,6.886526274144463,89216.0,43.155481118178585,0.21038429628459032,9.714906551176176,46783.0,4.232424677187948,4.131545911047345,0.00011307250508944945,12.875853446164294,99.96898750000001,0.7742427629999998,19.0,8.1,82.5439024390244,72.65625,1.0424139167862267,6.875000000000001,0.012825171536669304,0.09863701578192252,56.39235114777619,4.864598278335724,0.07415709106249702,11.398815674680142
079023,2017,CATANZARO,0,Calabria,079,6.748813309323417,7.016090297683693,6.882451803503554,88978.0,43.00485008658495,0.18994853240621576,9.722175669391168,46783.0,4.6191193328688,4.638225179257794,-2.147255095528575e-05,12.88930780137826,99.875,0.668010321,19.4,7.900000000000001,83.2439024390244,71.91521574564723,1.0676796511497224,6.661619984859956,0.012825171536669304,0.09890085189597426,61.43203938052104,5.618242711681539,0.08938208021045009,11.396144427146307
079023,2018,CATANZARO,0,Calabria,079,6.751136366187002,7.0143268867544855,6.882731626470743,88615.0,45.42228515551326,0.2375199124866162,9.71913392212173,46783.0,4.842295322462338,4.934830446312701,-0.00010442377007319704,12.906085515711624,101.10000000000001,0.62261636,20.1,7.599999999999999,82.9463414634147,71.46118721461188,1.0596400157986796,5.859969558599695,0.012825171536669304,0.08689273824973198,60.796704846809234,5.783445240647747,0.08374226276863689,11.39205642248924
079023,2019,CATANZARO,0,Calabria,079,6.692109608480578,6.9424560241079885,6.817282816294284,88085.0,44.4773933981426,0.2252583066217108,9.732072949441054,46783.0,4.348072884145996,5.107566555032071,-0.0008622281556293075,12.912877077321394,102.25,0.595578796,20.699999999999996,7.299999999999999,83.3463414634146,69.77518734388009,0.9513538059828576,5.995004163197335,0.01068764294722442,0.0817392291536584,62.83249134358858,6.268944769256968,0.0724745413231466,11.38605753636124
079023,2020,CATANZARO,1,Calabria,079,6.691612068074822,6.939675109611661,6.815643588843242,87397.0,45.653628154706794,0.24602440701783637,9.74081819324366,46783.0,4.114557707930478,5.678684623041982,-0.0017896803266834135,12.917052192618227,102.875,0.527189894,18.1,7.0,83.49756097560979,73.46053772766695,0.9691408171905215,5.9843885516045106,0.012825171536669304,0.07895007837797635,27.14395230957584,1.342151332425598,-0.028585792275010992,11.37821623611172
079023,2021,CATANZARO,1,Calabria,079,6.694062434910939,6.940633308202087,6.817347871556513,86183.0,44.95388301509355,0.24318755898125596,9.737772948328201,46783.0,3.5888748361045684,4.7375932608519085,-0.0013328828478323335,12.823268425095806,102.73333333333333,0.475691584,16.8,6.799999999999999,82.1951219512195,72.2080136402387,0.9827924300616131,6.39386189258312,0.012825171536669304,0.08702412308691969,42.71492057598367,2.455240592692294,0.01756965282118526,11.364228221424934
079023,2022,CATANZARO,1,Calabria,079,6.668777725892529,6.923073629127684,6.795925677510106,85609.0,45.15376991209908,0.2415154404075444,9.778934511203925,46783.0,4.243712693758834,4.987793339485334,-0.0008691617069776544,12.907639034878864,104.65833333333333,0.507288293,13.599999999999998,6.799999999999999,82.6463414634146,67.54385964912281,0.989381957504468,7.655502392344498,0.017100228715559072,0.11213774252707075,53.649733088810756,4.862806480627037,0.07946635768977764,11.357545696789908
079023,2023,CATANZARO,1,Calabria,079,6.658214837330382,6.909735640257657,6.783975238794019,84849.0,45.33379999713015,0.22038884074598825,9.823144103585868,46783.0,4.934648611062004,5.331824771063891,-0.0004680976322665977,12.95615807333407,113.24166666666669,0.540095241,14.900000000000002,6.700000000000001,82.70000000000002,70.86092715231787,1.1349573949015308,10.08094186902134,0.02778787166278349,0.16146330540136006,56.91051161475092,6.1886409975368,0.15171285162002313,11.348628485089092
079023,2024,CATANZARO,1,Calabria,079,6.641497438437765,6.948828625682679,6.7951630320602225,84109.0,45.36676449447268,0.250336525758639,9.887799791195802,46783.0,5.321665933491066,5.070800984436862,0.00029826171878657943,12.966840448140005,119.60833333333333,0.568072449,15.7,6.4,83.7,67.67015706806284,1.229357143706381,14.528795811518325,0.05343821473612209,0.26394321654044156,66.2580698855057,6.990928438098182,0.2522599300506189,11.339868855693082
079160,2014,LAMEZIA TERME,0,Calabria,079,6.413717183319786,6.697511167215745,6.555614175267766,69929.0,43.632649286798646,0.20130577229839755,9.40466238914461,36269.0,5.528464585508158,5.772998326874401,-0.00034968860038931304,12.867672591351358,99.68992416666667,0.827647127,20.4,8.5,82.690243902439,63.18770226537216,1.1168470877604428,2.5080906148867315,0.01654305329620337,0.044330678259377365,47.472436328275826,6.85266484577214,0.06910235606467408,11.155235720581366
079160,2015,LAMEZIA TERME,0,Calabria,079,6.454384340575618,6.755846280131878,6.605115310353747,69664.0,42.75146286903055,0.2054545694469067,9.409062722479067,36269.0,4.939423518603583,5.5738975654570515,-0.0009107631586665547,12.868424930825272,99.93022416666668,0.782999237,22.4,8.3,83.090243902439,63.18770226537216,1.1210955443270556,2.5080906148867315,0.01654305329620337,0.04449931097841066,50.89572806614607,7.339515388148829,0.07813026043291235,11.151438964034273
079160,2016,LAMEZIA TERME,0,Calabria,079,6.4519367855634355,6.756038123272816,6.603987454418125,69555.0,43.155481118178585,0.21038429628459032,9.422201165781836,36269.0,5.428797354611459,5.299403349867012,0.00018603120515339955,12.875853446164294,99.96898750000001,0.774242763,19.0,8.1,82.5439024390244,61.58730158730159,1.1156638631298972,4.365079365079365,0.02481457994430505,0.07907411401049529,54.60570771332039,8.741283876069298,0.1255341722581999,11.14987308549367
079160,2017,LAMEZIA TERME,0,Calabria,079,6.444906525986004,6.748841384693254,6.596873955339628,69438.0,43.00485008658495,0.18994853240621576,9.43293410343953,36269.0,5.918949278493044,5.943431550447881,-3.52577435335655e-05,12.889307801378262,99.875,0.668010321,19.4,7.9,83.2439024390244,60.81288343558282,1.142025980010945,3.2975460122699385,0.022057404394937825,0.06192574670929463,60.249431147210466,13.008727209885077,0.14617472743670104,11.148189547076132
079160,2018,LAMEZIA TERME,0,Calabria,079,6.448264095505103,6.74726848645111,6.5977662909781065,69038.0,45.42228515551326,0.23751991248661616,9.422235863474583,36269.0,6.215417596106492,6.33419276340566,-0.00017204317520665225,12.906085515711624,101.10000000000001,0.62261636,20.1,7.6,82.9463414634147,59.98445998445998,1.1182247457921723,3.651903651903652,0.022057404394937825,0.06807844954952345,65.38283264289232,15.507401720791446,0.1636809694256538,11.14241235662392
079160,2019,LAMEZIA TERME,0,Calabria,079,6.4137803754927045,6.717801108338642,6.565790741915674,68432.0,44.4773933981426,0.2252583066217108,9.446782813172625,36269.0,5.596796820201075,6.574409632920271,-0.0014285901518576042,12.912877077321394,102.25,0.595578796,20.7,7.300000000000001,83.3463414634146,60.26541764246682,1.1281271919569793,3.6690085870413736,0.022057404394937825,0.06868131868131869,69.73638064063596,16.309621229833997,0.17305676048329902,11.13359583046669
079160,2020,LAMEZIA TERME,1,Calabria,079,6.411725845472449,6.715195570157295,6.563460707814873,68206.0,45.653628154706794,0.24602440701783637,9.453826664231428,36269.0,5.272263437234261,7.276485939653402,-0.002938484154501279,12.917052192618227,102.875,0.527189894,18.1,7.0,83.4975609756098,59.32835820895522,1.1655866052839925,5.970149253731343,0.030328931043039506,0.11729173386505587,27.616338738527404,3.121426267483799,0.06828154807964125,11.130287816501435
079160,2021,LAMEZIA TERME,1,Calabria,079,6.411725845472449,6.715195570157295,6.563460707814873,67569.0,44.95388301509355,0.24318755898125596,9.431401347610143,36269.0,4.5775429560893315,6.042711894507836,-0.002168404058693343,12.823268425095806,102.73333333333333,0.475691584,16.8,6.8,82.1951219512195,58.65384615384615,1.1736151193594697,5.9171597633136095,0.030328931043039506,0.11839748997321256,38.4614246177981,4.262309639035652,0.10022077428051708,11.120904576969489
079160,2022,LAMEZIA TERME,1,Calabria,079,6.404100275047778,6.717352629195778,6.560726452121778,67413.0,45.15376991209908,0.24151544040754447,9.511472996144166,36269.0,5.389168261314583,6.3340898639728245,-0.0014016904790741273,12.907639034878864,104.65833333333335,0.507288293,13.6,6.8,82.6463414634146,55.845070422535215,1.1763309747378101,8.87323943661972,0.04411480878987565,0.18690756975657516,45.07290878613917,7.64689303250115,0.18822037699867167,11.118593156640042
079160,2023,LAMEZIA TERME,1,Calabria,079,6.384720172491202,6.700104668597036,6.542412420544119,67253.0,45.33379999713014,0.22038884074598827,9.590393998349482,36269.0,6.225744576450121,6.7268374644997255,-0.0007450862980827686,12.95615807333407,113.24166666666667,0.540095241,14.899999999999999,6.7,82.7,52.21300138312587,1.1226264999330886,11.687413554633471,0.0496291598886101,0.25128990528303574,49.09669457124589,10.542280641755758,0.23491495740238566,11.116216906134532
079160,2024,LAMEZIA TERME,1,Calabria,079,6.324859269107766,6.658294553478212,6.491576911292991,67246.0,45.36676449447268,0.250336525758639,9.661927066470051,36269.0,6.656157987092169,6.342384677155518,0.00046660516601232914,12.966840448140005,119.60833333333332,0.568072449,15.699999999999998,6.4,83.7,51.05946684894054,1.1108467418136394,14.42241968557758,0.0689293887341807,0.31377330993665054,44.50376230556464,10.455640484192369,0.27088827226479434,11.116112816141204
080063,2014,REGGIO DI  CALABRIA,0,Calabria,080,6.649694206681042,7.015730320566238,6.83271226362364,181171.0,43.632649286798646,0.20130577229839755,9.685533793837408,100960.0,3.289709721754585,3.5761794106120743,-0.00015812116114471313,12.867672591351358,99.68992416666669,0.8276471270000001,19.2,8.5,82.690243902439,50.28997514498757,0.6700851681560515,18.268434134217067,0.05546751188589541,0.2434164408211027,38.32953397618824,6.186972528715964,0.15279181217824903,12.107196615632475
080063,2015,REGGIO DI  CALABRIA,0,Calabria,080,6.58613801093976,6.951940420962845,6.769039215951303,180614.0,42.75146286903055,0.2054545694469067,9.686832598888687,100960.0,3.4703843555870524,3.5927447484691104,-6.774690382919265e-05,12.868424930825272,99.93022416666668,0.782999237,22.1,8.3,83.090243902439,50.28997514498757,0.6721516604471414,18.268434134217067,0.05546751188589541,0.2441671188279978,40.78642851606188,6.648432568903851,0.1606551513720758,12.104117436340395
080063,2016,REGGIO DI  CALABRIA,0,Calabria,080,6.548409516412173,6.912546392442752,6.730477954427463,179466.0,43.155481118178585,0.21038429628459035,9.694095918522718,100960.0,3.183332776124725,3.5444039539522807,-0.0002011919682990401,12.875853446164292,99.96898750000001,0.7742427630000001,24.0,8.1,82.5439024390244,47.16686205549043,0.6725507895645971,20.007815552950373,0.06240095087163233,0.2852908071723892,44.826318076961655,7.035315881559739,0.19064297659945675,12.097741053927393
080063,2017,REGGIO DI  CALABRIA,0,Calabria,080,6.528794865481532,6.878373553257896,6.703584209369715,178827.0,43.00485008658495,0.18994853240621576,9.702863732819416,100960.0,3.4267755987630504,3.845616154160166,-0.00023421550179621408,12.889307801378264,99.875,0.668010321,22.2,7.9,83.2439024390244,45.211819152723386,0.7101835852527862,20.07831968672125,0.06834389857369255,0.3153886158130484,43.54376017044406,7.528505203352961,0.212458095601768,12.094174137032594
080063,2018,REGGIO DI  CALABRIA,0,Calabria,080,6.511311424820172,6.8680637632782116,6.6896875940491904,177524.0,45.42228515551326,0.2375199124866162,9.70266474737403,100960.0,3.5448728059304657,4.025934521529483,-0.0002709840447483255,12.906085515711624,101.10000000000001,0.62261636,19.8,7.6,82.9463414634147,47.191400832177536,0.7666569027286451,18.06518723994452,0.06141045958795563,0.29348144476239835,43.72986187783061,8.6439016696334,0.21075141296870656,12.086861090024994
080063,2019,REGGIO DI  CALABRIA,0,Calabria,080,6.5178510909689455,6.869835333775892,6.693843212372418,176299.0,44.4773933981426,0.22525830662171084,9.714881294851024,100960.0,3.373813804956353,4.271720202610338,-0.0005093088433025625,12.912877077321394,102.25,0.595578796,18.9,7.3,83.3463414634146,47.3062217587765,0.7719839590695353,19.290928050052138,0.06537242472266244,0.31480609646112573,51.063817718761875,9.12200296087896,0.23614146722868892,12.07993669622013
080063,2020,REGGIO DI  CALABRIA,1,Calabria,080,6.484872836718873,6.825155822144295,6.655014329431584,174885.0,45.653628154706794,0.24602440701783632,9.725667269053652,100960.0,3.777911198787775,5.773508305457872,-0.0011410910636533134,12.917052192618227,102.875,0.527189894,15.8,7.0,83.4975609756098,45.66012637179914,0.7850873431111874,21.350182906551378,0.07527733755942947,0.3670983789347286,21.44209051662521,1.48897847156703,0.14219282246881843,12.071883894035501
080063,2021,REGGIO DI  CALABRIA,1,Calabria,080,6.513058495058612,6.852043244907554,6.682550869983083,173026.0,44.95388301509355,0.24318755898125596,9.728377502550078,100960.0,2.902453966455908,4.2195970547778945,-0.0007612399803046863,12.823268425095806,102.73333333333333,0.475691584,16.6,6.8,82.1951219512195,46.54409261150834,0.7900546738640434,20.633299284984677,0.07032488114104596,0.35023638065955404,29.37882167997873,2.172505866170402,0.1566101262791611,12.061197151204993
080063,2022,REGGIO DI  CALABRIA,1,Calabria,080,6.488329648592745,6.8282039699872,6.658266809289972,172479.0,45.15376991209908,0.24151544040754444,9.767974698533115,100960.0,3.5586941018906653,4.1894955327895,-0.00036572651215442713,12.907639034878862,104.65833333333335,0.507288293,14.0,6.8,82.6463414634146,44.01159047005795,0.7925602537120461,20.66967160334836,0.07527733755942947,0.37221922668846646,39.86108453782779,6.708642791296331,0.23197679106643027,12.058030768912307
080063,2023,REGGIO DI  CALABRIA,1,Calabria,080,6.47066251556959,6.802030774452844,6.6363466450112165,171181.0,45.33379999713014,0.22038884074598827,9.815605680894313,100960.0,3.905223126398374,4.540223506113413,-0.0003709526055549616,12.95615807333407,113.24166666666666,0.540095241,15.9,6.7,82.7,63.064236111111114,0.8488091552216659,12.5,0.03466719492868463,0.16824297089046097,68.96910287940835,15.399489429317505,0.20841355896203104,12.050476755222487
080063,2024,REGGIO DI  CALABRIA,1,Calabria,080,6.460130939130128,6.780569341751593,6.620350140440862,169679.0,45.36676449447268,0.250336525758639,9.886890963446827,100960.0,4.026426369792373,4.865068747458436,-0.0004942523103425078,12.966840448140005,119.60833333333333,0.568072449,10.7,6.4,83.7,41.89556293389677,0.8180151933945862,29.942650166012683,0.12282091917591126,0.5846333370658714,47.92048515137406,10.904118954024954,0.3629491730169903,12.04166369577471
081011,2014,MARSALA,0,Sicilia,081,6.622240481289793,6.925311776557999,6.773776128923895,82141.0,41.6088795814772,0.19023157390657078,9.269189275087324,46919.0,5.508820199413204,4.957329470057584,0.0006713951977156603,12.867672591351358,99.68992416666667,0.827647127,20.6,8.5,82.690243902439,62.80552603613177,1.4389890554047309,9.883103081827842,0.02983865811291801,0.2264399021195262,76.80451905869177,24.893780207204685,0.30693111810347207,11.316192561772942
081011,2015,MARSALA,0,Sicilia,081,6.641491907361153,6.966667356908872,6.8040796321350125,82034.0,42.62135095403836,0.2032806754613541,9.274563192173929,46919.0,5.999951239729868,4.950386425140795,0.0012794265970074272,12.868424930825272,99.93022416666668,0.782999237,16.7,8.3,83.090243902439,63.1974921630094,1.2287588073237927,9.655172413793103,0.025575992668215433,0.18772704000780163,61.28190750176756,19.639417802374627,0.23754096506604436,11.314889074455747
081011,2016,MARSALA,0,Sicilia,081,6.642010020615938,6.987794254082437,6.814902137349188,82089.0,42.74720391116313,0.20844158497539705,9.269964978527943,46919.0,6.412552229896819,4.688813361108066,0.002099841475458043,12.875853446164294,99.96898750000001,0.774242763,21.2,8.1,82.5439024390244,62.04081632653062,1.2961541741280804,8.80466472303207,0.02344465994586415,0.18394669200501892,86.35261728124352,26.198394425562498,0.2824177586382977,11.315559303516379
081011,2017,MARSALA,0,Sicilia,081,6.660089467872139,7.022057337328697,6.8410734026004185,82008.0,42.69233994157196,0.20769644867492132,9.291127901978212,46919.0,5.88235294117647,5.282411472051507,0.0007315645658045108,12.889307801378262,99.875,0.668010321,24.4,7.900000000000001,83.2439024390244,58.29646017699114,1.285240464344942,9.45796460176991,0.027707325390566723,0.20851624231782268,99.43542093454298,31.82738269437128,0.32251103799131764,11.314572082463238
081011,2018,MARSALA,0,Sicilia,081,6.660852224653483,7.03325455581473,6.847053390234105,81461.0,43.77377781654883,0.21846025858873333,9.30540983917502,46919.0,6.407974368102527,5.401357704914008,0.001235703788547304,12.906085515711624,101.10000000000001,0.62261636,23.6,7.599999999999999,82.9463414634147,54.35791645177927,1.2938706865862193,15.987622485817433,0.034101323557620584,0.3805502019371233,95.34132897951166,30.94732448656412,0.3753280304829466,11.307879657090718
081011,2019,MARSALA,0,Sicilia,081,6.6602318664752085,7.028267534359613,6.844249700417411,81123.0,43.338953058870395,0.23105349728161417,9.318969602342984,46919.0,5.948991038299865,5.9132428534447685,4.406664553221214e-05,12.912877077321394,102.25,0.595578796,17.8,7.300000000000001,83.3463414634146,52.46153846153846,1.261048038164269,18.25641025641026,0.04049532172467444,0.4388397864970477,97.89702057369674,34.716418278416725,0.40542899745222033,11.303721800389704
081011,2020,MARSALA,1,Sicilia,081,6.640609355816336,7.026581881821279,6.833595618818808,80713.0,43.75610535814634,0.21987776925390745,9.32860913027817,46919.0,6.292666608848636,7.0224127463977295,-0.00090412466089613,12.917052192618227,102.875,0.527189894,17.6,7.0,83.4975609756098,55.61694290976059,1.4966610087594316,16.71270718232044,0.0468893198917283,0.44974167730105435,43.25449431937854,7.482066086008449,0.27790291653273896,11.298654931742854
081011,2021,MARSALA,1,Sicilia,081,6.637505866222909,7.028337561365718,6.832921713794313,80661.0,43.97324815956593,0.2313895288435169,9.329328145824984,46919.0,5.679324580652359,5.839253170677279,-0.00019827251090975744,12.823268425095806,102.73333333333333,0.475691584,15.699999999999998,6.8,82.1951219512195,59.55397871262036,1.4567139013897672,15.56006082108464,0.0468893198917283,0.38060524912907107,62.55315456044433,15.046924783972429,0.32989755906358365,11.298010466069329
081011,2022,MARSALA,1,Sicilia,081,6.627974382653971,7.0101921433143914,6.819083262984181,80474.0,44.89178061665652,0.23388719420689108,9.377639619217769,46919.0,6.143599174888784,6.113775877923304,3.705954341213328e-05,12.907639034878864,104.65833333333335,0.507288293,13.4,6.8,82.6463414634146,55.431034482758626,1.5980316624002784,20.991379310344826,0.07459664528229502,0.6051644009245222,89.08343067326093,31.873648631856252,0.49471268097034266,11.29568942987048
081011,2023,MARSALA,1,Sicilia,081,6.63626734116599,7.0225062130489935,6.829386777107492,80016.0,44.196541622216394,0.2302432724948797,9.449956580594169,46919.0,6.38247350529894,6.812387522495501,-0.0005372850644828055,12.95615807333407,113.24166666666667,0.540095241,12.5,6.7,82.7,55.07306889352819,1.6484203159368125,22.254697286012526,0.08525330889405144,0.6661167766446711,104.73655268946212,43.82623475304939,0.5532756349857071,11.289981893658686
081011,2024,MARSALA,1,Sicilia,081,6.647294615870878,7.037824488869498,6.842559552370187,79835.0,44.61438488891594,0.24075714711733942,9.54746630444131,46919.0,6.896724494269431,6.96436400075155,-8.472412661378987e-05,12.966840448140005,119.60833333333332,0.568072449,8.1,6.4,83.7,53.41519570222564,1.7435961670946325,23.637759017651575,0.11296063428461818,0.7715914072775099,133.23229160142796,49.72004759817123,0.6278460927227838,11.287717283773802
081012,2014,MAZARA DEL VALLO,0,Sicilia,081,6.5086767860821455,6.745504569291932,6.627090677687039,51292.0,41.6088795814772,0.19023157390657078,9.293787104889603,27376.0,8.822038524526242,7.93885986118693,0.0017218643518274043,12.867672591351358,99.68992416666669,0.8276471270000001,20.6,8.5,82.690243902439,72.88758265980897,1.9340247991889574,4.2615723732549595,0.014611338398597311,0.11307806285580599,67.34578491772596,21.4146455587616,0.24314965053088802,10.845290073579006
081012,2015,MAZARA DEL VALLO,0,Sicilia,081,6.483198602457745,6.7819669916618555,6.6325827970598,51243.0,42.62135095403836,0.20328067546135412,9.295994344800615,27376.0,9.605214370743322,7.924984875983061,0.00327894443096669,12.868424930825272,99.93022416666668,0.782999237,16.7,8.3,83.090243902439,49.01185770750988,1.2099213551119177,4.58498023715415,0.014611338398597311,0.11318619128466327,67.4101828542435,21.435122846047264,0.197711815199991,10.844334302306171
081012,2016,MAZARA DEL VALLO,0,Sicilia,081,6.445097299701937,6.764878677419913,6.604987988560925,51049.0,42.74720391116313,0.20844158497539708,9.313680901295067,27376.0,10.311661344982271,7.5398146878489305,0.005429776601174051,12.875853446164292,99.96898750000001,0.7742427630000001,21.2,8.1,82.5439024390244,61.29959746981024,2.088189778448158,4.427832087406555,0.01826417299824664,0.15083547180160237,61.985543301533816,19.992556171521482,0.2633729467818532,10.840541234762362
081012,2017,MAZARA DEL VALLO,0,Sicilia,081,6.44154669886592,6.784149951315815,6.612848325090867,50821.0,42.69233994157196,0.2076964486749213,9.328823601295106,27376.0,9.492139076366069,8.524035339721769,0.0019049285465541808,12.889307801378264,99.875,0.668010321,24.4,7.9,83.2439024390244,58.3789704271632,2.0975580960626514,7.83132530120482,0.03652834599649328,0.2813797445937703,59.646602782314396,18.04568977391236,0.33165074102942244,10.836064933972965
081012,2018,MAZARA DEL VALLO,0,Sicilia,081,6.450876591871941,6.795528655823324,6.623202623847632,50628.0,43.77377781654883,0.21846025858873333,9.335488287089799,27376.0,10.310500118511495,8.690843011772142,0.00319913310172109,12.906085515711624,101.10000000000001,0.62261636,23.6,7.6,82.9463414634147,58.02939575394666,2.10555423876116,9.036472509526401,0.043834015195791935,0.3278818045350399,91.8681362092123,40.61586473887967,0.4433579468482767,10.832260061912338
081012,2019,MAZARA DEL VALLO,0,Sicilia,081,6.429930744961467,6.777752891328666,6.603841818145067,50591.0,43.338953058870395,0.23105349728161417,9.341442967845795,27376.0,9.539246110968353,9.481923662311479,0.00011330562482827857,12.912877077321394,102.25,0.595578796,17.8,7.3,83.3463414634146,59.41443715295305,2.3265007610049215,9.793033821302373,0.054792518994739914,0.3834674151528928,87.94251942045028,35.739558419481725,0.4732760738449382,10.831528973842945
081012,2020,MAZARA DEL VALLO,1,Sicilia,081,6.4231582039306545,6.785859610631001,6.604508907280827,50346.0,43.75610535814634,0.21987776925390745,9.354175118020676,27376.0,10.088189727088547,11.258093989592023,-0.0023237283249979653,12.917052192618227,102.875,0.527189894,17.6,7.0,83.4975609756098,58.29618623080734,2.337822269892345,9.608717186726103,0.054792518994739914,0.3853334922337426,33.22210304691534,2.9913002025980218,0.2651186198954559,10.826674451098125
081012,2021,MAZARA DEL VALLO,1,Sicilia,081,6.422260467085349,6.791395984153278,6.606828225619314,50334.0,43.97324815956593,0.23138952884351688,9.350136059724365,27376.0,9.101203957563477,9.357491953748957,-0.0005091747053392922,12.823268425095806,102.73333333333333,0.475691584,15.7,6.8,82.1951219512195,57.10982658959538,1.9628879087694207,8.208092485549132,0.043834015195791935,0.28211546866928916,38.33194262327651,5.129733381014821,0.23364449885259908,10.82643607207435
081012,2022,MAZARA DEL VALLO,1,Sicilia,081,6.423638911809016,6.788729544546112,6.606184228177565,50312.0,44.89178061665652,0.2338871942068911,9.39665531805108,27376.0,9.826681507393863,9.77897916997933,9.481304145041518e-05,12.907639034878862,104.65833333333335,0.507288293,13.4,6.8,82.6463414634146,81.98198198198197,2.8939418031483544,8.952702702702704,0.043834015195791935,0.3160279853712832,72.7679281284783,19.62156145651137,0.40472826458673034,10.82599889622334
081012,2023,MAZARA DEL VALLO,1,Sicilia,081,6.439948033017045,6.817230588515793,6.628589310766419,50312.0,44.196541622216394,0.23024327249487972,9.492668194729013,27376.0,10.150659882334235,10.83439338527588,-0.001358986927455963,12.95615807333407,113.24166666666666,0.540095241,12.5,6.7,82.7,76.68754349338901,2.190332326283988,12.526096033402922,0.054792518994739914,0.35776753060899985,84.65574813165844,24.340117665765618,0.4319841791201135,10.82599889622334
081012,2024,MAZARA DEL VALLO,1,Sicilia,081,6.454057327681389,6.830943284651057,6.642500306166224,50029.0,44.61438488891594,0.24075714711733945,9.557716920896207,27376.0,11.005616742289472,11.113554138599612,-0.0002157496578187451,12.966840448140005,119.60833333333333,0.568072449,8.1,6.4,83.7,57.276507276507274,2.2027224209958227,10.4989604989605,0.058445353594389245,0.4037658158268205,84.05924563753024,28.46549001579084,0.4581678859172423,10.820358116275292
081021,2014,TRAPANI,0,Sicilia,081,6.576362618636972,6.8711883309989705,6.723775474817971,69036.0,41.6088795814772,0.19023157390657078,9.536645508132544,34818.0,6.554551248623906,5.898371863955038,0.0009504887083099659,12.867672591351356,99.68992416666667,0.827647127,20.6,8.5,82.690243902439,31.57622739018088,0.8850454835158468,26.459948320413435,0.1033947957952783,0.7416420418332464,112.43843791644937,49.16130714409873,0.5339317817598246,11.142383386651293
081021,2015,TRAPANI,0,Sicilia,081,6.593756818723298,6.925641719524168,6.7596992691237325,68739.0,42.62135095403836,0.2032806754613541,9.538131359860618,34818.0,7.160418394215802,5.907854347604707,0.0018222028929881075,12.868424930825272,99.93022416666668,0.782999237,16.7,8.3,83.090243902439,31.79534033805391,1.012525640466111,27.1356783919598,0.120627261761158,0.8641382621219394,112.92424969813352,49.37371797669445,0.5765885783535403,11.138072002727451
081021,2016,TRAPANI,0,Sicilia,081,6.557345295589245,6.9129415741096505,6.735143434849448,68081.0,42.74720391116313,0.20844158497539705,9.544786006252927,34818.0,7.731966334219532,5.653559730321235,0.003052843824118767,12.875853446164294,99.96898750000001,0.774242763,21.2,8.1,82.5439024390244,31.906077348066294,1.0179051424039012,29.51197053406998,0.12349933942213798,0.9415255357588754,122.80225026071884,45.448803630968996,0.5884517909702105,11.128453451741024
081021,2017,TRAPANI,0,Sicilia,081,6.534669529404394,6.862322987240686,6.69849625832254,67657.0,42.69233994157196,0.20769644867492132,9.541875497320593,34818.0,7.130082622640673,6.402885141227071,0.001074829627996513,12.889307801378262,99.875,0.668010321,24.4,7.900000000000001,83.2439024390244,30.475382003395584,1.0612353488922062,30.857385398981325,0.13785972772703772,1.074537741844894,128.3237506835952,51.48617290154751,0.6282967781667854,11.122206102007905
081021,2018,TRAPANI,0,Sicilia,081,6.4917596212920055,6.835709999671234,6.663734810481619,66888.0,43.77377781654883,0.21846025858873333,9.546210614641273,34818.0,7.8040904198062435,6.578160507116373,0.0018328099400338927,12.906085515711624,101.10000000000001,0.62261636,23.6,7.599999999999999,82.9463414634147,29.294165646674823,1.073436191843081,31.334149326805385,0.15222011603193752,1.1481880157875852,107.95807917713192,41.64424111948332,0.6165271839961265,11.110774857829893
081021,2019,TRAPANI,0,Sicilia,081,6.435662307976066,6.769237792807895,6.6024500503919805,66289.0,43.338953058870395,0.23105349728161417,9.576451008829071,34818.0,7.280242574182746,7.236494742717495,6.599561234179152e-05,12.912877077321394,102.25,0.595578796,17.8,7.300000000000001,83.3463414634146,30.961621388529537,1.083135965243102,31.13410952996982,0.1464759607099776,1.0891701488934817,118.82061880553334,47.403038211467965,0.6248152550714353,11.101779249890095
081021,2020,TRAPANI,1,Sicilia,081,6.399024856739952,6.74930432083835,6.57416458878915,65841.0,43.75610535814634,0.21987776925390745,9.583353562002406,34818.0,7.7140383651524145,8.608617730593398,-0.0013586965043680752,12.917052192618227,102.875,0.527189894,17.6,7.0,83.4975609756098,35.5,1.5096976048358925,30.142857142857142,0.17232465965879717,1.281876034689631,58.62760286143892,9.712792940568947,0.5306362719246387,11.094998023570968
081021,2021,TRAPANI,1,Sicilia,081,6.4072250940693145,6.758554135614652,6.582889614841984,65378.0,43.97324815956593,0.2313895288435169,9.567898448859152,34818.0,7.00694423200465,7.204258313194042,-0.0003018050126791746,12.823268425095806,102.73333333333333,0.475691584,15.699999999999998,6.8,82.1951219512195,40.85185185185185,1.687111872495335,28.77777777777778,0.16083634901487737,1.1884731866988896,85.60219033925786,18.812138639909453,0.5988237409719958,11.08794108941569
081021,2022,TRAPANI,1,Sicilia,081,6.400877437231751,6.760926157849443,6.580901797540597,56293.0,44.89178061665652,0.23388719420689108,9.620679637007003,34818.0,8.782619508642282,8.73998543335761,7.573601564079429e-05,12.907639034878864,104.65833333333335,0.507288293,13.4,6.8,82.6463414634146,41.79156500522831,2.129927344430036,31.1606831648658,0.19242920328565682,1.588119304354005,162.58326967829038,68.07063045138827,0.8094177012922026,10.938325472472279
081021,2023,TRAPANI,1,Sicilia,081,6.421175037067505,6.800140690848736,6.610657863958121,55816.0,44.196541622216394,0.2302432724948797,9.684018779386275,34818.0,9.14970617744016,9.7660169127132,-0.0011041829139906824,12.95615807333407,113.24166666666667,0.540095241,12.5,6.7,82.7,43.70909090909091,2.153504371506378,31.81818181818182,0.18955712562467691,1.567650852802064,175.69155797620755,85.99684678228465,0.8311486177504299,10.929815845619073
081021,2024,TRAPANI,1,Sicilia,081,6.472664089815467,6.84124040789224,6.656952248853853,55229.0,44.61438488891594,0.24075714711733942,9.747111360159524,34818.0,9.969400133987579,10.067174853790581,-0.0001770351080102887,12.966840448140005,119.60833333333332,0.568072449,8.1,6.4,83.7,47.608113279755074,2.2524398413876767,28.013777267508612,0.16658050433683727,1.3253906462184721,180.240453384997,91.36323308406816,0.8141426519368112,10.919243456629559
082006,2014,BAGHERIA,0,Sicilia,082,6.630988915351061,7.010982506544352,6.820985710947707,55993.0,41.6088795814772,0.19023157390657078,9.362400497728215,28558.0,18.598753415605522,19.155965924311968,-0.0009951467303170856,12.867672591351356,99.68992416666667,0.827647127,23.2,8.5,82.690243902439,47.45098039215686,0.21609844087653812,45.88235294117647,0.017508228867567754,0.20895469076491704,6.225778222277785,0.5661421963459718,-0.11148179550297432,10.932981961904135
082006,2015,BAGHERIA,0,Sicilia,082,6.598161244345033,6.97321988066456,6.785690562504795,55586.0,42.62135095403836,0.2032806754613541,9.363375582024526,28558.0,17.569172093692657,21.361493901342065,-0.006822440556344058,12.868424930825274,99.93022416666668,0.782999237,23.9,8.3,83.090243902439,47.63779527559055,0.21768071097038827,49.60629921259843,0.021009874641081307,0.22667578167164396,6.271363292915483,0.5702874824596121,-0.09804961592250057,10.925686649970942
082006,2016,BAGHERIA,0,Sicilia,082,6.609977688730984,6.9767645074295475,6.793371098080266,55103.0,42.74720391116313,0.20844158497539705,9.36549655414239,28558.0,16.441936010743515,22.659383336660436,-0.011283319104072232,12.875853446164294,99.96898750000001,0.774242763,25.1,8.1,82.5439024390244,44.81481481481481,0.21958877012140898,50.0,0.02451152041459486,0.24499573525942325,11.144583779467542,1.230423025969548,-0.06204701512984214,10.91695944011983
082006,2017,BAGHERIA,0,Sicilia,082,6.545432298188042,6.912629193701429,6.729030745944735,54901.0,42.69233994157196,0.20769644867492132,9.392739061620116,28558.0,14.810294894446367,21.966812990655907,-0.013035314650388045,12.889307801378262,99.875,0.668010321,21.3,7.9,83.2439024390244,56.8075117370892,0.22039671408535363,34.74178403755869,0.017508228867567754,0.13478807307699314,10.169213675525036,1.5755632866432308,-0.109679422805856,10.91328684226798
082006,2018,BAGHERIA,0,Sicilia,082,6.51254062256003,6.8708154721196735,6.691678047339852,54281.0,43.77377781654883,0.21846025858873333,9.400941330988257,28558.0,15.720049372708683,23.319393526279914,-0.01400000765197994,12.906085515711624,101.10000000000001,0.62261636,19.8,7.6,82.9463414634147,55.25114155251142,0.2229140951714228,33.789954337899545,0.017508228867567754,0.13632762845194452,10.504596451797129,2.089128792763582,-0.10120582402579573,10.901929536770998
082006,2019,BAGHERIA,0,Sicilia,082,6.4940219901575675,6.849471590848178,6.671746790502873,53714.0,43.338953058870395,0.2310534972816142,9.418060929557912,28558.0,16.464981196708493,24.892951558252967,-0.015690453813799892,12.912877077321394,102.25,0.595578796,19.1,7.3,83.3463414634146,54.3859649122807,0.23085229176750938,29.824561403508774,0.02451152041459486,0.12659641806605354,11.574263692891984,2.3569274304650554,-0.08135285261372152,10.891428954153636
082006,2020,BAGHERIA,1,Sicilia,082,6.461368595176592,6.811471366935768,6.63641998105618,53409.0,43.75610535814634,0.21987776925390748,9.430906340948507,28558.0,17.38096575483533,27.471025482596566,-0.01889205888101488,12.917052192618225,102.875,0.527189894,15.7,7.0,83.4975609756098,57.08502024291497,0.26400044936246697,25.910931174089068,0.02451152041459486,0.11982999119998503,6.862139339811643,0.7058735419124117,-0.11575473428705432,10.885734550072973
082006,2021,BAGHERIA,1,Sicilia,082,6.455404881478896,6.814368563382831,6.634886722430863,53025.0,43.97324815956593,0.23138952884351688,9.418314672942424,28558.0,16.04903347477605,22.346063177746345,-0.011875586427100982,12.823268425095808,102.73333333333332,0.47569158399999995,19.4,6.8,82.1951219512195,51.11111111111111,0.26025459688826025,34.44444444444444,0.028013166188108406,0.1753889674681754,11.558698727015559,1.2918434700612917,-0.06803394228688477,10.878518779432882
082006,2022,BAGHERIA,1,Sicilia,082,6.476400222932273,6.839766738861501,6.658083480896886,53221.0,44.89178061665652,0.2338871942068911,9.481979351424787,28558.0,16.489731496965483,22.00071400387065,-0.010354902213233815,12.907639034878864,104.65833333333335,0.507288293,18.0,6.8,82.6463414634146,46.02510460251046,0.20668533097837322,33.47280334728033,0.03151481196162196,0.15031660434790778,13.879859453974936,1.9954529227184756,-0.05904103251681153,10.88220833428375
082006,2023,BAGHERIA,1,Sicilia,082,6.494172997815946,6.852669403945744,6.673421200880846,53107.0,44.196541622216394,0.2302432724948797,9.569989080295777,28558.0,18.38552356563165,23.38674750974448,-0.009417259389746795,12.95615807333407,113.24166666666667,0.540095241,17.1,6.7,82.7,47.61904761904761,0.20712900370949217,33.33333333333333,0.03151481196162196,0.14499030259664453,14.992373886681609,2.794358559135331,-0.04832472623617694,10.880064025283644
082006,2024,BAGHERIA,1,Sicilia,082,6.519775730205552,6.864242134068752,6.692008932137152,53010.0,44.61438488891594,0.24075714711733945,9.634625937029844,28558.0,19.845312205244294,22.38256932654216,-0.004786374497826573,12.966840448140005,119.60833333333332,0.568072449,14.3,6.4,83.7,38.732394366197184,0.207508017355216,39.08450704225352,0.038518103508649065,0.20939445387662708,14.248255046217697,2.624033201282777,-0.018880260046496324,10.878235853981852
082053,2014,PALERMO,0,Sicilia,082,6.954406864544938,7.268916882468186,7.111661873506562,661599.0,41.6088795814772,0.19023157390657078,9.682365046650018,325080.0,1.5740652570514768,1.6212237322003207,-7.127954417833742e-06,12.867672591351358,99.68992416666667,0.827647127,23.2,8.5,82.690243902439,76.76370312090216,1.327239007314098,3.942652329749104,0.01107419712070875,0.06816818042348916,98.28581965813129,47.653487988947994,0.26460132555993576,13.402414911203174
082053,2015,PALERMO,0,Sicilia,082,6.93231369964041,7.254209380940307,7.093261540290359,661091.0,42.62135095403836,0.2032806754613541,9.675737893064948,325080.0,1.477255022379672,1.7961218652197655,-4.823342669013693e-05,12.868424930825272,99.93022416666668,0.782999237,23.899999999999995,8.3,83.090243902439,75.65457488336665,1.2019525299845255,6.569551556698086,0.015380829334317706,0.1043729229410172,98.36134510982602,47.69010620323072,0.27864128088522344,13.401646779554824
082053,2016,PALERMO,0,Sicilia,082,6.894200320995616,7.217147084150096,7.055673702572856,659196.0,42.74720391116313,0.20844158497539703,9.687217390111169,325080.0,1.3744015436986876,1.8941255711503107,-7.884210878883107e-05,12.875853446164294,99.96898750000001,0.7742427629999998,25.100000000000005,8.1,82.5439024390244,71.53508771929825,1.2371130892784543,7.991228070175438,0.02337886058816292,0.13819865411804683,86.06408412672407,40.566386931959535,0.2910816721641728,13.398776189597823
082053,2017,PALERMO,0,Sicilia,082,6.88319837583325,7.203945583730615,7.043571979781933,658575.0,42.69233994157196,0.20769644867492132,9.687616526505272,325080.0,1.2346353870098319,1.8312265117868123,-9.05881827851012e-05,12.88930780137826,99.875,0.668010321,21.3,7.900000000000001,83.2439024390244,67.32844550621962,1.2410127927722736,10.29738858225554,0.036298757228989786,0.1898037429298106,93.7539384276658,45.25528603424059,0.350557314517881,13.397833688896306
082053,2018,PALERMO,0,Sicilia,082,6.860798283924052,7.175154687521321,7.017976485722687,655533.0,43.77377781654883,0.21846025858873333,9.681674259130423,325080.0,1.3016888547182217,1.9309477936274757,-9.599195447204855e-05,12.906085515711624,101.10000000000001,0.62261636,19.8,7.599999999999999,82.9463414634147,63.06993222427604,1.2492124729037288,13.316389402341343,0.051064353389934786,0.2637548376664485,103.22165321959382,52.34397047898428,0.41434404909436423,13.39320392416814
082053,2019,PALERMO,0,Sicilia,082,6.858051344531579,7.166926878463676,7.012489111497628,652720.0,43.338953058870395,0.23105349728161417,9.698037447972338,325080.0,1.354945459002329,2.0485047187155287,-0.00010625678081155778,12.912877077321392,102.25,0.595578796,19.1,7.3,83.3463414634146,62.686998626869986,1.3289006005637947,13.97701813977018,0.06213855051064352,0.2962985660007354,111.23835641622748,56.649099154308125,0.4584282605667515,13.388903526102682
082053,2020,PALERMO,1,Sicilia,082,6.818306427900198,7.123988613035681,6.971147520467938,647422.0,43.75610535814635,0.21987776925390745,9.69911070919973,325080.0,1.4338406788771467,2.266218942204621,-0.00012856811528299536,12.917052192618227,102.875,0.527189894,15.699999999999998,7.0,83.4975609756098,60.85892145205289,1.3439456799429121,16.255158424844375,0.0744432139780977,0.35896216069271664,40.575698694205634,11.348085174739197,0.30818617080485455,13.380753601979078
082053,2021,PALERMO,1,Sicilia,082,6.812492544748262,7.121787389891086,6.967139967319674,637885.0,43.973248159565934,0.2313895288435169,9.680729471642056,325080.0,1.3340962712714675,1.8575448552638798,-8.206002398432513e-05,12.823268425095806,102.73333333333333,0.475691584,19.4,6.8,82.1951219512195,59.92449542616524,1.2939636454846877,17.445912588935673,0.07967269595176571,0.376713670959499,64.15858657908558,20.761892817670898,0.38651394503005526,13.365913295296103
082053,2022,PALERMO,1,Sicilia,082,6.818604871208087,7.130582365142153,6.9745936181751205,635439.0,44.89178061665652,0.2338871942068911,9.717452558389615,325080.0,1.381092441603364,1.8426631037755,-7.26380757511163e-05,12.907639034878864,104.65833333333335,0.507288293,18.0,6.8,82.6463414634146,59.30065921467469,1.3024066826241385,19.274863857838923,0.09166974283253353,0.4233293833082326,113.66755896317348,54.83044005797567,0.5236785876038587,13.362071377593072
082053,2023,PALERMO,1,Sicilia,082,6.85321948086196,7.164011761702288,7.008615621282125,632499.0,44.196541622216394,0.23024327249487972,9.768954951699524,325080.0,1.5437178556804045,1.9636394682046927,-6.639087374435191e-05,12.956158073334072,113.24166666666667,0.540095241,17.1,6.7,82.7,58.97508896797154,1.3100415969037105,20.483985765124554,0.1024363233665559,0.45502048224582176,132.22028809531713,70.64232512620573,0.5733396187636106,13.357433918554895
082053,2024,PALERMO,1,Sicilia,082,6.856189953587485,7.168628833804193,7.012409393695839,630427.0,44.61438488891594,0.24075714711733945,9.83153111033324,325080.0,1.6687102551128046,1.882057716436637,-3.384173922180247e-05,12.966840448140005,119.60833333333333,0.568072449,14.300000000000002,6.400000000000001,83.7,59.43436960276338,1.3100644483818111,22.09988485895222,0.1119724375538329,0.4871301514687663,136.6010656269481,77.8308987400603,0.5987277893921116,13.35415264655787
083048,2014,MESSINA,0,Sicilia,083,7.053801632476433,7.438868063864258,7.246334848170345,240172.0,41.6088795814772,0.19023157390657078,9.726625121400179,133133.0,2.412021384674316,2.464067418350182,-2.1670316971114646e-05,12.86767259135136,99.68992416666667,0.827647127,22.1,8.5,82.690243902439,58.840214308225654,0.777359558982729,1.4497321147179325,0.0030045142827097716,0.019152940392718552,29.11371850174042,5.147977282947221,-0.034227797603491296,12.389110612307869
083048,2015,MESSINA,0,Sicilia,083,6.979012167952168,7.370049301446241,7.1745307346992035,238193.0,42.62135095403836,0.2032806754613541,9.726912106039133,133133.0,2.0642924015399275,2.4517932936736178,-0.0001626835768195078,12.868424930825272,99.93022416666668,0.782999237,22.5,8.3,83.09024390243901,56.97284101312176,0.783818164261754,2.5328043942630454,0.0052578999947421,0.03484569235871751,29.355606587934997,5.19074867859257,-0.027064928555041022,12.38083654840184
083048,2016,MESSINA,0,Sicilia,083,6.955182969318387,7.348356463197539,7.151769716257964,235948.0,42.74720391116313,0.20844158497539705,9.724791515284933,133133.0,1.9661111770390087,2.497160391272653,-0.00022507044528186052,12.875853446164294,99.96898750000001,0.774242763,22.4,8.1,82.5439024390244,67.39233317557975,0.6035228101107025,6.389020350212967,0.007511285706774428,0.057215996745045516,23.305982674148538,3.8949260006442095,-0.0603679567794496,12.371366720746495
083048,2017,MESSINA,0,Sicilia,083,6.943488263835271,7.3365584407826825,7.140023352308977,234138.0,42.69233994157196,0.20769644867492132,9.725739466610284,133133.0,2.1717961202367837,2.7231803466331823,-0.00023549540288052284,12.889307801378262,99.875,0.668010321,24.8,7.9,83.2439024390244,67.04597177969958,0.6291161622632806,6.736458807464724,0.008262414277451871,0.06321058521043145,19.89724008917818,3.322826709034843,-0.06749629529088329,12.363665964099171
083048,2018,MESSINA,0,Sicilia,083,6.878009801071719,7.273856307367155,7.075933054219436,231306.0,43.77377781654883,0.21846025858873333,9.727771343861102,133133.0,2.1512628293256553,2.8611449767840003,-0.0003069017437759267,12.906085515711624,101.10000000000001,0.62261636,25.5,7.6,82.9463414634147,62.011943040881945,0.5836424476667272,8.406063389986219,0.009764671418806756,0.07911597623926747,15.711654691188295,3.105410149326001,-0.07598484078310448,12.35149678822031
083048,2019,MESSINA,0,Sicilia,083,6.859471879306211,7.255464642151127,7.057468260728669,229280.0,43.338953058870395,0.23105349728161415,9.74448193999685,133133.0,2.3613049546406137,2.971039776692254,-0.00026593458742656996,12.912877077321394,102.25,0.595578796,25.9,7.3,83.34634146341462,59.973810563072895,0.5992672714584787,9.2099519860323,0.011266928560161643,0.09202721563154222,19.717376133984647,3.739968597348221,-0.048839857482588435,12.342699243061999
083048,2020,MESSINA,1,Sicilia,083,6.810273922683878,7.20539252526734,7.0078332239756085,227424.0,43.75610535814634,0.21987776925390742,9.74238139288188,133133.0,2.4847861263542983,3.2740607851414096,-0.00034704985348385015,12.917052192618227,102.875,0.527189894,24.5,7.0,83.4975609756098,60.23673827268742,0.6041578725200506,8.899605436212187,0.0105157999894842,0.08926058815252567,11.617067679752356,1.024957788096243,-0.10470579399957199,12.334571395626622
083048,2021,MESSINA,1,Sicilia,083,6.80512750338105,7.1857655522196096,6.995446527800331,222329.0,43.97324815956593,0.23138952884351688,9.739986350068444,133133.0,2.456269762379177,2.8597259017042314,-0.00018146806728994172,12.823268425095806,102.73333333333333,0.47569158400000006,23.9,6.8,82.19512195121949,57.75535939470365,0.6180030495346986,11.853720050441362,0.012769185701516528,0.12683905383463245,17.230320830840782,1.844563687148325,-0.058362804349890385,12.311913545784842
083048,2022,MESSINA,1,Sicilia,083,6.800113315292626,7.183530496095432,6.991821905694029,221246.0,44.89178061665651,0.2338871942068911,9.76974009179087,133133.0,3.231696844236732,2.849769035372391,0.00017262585938925042,12.907639034878864,104.65833333333335,0.507288293,21.5,6.8,82.6463414634146,55.67260940032414,0.6210281767805972,11.790923824959481,0.014271442842871416,0.13152780163257188,25.834139374271178,4.844833352919375,-0.00033403295186480443,12.307030483610703
083048,2023,MESSINA,1,Sicilia,083,6.773134285293262,7.15266142275443,6.962897854023846,219387.0,44.196541622216394,0.23024327249487972,9.809967238181956,133133.0,3.61552872321514,3.194355180571319,0.00019197743833673892,12.95615807333407,113.24166666666667,0.540095241,19.3,6.7,82.7,52.08500400962309,0.5921043635219954,14.83560545308741,0.0210315999789684,0.1686517432664652,29.277031000013675,6.800767593339624,0.0472498592981147,12.298592572560931
083048,2024,MESSINA,1,Sicilia,083,6.664233943894605,7.044621036810589,6.854427490352597,217959.0,44.61438488891594,0.24075714711733945,9.868432066663095,133133.0,4.171426736221032,3.43092049422139,0.00033974565950460503,12.966840448140005,119.60833333333333,0.568072449,15.9,6.4,83.7,34.36322532027129,0.20921365944971299,29.08816880180859,0.025538371403033056,0.17709752751664304,31.068228428282385,7.399556797379324,0.026316066912287512,12.292062250688712
084001,2014,AGRIGENTO,0,Sicilia,084,6.583010943520126,6.934674515640611,6.758842729580369,58754.0,41.6088795814772,0.19023157390657078,9.676265390511105,41058.0,7.618204717976649,8.319433570480307,-0.001193499765979607,12.867672591351358,99.68992416666669,0.8276471270000001,25.5,8.5,82.690243902439,56.427015250544656,4.408210504816693,6.034858387799565,0.05845389449072044,0.4714572624842564,372.8988664601559,217.58348367770702,0.7983768478907671,10.981114514795102
084001,2015,AGRIGENTO,0,Sicilia,084,6.545958157851101,6.894798416790585,6.720378287320842,59583.0,42.62135095403836,0.20328067546135412,9.660328269718535,41058.0,7.317523454676669,7.9821425574408815,-0.0011154508882805704,12.868424930825272,99.93022416666668,0.782999237,26.2,8.3,83.090243902439,55.72204125950054,4.306597519426682,5.819761129207382,0.06088947342783379,0.4497927261131531,367.7105885907054,214.55616534917678,0.7932278149598001,10.9951255774669
084001,2016,AGRIGENTO,0,Sicilia,084,6.48491096425272,6.826713567731204,6.655812265991963,59455.0,42.74720391116313,0.20844158497539708,9.65126019815937,41058.0,6.939702295854006,8.291985535278783,-0.002274465123916873,12.875853446164292,99.96898750000001,0.7742427630000001,24.3,8.1,82.5439024390244,53.56849876948319,4.3932385838028765,6.911402789171451,0.08768084173608066,0.5668152384156084,321.8652762593558,190.29854511815657,0.8311735994328712,10.99297500287168
084001,2017,AGRIGENTO,0,Sicilia,084,6.389833494588692,6.74775109816016,6.5687922963744265,59195.0,42.69233994157196,0.20769644867492132,9.664463488191762,41058.0,7.052960554100854,9.264295970943493,-0.0037356793932640264,12.889307801378262,99.875,0.668010321,23.0,7.9,83.2439024390244,50.590741816773196,4.412534842469803,7.147007553747821,0.09498757854742072,0.6233634597516682,324.1878537038601,189.64270630965453,0.8472464901106292,10.988592357845736
084001,2018,AGRIGENTO,0,Sicilia,084,6.369473696343843,6.721047224412729,6.545260460378286,58726.0,43.77377781654883,0.21846025858873333,9.667263536959734,41058.0,6.9253822838265835,9.328065933317438,-0.0040913456552308285,12.906085515711624,101.10000000000001,0.62261636,27.6,7.6,82.9463414634147,49.645390070921984,4.529509927459728,7.110862262038074,0.10229431535876078,0.6487756700609612,294.56118244048633,178.60232265095527,0.8480303472994576,10.980637837904906
084001,2019,AGRIGENTO,0,Sicilia,084,6.364397933433679,6.718898914737537,6.541648424085608,58174.0,43.338953058870395,0.23105349728161415,9.686184244179904,41058.0,7.286760408429884,9.519716711933166,-0.0038384094329138134,12.912877077321394,102.25,0.595578796,23.6,7.3,83.34634146341462,48.36276674025019,4.519201017636744,7.891832229580574,0.11690778898144087,0.7374428438821466,371.4150651493795,223.28875442637604,0.9061465256387364,10.971193798508354
084001,2020,AGRIGENTO,1,Sicilia,084,6.3951835363272584,6.753636852627049,6.574410194477153,57592.0,43.75610535814635,0.21987776925390745,9.699263693169575,41058.0,7.044381164050563,10.77580219474927,-0.006479061381265986,12.917052192618227,102.875,0.527189894,22.0,7.0,83.4975609756098,48.58445753372601,4.439852757327407,8.51225536766103,0.11690778898144089,0.7778858174746492,106.03382414224198,30.019794415891095,0.6643942256367584,10.96113894814914
084001,2021,AGRIGENTO,1,Sicilia,084,6.35046424726399,6.7098361399123725,6.530150193588182,55872.0,43.973248159565934,0.2313895288435169,9.68836238012904,41058.0,7.304195303550974,9.80992268041237,-0.004484764062251927,12.823268425095806,102.73333333333333,0.475691584,21.8,6.8,82.1951219512195,49.05986185725249,4.576532073310424,8.17344589409056,0.11203663110721418,0.7624570446735395,166.7722651775487,55.29603379152348,0.7419970102308086,10.930818639199273
084001,2022,AGRIGENTO,1,Sicilia,084,6.329217176268813,6.699221679111594,6.514219427690203,55849.0,44.89178061665652,0.2338871942068911,9.732270406424403,41058.0,8.082508191731277,9.260685061505129,-0.0021095755873406,12.907639034878864,104.65833333333335,0.507288293,19.3,6.8,82.6463414634146,47.63050721954832,4.607065480133932,8.774527952610145,0.1266501047298943,0.8487170764024422,306.6303783415997,157.57488943400958,0.8895307348904021,10.930406899234095
084001,2023,AGRIGENTO,1,Sicilia,084,6.321677677822636,6.70243792251485,6.512057800168743,55636.0,44.196541622216394,0.23024327249487972,9.78888269868943,41058.0,8.857574232511324,9.939607448414696,-0.001944843655013611,12.956158073334072,113.24166666666667,0.540095241,16.2,6.7,82.7,45.60171640335479,4.20231504781077,11.663740979130095,0.16561936772370792,1.074843626428931,387.62851391185563,228.6325400819613,0.9748713740371789,10.926585752727021
084001,2024,AGRIGENTO,1,Sicilia,084,6.306284880831697,6.698287015080429,6.5022859479560635,55367.0,44.61438488891594,0.24075714711733945,9.843222291054225,41058.0,9.081221666335543,10.311196199902469,-0.0022214939107535647,12.966840448140005,119.60833333333333,0.568072449,15.699999999999998,6.400000000000001,83.7,44.622475856014056,3.671862300648401,11.41352063213345,0.14613473622680112,0.9391876027236442,399.1529250275435,247.65474018819873,0.9476869008156598,10.921739027384751
085004,2014,CALTANISSETTA,0,Sicilia,085,6.12210093697457,6.486823390219035,6.304462163596802,61777.0,41.6088795814772,0.19023157390657078,9.603270927541114,39177.0,4.4790132249866454,5.307800637777814,-0.0013415792492208565,12.867672591351358,99.68992416666669,0.8276471270000001,24.5,8.5,82.690243902439,34.26676492262343,0.752707318257604,0.7369196757553428,0.002552518059065268,0.016187254156077503,49.84055554656265,3.227738478721854,-0.023695339935045766,11.031286405889189
085004,2015,CALTANISSETTA,0,Sicilia,085,6.170552060422663,6.547623080173116,6.3590875702978895,62103.0,42.62135095403836,0.2032806754613541,9.598583587383558,39177.0,5.218749496803697,5.259005201036987,-6.482086893272548e-05,12.868424930825274,99.93022416666668,0.782999237,22.2,8.3,83.090243902439,33.84279475982533,0.7487560987391914,1.455604075691412,0.005105036118130536,0.032204563386631885,49.57892533371979,3.210794969647199,-0.018610931057420677,11.036549575933464
085004,2016,CALTANISSETTA,0,Sicilia,085,6.1592265549074785,6.53124629592089,6.345236425414184,62249.0,42.74720391116313,0.20844158497539705,9.584019495552049,39177.0,4.98321258172822,6.01937380520169,-0.0016645427612868794,12.875853446164294,99.96898750000001,0.774242763,21.1,8.1,82.5439024390244,33.07254623044097,0.7469999518064547,2.631578947368421,0.007657554177195805,0.05943870584266414,42.582210155986445,3.1341868945685873,-0.018001583521032944,11.038897749940894
085004,2017,CALTANISSETTA,0,Sicilia,085,6.099843949755597,6.467228954620644,6.2835364521881205,62132.0,42.69233994157196,0.20769644867492132,9.574022725658933,39177.0,4.91373205433593,6.009785617717118,-0.0017640725606469908,12.889307801378262,99.875,0.668010321,17.7,7.9,83.2439024390244,35.14467184191955,0.8015193459087107,3.7402964008468595,0.010210072236261072,0.08530225970514388,52.460889718663495,3.777441575999485,0.023105710353821033,11.037016433107798
085004,2018,CALTANISSETTA,0,Sicilia,085,6.062704180899511,6.42214192300244,6.242423051950975,61760.0,43.77377781654883,0.21846025858873333,9.567804451505078,39177.0,4.632448186528498,6.345531088082902,-0.0027737741281645147,12.906085515711624,101.10000000000001,0.62261636,17.6,7.6,82.9463414634147,35.782967032967036,0.8435880829015543,4.326923076923077,0.01276259029532634,0.10200777202072539,43.983160621761655,3.3273963730569944,0.02260914465360317,11.031011184698658
085004,2019,CALTANISSETTA,0,Sicilia,085,6.049412309000772,6.401321036172179,6.225366672586475,61252.0,43.338953058870395,0.2310534972816142,9.581899710816094,39177.0,4.329654541892509,6.770391170900541,-0.003984746014837119,12.912877077321394,102.25,0.595578796,18.3,7.3,83.3463414634146,36.02693602693603,0.8734408672369881,4.242424242424243,0.01276259029532634,0.10285378436622479,42.11291059883759,3.741918631228368,0.027159673333070667,11.022751780935097
085004,2020,CALTANISSETTA,1,Sicilia,085,6.054863266769216,6.39655960228625,6.225711434527733,60294.0,43.75610535814634,0.21987776925390748,9.594338421457216,39177.0,4.013666368129499,7.742063886953926,-0.006183695755505402,12.917052192618225,102.875,0.527189894,14.0,7.0,83.4975609756098,42.63565891472868,0.820977211662852,6.546080964685617,0.01531510835439161,0.12604902643712476,16.973496533651772,0.8558065479152154,-0.047663200859960876,11.006987875277014
085004,2021,CALTANISSETTA,1,Sicilia,085,6.05592895101187,6.4090095294597855,6.232469240235828,59864.0,43.97324815956593,0.23138952884351688,9.607118142367598,39177.0,3.9422691433916883,6.262528397701457,-0.003875884094463733,12.823268425095808,102.73333333333332,0.47569158399999995,16.3,6.8,82.1951219512195,46.185064935064936,0.9504877722838433,7.1428571428571415,0.020420144472522144,0.14699986636375784,27.796338366965124,1.363089669918482,0.015510254583203913,10.999830601760195
085004,2022,CALTANISSETTA,1,Sicilia,085,6.050127471409573,6.410397943925155,6.230262707667364,59245.0,44.89178061665652,0.2338871942068911,9.655636582874411,39177.0,4.288969533293948,6.223309983964891,-0.003264985147558347,12.907639034878864,104.65833333333335,0.507288293,20.1,6.8,82.6463414634146,44.88501189532118,0.9553548822685458,7.53370340999207,0.02297266253158741,0.16035108447970292,32.52763946324585,2.714153093088024,0.052243484940269924,10.98943666725084
085004,2023,CALTANISSETTA,1,Sicilia,085,6.054591573185943,6.4079269457309875,6.231259259458466,58861.0,44.196541622216394,0.2302432724948797,9.709048532587856,39177.0,5.023699903161686,6.989347785460661,-0.003339474154871605,12.95615807333407,113.24166666666667,0.540095241,17.2,6.7,82.7,46.7382328654005,0.9615874687823857,8.175061932287365,0.02552518059065268,0.16819286114744908,34.05310817009565,3.2194492108526864,0.07027908522808853,10.982934011109675
085004,2024,CALTANISSETTA,1,Sicilia,085,6.044695422502718,6.397066900666578,6.220881161584648,58343.0,44.61438488891594,0.24075714711733945,9.756936761693897,39177.0,4.4615463723154445,6.691462557633306,-0.0038220800872733026,12.966840448140005,119.60833333333332,0.568072449,13.9,6.4,83.7,42.659758203799655,0.8467168297824932,7.340241796200347,0.02297266253158741,0.1456901427763399,36.132869410212024,3.3662992989733134,0.05089092229867996,10.97409466479416
085007,2014,GELA,0,Sicilia,085,6.234799093634213,6.6133432171578725,6.424071155396043,76471.0,41.6088795814772,0.19023157390657078,9.412157478513796,47679.0,3.6183651318800596,4.287899988230833,-0.0008755408669309582,12.867672591351358,99.68992416666667,0.827647127,24.5,8.5,82.690243902439,90.56603773584906,0.6276889278288501,1.1320754716981132,0.004194718848969148,0.007846111597860627,11.710321559806985,1.301146839978554,-0.1335696748574577,11.244666862976437
085007,2015,GELA,0,Sicilia,085,6.252722776156776,6.631644018949388,6.442183397553082,76161.0,42.62135095403836,0.2032806754613541,9.405493576405908,47679.0,4.255458830635102,4.288284029884061,-4.309974822935549e-05,12.868424930825272,99.93022416666668,0.782999237,22.2,8.3,83.090243902439,88.72458410351202,0.6302438255800213,3.1423290203327174,0.006292078273453722,0.02232113548929242,10.363571906881475,1.1567600215333307,-0.13410198368131757,11.240604799631146
085007,2016,GELA,0,Sicilia,085,6.250909211523578,6.615125856854499,6.433017534189038,75438.0,42.74720391116313,0.20844158497539705,9.413643762233951,47679.0,4.111986001749781,4.966992762268353,-0.001133390016329399,12.875853446164294,99.96898750000001,0.774242763,21.1,8.1,82.5439024390244,87.23776223776224,0.6614703465097166,4.020979020979021,0.008389437697938295,0.030488613165778517,10.268034677483497,1.1545905246692647,-0.12692859162311892,11.231066405821236
085007,2017,GELA,0,Sicilia,085,6.185335769471211,6.5341198698670535,6.359727819669133,74935.0,42.69233994157196,0.20769644867492132,9.420262619229183,47679.0,4.074197637952893,4.982985253886702,-0.0012127678867469261,12.889307801378262,99.875,0.668010321,17.7,7.900000000000001,83.2439024390244,83.62573099415205,0.5724961633415627,4.8732943469785575,0.008389437697938295,0.033362247280976844,12.01574698071662,1.8028958430639888,-0.12190445797818203,11.224376350079096
085007,2018,GELA,0,Sicilia,085,6.1621472384033815,6.507919955196332,6.335033596799857,74131.0,43.77377781654883,0.21846025858873333,9.448486325273466,47679.0,3.8593840633473175,5.286587257692464,-0.0019252447617665298,12.906085515711624,101.10000000000001,0.62261636,17.6,7.599999999999999,82.9463414634147,80.18691588785046,0.5787052650038446,6.915887850467289,0.012584156546907444,0.04991164290242948,15.394369427095278,2.4389256856106085,-0.09167071141547015,11.213589077374968
085007,2019,GELA,0,Sicilia,085,6.147196793026774,6.494148410634895,6.320672601830834,72890.0,43.338953058870395,0.23105349728161417,9.485228390940042,47679.0,3.6383591713540957,5.689394978735081,-0.0028138781827150294,12.912877077321394,102.25,0.595578796,18.3,7.300000000000001,83.3463414634146,76.60714285714286,0.5885581012484565,6.607142857142858,0.012584156546907444,0.050761421319796954,16.91590067224585,2.3610920565235287,-0.08750207379124297,11.196706734376258
085007,2020,GELA,1,Sicilia,085,6.154294811872316,6.499172756920247,6.326733784396281,72187.0,43.75610535814634,0.21987776925390745,9.513718642302582,47679.0,3.352404172496433,6.466538296369152,-0.00431398191346464,12.917052192618227,102.875,0.527189894,14.0,7.0,83.4975609756098,74.22145328719724,0.5942898305789132,8.823529411764707,0.01677887539587659,0.07064983999889177,8.202307894773298,0.6233809411666921,-0.1167078340555227,11.187015253267335
085007,2021,GELA,1,Sicilia,085,6.182565095083057,6.526105087160207,6.354335091121632,72491.0,43.97324815956593,0.2313895288435169,9.512234832102632,47679.0,3.255576554330882,5.171676483977321,-0.002643224579115254,12.823268425095806,102.73333333333333,0.475691584,16.3,6.8,82.1951219512195,75.04332755632582,0.5973155288242679,8.838821490467938,0.01677887539587659,0.07035356113172671,11.535225062421542,1.197390020830172,-0.09929808497260414,11.191217695205982
085007,2022,GELA,1,Sicilia,085,6.1801218167614325,6.534552806458883,6.357337311610158,71937.0,44.89178061665652,0.23388719420689108,9.565851188220332,47679.0,3.5322573918845657,5.125317986571583,-0.002214521865920205,12.907639034878864,104.65833333333335,0.507288293,20.1,6.8,82.6463414634146,75.66137566137566,0.5963551440844073,8.641975308641975,0.018876234820361167,0.06811515631733323,12.98775317291519,1.7709940642506639,-0.08387566536250843,11.18354601496224
085007,2023,GELA,1,Sicilia,085,6.170255437541188,6.522242221687431,6.34624882961431,71377.0,44.196541622216394,0.2302432724948797,9.634832513902708,47679.0,4.142791095170714,5.763761435756616,-0.0022709981374755203,12.95615807333407,113.24166666666667,0.540095241,17.2,6.7,82.7,71.875,0.6122420387519789,12.171052631578947,0.01468151597139202,0.10367485324404219,14.82410300236771,2.7824088992252407,-0.05852174849281376,11.175730967581492
085007,2024,GELA,1,Sicilia,085,6.158411290215729,6.5046969410095805,6.331554115612655,70856.0,44.61438488891594,0.24075714711733942,9.714627331509842,47679.0,3.673647962063905,5.509766286553009,-0.0025913378182357235,12.966840448140005,119.60833333333332,0.568072449,13.9,6.4,83.7,74.82876712328768,0.6167438184486846,9.931506849315069,0.01468151597139202,0.08185615897030597,17.899683865868806,5.403917805125889,-0.03302584428841782,11.16840492748942
087004,2014,ACIREALE,0,Sicilia,087,6.998989306245979,7.301855638340798,7.150422472293388,52928.0,41.6088795814772,0.19023157390657078,9.500957933892296,30794.0,16.437424425634823,16.666036880290207,-0.0004319310282938777,12.86767259135136,99.68992416666667,0.827647127,19.2,8.5,82.690243902439,51.93230613791362,3.8845223700120917,5.077039656478909,0.0357212443982594,0.37976118500604594,165.00717956469165,53.427297460701325,0.5675702124335625,10.876687778383364
087004,2015,ACIREALE,0,Sicilia,087,6.951018968753752,7.284221200427124,7.117620084590438,52622.0,42.62135095403836,0.20328067546135406,9.511226591003576,30794.0,16.05602219603968,16.800957774314927,-0.0014156352443374372,12.868424930825272,99.93022416666668,0.7829992370000001,16.2,8.3,83.090243902439,54.6916890080429,3.4890350043707956,6.702412868632708,0.03896863025264662,0.4275778191630877,165.96670594048118,53.73798031241685,0.5760792616332117,10.870889562233824
087004,2016,ACIREALE,0,Sicilia,087,6.881059913324579,7.22892589220172,7.05499290276315,52391.0,42.74720391116313,0.20844158497539705,9.512263975092166,30794.0,15.590464010994253,17.098356587963583,-0.002878151928707849,12.875853446164294,99.96898750000001,0.774242763,18.5,8.1,82.54390243902438,52.37055520898316,3.204748907255063,8.60885839051778,0.05195817367019549,0.5268080395487775,186.15220171403487,67.2710961806417,0.6346610575975566,10.86649009983224
087004,2017,ACIREALE,0,Sicilia,087,6.8407224351203775,7.209102947316642,7.024912691218509,52119.0,42.69233994157196,0.20769644867492135,9.520447083363543,30794.0,16.001841938640418,19.3614612713214,-0.0064460548603790975,12.889307801378262,99.875,0.668010321,18.8,7.9,83.2439024390244,48.35829493087557,3.221473934649552,7.574884792626728,0.048710787815808274,0.5046144400314665,184.83470519388322,72.51290316391335,0.631221162969772,10.86128484456201
087004,2018,ACIREALE,0,Sicilia,087,6.785347481689476,7.160719354731973,6.973033418210725,51669.0,43.77377781654882,0.21846025858873336,9.523764848763253,30794.0,16.543768991077823,19.549439702723102,-0.005817164473175947,12.906085515711624,101.10000000000001,0.6226163600000001,18.9,7.6,82.9463414634147,51.430450509700755,3.026960072770907,8.845774416310425,0.048710787815808274,0.5206216493448682,181.24020205539105,68.89624339545955,0.6226701741926359,10.852613267503855
087004,2019,ACIREALE,0,Sicilia,087,6.76894430774753,7.142362929106901,6.955653618427215,51361.0,43.338953058870395,0.23105349728161417,9.5617709430805,30794.0,18.79052199139425,21.177547166137735,-0.004647544196459339,12.912877077321394,102.25,0.595578796,16.1,7.299999999999999,83.3463414634146,50.861788617886184,3.0451120499990267,9.463414634146341,0.05520555952458271,0.5665777535484122,162.4033799964954,67.05866318802204,0.6277454044833954,10.84663440857928
087004,2020,ACIREALE,1,Sicilia,087,6.7511394473411315,7.119354635781298,6.935247041561215,51176.0,43.75610535814634,0.21987776925390745,9.556935682175924,30794.0,18.647412849773332,23.47389401281851,-0.009431141869323856,12.917052192618227,102.875,0.527189894,16.0,7.0,83.49756097560979,51.09441359032996,3.0561200562763795,9.114668409016662,0.05195817367019549,0.5451774269188682,48.56768797874003,6.12396435829295,0.3704421350158372,10.843025951129974
087004,2021,ACIREALE,1,Sicilia,087,6.702313831826422,7.0754332178893256,6.888873524857873,50627.0,43.97324815956593,0.23138952884351688,9.544924150469878,30794.0,17.306970588816245,20.575977245343395,-0.006457042006295355,12.823268425095806,102.73333333333333,0.475691584,15.5,6.799999999999999,82.1951219512195,46.8655589123867,2.4512611847433186,7.854984894259818,0.048710787815808274,0.41084796650008887,72.81095067849172,13.747605032887588,0.39721808754201693,10.832240309801332
087004,2022,ACIREALE,1,Sicilia,087,6.675504227438859,7.053534337525519,6.864519282482188,50735.0,44.89178061665652,0.23388719420689114,9.60408849560068,30794.0,18.076278703064947,19.858086133832657,-0.003511988628693624,12.907639034878864,104.65833333333333,0.507288293,16.3,6.799999999999999,82.6463414634146,46.900982615268326,2.446043165467626,7.785336356764929,0.048710787815808274,0.40603133931211194,129.59495417364738,42.76534936434415,0.517745275701689,10.834371286713184
087004,2023,ACIREALE,1,Sicilia,087,6.652921847439144,7.0336684875621724,6.843295167500658,50608.0,44.196541622216394,0.23024327249487972,9.665284759907742,30794.0,19.317104015175467,21.407682579829277,-0.004130925080330799,12.95615807333407,113.24166666666669,0.540095241,15.3,6.700000000000001,82.70000000000002,46.11668524712003,2.452181473284856,7.655146785581568,0.048710787815808274,0.4070502687322163,161.64835599114764,66.4776319949415,0.5702502410105674,10.83186494554543
087004,2024,ACIREALE,1,Sicilia,087,6.607062918871332,7.001605007327545,6.804333963099438,50505.0,44.61438488891594,0.24075714711733948,9.733733053965455,30794.0,18.972378972378973,20.26928026928027,-0.002567867135731703,12.966840448140005,119.60833333333333,0.568072449,12.5,6.4,83.70000000000002,48.41858648965248,2.455202455202455,8.629441624365482,0.05195817367019549,0.4375804375804376,167.4289674289674,76.08751608751608,0.5937804141313707,10.829827620263284
087015,2014,CATANIA,0,Sicilia,087,6.842108409939309,7.186943424538757,7.014525917239033,297387.0,41.6088795814772,0.19023157390657078,9.595787933824717,169004.0,2.925480938978503,2.9661686623826866,-1.3681742444755086e-05,12.867672591351358,99.68992416666667,0.827647127,19.2,8.5,82.690243902439,49.373721881390594,1.298980789341834,10.582822085889571,0.02130127097583489,0.2784250824682989,132.81078191043994,62.78552862095519,0.40076155438216754,12.602789599880628
087015,2015,CATANIA,0,Sicilia,087,6.778490352492613,7.1465124902290365,6.962501421360825,298765.0,42.62135095403836,0.2032806754613541,9.595209593719387,169004.0,2.8279751644268907,2.9591819657590412,-4.3916389581159295e-05,12.868424930825272,99.93022416666668,0.782999237,16.2,8.3,83.090243902439,53.69591346153846,1.1962579284722106,8.09795673076923,0.024259780833589737,0.1804093518317072,132.19821598915536,62.49594162636186,0.3716567748514457,12.607412590172439
087015,2016,CATANIA,0,Sicilia,087,6.733444205105771,7.112231910334235,6.9228380577200035,298726.0,42.74720391116313,0.20844158497539705,9.592048398819822,169004.0,2.7342782349042265,2.998734626380027,-8.852807973721762e-05,12.875853446164294,99.96898750000001,0.774242763,18.5,8.1,82.5439024390244,53.622989137907325,1.3055442110830662,10.33961226454008,0.03609382026460912,0.25173570429088865,126.66590788883458,59.963980369971146,0.41841021911558196,12.607282044272816
087015,2017,CATANIA,0,Sicilia,087,6.7168211632501835,7.086699392746584,6.901760277998384,298452.0,42.69233994157196,0.20769644867492132,9.600182707638194,169004.0,2.7944192030879336,3.381113210834573,-0.0001965790169764784,12.889307801378262,99.875,0.668010321,18.8,7.9,83.2439024390244,51.63152314760278,1.4685778617667162,10.401696312875487,0.04082743603701687,0.2958599707825714,153.15193062871083,74.78623028158631,0.48292869829788804,12.606364394864341
087015,2018,CATANIA,0,Sicilia,087,6.70313217650791,7.069630859600594,6.886381518054252,297325.0,43.77377781654883,0.21846025858873333,9.598785490291897,169004.0,2.874968468847221,3.3972925250147146,-0.00017567444922811522,12.906085515711624,101.10000000000001,0.62261636,18.9,7.6,82.9463414634147,50.964537368603445,1.4838980913142186,9.8648492549382,0.04319424392322075,0.2872277810476751,159.42991675775667,78.20600353148912,0.49174535893756205,12.602581095595447
087015,2019,CATANIA,0,Sicilia,087,6.682367693555195,7.051863368530398,6.8671155310427965,297752.0,43.338953058870395,0.23105349728161417,9.615457184512492,169004.0,3.241288051801499,3.65304011392031,-0.00013828691734020624,12.912877077321394,102.25,0.595578796,16.1,7.3,83.3463414634146,49.45736434108527,1.4999059620086514,11.196013289036545,0.05029466758183238,0.33954431876192265,152.94641177893013,77.08394905827669,0.5135994740200729,12.604016204239487
087015,2020,CATANIA,1,Sicilia,087,6.6594657421099415,7.0309597931718,6.845212767640871,296266.0,43.75610535814634,0.21987776925390745,9.615537012976649,169004.0,3.221091856642342,4.054802103515084,-0.0002814059820812183,12.917052192618227,102.875,0.527189894,16.0,7.0,83.4975609756098,48.371732388125835,1.4740132178515253,11.962782454585733,0.055028283354240135,0.36453727393626,55.37422451445661,17.09578554407188,0.33974595335833374,12.599012978411894
087015,2021,CATANIA,1,Sicilia,087,6.604771663530453,6.983787051655547,6.794279357593,300356.0,43.97324815956593,0.23138952884351688,9.606507755013409,169004.0,2.9172049168320258,3.4682177149782256,-0.00018345323487667964,12.823268425095806,102.73333333333333,0.475691584,15.5,6.8,82.1951219512195,48.62096138691883,1.437960287125944,11.865360801531015,0.055028283354240135,0.350916911931175,84.20707427186406,29.177376180266084,0.4006284560578224,12.612723716772633
087015,2022,CATANIA,1,Sicilia,087,6.597040691469839,6.976383041237979,6.78671186635391,301104.0,44.89178061665652,0.2338871942068911,9.651892546722564,169004.0,3.045791487326638,3.3460199798076413,-9.970923417855733e-05,12.907639034878864,104.65833333333335,0.507288293,16.3,6.8,82.6463414634146,49.208947081287505,1.4978213507625273,11.947626841243862,0.057395091240444014,0.3636617248525426,137.84639194431162,67.11767362771667,0.5116883627643156,12.615210999004635
087015,2023,CATANIA,1,Sicilia,087,6.5839988520619315,6.965942363819981,6.774970607940957,299730.0,44.196541622216394,0.23024327249487972,9.702114179312417,169004.0,3.2616021085643743,3.6145864611483667,-0.00011776744155873367,12.95615807333407,113.24166666666667,0.540095241,15.3,6.7,82.7,50.07544729467558,1.5500617222166617,11.98534166846303,0.05798679321199498,0.3710005671771261,142.25569679378108,79.02912621359224,0.5325799778242519,12.610637348395175
087015,2024,CATANIA,1,Sicilia,087,6.57717182057246,6.966010551852902,6.771591186212681,298680.0,44.61438488891594,0.24075714711733945,9.761747969686931,169004.0,3.2081157091201287,3.4274139547341638,-7.342247409067735e-05,12.966840448140005,119.60833333333333,0.568072449,12.5,6.4,83.7,52.26757369614512,1.543457881344583,11.893424036281179,0.057395091240444014,0.35121199946430964,143.3909200482121,82.48426409535288,0.5306931782457258,12.607128045149638
088006,2014,MODICA,0,Sicilia,088,6.5404713200965565,6.904169162373898,6.722320241235227,54788.0,41.6088795814772,0.19023157390657078,9.3884932841762,35268.0,6.223990654887931,4.407899540045265,0.0033147607411160586,12.867672591351358,99.68992416666667,0.827647127,18.5,8.5,82.690243902439,56.43798580601555,3.0481127254143243,12.369043595809396,0.2778722921628672,0.6680294955099657,76.46564941228006,24.133021829597723,0.6766098595863416,10.911226470854713
088006,2015,MODICA,0,Sicilia,088,6.511863135121486,6.884435849344283,6.698149492232884,54455.0,42.62135095403836,0.2032806754613541,9.393516130952436,35268.0,6.072904232852814,4.098797171976861,0.0036252080816746904,12.868424930825272,99.93022416666668,0.782999237,19.5,8.3,83.090243902439,53.912213740458014,3.1126618308695253,12.595419847328243,0.28070772371554953,0.7272059498668626,62.868423468919296,19.507850518776973,0.6581582237489748,10.905129951509787
088006,2016,MODICA,0,Sicilia,088,6.489795560545976,6.856732663108141,6.673264111827059,54353.0,42.74720391116313,0.20844158497539703,9.405625966272119,35268.0,7.451290637131346,4.456055783489412,0.005510707511346077,12.875853446164294,99.96898750000001,0.7742427629999998,19.4,8.1,82.5439024390244,57.123145912383585,3.0467499494048167,14.177302518109693,0.11058183055461042,0.756168012805181,88.52501241881772,30.750832520744027,0.6130276690043155,10.903255088818101
088006,2017,MODICA,0,Sicilia,088,6.476147320564226,6.842695513286213,6.65942141692522,54198.0,42.69233994157196,0.20769644867492132,9.42880713472481,35268.0,7.295472157644194,4.996494335584338,0.004241813022731199,12.88930780137826,99.875,0.668010321,18.8,7.900000000000001,83.2439024390244,56.76589986468199,3.096055204989114,14.546684709066307,0.12192355676533968,0.7933872098601423,122.99162330713311,37.75231558360087,0.6692957805874288,10.9003992863779
088006,2018,MODICA,0,Sicilia,088,6.4675510680011286,6.834064609088432,6.65080783854478,54123.0,43.77377781654883,0.21846025858873333,9.430885863892044,35268.0,7.211351920625243,5.350775086377325,0.003437682379483615,12.906085515711624,101.10000000000001,0.62261636,18.7,7.599999999999999,82.9463414634147,56.536388140161726,3.1003455093028847,14.487870619946092,0.12192355676533968,0.7944866323005005,133.612327476304,42.29809877501247,0.68489156021108,10.899014513120912
088006,2019,MODICA,0,Sicilia,088,6.466125963578634,6.833732078810487,6.64992902119456,53767.0,43.338953058870395,0.23105349728161417,9.45932866719026,35268.0,7.288857477634981,5.644726319117676,0.0030578815230853603,12.912877077321392,102.25,0.595578796,16.5,7.3,83.3463414634146,56.536388140161726,3.12087339818104,14.487870619946092,0.12192355676533968,0.7997470567448435,132.49390890323062,38.186992021128205,0.6778773166293602,10.892415175053996
088006,2020,MODICA,1,Sicilia,088,6.487816289747247,6.853707387319265,6.670761838533256,53658.0,43.75610535814635,0.21987776925390745,9.476579094541123,35268.0,7.911215475791121,6.7725222706772525,0.0021221312853887003,12.917052192618227,102.875,0.527189894,14.300000000000002,7.0,83.4975609756098,57.635319020260056,3.5521264303552122,16.026610220743876,0.15027787229216288,0.9877371500987738,57.303663945730364,5.563010175556301,0.5438830981779679,10.890385851574235
088006,2021,MODICA,1,Sicilia,088,6.449614935379761,6.814350020351828,6.631982477865794,53370.0,43.973248159565934,0.2313895288435169,9.469347017546474,35268.0,6.958965711073636,6.050215476859659,0.0017027360581112563,12.823268425095806,102.73333333333333,0.475691584,15.0,6.8,82.1951219512195,57.635319020260056,3.571294734869776,16.026610220743876,0.15027787229216288,0.99306726625445,75.76728499156829,9.199925051527075,0.5914520153688797,10.88500406932799
088006,2022,MODICA,1,Sicilia,088,6.45137675130793,6.836802797407877,6.644089774357904,53554.0,44.89178061665652,0.2338871942068911,9.533220560284017,35268.0,8.697763005564477,6.04063188557344,0.004961592261999173,12.907639034878864,104.65833333333335,0.507288293,9.9,6.8,82.6463414634146,57.635319020260056,3.5590245359823727,16.026610220743876,0.15027787229216288,0.9896553011913211,114.84482951786981,25.852410650931763,0.6906792757889407,10.88844576963153
088006,2023,MODICA,1,Sicilia,088,6.448473510763925,6.825132762877579,6.6368031368207525,53514.0,44.196541622216394,0.23024327249487972,9.601107320678864,35268.0,11.01580894719139,7.000037373397615,0.007504151388036353,12.956158073334072,113.24166666666667,0.540095241,9.5,6.7,82.7,58.643388666285055,3.8289045857158874,14.453348597595877,0.16445503005557446,0.9436782897933251,123.29297006390851,33.2212131404866,0.7247808502323897,10.887698580894263
088006,2024,MODICA,1,Sicilia,088,6.446595274668712,6.80890801696217,6.62775164581544,53485.0,44.61438488891594,0.24075714711733945,9.667731978532053,35268.0,11.816397120688043,7.56847714312424,0.007942264144271858,12.966840448140005,119.60833333333333,0.568072449,5.7,6.400000000000001,83.7,57.72430184194891,3.632794241376087,15.359477124183007,0.13610071452875128,0.9666261568664112,120.35710946994486,32.43152285687576,0.6987808629807596,10.88715651974023
088009,2014,RAGUSA,0,Sicilia,088,6.6736011858018065,7.06889092087382,6.8712460533378135,72436.0,41.60887958147719,0.19023157390657078,9.484403441504881,50959.0,4.707603953835109,3.3339775802087357,0.001896331069670293,12.867672591351358,99.68992416666667,0.827647127,18.5,8.5,82.690243902439,64.98782377684303,8.105085868904965,9.220721717954394,0.39835946545261874,1.1499806725937378,193.8469821635651,90.57098680214258,1.0136573522113301,11.190458692361233
088009,2015,RAGUSA,0,Sicilia,088,6.662781145070648,7.059295933615875,6.861038539343261,72276.0,42.62135095403836,0.20328067546135406,9.484681623086566,50959.0,4.575516077259394,3.08816204549228,0.0020578809449431543,12.868424930825272,99.93022416666668,0.7829992370000001,19.5,8.3,83.090243902439,65.11498722364182,8.109192539708895,9.043439617820242,0.39247237975627464,1.1262383087055179,194.2761082517018,90.77148707731475,1.010161598483184,11.188247402831722
088009,2016,RAGUSA,0,Sicilia,088,6.638239814153342,7.0342932162577005,6.836266515205521,72201.0,42.74720391116313,0.20844158497539705,9.497579356113025,50959.0,5.609340590850542,3.3545241755654356,0.0031229711711542874,12.875853446164294,99.96898750000001,0.774242763,19.4,8.1,82.54390243902438,69.38733762912959,9.395991745266686,9.542804541270328,0.20801036127082556,1.2922258694477915,161.45205745072784,66.61126577194221,0.920992316147341,11.187209175200515
088009,2017,RAGUSA,0,Sicilia,088,6.636164409676062,7.0293603995489935,6.832762404612528,72061.0,42.69233994157196,0.20769644867492135,9.520092016694878,50959.0,5.487017943131513,3.757927311583242,0.002399481871675763,12.889307801378262,99.875,0.668010321,18.8,7.9,83.2439024390244,67.77480953794401,9.50583533395318,11.338676165034135,0.25510704684157853,1.5903193128044297,186.3254742509818,80.45128432855498,0.9885502838740587,11.185268261530247
088009,2018,RAGUSA,0,Sicilia,088,6.620167470420099,7.014353975894152,6.8172607231571245,71883.0,43.77377781654882,0.21846025858873336,9.525008175584064,50959.0,5.429656525186761,4.0287689718014,0.0019488440290268373,12.906085515711624,101.10000000000001,0.6226163600000001,18.7,7.6,82.9463414634147,67.12395884370407,9.529374121836874,11.229789318961293,0.25510704684157853,1.5942573348357745,217.81088713604052,100.0,1.0173123512239564,11.182795076253608
088009,2019,RAGUSA,0,Sicilia,088,6.612334962063169,7.006636975388647,6.809485968725908,71374.0,43.338953058870395,0.23105349728161417,9.545143371800764,50959.0,5.490794967355059,4.252248718020567,0.0017352905110187072,12.912877077321394,102.25,0.595578796,16.5,7.299999999999999,83.3463414634146,67.12395884370407,9.59733236192451,11.229789318961293,0.25510704684157853,1.6056266987978813,217.46714489870263,84.70031103763274,1.0064112533818474,11.175688936352282
088009,2020,RAGUSA,1,Sicilia,088,6.604089349097043,6.9975481012283485,6.800818725162696,71438.0,43.75610535814634,0.21987776925390745,9.5461651089199,50959.0,5.942215627537165,5.086928525434643,0.001197243906747841,12.917052192618227,102.875,0.527189894,14.3,7.0,83.49756097560979,64.77924167756211,9.01620986029844,15.981092225686414,0.36107458937577264,2.224306391556315,91.33234413057477,14.187127299196506,0.8759731201148124,11.176585219637783
088009,2021,RAGUSA,1,Sicilia,088,6.570592173140328,6.9486248099046195,6.759608491522474,72579.0,43.97324815956593,0.23138952884351688,9.536947721031694,50959.0,5.117182656140206,4.448945287204287,0.0009207034664791726,12.823268425095806,102.73333333333333,0.475691584,15.0,6.799999999999999,82.1951219512195,64.77924167756211,8.874467821270615,15.981092225686414,0.36107458937577264,2.189338513895204,140.4745174223949,29.186128218906294,0.9564189203978943,11.192430902771898
088009,2022,RAGUSA,1,Sicilia,088,6.583020451084655,6.958557855265481,6.770789153175068,72779.0,44.89178061665652,0.23388719420689114,9.592047719844919,50959.0,6.400197859272593,4.444963519696616,0.002686536417889743,12.907639034878864,104.65833333333333,0.507288293,9.900000000000002,6.799999999999999,82.6463414634146,64.77924167756211,8.85008038032949,15.981092225686414,0.36107458937577264,2.183322112147735,205.42051965539505,73.53494826804436,1.0544057262939073,11.195182731033283
088009,2023,RAGUSA,1,Sicilia,088,6.57175671603694,6.925039989644644,6.748398352840791,73476.0,44.196541622216394,0.23024327249487972,9.653921497096979,50959.0,8.023027927486526,5.098263378518156,0.0039805712735701045,12.95615807333407,113.24166666666669,0.540095241,9.5,6.700000000000001,82.70000000000002,61.05960264900663,8.783820567260058,16.16840113528855,0.37677348456602366,2.3259295552289183,222.99118079372855,87.41085524525013,1.0836011060341804,11.204714101265955
088009,2024,RAGUSA,1,Sicilia,088,6.538817417563494,6.873416572600333,6.7061169950819135,73736.0,44.61438488891594,0.24075714711733948,9.712655082782215,50959.0,8.571118585222957,5.489855701421287,0.0041787768305870535,12.966840448140005,119.60833333333333,0.568072449,5.700000000000001,6.4,83.70000000000002,47.09200805910007,4.754800911359444,18.34788448623237,0.29239192291842464,1.852555061299772,228.81767386351308,106.31035043940544,1.0026399264923032,11.2082464256735
088012,2014,VITTORIA,0,Sicilia,088,6.529238487775945,6.914592366874737,6.7219154273253405,63005.0,41.6088795814772,0.19023157390657078,9.04163794645938,34272.0,5.412268867550194,3.833029124672645,0.002506530819581858,12.867672591351358,99.68992416666667,0.827647127,18.5,8.5,82.690243902439,60.25778732545651,0.890405523371161,3.007518796992481,0.011671335200746966,0.04444091738750893,19.049281803031505,3.860011110229347,-0.039747026885681006,11.050969367303793
088012,2015,VITTORIA,0,Sicilia,088,6.522281524867034,6.910234087440012,6.716257806153523,62955.0,42.62135095403836,0.2032806754613541,9.061745913618239,34272.0,5.2529584623937735,3.5453895639742674,0.0027123642259066095,12.868424930825272,99.93022416666668,0.782999237,19.5,8.3,83.090243902439,59.23970432946146,0.8911126995472958,2.956705385427666,0.011671335200746966,0.04447621316813597,19.06441108728457,3.863076800889524,-0.03958677499914172,11.050175464435801
088012,2016,VITTORIA,0,Sicilia,088,6.510329332144368,6.894296673216771,6.702313002680569,62887.0,42.74720391116313,0.20844158497539705,9.078011744280085,34272.0,6.44012275987088,3.851352425779573,0.004116542900903695,12.875853446164294,99.96898750000001,0.774242763,19.4,8.1,82.5439024390244,57.60626398210291,0.8189291904527168,3.131991051454139,0.005835667600373483,0.04452430550034188,13.276193807941228,2.7573266334854583,-0.0812284303917967,11.049094744062343
088012,2017,VITTORIA,0,Sicilia,088,6.502864998319031,6.891461939842574,6.697163469080802,63076.0,42.69233994157196,0.20769644867492132,9.10070836766553,34272.0,6.26862832139007,4.293233559515505,0.0031317692337411453,12.889307801378262,99.875,0.668010321,18.8,7.900000000000001,83.2439024390244,57.41360089186176,0.8164753630540934,3.121516164994426,0.005835667600373483,0.044390893525271105,21.61202359058913,5.1540998160948694,-0.03680616077666811,11.052095627525478
088012,2018,VITTORIA,0,Sicilia,088,6.496676129031476,6.887468452969887,6.692072291000681,63141.0,43.77377781654883,0.21846025858873333,9.106264309594678,34272.0,6.181403525443057,4.586560238197051,0.0025258442014634004,12.906085515711624,101.10000000000001,0.62261636,18.7,7.599999999999999,82.9463414634147,57.41360089186176,0.8156348489887711,3.121516164994426,0.005835667600373483,0.04434519567317591,21.76557229058773,4.895392850920955,-0.038970260621328544,11.05312559980728
088012,2019,VITTORIA,0,Sicilia,088,6.496360031687922,6.888169047908685,6.692264539798304,62757.0,43.338953058870395,0.23105349728161417,9.132918698402714,34272.0,6.244721704351706,4.836113899644661,0.0022445429270153846,12.912877077321394,102.25,0.595578796,16.5,7.300000000000001,83.3463414634146,57.41360089186176,0.8206255875838552,3.121516164994426,0.005835667600373483,0.04461653680067562,20.42959351148079,4.280000637379097,-0.04718707821939032,11.04702540455723
088012,2020,VITTORIA,1,Sicilia,088,6.492894789205267,6.8846984935305535,6.688796641367911,62524.0,43.75610535814634,0.21987776925390745,9.158011244234531,34272.0,6.789392873136715,5.8121681274390635,0.0015629594167002297,12.917052192618227,102.875,0.527189894,14.300000000000002,7.0,83.4975609756098,56.284153005464475,0.8236837054571045,5.136612021857923,0.014589169000933707,0.07517113428443478,7.454737380845755,0.8764634380397927,-0.09409034227595416,11.043305762015361
088012,2021,VITTORIA,1,Sicilia,088,6.451640296978251,6.835926825721296,6.643783561349774,62051.0,43.97324815956593,0.2313895288435169,9.173645855904947,34272.0,5.985399107186025,5.203783984142077,0.0012596334032391869,12.823268425095806,102.73333333333333,0.475691584,15.0,6.8,82.1951219512195,56.284153005464475,0.8299624502425424,5.136612021857923,0.014589169000933707,0.07574414594446503,6.15300317480782,0.897648708320575,-0.09604047958729553,11.035711906538346
088012,2022,VITTORIA,1,Sicilia,088,6.4774856886969765,6.865479449008565,6.67148256885277,62533.0,44.89178061665652,0.23388719420689108,9.207200544193993,34272.0,7.448866998224937,5.17326851422449,0.00363903616330649,12.907639034878864,104.65833333333335,0.507288293,9.9,6.8,82.6463414634146,56.284153005464475,0.8235651575967889,5.136612021857923,0.014589169000933707,0.07516031535349335,19.599251595157757,2.5314633873314887,-0.04178836888374486,11.04344969638154
088012,2023,VITTORIA,1,Sicilia,088,6.4891774162030895,6.86438794118867,6.67678267869588,63435.0,44.196541622216394,0.2302432724948797,9.258566082838176,34272.0,9.292977063135494,5.905257350043351,0.005340458285003772,12.95615807333407,113.24166666666667,0.540095241,9.5,6.7,82.7,63.47736625514402,0.9726491684401355,11.11111111111111,0.029178338001867414,0.1702530148971388,11.495231339166075,3.209584614171987,0.031972242793177064,11.057771038574698
088012,2024,VITTORIA,1,Sicilia,088,6.51844982103593,6.892899679730344,6.705674750383136,64649.0,44.61438488891594,0.24075714711733942,9.312809748445659,34272.0,9.775866602731673,6.261504431623072,0.005436065787728505,12.966840448140005,119.60833333333332,0.568072449,5.7,6.4,83.7,68.25,0.8445606273878947,10.75,0.026260504201680673,0.1330260328852728,10.83543442280623,4.592491763213662,0.012402513804887183,11.076727916176276
089017,2014,SIRACUSA,0,Sicilia,089,6.768810719118722,7.069688318913209,6.919249519015966,122299.0,41.6088795814772,0.19023157390657078,9.642114341476498,66140.0,3.393322921691919,3.280484713693489,9.226421148041277e-05,12.867672591351358,99.68992416666669,0.8276471270000001,25.3,8.5,82.690243902439,76.15984816533108,5.906017220091742,7.844791227330242,0.08013305110371939,0.6083451213828404,235.77625328089354,112.34024808052396,0.7912310534250904,11.714224145026954
089017,2015,SIRACUSA,0,Sicilia,089,6.668244324901574,6.961092120760475,6.814668222831025,122120.0,42.62135095403836,0.20328067546135406,9.648970877868845,66140.0,3.2869308876514904,3.1747461513265645,9.186434353498651e-05,12.868424930825272,99.93022416666668,0.7829992370000001,25.699999999999996,8.3,83.090243902439,72.63872869409201,4.6413363904356375,8.189158016147635,0.06652555185969157,0.5232558139534884,236.1218473632493,112.50491320013103,0.7405620111700517,11.712759446848814
089017,2016,SIRACUSA,0,Sicilia,089,6.653559273160354,6.956429268700676,6.804994270930515,121691.0,42.74720391116313,0.20844158497539705,9.656324750210455,66140.0,3.2664699936724984,3.3083794200064096,-3.4439215992893235e-05,12.875853446164294,99.96898750000001,0.774242763,24.0,8.1,82.54390243902438,74.24478355652445,5.877180728237915,8.564310183743382,0.10432416087087996,0.6779466024603298,207.8666458489124,88.88907150076832,0.8000710308444663,11.709240323899186
089017,2017,SIRACUSA,0,Sicilia,089,6.64173343342361,6.954143695351457,6.797938564387534,121186.0,42.69233994157196,0.20769644867492135,9.665181903255577,66140.0,3.573845163632763,3.7099995048933043,-0.00011235154329752734,12.889307801378262,99.875,0.668010321,22.0,7.9,83.2439024390244,72.32286634460547,5.929727856353044,9.561191626409018,0.13305110371938314,0.7839189345303914,224.98803492152558,100.96380770055946,0.8541845221834412,11.705081834394223
089017,2018,SIRACUSA,0,Sicilia,089,6.627613737585033,6.952461296835507,6.79003751721027,120454.0,43.77377781654882,0.21846025858873336,9.665115709530584,66140.0,3.3921663041493013,3.811413485645973,-0.00034805583998594636,12.906085515711624,101.10000000000001,0.6226163600000001,22.199999999999996,7.6,82.9463414634147,72.61073376064287,6.301160609029173,9.834497273509998,0.1406108255216208,0.8534378268882727,210.64638783269962,95.70209374533016,0.8620749021746145,11.69902321629195
089017,2019,SIRACUSA,0,Sicilia,089,6.637777404013108,6.951403513149471,6.794590458581291,119710.0,43.338953058870395,0.23105349728161417,9.684321483207423,66140.0,3.603708963328043,3.846796424693008,-0.00020306362155623206,12.912877077321394,102.25,0.595578796,24.1,7.299999999999999,83.3463414634146,71.53628652214891,6.340322445910951,10.697455230914233,0.16480193528878134,0.9481246345334559,235.7622587920809,113.91863670537133,0.9091354129413955,11.692827430245416
089017,2020,SIRACUSA,1,Sicilia,089,6.635006293267425,6.9461297045576895,6.790567998912558,119056.0,43.75610535814634,0.21987776925390745,9.684024981790767,66140.0,3.67894100255342,4.359293105765354,-0.0005714555362282738,12.917052192618227,102.875,0.527189894,23.800000000000004,7.0,83.49756097560979,71.16914724328373,6.386070420642387,11.288963774220722,0.17538554581191412,1.012968687004435,83.88825426689961,17.532925682031987,0.7056180359862788,11.687349249637043
089017,2021,SIRACUSA,1,Sicilia,089,6.600573130862533,6.948850768872424,6.774711949867479,117053.0,43.97324815956593,0.23138952884351688,9.6766910477962,66140.0,3.2609159953183595,3.5864095751497183,-0.00027807367588302586,12.823268425095806,102.73333333333333,0.475691584,21.4,6.799999999999999,82.1951219512195,71.16914724328373,6.495348261044143,11.625947767481044,0.17992137889325674,1.061057811418759,107.36247682673661,26.863899259309886,0.7617680466165833,11.67038210266323
089017,2022,SIRACUSA,1,Sicilia,089,6.5781794015418535,6.9410164334989055,6.759597917520379,117055.0,44.89178061665652,0.23388719420689114,9.709701369006316,66140.0,3.841783776857033,3.590619794113878,0.000214569204855115,12.907639034878864,104.65833333333333,0.507288293,14.8,6.799999999999999,82.6463414634146,65.30838886041346,6.53111785058306,16.59832564496839,0.3023888720895071,1.6599034641835035,217.82324548289264,98.10430993977191,1.0125510176786179,11.670399188794418
089017,2023,SIRACUSA,1,Sicilia,089,6.576768587161663,6.929209044218028,6.752988815689846,116635.0,44.196541622216394,0.23024327249487972,9.755183986348237,66140.0,4.503793886912162,3.984224289449993,0.0004454662815297031,12.95615807333407,113.24166666666669,0.540095241,16.3,6.700000000000001,82.70000000000002,62.879037574159526,6.54263300038582,19.297956493078445,0.3825219231932265,2.0079735928323403,265.21370086166246,136.77626784412914,1.0953161983844164,11.666804679382656
089017,2024,SIRACUSA,1,Sicilia,089,6.580694221512048,6.937874328013247,6.759284274762647,116247.0,44.61438488891594,0.24075714711733948,9.818924688084273,66140.0,4.368284772940377,3.9588118403055566,0.0003522438709255469,12.966840448140005,119.60833333333333,0.568072449,15.0,6.4,83.70000000000002,62.51175032900921,5.720577735339406,19.618349313780787,0.34925914726338075,1.795315147917796,315.9539601021962,166.26321539480588,1.0920860891723947,11.663472516664998
093033,2014,PORDENONE,0,Friuli Venezia Giulia,093,6.844151255674952,7.212422628019962,7.028286941847458,51368.0,46.2297640796133,0.2450923489768625,9.875789396976657,27771.0,9.134091263043139,7.687665472667807,0.002815810992009288,12.867672591351358,99.68992416666667,0.827647127,8.2,8.5,82.690243902439,83.74524714828897,1.7150755334060117,1.8060836501901136,0.007201757228763819,0.03698800809842703,92.87494159788196,33.80314592742564,0.24255702678205618,10.846770689473884
093033,2015,PORDENONE,0,Friuli Venezia Giulia,093,6.803700184199368,7.164807039492749,6.984253611846058,51258.0,46.44845745498245,0.2382578033628926,9.884911653400163,27771.0,8.117757228139997,7.750985212064459,0.00071554102008572,12.868424930825272,99.93022416666668,0.782999237,6.8,8.3,83.090243902439,71.3938411669368,1.7187560966093098,2.755267423014587,0.010802635843145727,0.06633110929025714,98.03152678606266,38.49935619805689,0.27192915455912536,10.844626982379674
093033,2016,PORDENONE,0,Friuli Venezia Giulia,093,6.776244224420863,7.130045486302561,6.953144855361711,50950.0,47.70658120622252,0.2759703749660708,9.90412233189977,27771.0,8.400392541707555,7.534838076545633,0.0016988311386887589,12.875853446164294,99.96898750000001,0.7742427629999998,7.400000000000001,8.1,82.5439024390244,68.61489191353083,1.6820412168792938,3.7630104083266613,0.021605271686291453,0.09224730127576054,105.42885181550538,42.36702649656526,0.31790713003559734,10.83860003865087
093033,2017,PORDENONE,0,Friuli Venezia Giulia,093,6.746796781227026,7.073229647569614,6.91001321439832,50869.0,47.59202874871901,0.26660142717099533,9.914226839778385,27771.0,8.893432149246102,7.94786608740097,0.0018588257324601073,12.88930780137826,99.875,0.668010321,5.8,7.900000000000001,83.2439024390244,64.54402515723271,1.6139495567044762,7.547169811320754,0.04681142198696483,0.18872004560734434,109.26497473903555,41.61866755784466,0.4005578200843611,10.83700897967195
093033,2018,PORDENONE,0,Friuli Venezia Giulia,093,6.725391344960031,7.0160555051263644,6.870723425043198,51143.0,46.29328873645488,0.2342852085461967,9.912789325467989,27771.0,11.373990575445319,7.592436892634378,0.007394078725946739,12.906085515711624,101.10000000000001,0.62261636,4.8,7.599999999999999,82.9463414634147,64.8507462686567,1.699157264923841,8.656716417910449,0.05761405783011055,0.2268150088966232,113.87286627690985,42.950159357096766,0.438877966428261,10.842380909619711
093033,2019,PORDENONE,0,Friuli Venezia Giulia,093,6.707969436828559,7.007170610349282,6.85757002358892,51557.0,47.4939594664427,0.24719353196482963,9.945577604377421,27771.0,11.703551409120003,7.195919079853366,0.008743007407852738,12.912877077321392,102.25,0.595578796,4.5,7.3,83.3463414634146,63.94407652685798,1.685513121399616,9.933774834437086,0.07561845090202009,0.261846112070136,107.65366487576857,39.54264212425083,0.46094292654687424,10.850443270721076
093033,2020,PORDENONE,1,Friuli Venezia Giulia,093,6.702181240211666,7.007952971890584,6.855067106051126,51733.0,47.278492117839164,0.2501303249313864,9.960515141551952,27771.0,11.509094775095202,8.785494751899174,0.005264724688682326,12.917052192618227,102.875,0.527189894,3.2000000000000006,7.0,83.4975609756098,63.01667875271935,1.6797788645545395,10.514865844815082,0.08642108674516581,0.28028531111669536,49.10212050335375,9.245549262559681,0.32634627669148714,10.853851154743419
093033,2021,PORDENONE,1,Friuli Venezia Giulia,093,6.704225261736458,7.016626457085653,6.860425859411056,51403.0,47.896879381702945,0.26280350047552636,9.943545734710987,27771.0,9.939108612337803,8.186292628834893,0.0034099488035774354,12.823268425095806,102.73333333333333,0.475691584,3.2999999999999994,6.8,82.1951219512195,62.925416364952945,1.6905628076182324,11.151339608979,0.09362284397392966,0.2995934089450032,75.25436258584129,15.987393731883353,0.40614502863434226,10.847451815498797
093033,2022,PORDENONE,1,Friuli Venezia Giulia,093,6.724218703097827,7.029672014271893,6.876945358684861,51617.0,47.256086189752544,0.2704020562465995,9.988206262547857,27771.0,11.35091152139799,7.662204312532693,0.007146302979377524,12.907639034878864,104.65833333333335,0.507288293,3.1,6.8,82.6463414634146,61.93870277975767,1.6835538679117346,13.114754098360656,0.10802635843145729,0.356471705058411,102.7142220586241,30.830927795106263,0.5022622363971843,10.851606354574836
093033,2023,PORDENONE,1,Friuli Venezia Giulia,093,6.7217560519487085,7.030860153200325,6.876308102574517,51842.0,49.40531590894326,0.29425806235689944,10.02950407335093,27771.0,12.497588827591528,7.927934879055592,0.0088145788135796,12.956158073334072,113.24166666666667,0.540095241,3.4,6.7,82.7,61.240310077519375,1.6762470583696618,14.094432699083862,0.11882899427460299,0.3857875853555032,103.99097257050268,34.62250684772964,0.5279050476162395,10.855955910528872
093033,2024,PORDENONE,1,Friuli Venezia Giulia,093,6.718245699241614,7.039259446253393,6.878752572747504,52147.0,48.13453421087504,0.2773285039091833,10.088108266562868,27771.0,12.016031602968532,7.691717644351545,0.008292545992323598,12.966840448140005,119.60833333333333,0.568072449,1.8,6.400000000000001,83.7,59.42334739803095,1.620419199570445,15.049226441631506,0.13683338734651254,0.4103783535006807,100.26463650833222,34.34521640746352,0.5418604323580334,10.861821932407963
099014,2014,RIMINI,0,Emilia Romagna,099,7.577035995231262,7.876054553335126,7.726545274283194,145232.0,45.10217636109303,0.23975942743672116,9.67157714399254,80430.0,4.512779552715656,3.0179299327971796,0.0010292839180886279,12.867672591351358,99.68992416666667,0.827647127,11.1,8.5,82.690243902439,94.10998317138049,47.747052991076345,1.1522175777645078,0.06340917568071615,0.5845819103227938,1100.4172634130218,328.7354026660791,1.135817877541578,11.886087742766408
099014,2015,RIMINI,0,Emilia Romagna,099,7.574479969780839,7.868811667394038,7.7216458185874375,146021.0,45.17727986968235,0.23894167032140842,9.673013727888797,80430.0,4.041199553488882,2.975599400086289,0.0007297581535550319,12.868424930825272,99.93022416666668,0.782999237,9.5,8.3,83.090243902439,93.87175324675324,47.52056211092925,1.2283549783549783,0.06838244436155663,0.6218283671526699,1118.4295409564377,283.28254155224255,1.1398589465099895,11.891505725963562
099014,2016,RIMINI,0,Emilia Romagna,099,7.5673865778862694,7.851803767080218,7.709595172483245,146178.0,46.91869890567379,0.2718688824740246,9.68507437933005,80430.0,3.915089821997838,2.704921397200673,0.0008278731579288025,12.875853446164294,99.96898750000001,0.774242763,9.1,8.1,82.5439024390244,93.57565851175005,47.779419611706274,1.4550229105817414,0.072112395872187,0.742929852645405,1169.8702951196485,301.6452544158492,1.1681672106070995,11.892580336178575
099014,2017,RIMINI,0,Emilia Romagna,099,7.553824893975766,7.8234124523932715,7.688618673184519,147393.0,45.39548356991194,0.2431123526920267,9.701076551176214,80430.0,4.699001987882736,2.966219562665798,0.0011756205689665976,12.889307801378262,99.875,0.668010321,10.2,7.9,83.2439024390244,93.54374366903023,47.616915321623146,1.5114357306605535,0.43391769240333206,0.7693716797948343,1223.172063802216,320.5009735876195,1.3774372647837063,11.900857767786087
099014,2018,RIMINI,0,Emilia Romagna,099,7.541187716191506,7.809198435111404,7.675193075651455,147870.0,45.80809694420328,0.24886364470096234,9.697429514568244,80430.0,4.414012308108474,2.9289240549130993,0.0010043201820486745,12.906085515711624,101.10000000000001,0.62261636,8.2,7.6,82.9463414634147,93.65915455394052,47.49780212348685,1.6495532737698362,0.4562974014671143,0.8365456143910192,1255.3377967133295,322.036924325421,1.3918634897568947,11.904088788367533
099014,2019,RIMINI,0,Emilia Romagna,099,7.537673645540674,7.807079649717843,7.6723766476292585,148981.0,45.57860644980555,0.23634173735933547,9.719275284397547,80430.0,4.758996113598378,2.962122686785563,0.0012061091191580232,12.912877077321394,102.25,0.595578796,8.0,7.3,83.3463414634146,94.75149320288641,47.06506198777025,1.8621118348152754,0.5134899912967797,0.9249501614299809,1285.2182493069586,347.12211624301085,1.4208208748013653,11.911574060018117
099014,2020,RIMINI,1,Emilia Romagna,099,7.536540682850798,7.804961371407172,7.670751027128985,149335.0,45.93455298187041,0.22835420416460775,9.728734112281902,80430.0,4.777178826129172,3.1707235410319083,0.001075739300965791,12.917052192618227,102.875,0.527189894,10.0,7.0,83.4975609756098,94.86144779434179,43.7613419493086,2.164288513739095,0.5072734054457292,0.998426356848696,622.9350118860281,111.20366960190175,1.285991435260843,11.913947383381018
099014,2021,RIMINI,1,Emilia Romagna,099,7.513255102452065,7.782119632348156,7.647687367400111,150240.0,45.530902463034984,0.2245318350724371,9.702397888511427,80430.0,3.981629392971246,2.981895633652822,0.0006654244936890467,12.823268425095806,102.73333333333333,0.475691584,7.4,6.8,82.1951219512195,94.88663973232259,45.4898828541001,2.015910700154109,0.5072734054457292,0.9664536741214057,835.9924121405751,152.9719116080937,1.329422580630953,11.91998929444209
099014,2022,RIMINI,1,Emilia Romagna,099,7.480914298318521,7.756432641657468,7.6186734699879946,149169.0,45.21694193113748,0.2245251309839649,9.753503639587736,80430.0,4.324625089663401,3.0348128632624745,0.0008646650620443435,12.907639034878864,104.65833333333335,0.507288293,6.7,6.8,82.6463414634146,95.01646756726583,45.64286145244655,2.251032711845484,0.5731692154668656,1.0813238675596135,1109.6635359893812,283.6138876039928,1.4153250243754933,11.912835170364696
099014,2023,RIMINI,1,Emilia Romagna,099,7.48000978052586,7.757860327939735,7.6189350542327965,149681.0,48.628550905757784,0.2633690663352165,9.800645133561034,80430.0,4.876370414414655,3.1901176502027644,0.001126564336296451,12.95615807333407,113.24166666666666,0.540095241,7.4,6.7,82.7,94.48255749361182,45.4533307500618,2.371958671258749,0.537113017530772,1.1410933919468738,1225.2570466525478,351.1915339956307,1.4370077095348317,11.91626164184495
099014,2024,RIMINI,1,Emilia Romagna,099,7.44552835693462,7.736409250010927,7.590968803472774,150046.0,46.00157687813727,0.2382610638505664,9.86258939038597,80430.0,4.837183263799102,3.0370686322860987,0.0011997085103988133,12.966840448140005,119.60833333333333,0.568072449,4.7,6.4,83.7,94.01786332479402,45.24945683323781,2.842899674582843,0.5756558498072858,1.3682470708982577,1243.1107793609958,376.98505791557255,1.4662381529077837,11.918697192732449
100005,2014,PRATO,0,Toscana,100,7.505137096651137,7.775553456479322,7.64034527656523,191810.0,44.77960662215243,0.22721145840058515,9.691147798356297,83024.0,3.072311141233512,2.1557791564569104,0.0004778332645725466,12.867672591351356,99.68992416666667,0.827647127,9.4,8.5,82.690243902439,70.21748779405237,0.8247745164485689,23.56857523302264,0.055405665831566774,0.2768364527396903,110.63865283353319,78.1784057139878,0.42030055238294645,12.164260577715734
100005,2015,PRATO,0,Toscana,100,7.501621655055696,7.757530498871931,7.629576076963813,190994.0,46.03271935995887,0.2557438779597369,9.68836201957346,83024.0,2.8309789836329937,2.136192759981989,0.00036377384821041734,12.868424930825274,99.93022416666668,0.782999237,8.9,8.3,83.090243902439,72.00728265817024,0.828298271149879,23.532089212562585,0.05420119483522836,0.27068913159575697,121.44046409834864,88.20329434432496,0.4339427507533665,12.159997292922784
100005,2016,PRATO,0,Toscana,100,7.489788817349684,7.729694007150019,7.609741412249852,191844.0,45.14877822884859,0.22494474390707714,9.697150699848795,83024.0,2.8731677821563353,1.991722441150101,0.00045945942589095,12.875853446164294,99.96898750000001,0.774242763,7.9,8.1,82.5439024390244,72.63544536271809,0.8246283438627218,23.829201101928373,0.05661013682790519,0.27053230749984364,102.98680177644337,67.30833385459019,0.40444096578787,12.164437820752893
100005,2017,PRATO,0,Toscana,100,7.455349319024387,7.686295369370788,7.5708223441975875,192974.0,45.768940583026804,0.23082277950180324,9.723465390720303,83024.0,3.079171287323681,2.118938302569258,0.0004975970777174245,12.889307801378262,99.875,0.668010321,6.2,7.9,83.2439024390244,73.19762510602206,0.8944210100842602,23.536895674300254,0.06383696280593563,0.28760351135386114,106.88641993221886,70.31931762828152,0.43152253228114523,12.170310743786231
100005,2018,PRATO,0,Toscana,100,7.4057810017361385,7.637055959534351,7.521418480635244,192934.0,46.637262861822585,0.23133104846677893,9.726749966743077,83024.0,3.2658836700633374,2.198161029160231,0.0005534134164549051,12.906085515711624,101.10000000000001,0.62261636,6.7,7.599999999999999,82.9463414634147,72.96190086030315,0.9231136036157442,24.252355591970503,0.0734727307766429,0.30684068126924235,114.09082898815139,76.33180258534007,0.4640642285609138,12.170103440490404
100005,2019,PRATO,0,Toscana,100,7.346768314299203,7.589395997479343,7.468082155889274,193723.0,46.4847707089806,0.2713152480396638,9.749670534269361,83024.0,3.1467610970302955,2.0823547023327125,0.0005494476106077146,12.912877077321394,102.25,0.595578796,6.2,7.3,83.3463414634146,71.89862160960428,0.8346969642221109,25.077812361049357,0.07588167276931972,0.2911373455913856,114.8805252861044,74.6953123790154,0.4540279441601035,12.174184582666095
100005,2020,PRATO,1,Toscana,100,7.331620529516802,7.585616882428654,7.458618705972728,194223.0,46.27329735720798,0.2387713488106023,9.759551566146532,83024.0,3.690603069667341,2.393640300067448,0.0006677699189075922,12.917052192618227,102.875,0.527189894,6.7,7.0,83.4975609756098,67.61682242990655,0.7450198998058932,26.82242990654205,0.07829061476199653,0.29553657393820504,37.67164547968057,13.985985181981537,0.2522256956489827,12.176762262430039
100005,2021,PRATO,1,Toscana,100,7.320230894805417,7.583812119297843,7.452021507051629,201410.0,47.37494485513152,0.2861636134272045,9.727436983353272,83024.0,2.6592522714860234,2.127501117124274,0.00026401427653132884,12.823268425095806,102.73333333333333,0.475691584,7.1,6.8,82.1951219512195,66.12745098039215,0.6697780646442578,26.764705882352942,0.07226825978030448,0.27108882379226457,49.797428131671715,12.87522963110074,0.24341694927911695,12.213097910466926
100005,2022,PRATO,1,Toscana,100,7.323721599337849,7.587337076793273,7.455529338065561,195213.0,47.509470647361205,0.2650700070766048,9.779794204498826,83024.0,3.4511021294688367,2.2534359904309653,0.0006135176136004627,12.907639034878864,104.65833333333335,0.507288293,6.3,6.8,82.6463414634146,66.12745098039215,0.6910400434397299,26.764705882352942,0.07226825978030448,0.2796944875597424,80.92647518351747,31.61572231357543,0.3422925466325447,12.181846549104213
100005,2023,PRATO,1,Toscana,100,7.322258115389532,7.5837454780847695,7.453001796737151,196317.0,47.58211023047225,0.26033046513413105,9.822750629845093,83024.0,3.57330236301492,2.334489626471472,0.0006310267254203394,12.95615807333407,113.24166666666666,0.540095241,4.4,6.7,82.7,67.41010468821119,0.7543921310940979,27.127901684114704,0.08431296974368857,0.30359062129107517,103.48874524366202,54.07071216450944,0.42866810183613946,12.187485978654387
100005,2024,PRATO,1,Toscana,100,7.318932883408509,7.573820910327531,7.446376896868021,197088.0,47.531672746003,0.2757701675806967,9.878161071660928,83024.0,3.4426246143854518,2.255337717161877,0.0006024146052644376,12.966840448140005,119.60833333333333,0.568072449,2.5,6.4,83.7,68.40085287846482,0.8138496509173566,27.67590618336887,0.10117556369242629,0.3292945283325215,117.99297775612925,67.91128835849976,0.486625685022165,12.19140560848677
101010,2014,CROTONE,0,Calabria,101,6.770616923463656,6.9991304434263935,6.884873683445025,59265.0,43.632649286798646,0.20130577229839758,9.507645732315003,28490.0,5.774065637391377,4.582806040664811,0.002010055845316066,12.867672591351356,99.68992416666667,0.827647127,27.2,8.5,82.690243902439,63.028169014084504,2.4162659242385893,0.0,0.0,0.0,44.2115920020248,3.013583059141146,-0.15780647842704223,10.9897741915136
101010,2015,CROTONE,0,Calabria,101,6.741358552487486,6.980782903069281,6.861070727778383,59552.0,42.75146286903055,0.2054545694469067,9.491790067280164,28490.0,4.975483610961849,4.292047286405158,0.0011476295079202886,12.868424930825274,99.93022416666668,0.782999237,31.5,8.3,83.090243902439,63.028169014084504,2.4046211714132184,0.0,0.0,0.0,46.888433637829124,3.148508866200967,-0.15280580614310538,10.994605159441978
101010,2016,CROTONE,0,Calabria,101,6.742554295304875,6.973246942915114,6.857900619109993,60435.0,43.155481118178585,0.21038429628459032,9.494432554522287,28490.0,5.174154049805576,4.206171920244891,0.0016016912874339123,12.875853446164294,99.96898750000001,0.774242763,28.3,8.1,82.5439024390244,60.78098471986417,2.3694878795400016,0.1697792869269949,0.00351000351000351,0.006618681227765368,42.367833209233055,4.326962852651609,0.08639000128043092,11.009323686293557
101010,2017,CROTONE,0,Calabria,101,6.7452872788505385,6.981055472099101,6.8631713754748205,61811.0,43.00485008658495,0.18994853240621576,9.48764386663151,28490.0,5.930983158337512,4.332562165310382,0.002585981448329797,12.889307801378262,99.875,0.668010321,29.0,7.9,83.2439024390244,57.87130716309186,2.313504068855058,0.7284500202347227,0.01053001053001053,0.0291210302373364,40.72252511688858,5.303263173221595,0.10409699609329644,11.031836621134321
101010,2018,CROTONE,0,Calabria,101,6.717961442201835,6.959664815251742,6.838813128726788,62305.0,45.42228515551326,0.23751991248661622,9.480108305601103,28490.0,4.906508305914453,4.5774817430382795,0.000528090141844433,12.906085515711624,101.10000000000001,0.62261636,27.6,7.6,82.9463414634147,43.106099436186575,1.349811411604205,0.9226037929267041,0.01053001053001053,0.02889013722815183,41.312896236257124,5.14083941898724,0.04946773263554207,11.039796958376968
101010,2019,CROTONE,0,Calabria,101,6.7178160953934825,6.9604063166236205,6.839111206008551,62966.0,44.4773933981426,0.2252583066217108,9.481166496011756,28490.0,4.81847346186831,4.494489089349807,0.0005145385962559199,12.912877077321394,102.25,0.595578796,28.8,7.3,83.3463414634146,51.68316831683169,1.243528253343074,0.594059405940594,0.00702000702000702,0.01429342819934568,40.28205698313376,4.621541784455103,0.02462894807314169,11.050350177152948
101010,2020,CROTONE,1,Calabria,101,6.679619788481676,6.934677602448488,6.807148695465083,61005.0,45.653628154706794,0.24602440701783634,9.489734238514904,28490.0,4.917629702483403,7.161708056716661,-0.003678515456492515,12.917052192618225,102.875,0.527189894,30.1,7.0,83.4975609756098,50.09596928982726,1.2835013523481682,1.1516314779270633,0.01053001053001053,0.02950577821490042,26.879763953774283,1.6834685681501518,-0.019524141091327808,11.018711107009434
101010,2021,CROTONE,1,Calabria,101,6.676539670560444,6.922501520005626,6.799520595283035,60123.0,44.95388301509355,0.24318755898125596,9.485279959072603,28490.0,2.9206792741546495,4.964822114664937,-0.0033999348677050175,12.823268425095806,102.73333333333333,0.475691584,20.3,6.8,82.1951219512195,51.751487111698616,1.3023302230427625,0.9253139458030404,0.00702000702000702,0.023285597857724997,38.28318613508973,3.773930109941287,0.020328390847179568,11.004147742821537
101010,2022,CROTONE,1,Calabria,101,6.654943310277119,6.898307714590401,6.77662551243376,59359.0,45.15376991209908,0.24151544040754444,9.580310958616517,28490.0,3.6978385754476997,5.0320928587071885,-0.0022477708237326924,12.907639034878864,104.65833333333335,0.507288293,17.2,6.8,82.6463414634146,51.28700128700129,1.342677605754814,1.2226512226512225,0.00702000702000702,0.032008625482235216,39.45147323910444,5.065786148688488,0.0403810957047843,10.991359031338174
101010,2023,CROTONE,1,Calabria,101,6.664712862087741,6.907862452248436,6.786287657168089,58864.0,45.33379999713014,0.22038884074598827,9.653435008267504,28490.0,4.323525414514814,4.85356075020386,-0.0009004405675608966,12.95615807333407,113.24166666666667,0.540095241,13.0,6.7,82.7,50.91799265605875,1.4134275618374559,2.08078335373317,0.01404001404001404,0.05776026094047296,44.166213645012235,6.148070127752106,0.08394242212506656,10.982984977344556
101010,2024,CROTONE,1,Calabria,101,6.683592228358208,6.9263837812159315,6.80498800478707,58478.0,45.36676449447268,0.250336525758639,9.70925108860243,28490.0,4.0425459147029645,4.581210027702726,-0.0009211397670914897,12.966840448140005,119.60833333333332,0.568072449,11.2,6.4,83.7,44.69994391475042,1.362905708129553,9.141895681435782,0.06318006318006318,0.27873730291733645,51.031157016313834,9.598481480214783,0.2791533765006643,10.976405894112434
108033,2014,MONZA,0,Lombardia,108,7.583710311427151,7.80241844435022,7.693064377888685,122186.0,45.217559836343405,0.22965004055254135,9.973997338516687,62809.0,64.08999394365966,37.364346160771284,0.02187292143362446,12.867672591351358,99.68992416666667,0.827647127,8.5,8.5,82.690243902439,51.17508813160987,0.7128476257509043,17.62632197414806,0.03343469884889108,0.245527310821207,62.16997037303783,20.434419655279655,0.22568474694810714,11.713299752871634
108033,2015,MONZA,0,Lombardia,108,7.566135087378626,7.784083873239926,7.675109480309276,122393.0,43.84461982414903,0.2156335042841329,9.98651161085744,62809.0,56.03915256591472,36.34603286135645,0.016090070269180648,12.868424930825272,99.93022416666668,0.782999237,8.8,8.3,83.090243902439,49.82876712328767,0.7132760860506728,18.77853881278539,0.041395341431960386,0.2688062225780886,80.81998153489171,27.35613964850931,0.2852569897932316,11.714992457882495
108033,2016,MONZA,0,Lombardia,108,7.540411341075774,7.768068391339644,7.654239866207708,122951.0,44.08271754721849,0.23341147555427577,10.00334918683083,62809.0,50.978845231026995,36.07209376092915,0.01212414008027413,12.875853446164294,99.96898750000001,0.774242763,7.400000000000001,8.1,82.5439024390244,47.45119305856833,0.7116656228904198,19.088937093275486,0.04298746994857425,0.2862929134370603,78.72241787378712,25.995721872941253,0.2857653666129414,11.719541180998819
108033,2017,MONZA,0,Lombardia,108,7.536689349766416,7.774957064505855,7.655823207136136,123432.0,45.37435286638224,0.23551490523232005,10.014339778738353,62809.0,50.81826430747294,37.05765117635621,0.01114833522191711,12.889307801378262,99.875,0.668010321,7.1,7.900000000000001,83.2439024390244,47.59615384615385,0.7218549484736535,20.299145299145298,0.05094811253164355,0.30786181865318557,92.98723183615269,33.28715406053536,0.3372616526755105,11.723445676122862
108033,2018,MONZA,0,Lombardia,108,7.527573848722828,7.773778903545993,7.65067637613441,124432.0,43.68811353971883,0.20085718399985136,10.019363662413069,62809.0,55.77986370065579,36.693133599074194,0.015339084882973506,12.906085515711624,101.10000000000001,0.62261636,6.0,7.599999999999999,82.9463414634147,48.66117404737384,0.7594509450945095,24.716786817713697,0.060500883631326725,0.38575286100038575,76.73910248167674,28.5039218207535,0.3478590979091529,11.731514660934725
108033,2019,MONZA,0,Lombardia,108,7.515557628700931,7.781125789272845,7.648341708986887,124459.0,45.99210551342149,0.23324637851742677,10.045120273460629,62809.0,55.01490450670502,37.6348837769868,0.013964454743906209,12.912877077321394,102.25,0.595578796,7.0,7.300000000000001,83.3463414634146,45.851528384279476,0.7592861906330598,25.812712275594375,0.07164578324762375,0.42745000361564855,99.64646992182165,30.822198474999805,0.39845539895173554,11.731731623380984
108033,2020,MONZA,1,Lombardia,108,7.506993248582436,7.781566362859239,7.644279805720838,124840.0,46.01125869665263,0.23263852464841162,10.0535134137275,62809.0,64.09884652355015,43.09115668055111,0.01682769131928792,12.917052192618227,102.875,0.527189894,5.1,7.0,83.4975609756098,55.98341232227489,0.7569689202178789,30.746445497630337,0.07005365473100988,0.4157321371355335,40.22108298622237,8.977891701377763,0.2469958432191165,11.734788196384716
108033,2021,MONZA,1,Lombardia,108,7.513206236330294,7.777174226600852,7.645190231465572,122522.0,46.8415531193339,0.24482076892343174,10.044190105341892,62809.0,50.01224269927034,40.96243939863861,0.007386268017688031,12.823268425095806,102.73333333333333,0.475691584,6.6,6.8,82.1951219512195,45.78488372093023,0.7712900540311127,25.920542635658915,0.0732379117642376,0.43665627397528606,61.67627038409429,13.933824129544082,0.3133245257417806,11.71604588467897
108033,2022,MONZA,1,Lombardia,108,7.534277610907832,7.793426668398358,7.663852139653096,121984.0,45.254954987427716,0.22273986513471955,10.084427206945325,62809.0,55.58105981112277,45.85191500524659,0.007975754857912663,12.907639034878864,104.65833333333335,0.507288293,4.3,6.8,82.6463414634146,45.490584737363726,0.7525577124868835,25.47076313181368,0.07005365473100988,0.4213667366211963,82.65920120671564,23.630148216159498,0.3609295604668351,11.711645167573819
108033,2023,MONZA,1,Lombardia,108,7.569823074041462,7.828545812322799,7.699184443182132,122369.0,45.19773075166449,0.2617128099481079,10.12944765236749,62809.0,64.04072926966798,45.80817036994664,0.014899655059468771,12.95615807333407,113.24166666666667,0.540095241,2.9,6.7,82.7,52.41379310344828,0.6831795634515277,34.79623824451411,0.0732379117642376,0.4535462412866004,90.17806797473217,28.086361741944447,0.38301342860882354,11.714796349008758
108033,2024,MONZA,1,Lombardia,108,7.591975092491846,7.857905699382081,7.7249403959369625,122883.0,45.67643207443132,0.24004821006738078,10.189482208783078,62809.0,72.78875027465149,47.56068780872863,0.020530148568901202,12.966840448140005,119.60833333333332,0.568072449,3.3,6.4,83.7,42.67782426778243,0.7470520739239764,32.26406322640633,0.13373879539556432,0.5647648576288014,87.47263657300033,27.20148433876126,0.4667301719660208,11.718987962145981
110001,2014,ANDRIA,0,Puglia,110,6.931597990751421,7.194881131173033,7.063239560962228,100212.0,41.91356477121243,0.2026207792013473,9.308582070630141,46569.0,8.982956132998044,9.710413922484333,-0.0007259188415422195,12.86767259135136,99.68992416666667,0.827647127,21.2,8.5,82.690243902439,43.724696356275295,0.3233145731050174,9.851551956815115,0.021473512422426937,0.0728455673971181,11.030615095996486,1.3211990579970465,-0.11715793640727819,11.51504322094123
110001,2015,ANDRIA,0,Puglia,110,6.938016812263961,7.17409451685436,7.056055664559161,100236.0,43.932451498849154,0.24255959780537917,9.305181481827518,46569.0,8.887026617183446,9.435731673251126,-0.000547413161007702,12.868424930825272,99.93022416666668,0.782999237,20.1,8.3,83.09024390243901,43.812709030100336,0.39207470369926983,13.377926421404682,0.04079967360261118,0.11971746677840298,13.515104353725208,1.9583782273833752,-0.034711624511511385,11.515282684543907
110001,2016,ANDRIA,0,Puglia,110,6.923058891629037,7.1545181619672205,7.038788526798128,99987.0,42.894296061629696,0.22280959387174853,9.319260834738344,46569.0,9.221198755838259,9.281206556852391,-6.001560304252758e-05,12.875853446164294,99.96898750000001,0.774242763,17.1,8.1,82.5439024390244,36.50615901455767,0.32604238551011633,15.005599104143338,0.047241727329339255,0.13401742226489444,17.621290767799813,3.096402532329203,-0.0012254448603877962,11.512795456519497
110001,2017,ANDRIA,0,Puglia,110,6.8963273298150805,7.130030127852499,7.013178728833791,99713.0,42.85513302328344,0.2099518811291477,9.34313312858655,46569.0,8.603692597755558,9.668749310521196,-0.0010681222235472193,12.889307801378262,99.875,0.668010321,25.0,7.9,83.2439024390244,35.12931034482759,0.32693831295819004,15.086206896551724,0.04938907857158196,0.14040295648511228,15.304925135137845,2.7127856949444906,-0.00514657882014072,11.51005133862326
110001,2018,ANDRIA,0,Puglia,110,6.862452140136094,7.130804375415297,6.996628257775695,99110.0,44.916699614995274,0.222716961238745,9.340306297251677,46569.0,9.986883261023106,10.125113510241146,-0.00013947154597723747,12.906085515711624,101.10000000000001,0.62261636,22.0,7.6,82.9463414634147,33.40163934426229,0.32892745434365855,18.340163934426226,0.055831132298310035,0.18060740591262234,19.216022601150236,4.2871556856018564,0.04424078822521464,11.503985623400753
110001,2019,ANDRIA,0,Puglia,110,6.857603460864455,7.13379790776079,6.995700684312622,98712.0,44.44889743063807,0.22464109637209043,9.366627615706303,46569.0,9.547977956074236,10.38779479698517,-0.0008507748206002643,12.912877077321394,102.25,0.595578796,20.8,7.3,83.34634146341462,31.960784313725487,0.3302536672339736,19.019607843137255,0.057978483540552725,0.19653132344598429,21.64579787665127,4.906191749736608,0.06439129219029346,11.49996179857837
110001,2020,ANDRIA,1,Puglia,110,6.854331698604581,7.1297764256099665,6.9920540621072735,98414.0,44.705911231216014,0.23357483834594475,9.379855588751306,46569.0,10.303412116162335,11.480073973215193,-0.0011956244610043878,12.917052192618227,102.875,0.527189894,25.1,7.0,83.4975609756098,34.31372549019608,0.35564045765846325,16.862745098039216,0.051536429813824634,0.17477188204930197,11.581685532546183,1.1573556607799704,-0.01660620199838429,11.496938349342779
110001,2021,ANDRIA,1,Puglia,110,6.852568658764526,7.13028308768638,6.991425873225453,97489.0,44.624017630258514,0.22531854439909052,9.37149752507709,46569.0,9.050251823282625,9.679040712285488,-0.0006449844485048185,12.823268425095806,102.73333333333333,0.47569158400000006,21.8,6.8,82.19512195121949,34.85554520037278,0.3836330252643888,17.707362534948743,0.053683781056067345,0.19489378288832587,19.02573623690878,2.283334530049544,0.02875268996205303,11.487494830108405
110001,2022,ANDRIA,1,Puglia,110,6.850954283381837,7.130885322268422,6.99091980282513,97588.0,46.08467547717161,0.23254114580501445,9.426115838833896,46569.0,11.076156904537443,9.808583022502765,0.0012989034328346487,12.907639034878864,104.65833333333335,0.507288293,16.9,6.8,82.6463414634146,31.76043557168784,0.35865065376890604,28.49364791288566,0.09018875217419313,0.32176087223838995,22.722055990490635,4.3642660982907735,0.1411190431510166,11.48850981402244
110001,2023,ANDRIA,1,Puglia,110,6.865020503221073,7.13893902960752,7.001979766414296,97346.0,46.38030661700991,0.2520650094958447,9.507124037816268,46569.0,12.416534834507837,10.766749532595073,0.0016947643477007422,12.95615807333407,113.24166666666667,0.540095241,17.6,6.7,82.7,32.407407407407405,0.3595422513508516,25.27777777777778,0.07730464472073696,0.28044295605366426,23.800669775851087,5.625295338277896,0.128059984154569,11.486026921101528
110001,2024,ANDRIA,1,Puglia,110,6.88060716248779,7.146793293141998,7.013700227814894,96941.0,45.77932370301236,0.2504442642718165,9.571845619352532,46569.0,11.758698589863938,10.852993057632991,0.0009342853201751011,12.966840448140005,119.60833333333333,0.568072449,16.0,6.4,83.7,34.78260869565217,0.41262211035578344,28.52173913043478,0.09018875217419313,0.3383501304917424,23.23887725523772,5.817971756016546,0.1656934162790003,11.481857825005331
110002,2014,BARLETTA,0,Puglia,110,7.142724294327988,7.412760299036417,7.277742296682203,94537.0,41.913564771212435,0.20262077920134733,9.355069116981625,43721.0,9.522197658059808,10.293324306885134,-0.0008156876660199991,12.867672591351358,99.68992416666667,0.827647127,21.2,8.5,82.690243902439,52.57903494176372,0.33426065984746717,5.657237936772046,0.009148921570869833,0.03596475454055026,37.42344267323905,7.025820578186319,-0.041686792867342705,11.45674657124378
110002,2015,BARLETTA,0,Puglia,110,7.1261600591476055,7.3969401928979615,7.261550126022784,94538.0,43.932451498849154,0.24255959780537917,9.362886348703947,43721.0,9.422666017897564,10.004442657978801,-0.0006153891980803883,12.868424930825272,99.93022416666668,0.782999237,20.1,8.3,83.090243902439,56.85019206145967,0.46965241490194415,7.042253521126761,0.018297843141739666,0.058177664008123714,40.41232097146121,7.971397744822188,0.011239828213979874,11.456757149056818
110002,2016,BARLETTA,0,Puglia,110,7.117444836166425,7.3919922375559635,7.254718536861194,94219.0,42.894296061629696,0.22280959387174856,9.377879605668523,43721.0,9.785712011377749,9.849393434445282,-6.758872739843744e-05,12.875853446164294,99.96898750000001,0.7742427629999998,17.1,8.1,82.5439024390244,44.07252440725244,0.33538882815567983,13.389121338912133,0.020585073534457123,0.10189027690805463,44.02721319479085,9.301733196064488,0.03497911343198059,11.453377138739844
110002,2017,BARLETTA,0,Puglia,110,7.09807730474381,7.374364695121641,7.236220999932725,93930.0,42.85513302328345,0.20995188112914773,9.401005169931663,43721.0,9.13339721068881,10.264026402640264,-0.0012036933801250428,12.88930780137826,99.875,0.668010321,25.0,7.900000000000001,83.2439024390244,42.18958611481976,0.3364207388480784,14.953271028037383,0.029733995105326958,0.11923773022463537,42.34962205898009,8.455232620036197,0.05490645850838125,11.450305102988562
110002,2018,BARLETTA,0,Puglia,110,7.069669049945014,7.358564681196795,7.2141168655709045,93523.0,44.916699614995274,0.222716961238745,9.388674067405743,43721.0,10.58349283064059,10.72998086032313,-0.00015663315941804562,12.906085515711624,101.10000000000001,0.62261636,22.0,7.599999999999999,82.9463414634147,40.72164948453608,0.33788479839183944,15.979381443298967,0.034308455890761876,0.13258770569806358,45.49148337842028,10.582423574949477,0.0870987945209456,11.445962674331183
110002,2019,BARLETTA,0,Puglia,110,7.1119611428207286,7.400487541098389,7.256224341959558,93435.0,44.44889743063807,0.22464109637209043,9.40600276836652,43721.0,10.087226414084657,10.974474233424306,-0.0009495882906187714,12.912877077321394,102.25,0.595578796,20.800000000000004,7.299999999999999,83.3463414634146,36.44752018454441,0.3382030288435811,21.10726643598616,0.04574460785434917,0.19585808315941566,46.67843955691122,11.425054850965912,0.1347962200722706,11.445021286356356
110002,2020,BARLETTA,1,Puglia,110,7.120848295147317,7.398962792363349,7.259905543755333,93275.0,44.705911231216014,0.23357483834594472,9.414161665209344,43721.0,10.871080139372822,12.112570356472796,-0.0013309999647279273,12.917052192618227,102.875,0.527189894,25.1,7.0,83.49756097560979,34.236186348862404,0.33878316805146075,21.560130010834236,0.04574460785434917,0.2133476279817743,23.885285446261058,2.2632002144197267,0.026867785215680246,11.443307398089358
110002,2021,BARLETTA,1,Puglia,110,7.1212965035151266,7.390645222806228,7.255970863160678,92787.0,44.624017630258514,0.2253185443990905,9.406833376962872,43721.0,9.508875165702092,10.16952805888756,-0.0007120101880494763,12.823268425095806,102.73333333333333,0.475691584,21.800000000000004,6.799999999999999,82.1951219512195,38.164251207729464,0.3405649498313341,16.666666666666664,0.034308455890761876,0.14872773125545605,31.51842391714357,4.271072456270813,0.024620867385928107,11.438061822754406
110002,2022,BARLETTA,1,Puglia,110,7.110848013442368,7.391415919951778,7.251131966697073,92798.0,46.08467547717161,0.23254114580501445,9.467640216930512,43721.0,11.647880342248754,10.314877475807666,0.001436456460743859,12.907639034878864,104.65833333333333,0.507288293,16.9,6.799999999999999,82.6463414634146,36.03192702394527,0.34052458027112653,34.32155074116305,0.07547860295967612,0.3243604388025604,39.214207202741434,9.606888079484472,0.1906881780032444,11.438180366817912
110002,2023,BARLETTA,1,Puglia,110,7.106186496866503,7.387902443268193,7.2470444700673475,92627.0,46.38030661700991,0.2520650094958447,9.535084947974234,43721.0,13.049110950370842,11.315275243719434,0.0018718469848439533,12.95615807333407,113.24166666666669,0.540095241,17.6,6.700000000000001,82.70000000000002,34.01506996770721,0.34115322746067556,37.56727664155005,0.09835090688685069,0.3767799885562525,38.493095965539204,9.870772021116952,0.23116673009122773,11.43633595480792
110002,2024,BARLETTA,1,Puglia,110,7.094752101973755,7.379243192311001,7.2369976471423785,92365.0,45.77932370301236,0.2504442642718165,9.586816267373827,43721.0,12.341254804308992,11.390678287230012,0.0010291522947858825,12.966840448140005,119.60833333333333,0.568072449,16.0,6.4,83.70000000000002,36.64383561643836,0.4633789855464733,40.23972602739726,0.13037213238489512,0.5088507551561738,38.74844367455205,9.762355870730255,0.2994740853171972,11.433503397992737
110003,2014,BISCEGLIE,0,Puglia,110,7.096354762893774,7.36929639393002,7.232825578411897,55028.0,41.913564771212435,0.2026207792013473,9.356497941844925,28360.0,16.358944537326455,17.683724649269465,-0.0024074654938267973,12.867672591351358,99.68992416666667,0.827647127,21.199999999999996,8.5,82.690243902439,39.08413205537806,0.6669331976448354,1.810436634717785,0.007052186177715091,0.0308933633786436,58.82278112960675,10.322017881805627,0.04237494897801515,10.915597425580886
110003,2015,BISCEGLIE,0,Puglia,110,7.066631143995835,7.3360229650402635,7.20132705451805,55126.0,43.932451498849154,0.2425595978053792,9.36388300065996,28360.0,16.159344048180532,17.157058375358268,-0.0018098797793740446,12.868424930825272,99.93022416666668,0.7829992370000001,20.1,8.3,83.090243902439,49.20477137176938,0.8979428944599644,6.858846918489066,0.042313117066290554,0.1251677974095708,58.921380111018394,10.962159416609223,0.17700029491203212,10.917376753174178
110003,2016,BISCEGLIE,0,Puglia,110,7.070362079104549,7.337926354804607,7.204144216954578,54982.0,42.894296061629696,0.22280959387174853,9.387207868481731,28360.0,16.769124440726056,16.878251063984575,-0.00019847699839678148,12.875853446164294,99.96898750000001,0.774242763,17.1,8.1,82.54390243902438,35.910478128179044,0.642028300170965,13.123092573753812,0.05641748942172073,0.23462224000582005,63.66265323196683,12.167618493325088,0.22248471711135104,10.914761137921928
110003,2017,BISCEGLIE,0,Puglia,110,7.088739570817216,7.359276766998732,7.224008168907973,54948.0,42.85513302328344,0.2099518811291477,9.40223056018147,28360.0,15.612943146247359,17.545679551576036,-0.003517391725501703,12.889307801378262,99.875,0.668010321,25.0,7.9,83.2439024390244,38.41642228739003,0.7152216641188033,12.70772238514174,0.05994358251057828,0.2365873189197059,67.5493193564825,13.15061512702919,0.24500186717158606,10.914142562445095
110003,2018,BISCEGLIE,0,Puglia,110,7.091926450410129,7.353923388809918,7.222924919610023,54846.0,44.916699614995274,0.222716961238745,9.404327504162692,28360.0,18.046894942201803,18.29668526419429,-0.0004554394522708832,12.906085515711624,101.10000000000001,0.6226163600000001,22.0,7.6,82.9463414634147,44.20415224913495,0.9316996681617622,11.678200692041523,0.05994358251057828,0.24614374794880206,65.30831783539365,13.38839660139299,0.2660572445936352,10.912284536881874
110003,2019,BISCEGLIE,0,Puglia,110,7.090161013310373,7.345917452255853,7.218039232783113,54706.0,44.44889743063807,0.22464109637209043,9.424114223006411,28360.0,17.22845757320952,18.743830658428692,-0.002770030865388021,12.912877077321394,102.25,0.595578796,20.800000000000004,7.299999999999999,83.3463414634146,36.09090909090909,0.7256973640916902,14.454545454545451,0.07757404795486601,0.29064453624830916,63.5981427996929,13.938142068511683,0.2835745665917423,10.909728671608544
110003,2020,BISCEGLIE,1,Puglia,110,7.072082068364451,7.328879962580514,7.200481015472482,54629.0,44.705911231216014,0.23357483834594472,9.434732607166115,28360.0,18.56156986216112,20.68132310677479,-0.0038802710000433267,12.917052192618227,102.875,0.527189894,25.1,7.0,83.49756097560979,31.82957393483709,0.6974317670101959,13.283208020050125,0.07757404795486601,0.29105420198063303,33.910560325102054,3.3443775284189714,0.16460362417776825,10.908320156261581
110003,2021,BISCEGLIE,1,Puglia,110,7.066323716163879,7.32302331071933,7.1946735134416056,53934.0,44.624017630258514,0.2253185443990905,9.42298445672656,28360.0,16.358883079319167,17.49545741090963,-0.002107342922072279,12.823268425095806,102.73333333333333,0.475691584,21.800000000000004,6.799999999999999,82.1951219512195,31.963087248322147,0.7064189565023918,13.087248322147651,0.07757404795486601,0.28924240738680607,51.24040493937035,8.782956947380132,0.23729547911283272,10.895516355801455
110003,2022,BISCEGLIE,1,Puglia,110,7.053945472292753,7.329716984712945,7.191831228502849,53738.0,46.08467547717161,0.23254114580501445,9.481261925174868,28360.0,20.114258066917266,17.812348803453794,0.004283578219255409,12.907639034878864,104.65833333333333,0.507288293,16.9,6.799999999999999,82.6463414634146,31.723563696919232,0.7089954966690238,24.313072439633636,0.13046544428772922,0.5433771260560497,65.38017790018237,19.531802448918828,0.4129225272795979,10.891875665250666
110003,2023,BISCEGLIE,1,Puglia,110,7.019797848465704,7.312278142085864,7.166037995275785,53664.0,46.38030661700991,0.2520650094958447,9.55623323971155,28360.0,22.523479427549198,19.530784138342277,0.005576727953948489,12.95615807333407,113.24166666666669,0.540095241,17.6,6.700000000000001,82.70000000000002,32.51775848460932,0.7677400119260585,24.704025256511443,0.13046544428772922,0.5832587954680978,65.75730471079308,19.901610017889087,0.42606644352548173,10.890497664622936
110003,2024,BISCEGLIE,1,Puglia,110,7.027298264765149,7.30561089607231,7.16645458041873,53536.0,45.77932370301236,0.2504442642718165,9.619186691158639,28360.0,21.2922145845786,19.652196652719663,0.003063392729862035,12.966840448140005,119.60833333333333,0.568072449,16.0,6.4,83.70000000000002,38.35443037974684,1.1319485953377166,26.39240506329114,0.1763046544428773,0.7789151225343693,71.4210998206814,23.034967124925284,0.5309938494961716,10.88810960378655
110009,2014,TRANI,0,Puglia,110,7.181993614191866,7.432211209368339,7.307102411780102,55863.0,41.913564771212435,0.2026207792013473,9.454559865148363,27557.0,16.114422784311618,17.419401034674113,-0.002336033242687459,12.867672591351358,99.68992416666667,0.827647127,21.199999999999996,8.5,82.690243902439,45.62002275312855,0.7178275423804664,14.106939704209328,0.04717494647457997,0.22197160911515673,59.848200060863185,17.16520774036482,0.23059475103861488,10.930657543749872
110009,2015,TRANI,0,Puglia,110,7.190591907935347,7.412881593794436,7.301736750864891,56144.0,43.932451498849154,0.2425595978053792,9.466646047412931,27557.0,15.866343687660303,16.845967512111713,-0.0017448415226051055,12.868424930825272,99.93022416666668,0.7829992370000001,20.1,8.3,83.090243902439,40.869565217391305,0.6697064690795098,15.434782608695652,0.05806147258409841,0.2529210601310915,67.307281276717,19.936235394699345,0.2690753987516238,10.935675097822996
110009,2016,TRANI,0,Puglia,110,7.136959271181827,7.3754714815827676,7.256215376382297,56093.0,42.894296061629696,0.22280959387174853,9.479947046536418,27557.0,16.43698857254916,16.54395379102562,-0.00019069263272860628,12.875853446164294,99.96898750000001,0.774242763,17.1,8.1,82.54390243902438,33.75224416517056,0.6703153691191412,19.120287253141832,0.08709220887614763,0.3797265255914285,71.27270782450573,21.232595867577057,0.3483897741956162,10.934766306541867
110009,2017,TRANI,0,Puglia,110,7.119146838538392,7.361488406175005,7.240317622356699,55921.0,42.85513302328344,0.2099518811291477,9.499168053630397,27557.0,15.34128502709179,17.240392696840185,-0.003396054558660246,12.889307801378262,99.875,0.668010321,25.0,7.9,83.2439024390244,36.47925033467202,0.9745891525544965,15.796519410977242,0.09434989294915994,0.4220239266107545,73.62350458682785,22.741009638597305,0.4014574406869621,10.931695259437355
110009,2018,TRANI,0,Puglia,110,7.106871745881823,7.357580749738882,7.232226247810353,55836.0,44.916699614995274,0.222716961238745,9.48072794457084,27557.0,17.726914535425173,17.972275950999357,-0.00043943229381435616,12.906085515711624,101.10000000000001,0.6226163600000001,22.0,7.6,82.9463414634147,30.778974034198857,0.8704061895551257,18.11272957568081,0.11612294516819682,0.512214342001576,86.00723547532058,26.156959667597967,0.450594875333894,10.930174101632648
110009,2019,TRANI,0,Puglia,110,7.093444172142086,7.352953390205007,7.223198781173547,55610.0,44.44889743063807,0.22464109637209043,9.498244634163585,27557.0,16.94839057723431,18.43912965294012,-0.0026807032470883138,12.912877077321394,102.25,0.595578796,20.800000000000004,7.299999999999999,83.3463414634146,26.48401826484018,0.834382305340766,21.80365296803653,0.15241136553325835,0.68692681172451,99.01636396331595,31.134688005754363,0.5242814969156205,10.92611832018161
110009,2020,TRANI,1,Puglia,110,7.0911988227128555,7.351559820361496,7.221379321537176,55405.0,44.705911231216014,0.23357483834594472,9.495788867379517,27557.0,18.301597328760945,20.391661402400505,-0.0037723383695326415,12.917052192618227,102.875,0.527189894,25.1,7.0,83.49756097560979,26.74351585014409,0.8374695424600669,22.420749279538903,0.16692673367928293,0.7021026983124267,49.96841440303222,6.086093312877899,0.3833436915725654,10.922425121370425
110009,2021,TRANI,1,Puglia,110,7.090602412255998,7.351152785767719,7.2208775990118585,54848.0,44.624017630258514,0.2253185443990905,9.474862368869136,27557.0,16.086274795799298,17.203908984830804,-0.0020376936060230197,12.823268425095806,102.73333333333333,0.475691584,21.800000000000004,6.799999999999999,82.1951219512195,26.184971098265898,0.8259189031505252,21.502890173410403,0.15966904960627065,0.6782380396732789,78.17605017502918,14.802727537922989,0.4591532004067048,10.912321001957451
110009,2022,TRANI,1,Puglia,110,7.093060858977449,7.35531805526186,7.224189457119654,55035.0,46.08467547717161,0.23254114580501445,9.5381004192785,27557.0,19.64022894521668,17.392568365585536,0.004084056654185781,12.907639034878864,104.65833333333333,0.507288293,16.9,6.799999999999999,82.6463414634146,23.886414253897552,0.779503952030526,46.99331848552338,0.33748230939507196,1.5335695466521304,106.13427818660853,31.737984918688106,0.6824864655530936,10.915724625457493
110009,2023,TRANI,1,Puglia,110,7.102158166212347,7.367684800336425,7.234921483274387,55063.0,46.38030661700991,0.2520650094958447,9.609635640515648,27557.0,21.951219512195124,19.034560412618273,0.0052969491302269234,12.95615807333407,113.24166666666669,0.540095241,17.6,6.700000000000001,82.70000000000002,24.794745484400657,0.8226940050487623,45.64860426929393,0.3193380992125413,1.5146286980367942,117.99030201768883,36.41283620580063,0.6966127489914763,10.916233263227545
110009,2024,TRANI,1,Puglia,110,7.1271097239549865,7.378518705426531,7.252814214690759,54948.0,45.77932370301236,0.2504442642718165,9.656385715957036,27557.0,20.745068064351752,19.14719371041712,0.0029079754566765518,12.966840448140005,119.60833333333333,0.568072449,16.0,6.4,83.70000000000002,23.754588358678554,0.8244158113125135,48.45306764551652,0.3592553616141089,1.6815898667831404,126.02460508116764,41.75038217951518,0.735029485847403,10.914142562445095
112050,2014,SASSARI,0,Sardegna,112,6.918084114899909,7.265773810543756,7.091928962721831,126643.0,44.34618680096373,0.20297975980075542,9.746249854230044,64924.0,2.398079641196118,2.135925396587257,0.00020700255411579076,12.867672591351358,99.68992416666667,0.827647127,20.0,8.5,82.690243902439,61.06408706166868,1.1962761463326044,4.272470777912132,0.015402624607233073,0.08369984918234723,43.1488514959374,8.234170068618084,0.09315944033754422,11.749127383472034
112050,2015,SASSARI,0,Sardegna,112,6.923510207315734,7.26582235709562,7.094666282205677,126633.0,45.02744618722462,0.2198139493413183,9.755662629863243,64924.0,2.097399571991503,2.134514699959726,-2.930920689569317e-05,12.868424930825272,99.93022416666666,0.7829992370000001,16.7,8.3,83.090243902439,61.06408706166868,1.196370614294852,4.272470777912132,0.015402624607233073,0.08370645882195005,51.04593589348748,8.932110903161103,0.10934578997601027,11.749048418232492
112050,2016,SASSARI,0,Sardegna,112,6.927859302020666,7.2644979737522055,7.096178637886435,126529.0,45.54372104791934,0.23054809451516214,9.763545183735841,64924.0,2.514048162871753,2.108607512902181,0.0003204329837188091,12.875853446164294,99.96898750000003,0.774242763,21.9,8.1,82.5439024390244,52.90084388185654,0.7927036489658497,5.643459915611814,0.015402624607233073,0.08456559365837081,55.493207090864544,9.793802211350759,0.08248818637197777,11.748226809888031
112050,2017,SASSARI,0,Sardegna,112,6.94879792388675,7.301341844152725,7.125069884019737,126520.0,45.337299734941816,0.24358360292416414,9.7696060022776,64924.0,2.571134998419222,2.233638950363579,0.0002667531204992438,12.889307801378264,99.875,0.668010321,16.9,7.9,83.2439024390244,50.7309149972929,0.7405943724312362,7.309149972929074,0.020023411989402995,0.10670249762883338,58.2998735377806,11.698545684476763,0.1126097603291086,11.748155677419586
112050,2018,SASSARI,0,Sardegna,112,6.968119679750169,7.307640321924327,7.1378800008372485,125815.0,45.37595294117647,0.2166124369747899,9.762998391981778,64924.0,3.972499304534436,3.3596947899694,0.0004870679287565362,12.906085515711624,101.10000000000001,0.62261636,14.5,7.6,82.9463414634147,48.00204918032787,0.7447442673767039,7.530737704918031,0.02310393691084961,0.11683821483924811,56.02432142431348,10.960537296824704,0.11727104165838038,11.742567853024267
112050,2019,SASSARI,0,Sardegna,112,6.953586072559145,7.284304288674255,7.1189451806166995,125998.0,46.692637684213224,0.2523325289780636,9.77590740607464,64924.0,4.1841933998952365,3.332592580834617,0.0006758843942448449,12.912877077321394,102.25,0.595578796,13.4,7.3,83.3463414634146,44.87547892720307,0.743662597819013,9.14750957854406,0.03388577413591276,0.15158970777313924,58.969189987142656,14.1541929236972,0.17436553158843954,11.744021312791764
112050,2020,SASSARI,1,Sardegna,112,6.953167010128294,7.284519205660522,7.118843107894407,125273.0,47.42707658652712,0.24493033364073746,9.780281749210486,64924.0,3.9753179056939647,4.006449913389158,-2.4851330849579165e-05,12.917052192618227,102.875,0.527189894,14.8,7.0,83.4975609756098,48.929503916449086,0.7479664412922179,11.540469973890339,0.04466761136097591,0.17641471027276429,24.455389429486,3.036568135192739,0.06839074851825949,11.738250634823215
112050,2021,SASSARI,1,Sardegna,112,6.937851450230195,7.28487428158671,7.111362865908452,122506.0,47.13692312314368,0.25332590865550214,9.775023887510901,64924.0,3.5402347640115583,3.3965683313470354,0.00011727297655994233,12.823268425095806,102.73333333333333,0.475691584,13.0,6.8,82.1951219512195,50.29427501337614,0.7673093562764273,17.014446227929376,0.05544944858603906,0.2595791226552169,38.763815649845725,6.927007656767831,0.17276760918989653,11.715915287359294
112050,2022,SASSARI,1,Sardegna,112,6.923563296702818,7.277155361954414,7.100359329328615,122159.0,48.012784059945496,0.2688358310626703,9.802921369834353,64924.0,4.237100827609918,3.4790723565189627,0.0006205260939357358,12.907639034878862,104.65833333333335,0.507288293,10.3,6.8,82.6463414634146,48.95833333333333,0.7694889447359589,18.333333333333332,0.0631507608896556,0.28814905164580584,57.23687980418961,13.738652084578293,0.25872082824248654,11.713078753873416
112050,2023,SASSARI,1,Sardegna,112,6.917415424443342,7.274426153278234,7.095920788860787,121409.0,48.887141703179694,0.2709533484164478,9.842724080841391,64924.0,4.657809552833809,3.880272467444753,0.0006404278804611325,12.95615807333407,113.24166666666666,0.540095241,9.6,6.7,82.7,46.396841066140176,0.7742424367221541,20.63178677196446,0.08009364795761198,0.34429078569134086,62.57938044131819,14.28147830885684,0.30641779677843417,11.706920289950274
112050,2024,SASSARI,1,Sardegna,112,6.915961048202871,7.267629173734653,7.091795110968762,121085.0,50.46281270809302,0.294928625230608,9.907859613389348,64924.0,5.025395383408349,3.836148160383203,0.0009821589982451557,12.966840448140005,119.60833333333333,0.568072449,7.5,6.4,83.7,49.32170542635659,0.8407317173886113,27.761627906976745,0.12014047193641796,0.47322129082875664,66.70603295205846,16.28112482966511,0.39558727772157093,11.704248057294603
113017,2014,OLBIA,0,Sardegna,113,7.576132968048701,7.862967510267579,7.71955023915814,56881.0,44.34618680096373,0.20297975980075542,9.60855784179851,42822.0,5.339216961727114,4.755542272463564,0.0010261329605027155,12.867672591351358,99.68992416666667,0.827647127,18.4,8.5,82.690243902439,75.17134645147027,11.954782792145005,11.927923944284768,0.030358227079538558,1.8969427401065382,325.6254285262214,162.31254724776286,0.9128242471290899,10.948716645194592
113017,2015,OLBIA,0,Sardegna,113,7.534582726908655,7.838652760639113,7.686617743773884,57556.0,45.02744618722462,0.21981394934131826,9.612297798372003,42822.0,4.614636180415595,4.696295781499757,-0.00014187852019626322,12.868424930825272,99.93022416666668,0.782999237,15.5,8.3,83.090243902439,73.18969346956906,11.449718534992009,13.32741003998223,0.05604595768530195,2.084925985127528,359.2362221141149,186.43929390506636,0.9794304968353662,10.960513665883308
113017,2016,OLBIA,0,Sardegna,113,7.510042662590044,7.800785778129874,7.655414220359958,58249.0,45.54372104791934,0.23054809451516214,9.628937669720356,42822.0,5.46103795773318,4.5803361431097525,0.001511960402107208,12.875853446164294,99.96898750000001,0.774242763,13.1,8.1,82.5439024390244,72.57975493983882,11.287747429140413,13.345843912131583,0.058381205922189525,2.0755721128259714,397.23257051623204,203.17602018918782,0.9954915177855976,10.972482203898611
113017,2017,OLBIA,0,Sardegna,113,7.490701672088216,7.814225819235966,7.65246374566209,58858.0,45.337299734941816,0.24358360292416414,9.652784090522092,42822.0,5.5268612593020485,4.80138638757688,0.0012325849871303285,12.889307801378262,99.875,0.668010321,13.0,7.9,83.2439024390244,71.03448275862068,11.19983689557919,14.590517241379311,0.07239269534351502,2.300451935165993,413.98790308879,225.71613034761629,1.034148472324451,10.982883042277106
113017,2018,OLBIA,0,Sardegna,113,7.478056916938336,7.785484295544704,7.63177060624152,59163.0,45.37595294117647,0.2166124369747899,9.649761028741322,42822.0,8.447847472237715,7.144668120277877,0.0022026931561277122,12.906085515711624,101.10000000000001,0.62261636,13.0,7.6,82.9463414634147,68.80533277783563,11.16576238527458,16.185813977710655,0.12143290831815423,2.6266416510318953,434.06013893818766,245.5774724067407,1.1090891296231231,10.988051625478178
113017,2019,OLBIA,0,Sardegna,113,7.485386693967978,7.773814696645939,7.629600695306959,59599.0,46.692637684213224,0.2523325289780636,9.664369823919428,42822.0,8.845786003120857,7.045420225171563,0.003020798634120193,12.912877077321394,102.25,0.595578796,11.3,7.3,83.3463414634146,67.6335410070473,11.110924679944294,16.964559289143093,0.14011489421325488,2.7869595127435023,439.7624121210088,258.6771590127351,1.1330174111571096,10.995394074389191
113017,2020,OLBIA,1,Sardegna,113,7.456305061221381,7.77204648531803,7.6141757732697055,60154.0,47.42707658652712,0.2449303336407375,9.675628852972416,42822.0,8.278751205239884,8.34358479901586,-0.00010777935594636448,12.917052192618227,102.875,0.527189894,9.7,7.0,83.4975609756098,62.971815556219504,10.511354190909998,22.059555821133355,0.200831348372332,3.682215646507298,182.34198889516907,60.83718455963029,1.0198676312815103,11.004663219607398
113017,2021,OLBIA,1,Sardegna,113,7.45324580330376,7.780974658081603,7.617110230692682,59948.0,47.13692312314369,0.25332590865550214,9.624416349626177,42822.0,7.234603322879829,6.941015546807233,0.0004897373992003003,12.823268425095806,102.73333333333333,0.475691584,7.3,6.8,82.1951219512195,61.862075990628504,10.13044638686862,23.76489762656616,0.23819532016253328,3.8917061453259487,275.4754120237539,121.16000533795956,1.1231990292112404,11.001232798764887
113017,2022,OLBIA,1,Sardegna,113,7.446930415312845,7.7781200714883125,7.612525243400579,60711.0,48.0127840599455,0.2688358310626703,9.681440783872114,42822.0,8.525637858048789,7.000378844031559,0.002512327278445801,12.907639034878864,104.65833333333335,0.507288293,7.8,6.8,82.6463414634146,61.42273587725416,10.154667193754015,24.818172760785096,0.2778945401896222,4.103045576584145,382.6851806097742,214.1654724843933,1.211185110082074,11.013880179739768
113017,2023,OLBIA,1,Sardegna,113,7.47119663835249,7.798538997262951,7.63486781780772,61172.0,48.887141703179694,0.2709533484164478,9.745396823267157,42822.0,9.244425554175113,7.701235859543582,0.0025227059678145734,12.95615807333407,113.24166666666666,0.540095241,6.7,6.7,82.7,61.038326163472824,10.205649643627805,26.5350019554165,0.3596282284806875,4.436670372065651,398.4388282220624,237.1280978225332,1.2592359493034535,11.021444847468015
113017,2024,OLBIA,1,Sardegna,113,7.507578361132465,7.828281700075807,7.667930030604136,61481.0,50.46281270809302,0.294928625230608,9.806800780838898,42822.0,9.897366666124494,7.555179648997251,0.0038096111272218126,12.966840448140005,119.60833333333333,0.568072449,9.3,6.4,83.7,56.02711983798538,10.349538881931004,32.411728449414454,0.6702162439867358,5.987215562531514,452.8667393178379,280.27358045575056,1.375899619056519,11.02648346297243
118006,2014,CAGLIARI,0,Sardegna,118,7.4404420058415495,7.755454749859631,7.59794837785059,151866.0,44.34618680096373,0.2029797598007554,9.870471415487922,80388.0,3.608444286410388,3.2028235418065925,0.0002670912150210023,12.867672591351356,99.68992416666667,0.827647127,17.9,8.5,82.690243902439,62.73087071240106,1.8786298447315395,14.951627088830255,0.09080957356819426,0.4477631596275665,146.14001817391647,48.39266195198398,0.5746067751724627,11.930753832061791
118006,2015,CAGLIARI,0,Sardegna,118,7.416652091333861,7.719360483515034,7.568006287424448,151959.0,45.02744618722462,0.21981394934131826,9.878550796395878,80388.0,3.573332280417744,3.191650379378648,0.0002511742647945144,12.868424930825274,99.93022416666668,0.782999237,17.7,8.3,83.090243902439,58.220050977060325,1.8037760185313143,17.86321155480034,0.11817684231477335,0.5534387565066894,134.68764600977897,48.15772675524319,0.6092427339639822,11.931366026600783
118006,2016,CAGLIARI,0,Sardegna,118,7.41511264667559,7.7013689109740655,7.558240778824827,151865.0,45.54372104791934,0.23054809451516217,9.886096179984639,80388.0,3.5505218450597567,3.1317288381127977,0.00027576663941458496,12.875853446164294,99.96898750000001,0.774242763,14.3,8.1,82.5439024390244,46.99129790779485,1.6712211503638101,15.034252916126642,0.11693287555356521,0.5346854113851117,154.58861488822308,50.87676554834887,0.6145328010860162,11.930747247287764
118006,2017,CAGLIARI,0,Sardegna,118,7.397748826156563,7.675081366560915,7.5364150963587395,151352.0,45.337299734941816,0.24358360292416412,9.893961605056637,80388.0,3.6550557640467254,3.2857180612083092,0.00024402565069402198,12.889307801378262,99.875,0.668010321,15.5,7.9,83.2439024390244,45.85365853658537,1.6768856704899835,16.53116531165312,0.13434841021047916,0.6045509804957979,171.69710344098525,61.73225329034303,0.6629769792912574,11.927363528766255
118006,2018,CAGLIARI,0,Sardegna,118,7.384260797722843,7.643003916482097,7.513632357102469,151171.0,45.37595294117647,0.21661243697478988,9.888676777298317,80388.0,4.158204946715971,3.1778581870861475,0.0006485018684997939,12.906085515711624,101.10000000000001,0.62261636,16.2,7.6,82.9463414634147,42.857142857142854,1.5102102916564684,17.5520931105688,0.1355923769716873,0.618504871966184,169.69723028887816,60.61413895522289,0.6536217311487186,11.926166925390001
118006,2019,CAGLIARI,0,Sardegna,118,7.374352252999081,7.6321867923524165,7.503269522675749,151504.0,46.692637684213224,0.2523325289780636,9.907421923701463,80388.0,3.6533688879501525,3.1207096842327595,0.00035158095081145934,12.912877077321394,102.25,0.595578796,15.8,7.3,83.3463414634146,42.4390243902439,1.550454113422748,21.788617886178862,0.17788724685276408,0.7960185869680009,184.85254514732284,71.41989650438272,0.7247534032824228,11.928367306223281
118006,2020,CAGLIARI,1,Sardegna,118,7.271874107209919,7.533397286793141,7.4026356970015295,151005.0,47.42707658652712,0.24493033364073746,9.90851610947774,80388.0,3.925697824575345,3.1998940432436016,0.0004806488403243225,12.917052192618227,102.875,0.527189894,13.0,7.0,83.4975609756098,42.12202480724103,1.66418330518857,24.87428762990278,0.22640195053988155,0.9827489155988212,76.50872487665971,18.04311115525976,0.6063005872260576,11.925068227831634
118006,2021,CAGLIARI,1,Sardegna,118,7.264449303575648,7.523576893021116,7.394013098298382,149572.0,47.13692312314368,0.25332590865550214,9.904712780881809,80388.0,3.552135426416709,3.2539512743026773,0.00019935827034072657,12.823268425095806,102.73333333333333,0.475691584,16.4,6.8,82.1951219512195,41.85262481939316,1.7429732837696894,27.789372290897408,0.2612330198537095,1.1573021688551333,128.10686492124194,36.87321156366165,0.7302526851162612,11.915533161229414
118006,2022,CAGLIARI,1,Sardegna,118,7.261198401885536,7.527863365041119,7.394530883463327,149092.0,48.012784059945496,0.2688358310626703,9.931545631680226,80388.0,3.954605210205779,3.2174764574893358,0.000494412009173157,12.907639034878862,104.65833333333335,0.507288293,13.9,6.8,82.6463414634146,39.42414174972315,1.671451184503528,30.991931656383482,0.28486838831666417,1.3139538003380464,185.84095726128834,73.49153542778956,0.8304921786485082,11.912318844048412
118006,2023,CAGLIARI,1,Sardegna,118,7.260638315157177,7.539674745750362,7.40015653045377,148296.0,48.887141703179694,0.2709533484164478,9.977287841741076,80388.0,4.2327507147866426,3.3844473215730706,0.0005720339005863759,12.95615807333407,113.24166666666666,0.540095241,11.4,6.7,82.7,47.64980265518478,1.791012569455683,39.25367778973807,0.3159675573468677,1.4754275233317147,204.51664239089388,85.00094405783028,0.8764625244281327,11.906965555408926
118006,2024,CAGLIARI,1,Sardegna,118,7.277675302015416,7.560468295386928,7.419071798701172,147411.0,50.46281270809302,0.294928625230608,10.051984243653022,80388.0,4.158441364620008,3.6157410233971685,0.0003681545754542329,12.966840448140005,119.60833333333333,0.568072449,8.8,6.4,83.7,37.10873146622735,1.8336487779066692,34.93959362987369,0.38189779569089916,1.726465460515158,217.9423516562536,97.77628535183943,0.9295331727309386,11.900979882818598
118038,2014,QUARTU SANT`ELENA,0,Sardegna,118,7.262186882092239,7.571668941478115,7.416927911785177,70384.0,44.34618680096373,0.20297975980075542,9.70939060905632,34607.0,7.78586042282337,6.9106615139804495,0.0012434628734412938,12.86767259135136,99.68992416666667,0.827647127,17.9,8.5,82.690243902439,69.2079940784604,2.656853830416004,4.404145077720207,0.020227121680584853,0.16907251648101843,65.6882245964992,28.40844510115935,0.3257452450098403,11.1617212435885
118038,2015,QUARTU SANT`ELENA,0,Sardegna,118,7.238485170694851,7.527231658622554,7.3828584146587035,70210.0,45.02744618722462,0.21981394934131826,9.710348399589238,34607.0,7.733941034040735,6.907847884916679,0.0011766032603960353,12.868424930825272,99.93022416666668,0.782999237,17.7,8.3,83.09024390243901,67.70456191165822,2.6634382566585963,4.308472121650977,0.020227121680584853,0.1694915254237288,69.85614584816979,30.01994017946161,0.33449709679072964,11.159246030011294
118038,2016,QUARTU SANT`ELENA,0,Sardegna,118,7.253565930797734,7.522086995208637,7.387826463003186,69880.0,45.54372104791934,0.23054809451516214,9.721044557216057,34607.0,7.716084716657126,6.805953062392674,0.001302420798890172,12.875853446164294,99.96898750000001,0.774242763,14.3,8.1,82.5439024390244,69.39243408482996,2.5987406983400114,4.852884982804738,0.023116710492096976,0.181740125930166,60.70406410990269,18.902404121350887,0.302164703476297,11.154534764247993
118038,2017,QUARTU SANT`ELENA,0,Sardegna,118,7.260541051895353,7.528191005021803,7.3943660284585775,69583.0,45.337299734941816,0.24358360292416417,9.728573878897274,34607.0,7.950217725593895,7.146860583763276,0.0011545307644548503,12.889307801378262,99.875,0.668010321,15.5,7.9,83.2439024390244,66.26916524701873,2.236178376902404,5.40885860306644,0.023116710492096976,0.1825158443872785,71.90980555595476,32.67608467585473,0.33582409605927477,11.150275563614356
118038,2018,QUARTU SANT`ELENA,0,Sardegna,118,7.2546987315018665,7.517849345844654,7.386274038673261,69434.0,45.37595294117647,0.2166124369747899,9.723458913087741,34607.0,9.053201601520868,6.918800587608375,0.003073999789602346,12.906085515711624,101.10000000000001,0.62261636,16.2,7.6,82.9463414634147,63.643926788685526,2.2035314111242332,8.818635607321132,0.026006299303609093,0.3053259210185212,74.3151770026212,37.42834922372325,0.3858154562664686,11.148131940071105
118038,2019,QUARTU SANT`ELENA,0,Sardegna,118,7.244563904043794,7.494845215144479,7.369704559594136,68851.0,46.69263768421323,0.2523325289780636,9.73557048780963,34607.0,8.039098923762907,6.867002657913465,0.0017023663648304914,12.912877077321394,102.25,0.595578796,15.8,7.3,83.34634146341462,63.092783505154635,2.222189946406007,8.701030927835053,0.040454243361169706,0.3064588749618742,82.70177629954539,47.52581661849501,0.4407945846351266,11.139700028379574
118038,2020,QUARTU SANT`ELENA,1,Sardegna,118,7.23894554045893,7.482589248247957,7.360767394353444,68283.0,47.42707658652712,0.2449303336407375,9.746785025863343,34607.0,8.681516629322086,7.076431908381295,0.0023506359136839204,12.917052192618227,102.875,0.527189894,13.0,7.0,83.4975609756098,63.017031630170315,2.27582267914415,8.75912408759124,0.043343832172681826,0.3163305654408857,21.20732832476605,4.535535931344551,0.22003856339672817,11.131416112674295
118038,2021,QUARTU SANT`ELENA,1,Sardegna,118,7.2300917695273705,7.4856242081895505,7.357857988858461,68640.0,47.13692312314369,0.25332590865550214,9.734712050272071,34607.0,7.740384615384616,7.090617715617715,0.0009466300987280021,12.823268425095806,102.73333333333333,0.47569158400000006,16.4,6.8,82.19512195121949,62.40511386336396,2.2756410256410255,12.864562524970037,0.0664605426647788,0.46911421911421913,36.40005827505827,11.162587412587413,0.3651439252635402,11.136630734161844
118038,2022,QUARTU SANT`ELENA,1,Sardegna,118,7.227372545091023,7.493640765057287,7.360506655074155,68853.0,48.0127840599455,0.2688358310626703,9.773027811488296,34607.0,8.563170813181706,6.967016687726026,0.002318205634403266,12.907639034878864,104.65833333333335,0.507288293,13.9,6.8,82.6463414634146,58.307453416149066,2.181459050440794,14.285714285714286,0.08090848672233941,0.5344719910534037,59.792601629558625,26.849955702729,0.4818932148171101,11.139729076192275
118038,2023,QUARTU SANT`ELENA,1,Sardegna,118,7.232066043818875,7.503573960192734,7.367820002005805,68755.0,48.887141703179694,0.2709533484164478,9.81704545324311,34607.0,9.129517853247036,7.299832739437131,0.002661166626150686,12.95615807333407,113.24166666666667,0.540095241,11.4,6.7,82.7,69.81672394043528,1.7729619664024434,18.499427262313862,0.09535643077990004,0.4697840157079485,63.37430005090538,30.00072721983856,0.4771791322257098,11.138304740157045
118038,2024,QUARTU SANT`ELENA,1,Sardegna,118,7.249189107855801,7.528617361583741,7.388903234719771,68509.0,50.46281270809302,0.294928625230608,9.880735388522723,34607.0,8.947729495394766,7.779999708067553,0.0017044910702640715,12.966840448140005,119.60833333333333,0.568072449,8.8,6.4,83.7,58.369723435225616,1.7559736676932958,21.591460456089276,0.1473690293871182,0.6495496942007619,73.99611729845714,40.1027602212848,0.580136446824276,11.134720402481133
