prov,year,covid,location,region,prov_istat,log_buy_min,log_buy_max,log_buy_avg,population,reg_age_avg,over65,log_median_income,dwellings,prov_immigration,prov_emigration,prov_net_movements,log_real_gdp,log_nominal_gdp,unemployment_prov,ratio_hotel_beds,ratio_hotel_mun,ratio_str_beds,ratio_str_mun,ratio_str_mun_beds,ratio_arrivals,ratio_arrivals_foreigners,tourism_score,log_tour_employed,log_population,growth_log_buy_min,growth_log_buy_max,growth_log_buy_avg,growth_log_nominal_gdp,growth_log_median_income,growth_log_population
AG,2015,0,I,Sicilia,084,6.252530945929947,6.599764217811399,6.426147581870673,3113968.0,42.62135095403836,0.2032806754613541,9.266544648081226,2251512.0,35.73130220939255,38.97662231831904,-0.03683864429322383,14.253485175775594,14.307685758791632,26.2,42.71402778823196,2.8714741110764725,4.186864314465829,0.05064108852124281,0.5770322297686457,57.04581824864016,23.64636423211759,-0.2544429138481694,14.51600418716716,14.951408355151155,-0.023588555796509425,-0.027049081284783227,-0.025318818540647214,0.008971144354822158,-0.010961153139643187,0.09645783126554441
AG,2016,0,I,Sicilia,084,6.22767643401377,6.571661763212155,6.3996690986129625,3102862.0,42.74720391116313,0.20844158497539705,9.266924473111397,2261260.0,34.16895858727849,40.82718512731046,-0.0762784131885349,14.262302861817256,14.324300731606444,24.3,42.195436154550904,2.851113731142974,4.885644740859268,0.05493727466418822,0.5933033687704293,58.56241600343299,22.95046345729356,-0.20515809667377838,14.57109013709187,14.947835469351002,-0.02485451191617738,-0.028102454599244098,-0.026478483257710295,0.01661497281481239,0.00037982503017097713,-0.003572885800153358
AG,2017,0,I,Sicilia,084,6.200750585472771,6.553014470553615,6.376882528013193,3571507.0,42.69233994157196,0.20769644867492135,9.29699040306393,2605233.0,33.30181276247037,43.74302782979342,-0.11823258662378473,14.274589284506764,14.348991618246794,23.0,41.31399793853955,2.8933531653888007,5.489366535235174,0.05701686623225606,0.6028309020395312,64.00224340250605,27.005220579652885,-0.10740217777921066,14.615952632066216,15.088498193536044,-0.026925848540998665,-0.018647292658539705,-0.022786570599769185,0.02469088664035013,0.03006592995253321,0.14066272418504155
AG,2018,0,I,Sicilia,084,6.193494465870167,6.5425352686270895,6.368014867248628,3542223.0,43.77377781654883,0.21846025858873333,9.305179422919485,2608811.0,33.004553668195584,44.45511310410018,-0.1317387593996389,14.290499049859632,14.37197452698985,27.6,40.39432640261255,2.930189341240861,7.332674357219133,0.060847832627952195,0.6402819696852539,63.899039488791175,26.575186015670138,-0.0859831591020367,14.609780537731918,15.080265054123446,-0.007256119602604194,-0.010479201926525405,-0.008867660764565244,0.02298290874305664,0.008189019855555202,-0.008233139412597623
AG,2019,0,I,Sicilia,084,6.173251781446996,6.523481334686928,6.348366558066961,3529636.0,43.338953058870395,0.23105349728161415,9.326451532469063,2626238.0,34.88044708722514,45.569218204541826,-0.12421749493712499,14.298731536878893,14.390855927691584,23.6,37.475828900854424,2.8494691100586698,7.914947601857875,0.06852794262290375,0.6964602605793837,76.04025944780103,32.483190823202555,-0.07100069095626191,14.631583527526258,15.076705307445335,-0.02024268442317112,-0.019053933940161194,-0.019648309181667045,0.018881400701733497,0.021272109549578033,-0.0035597466781105425
AG,2020,1,I,Sicilia,084,6.155843907805664,6.502603043013179,6.329223475409422,3393816.0,43.75610535814634,0.21987776925390745,9.332383869691704,2562494.0,34.88591587186838,53.36504656169957,-0.22050716778504842,14.303013979455953,14.405554007743987,22.0,33.56339052294149,2.6828714530278748,9.89214390167547,0.06969154723974716,0.6901222905963815,33.85953565652293,5.076591872891293,-0.15205121674044061,14.491113229758247,15.037465509989094,-0.01740787364133123,-0.020878291673748883,-0.019143082657539168,0.014698080052403029,0.005932337222640527,-0.03923979745624173
AG,2021,1,I,Sicilia,084,6.124297591853738,6.467463888527634,6.295880740190686,3341348.0,43.97324815956593,0.23138952884351685,9.330298478040335,2562494.0,35.79807587942433,48.078719405813466,-0.14979709735887936,14.210150370913528,14.328341310116052,21.8,36.328456723368014,2.7879065984230254,8.952258313949068,0.0713383957974538,0.7325989565184805,52.21304432298584,10.098338678397331,-0.05814989435669202,14.452257213884272,15.021884876345581,-0.031546315951926474,-0.035139154485545276,-0.033342735218735875,-0.07721269762793526,-0.00208539165136834,-0.015580633643512698
AG,2022,1,I,Sicilia,084,6.095208640973295,6.457383888211916,6.276296264592606,3341779.0,44.89178061665652,0.23388719420689114,9.376046926303983,2562494.0,39.648058054937245,45.42750470982176,-0.07064604526789835,14.295695409344063,14.426637919319788,19.3,35.395541527332554,2.7751024706589136,10.95090832312792,0.08152763287023225,0.781325772989971,78.83639203536742,25.206256027554616,0.026164420214576628,14.588913808049881,15.022013857883893,-0.02908895088044261,-0.01008000031571843,-0.019584475598080076,0.09829660920373584,0.0457484482636481,0.00012898153831208958
AG,2023,1,I,Sicilia,084,6.083426838472686,6.45946946618172,6.271448152327203,3322186.0,44.196541622216394,0.23024327249487975,9.442036113245546,2562494.0,43.573907431076606,48.89685635021381,-0.06550057211870984,14.342781042569822,14.507693573866822,16.2,34.47840219315601,2.7487828099409533,12.206716529102078,0.09685381312723912,0.9453787566135585,88.1645126716903,33.109336267723656,0.09295017102672437,14.645884731497906,15.016133557955223,-0.011781802500609118,0.002085577969804575,-0.004848112265403159,0.08105565454703445,0.06598918694156275,-0.0058802999286697855
AG,2024,1,I,Sicilia,084,6.060254529890129,6.4454484910390555,6.252851510464592,3305676.0,44.61438488891594,0.24075714711733945,9.517819180832499,2562494.0,44.811852194414655,50.881237903324035,-0.07543628113998023,14.352490699316046,14.577531396238827,15.7,37.10611490619666,2.2520934647902346,13.514605196884707,0.042603676281215634,0.42475781970718846,91.69733832472764,36.261443653524736,0.052193857514260894,14.657415865352215,15.011151548930673,-0.023172308582557477,-0.01402097514266476,-0.018596641862610674,0.06983782237200487,0.07578306758695241,-0.004982009024550038
AL,2015,0,NW,Piemonte,006,6.607867288426362,6.935689392600829,6.771778340513595,1830596.0,45.94846739889146,0.2545785094413764,9.79712226986868,1089661.0,45.738840315389695,39.25440152523069,0.07719568764969859,14.253485175775596,14.307685758791632,11.5,69.06576794909111,1.5291091814761908,6.218235180406234,0.01729206033921772,0.10674892579118359,80.78384668306582,35.22032133349115,0.11669990029635871,14.51600418716716,14.420152154854497,-0.016734024209270615,-0.01988846324241944,-0.018311243725844584,0.008971144354822158,0.013655388796282253,-0.0016281977028942407
AL,2016,0,NW,Piemonte,006,6.6080151695287705,6.9285410042307785,6.768278086879775,1829174.0,46.33253327992292,0.2524227468308138,9.814438969305906,1093967.0,48.53205116038521,38.60690073144855,0.12078011877131187,14.262302861817254,14.324300731606444,10.8,68.55807160758549,1.4506685905091787,6.538972596441395,0.01781700047877436,0.11193112343966483,86.26956955872804,35.94474734319454,0.14514476759605274,14.57109013709187,14.419375056801035,0.00014788110240893104,-0.007148388370050718,-0.0035002536338204493,0.01661497281481239,0.01731669943722558,-0.0007770980534616001
AL,2017,0,NW,Piemonte,006,6.609588002010871,6.928838548635114,6.7692132753229926,1920036.0,46.24480946738219,0.24563717982495153,9.824617373982786,1147014.0,52.88370671154976,40.405777307569544,0.15225827272638628,14.274589284506764,14.348991618246792,11.6,65.22403863292782,1.428874201962897,6.641834256912428,0.02164096775223692,0.1301757807188982,86.32346024171709,39.16672378574612,0.1290467310599801,14.615952632066215,14.467854493828185,0.0015728324821004946,0.0002975444043356035,0.000935188443217605,0.024690886640348353,0.010178404676880248,0.048479437027149075
AL,2018,0,NW,Piemonte,006,6.601347350731904,6.9182770471675425,6.7598121989497235,1944195.0,46.878978339040856,0.258213347142958,9.82766122882171,1163948.0,57.084744895673246,43.85976850334833,0.16195224186318305,14.290499049859632,14.371974526989852,10.0,63.13775944859717,1.4071378959828411,3.0425076934856086,0.007843133906374911,0.0666626482182921,84.88886097249652,38.478282324697226,0.06061255227966642,14.609780537731918,14.480358567613921,-0.008240651278967448,-0.01056150146757151,-0.009401076373269035,0.022982908743060193,0.00304385483892311,0.01250407378573648
AL,2019,0,NW,Piemonte,006,6.579512974345823,6.904612422346176,6.7420626983459995,1939685.0,46.01780169572052,0.2702130467227311,9.844314712916796,1163948.0,54.005069630344934,43.27494982002206,0.13172083050660563,14.298731536878893,14.390855927691584,9.2,57.84785218307112,1.3249235634367154,2.6075606929193507,0.006264144385230928,0.05493217691891698,83.96551710725694,39.925768702055585,0.030084779853525184,14.631583527526258,14.47803614672187,-0.021834376386080656,-0.013664624821366544,-0.017749500603724044,0.01888140070173172,0.01665348409508738,-0.002322420892051369
AL,2020,1,NW,Piemonte,006,6.558668546554738,6.888639229517051,6.723653888035895,1932386.0,47.05912620620524,0.2704506587564488,9.859885623816158,1163948.0,61.887747136340344,47.254594279364575,0.18158060914766933,14.303013979455951,14.405554007743989,9.8,56.37740343025046,1.273533207109501,3.689118829529685,0.011784436421431958,0.07129077618258212,37.9957857991696,13.549658260586492,-0.03557271849236938,14.491113229758247,14.474266066759307,-0.02084442779108464,-0.015973192829124905,-0.01840881031010433,0.014698080052404805,0.015570910899361579,-0.0037700799625621784
AL,2021,1,NW,Piemonte,006,6.5591155729591115,6.889031108198232,6.724073340578672,1876111.0,46.25983196219524,0.24731558696791553,9.846890945640272,1155125.0,46.67648305272942,38.80165910964255,0.0906294320911728,14.210150370913528,14.328341310116052,6.9,53.38083343200376,1.2950877267640095,10.545365984954845,0.036372112997800285,0.19854201906457947,63.70621491530352,24.722910257870762,0.19697993588116122,14.452257213884272,14.44471157524142,0.0004470264043732186,0.0003918786811807351,0.00041945254277653277,-0.07721269762793703,-0.012994678175886065,-0.029554491517886916
AL,2022,1,NW,Piemonte,006,6.525824483156098,6.868088138716085,6.696956310936091,1865630.0,47.645255061632916,0.24882389797948254,9.886979256822022,1155125.0,54.323634227490224,39.313156348841616,0.17283662330253718,14.295695409344063,14.426637919319788,7.2,53.844874113796365,1.2943603520542324,10.665035929524704,0.03606222805168884,0.18620380601475703,93.14255753912823,46.85291558412636,0.2551559144537258,14.588913808049881,14.439109355626515,-0.03329108980301321,-0.0209429694821468,-0.027117029642580448,0.09829660920373584,0.0400883111817496,-0.005602219614905479
AL,2023,1,NW,Piemonte,006,6.497434110970901,6.85821922485762,6.6778266679142595,1868172.0,47.402080279373415,0.2724641834421395,9.934900912682407,1155125.0,65.62971280927992,40.96783309719819,0.28282103236188755,14.342781042569822,14.507693573866824,6.7,51.90104375457748,1.2840830891657788,13.761811496957174,0.04978109565523107,0.2734086662043113,107.18842623586526,57.47237134353597,0.31623440990117857,14.645884731497906,14.440470970619884,-0.028390372185197243,-0.009868913858465334,-0.019129643021831733,0.08105565454703623,0.047921655860385215,0.0013616149933692867
AL,2024,1,NW,Piemonte,006,6.487264845906027,6.854083537239153,6.67067419157259,1870761.0,47.94899349206493,0.2893425599259938,10.000167801077314,1155125.0,68.79314231503747,41.022727744231965,0.31791855855237994,14.352490699316045,14.577531396238825,5.0,51.40085856109572,1.2736340101868098,15.461645132932246,0.06403787700956345,0.30823391079257895,103.5921817673681,55.641757444936076,0.3283244202332476,14.657415865352215,14.441855857919972,-0.010169265064874367,-0.004135687618466832,-0.007152476341669711,0.06983782237200131,0.06526688839490724,0.0013848873000874562
AN,2015,0,C,Marche,042,6.844376218136901,7.185120099235735,7.014748158686317,5591548.0,45.33060119894768,0.2364823679935596,9.75267932677706,2969725.0,43.4608701199873,36.909867785237495,0.07566108763857693,14.253485175775596,14.307685758791632,9.4,44.74530924838773,2.850160245882936,6.700692202702073,0.035248177736229014,0.24759808982771717,124.76929334732594,21.284185425522594,0.24089952323823768,14.516004187167159,15.536766729872086,-0.031311098080463395,-0.03644843599681202,-0.03387976703863771,0.008971144354823934,0.016884213771229284,-0.0028088682063085457
AN,2016,0,C,Marche,042,6.810763072001796,7.144654749235597,6.977708910618697,5574443.0,45.15627188138395,0.21333925258606376,9.770558560735466,2969725.0,45.4684291468328,34.98046041554165,0.12175968481728311,14.262302861817254,14.324300731606444,9.5,43.460868961589426,2.8650884163357384,6.728269009595478,0.040658681339846986,0.2828370872683474,129.37349914407,23.262106733653553,0.26364035349993364,14.571090137091872,15.533702960005188,-0.0336131461351048,-0.04046535000013751,-0.03703924806762071,0.01661497281481239,0.01787923395840707,-0.0030637698668982694
AN,2017,0,C,Marche,042,6.748676716855218,7.081392964009087,6.9150348404321536,5507793.0,46.61070866858987,0.2540126102737809,9.78969387998829,2947477.0,40.447083977765175,37.05888472543933,0.036609007066461405,14.274589284506764,14.348991618246792,12.5,42.26592397011066,2.7848048691415896,7.071743209142531,0.04731289928301098,0.3111110367030736,120.63640618472975,19.471484675315033,0.26674745703222985,14.615952632066216,15.521674556425126,-0.06208635514657779,-0.06326178522651027,-0.06267407018654314,0.024690886640348353,0.019135319252823635,-0.01202840358006263
AN,2018,0,C,Marche,042,6.72905791594619,7.063104352357386,6.896081134151788,5494523.0,45.864469487281845,0.2641504477280837,9.787464259695021,2947477.0,48.591776991882675,36.28635261045927,0.1337594312305958,14.290499049859632,14.371974526989852,8.8,39.640037286388264,2.68774486033527,5.210106372669845,0.18081177349305302,0.5710385820491499,133.93259205300456,23.71428707689484,0.2603157228953742,14.609780537731918,15.519262335864541,-0.019618800909028344,-0.018288611651700926,-0.018953706280365523,0.022982908743060193,-0.002229620293269008,-0.0024122205605845437
AN,2019,0,C,Marche,042,6.701751455064323,7.033688581645954,6.867720018355139,5561613.0,46.521314937064986,0.2414946890054381,9.811035786677168,2984312.0,51.83390364067883,39.24006865627183,0.14899260281799404,14.298731536878893,14.390855927691584,11.1,34.848852702516226,2.5589197466028883,6.921136886096601,0.24118607266801786,0.7174690708270143,129.60238485481406,22.37944340520425,0.2871565875731199,14.631583527526256,15.53139873206727,-0.027306460881867167,-0.029415770711431755,-0.028361115796649017,0.01888140070173172,0.02357152698214726,0.012136396202729216
AN,2020,1,C,Marche,042,6.689405007591475,7.020126769388416,6.854765888489946,5544632.0,46.520653579871244,0.25688316965989294,9.826613041847153,2984312.0,55.93240535312871,46.18380365987609,0.11582745087816576,14.303013979455951,14.405554007743987,8.2,33.4852348235437,2.494807773529436,7.755374169212198,0.2604822857512235,0.7722166365544031,75.00057707851776,7.00612405703432,0.2088369370196915,14.491113229758247,15.528340810468697,-0.012346447472848077,-0.01356181225753783,-0.012954129865192954,0.014698080052403029,0.015577255169985094,-0.003057921598573543
AN,2021,1,C,Marche,042,6.675296176374352,7.004295992313714,6.839796084344034,5478237.0,45.702439844863065,0.24212290400750114,9.81601941310165,2963684.0,47.06756698307378,38.72742008556766,0.09247115993116986,14.210150370913528,14.328341310116052,8.4,41.9767423157784,2.623940759127092,20.815967177513286,0.12596649910847987,0.6823695903608608,103.3273366511737,11.214702556306863,0.3860833885913974,14.452257213884272,15.516293891834254,-0.014108831217122919,-0.015830777074702596,-0.014969804145912313,-0.07721269762793526,-0.010593628745503736,-0.01204691863444296
AN,2022,1,C,Marche,042,6.6827105492333905,7.014132362691372,6.848421455962382,5445287.0,47.75755263598897,0.2743426155381647,9.853532919422706,2963684.0,57.07852741784854,38.92703238568924,0.20250782866518519,14.295695409344063,14.426637919319786,7.9,39.25865880447195,2.5994414233414647,20.013378060141374,0.14286418006568097,0.6694985634137658,135.58024895125894,21.83611700325112,0.473275236158208,14.588913808049881,15.510261021867386,0.007414372859038565,0.009836370377658277,0.008625371618347977,0.09829660920373406,0.037513506321056767,-0.006032869966867693
AN,2023,1,C,Marche,042,6.6868580257112535,7.019941240681272,6.853399633196262,5450312.0,47.276992635012206,0.26656745103836976,9.89605292914345,2963684.0,65.1979943858213,39.120296642867125,0.29279911875594383,14.342781042569822,14.507693573866824,6.0,39.045384411833865,2.502554444074943,24.059086000790742,0.1763989735066326,0.8147584634111367,141.55803057897205,25.361394577126628,0.5220507818578051,14.645884731497906,15.511183412707261,0.004147476477863066,0.005808877989899486,0.004978177233880388,0.081055654547038,0.04252000972074299,0.0009223908398752201
AN,2024,1,C,Marche,042,6.6912807640893615,7.023812977057357,6.857546870573359,5455025.0,47.41762470722175,0.26037142049121487,9.970566049324274,2963684.0,63.982096374072015,39.8666926549744,0.2716747679071715,14.352490699316045,14.577531396238827,6.799999999999999,37.806901721734505,2.453384409518517,26.374979577299374,0.20791153742793608,0.9059470708814344,148.48032303966846,29.496768219541703,0.5655647615278422,14.657415865352217,15.512047760190228,0.0044227383781079155,0.0038717363760856216,0.004147237377097213,0.06983782237200309,0.0745131201808249,0.0008643474829668207
AO,2015,0,NW,Valle D'Aosta,007,7.173873894313783,7.4564620695438055,7.315167981928795,793983.0,58.4661137897782,0.5204050144648024,9.873636601478685,480792.0,4.669621389878625,4.1945482459951915,0.001376185927068837,14.253485175775596,14.307685758791632,8.9,67.7298311444653,3.1372208221082816,6.441525953721076,0.04305396096440872,0.2983691086584977,272.37044118073055,128.92731960256077,0.6467767802185139,14.51600418716716,13.584817329420718,-0.04269291435850686,-0.05192975506956543,-0.0473113347140357,0.008971144354822158,-0.0026382233443591474,0.08839695506790513
AO,2016,0,NW,Valle D'Aosta,007,7.118893248050875,7.404574767274553,7.261734007662714,820560.0,56.350425174397884,0.5002661679681895,9.887652638516698,501696.0,4.340450424100614,4.536414156186019,-0.0005731609595946345,14.262302861817254,14.324300731606444,8.7,68.71088861076345,3.211465340742907,7.8848560700876105,0.052621507845388445,0.3685288095934484,297.82684995612755,142.0532319391635,0.6965435928482707,14.57109013709187,13.617742312981292,-0.05498064626290855,-0.05188730226925209,-0.05343397426608121,0.01661497281481239,0.014016037038013351,0.03292498356057472
AO,2017,0,NW,Valle D'Aosta,007,7.1282470403754035,7.417993555086682,7.273120297731043,823200.0,53.69607884272015,0.46851092991706417,9.89699098333387,501696.0,5.180758017492711,4.355685131195335,0.0024054603099048877,14.274589284506765,14.348991618246792,7.8,64.3483709273183,2.994169096209913,10.463659147869674,0.07654037504783774,0.4868804664723032,298.34693877551024,146.42565597667638,0.7494458974518659,14.615952632066216,13.620954463501977,0.009353792324528598,0.01341878781212813,0.011386290068329252,0.024690886640348353,0.009338344817171773,0.003212150520685242
AO,2018,0,NW,Valle D'Aosta,007,7.124869016076789,7.414918282898873,7.26989364948783,820632.0,51.10011064562193,0.4341847687317364,9.89722189203705,501696.0,5.322726873921563,4.2611060743427025,0.003104789868039834,14.290499049859632,14.371974526989852,7.0,71.21019108280254,3.269675079694674,16.878980891719745,0.09567546880979717,0.7750124294446232,282.34433948468984,139.67771181235926,0.809424983471262,14.609780537731917,13.617830054086594,-0.003378024298614335,-0.003075272187808231,-0.0032266482432126153,0.022982908743060193,0.00023090870318043244,-0.003124409415383056
AO,2019,0,NW,Valle D'Aosta,007,7.122257569471661,7.41325593345816,7.267756751464911,820056.0,49.94602068395542,0.41785163841050726,9.912726420018304,501696.0,5.660101261377272,4.782112441101583,0.002569547895096984,14.298731536878895,14.390855927691584,6.5,68.9908256880734,3.3012379642365883,18.960244648318042,0.11959433601224645,0.9072551142848782,242.2283356258597,121.64535104919666,0.8250791761485946,14.631583527526258,13.617127909591524,-0.0026114466051279095,-0.0016623494407133066,-0.0021368980229192758,0.01888140070173172,0.015504527981253347,-0.0007021444950705558
AO,2020,1,NW,Valle D'Aosta,007,7.115493647297704,7.408875972796227,7.262184810046965,813984.0,47.110064130126524,0.38382475367993485,9.924787073815338,501696.0,5.7642410661634615,4.729331289067106,0.0030513910163237293,14.30301397945595,14.405554007743989,5.900000000000001,66.6272888363851,3.3258638990446987,19.432959243945657,0.1291618828932262,0.9700436372213704,138.98455006486614,51.807406533789354,0.7325735989036165,14.491113229758247,13.60969598877184,-0.006763922173957049,-0.0043799606619332465,-0.005571941417946036,0.014698080052404805,0.012060653797034249,-0.007431920819684024
AO,2021,1,NW,Valle D'Aosta,007,7.104503848147007,7.4023499863915125,7.253426917269259,804552.0,46.32649619151251,0.39301777294160317,9.90426079445939,501696.0,5.268024938102198,4.626674223667333,0.0019131662274702893,14.21015037091353,14.328341310116052,7.3,66.84587813620072,3.338006741640067,19.65352449223417,0.12437810945273632,0.9814157444142827,154.21054201592938,59.97374936610685,0.7493863866823635,14.452257213884272,13.598040879745868,-0.010989799150697088,-0.006525986404714246,-0.008757892777706111,-0.07721269762793703,-0.020526279355948418,-0.011655109025971555
AO,2022,1,NW,Valle D'Aosta,007,7.099439278271806,7.406256240901267,7.252847759586536,797352.0,45.5703267023321,0.38255509963815165,9.93435441998989,501696.0,5.583481323179726,4.882159949432622,0.0021109513702769274,14.295695409344063,14.426637919319788,5.400000000000001,63.90274314214464,3.085212051891762,22.194513715710723,0.13872942977420588,1.0715468199741143,298.05255395358637,145.58287933058423,0.879107784879802,14.588913808049881,13.589051516481746,-0.005064569875201208,0.003906254509754348,-0.0005791576827229861,0.09829660920373584,0.0300936255305011,-0.008989363264122474
AO,2023,1,NW,Valle D'Aosta,007,7.097998567401462,7.416431084106787,7.257214825754125,795696.0,46.15173037343707,0.39380816985299666,9.984300753340596,501696.0,6.43964529166918,4.801833866200156,0.004940011538484115,14.34278104256982,14.507693573866824,4.0,63.90274314214464,3.0916329854617843,22.194513715710723,0.13872942977420588,1.0737769198286782,342.4835615611992,173.38179405199972,0.9024805631400318,14.645884731497906,13.586972482332756,-0.0014407108703435867,0.010174843205519757,0.004367066167588973,0.08105565454703623,0.04994633335070553,-0.002079034148989578
AO,2024,1,NW,Valle D'Aosta,007,7.09233502352424,7.41977248340644,7.25605375346534,794352.0,48.22634662688879,0.42620176275270544,10.054418402522614,501696.0,6.810079158861562,5.196688621668983,0.0048745861900797004,14.352490699316045,14.577531396238825,3.9,54.5002760905577,2.9820532962716784,33.13086692435119,0.18178339073861463,1.812798356396157,359.14556770801863,190.9511148709892,0.9848078234242014,14.657415865352215,13.585281966926834,-0.0056635438772225655,0.0033413992996536024,-0.0011610722887844815,0.06983782237200131,0.07011764918201813,-0.0016905154059223548
AP,2015,0,C,Marche,044,6.956488456250105,7.247845493289186,7.102166974769646,3470172.0,45.33060119894768,0.23648236799355962,9.617521671205004,1903185.0,25.2744313617944,20.808539120404127,0.061122952983652806,14.253485175775596,14.307685758791632,11.2,44.329428554424084,5.576877623377226,7.485094018609005,0.06566558367095468,1.1070346111531273,168.55832858314005,21.0282941135976,0.2999426321945004,14.516004187167162,15.059714718417945,-0.05988296419489547,-0.03611371844181388,-0.047998341318354676,0.008971144354820382,0.009921937694258531,-0.001830221791470521
AP,2016,0,C,Marche,044,6.93942203489338,7.231253253974217,7.085337644433799,3455649.0,45.15627188138395,0.21333925258606376,9.637406151923003,1903185.0,24.126635515576098,20.878632185385683,0.04466509035478654,14.262302861817254,14.324300731606444,14.8,42.03434499896444,5.5114429700579635,7.7280789522147195,0.08323293273881913,1.2465434994625604,165.19166470374546,20.120806354717057,0.31415191161151224,14.57109013709187,15.055520841248264,-0.017066421356724426,-0.016592239314968893,-0.016829330335847104,0.01661497281481239,0.019884480717998088,-0.00419387716968167
AP,2017,0,C,Marche,044,6.971437573583942,7.267031678801947,7.119234626192945,3362340.0,46.61070866858987,0.2540126102737809,9.670710957315713,1850373.0,23.566981439355093,19.548137030254356,0.04859833192084779,14.274589284506764,14.348991618246794,14.5,40.847449371098875,5.671197827802003,7.234807758919884,0.06410177859971485,1.2930671421831783,157.90543472681975,18.241341028796107,0.2261003289309992,14.615952632066215,15.028147718116971,0.03201553869056184,0.03577842482772997,0.03389698175914635,0.02469088664035013,0.03330480539271008,-0.027373123131292587
AP,2018,0,C,Marche,044,6.9633494609747535,7.257796594418343,7.110573027696548,3348996.0,45.86446948728184,0.2641504477280837,9.669225900195656,1850373.0,23.424762388440136,18.832343719748142,0.05584602705580532,14.290499049859632,14.371974526989852,9.4,38.86420713375044,5.566704118093759,2.229994723449405,0.11798401550754875,0.39328914614130805,170.98468470604402,20.716320578830743,0.2516608087879589,14.609780537731917,15.024171157389244,-0.008088112609188514,-0.00923508438360443,-0.00866159849639736,0.022982908743058417,-0.0014850571200568652,-0.003976560727727119
AP,2019,0,C,Marche,044,6.956676661382691,7.251328945207495,7.104002803295093,3332319.0,46.521314937064986,0.24149468900543813,9.700082340870063,1850373.0,22.139972605944482,19.31050120340872,0.03423330793965971,14.298731536878893,14.390855927691584,10.4,40.14706912744381,5.643965092031689,2.943101007216127,0.21253852762857986,0.6892800614673287,184.04739550863496,20.634960626718698,0.31149550092256817,14.631583527526258,15.019179015981571,-0.006672799592062795,-0.006467649210847526,-0.006570224401454716,0.01888140070173172,0.030856440674407182,-0.00499214140767279
AP,2020,1,C,Marche,044,6.950208478264441,7.245929408992067,7.098068943628253,3317148.0,46.520653579871244,0.25688316965989294,9.718996611468729,1850373.0,24.590374554379444,21.750720866708498,0.03433936612916378,14.303013979455951,14.405554007743989,10.8,39.99555382146491,5.4821402665896946,4.597445038694613,0.4220045286868378,1.2917327699101768,126.72936755000894,7.856557031627614,0.22308665338211606,14.491113229758245,15.014615935565102,-0.006468183118249371,-0.005399536215428213,-0.00593385966683968,0.014698080052404805,0.018914270598665794,-0.004563080416469134
AP,2021,1,C,Marche,044,6.949706809742329,7.247189210485512,7.098448010113921,3273066.0,45.702439844863065,0.24212290400750114,9.711775145735796,1850373.0,20.513143151044712,20.098561731570967,0.005059865426464684,14.210150370913528,14.328341310116052,8.5,43.730553683102706,5.373624400546568,23.646073791231288,0.10628402519851515,1.8652016712588584,155.39819917101372,11.975539510521116,0.3884700064267902,14.452257213884272,15.001237718266259,-0.0005016685221121975,0.0012598014934450674,0.00037906648566732315,-0.07721269762793703,-0.007221465732932586,-0.013378217298843254
AP,2022,1,C,Marche,044,6.964779515214871,7.265346239304324,7.1150628772595965,3258552.0,47.75755263598897,0.2743426155381647,9.755359132482537,1850373.0,25.261986830107222,19.87955940358301,0.06551612479907415,14.295695409344063,14.426637919319788,7.0,42.37576741227607,5.549320772458487,21.29091407504966,0.11737378222021823,1.7816687472718882,187.0311669751547,19.388478171162767,0.4276020895886469,14.58891380804988,14.996793482890245,0.015072705472541692,0.01815702881881176,0.016614867145675838,0.09829660920373584,0.04358398674674113,-0.004444235376013239
AP,2023,1,C,Marche,044,6.982593216167599,7.285095964127017,7.133844590147308,3246687.0,47.276992635012206,0.26656745103836976,9.806503488984955,1850373.0,28.055777408129455,21.76071377915858,0.07635408116195552,14.342781042569822,14.507693573866822,4.3,40.407885417757406,5.488290848853151,22.997650678055177,0.1439277992935667,1.9109680149382027,188.72029220742496,25.36108671475833,0.5246818438675178,14.645884731497906,14.993145649764672,0.017813700952728162,0.019749724822693437,0.018781712887711244,0.08105565454703445,0.051144356502417665,-0.00364783312557293
AP,2024,1,C,Marche,044,7.000355857739178,7.3036544626987485,7.152005160218963,3239226.0,47.41762470722174,0.26037142049121487,9.879708705178738,1850373.0,28.86370205945223,21.920811564070476,0.08482170326431823,14.352490699316045,14.577531396238825,3.7,37.575111020479746,5.381980086794958,22.395210733748545,0.16768058334280792,2.0471744992317946,188.4471972916669,25.304362713047833,0.543183040169017,14.657415865352217,14.990844970341128,0.017762641571579252,0.018558498571731086,0.018160570071655613,0.06983782237200309,0.07320521619378262,-0.002300679423544949
AQ,2015,0,S,Abruzzo,066,6.540124782546514,6.90641988436909,6.723272333457802,2216133.0,46.15271404514641,0.2400193872183312,9.58114280795453,1483929.0,42.84487906007414,40.862314562879014,0.028245679114693042,14.253485175775596,14.30768575879163,14.6,57.45236486623554,2.221795434706197,9.56259708686889,0.029112529649052313,0.4333343993447387,68.16859471638442,6.214664145938535,0.03901379734580122,14.51600418716716,14.611274343098842,-0.04803648760791823,-0.05146268405439347,-0.04974958583115541,0.008971144354820382,0.006881523473897033,-0.002228428244752223
AQ,2016,0,S,Abruzzo,066,6.503758685626081,6.86792684854377,6.685842767084925,2206158.0,45.124416085303345,0.22505785673004416,9.599810077536986,1483929.0,39.91027907005195,40.53678332820336,-0.008933986633858264,14.262302861817254,14.324300731606444,11.699999999999998,50.730179476652836,2.1229701983751186,12.079740342110206,0.02573285991879264,0.3367633792390447,65.00723265921123,5.924871731642618,-0.013156075872934644,14.57109013709187,14.606763099077572,-0.03636609692043358,-0.03849303582531949,-0.03742956637287698,0.016614972814814166,0.01866726958245657,-0.004511244021269789
AQ,2017,0,S,Abruzzo,066,6.473019609575739,6.836120745954997,6.654570177765368,2199798.0,46.44698920948556,0.23793416465969167,9.61550430715572,1483929.0,44.12747425300708,40.968504330937655,0.04514028225163957,14.274589284506765,14.348991618246792,12.300000000000002,47.786633963370015,2.1242882648384214,12.427991197718443,0.026857081957142103,0.34118011241276575,67.71282291875669,6.27402607852311,-0.029148449807206905,14.615952632066216,14.603876095931179,-0.03073907605034165,-0.03180610258877348,-0.03127258931955712,0.024690886640348353,0.01569422961873279,-0.002887003146392786
AQ,2018,0,S,Abruzzo,066,6.445557463417725,6.806728801880863,6.626143132649293,2330108.0,44.611137786329714,0.2223398311785905,9.6255368916874,1595117.0,45.28820355312783,39.600532289609205,0.08147633102003217,14.290499049859633,14.371974526989854,9.8,44.16824958939136,2.0257344605211483,14.99200550650045,0.03210099718468697,0.3773746344445558,81.86257558831934,7.179739731403827,0.03115696749838641,14.609780537731917,14.661425176398996,-0.027462146158014455,-0.029391944074133924,-0.028427045116075078,0.02298290874306197,0.010032584531680655,0.05754908046781715
AQ,2019,0,S,Abruzzo,066,6.41321062773338,6.775207730730036,6.594209179231708,2322812.0,46.595439526345515,0.2500891421938898,9.653567170822596,1595117.0,43.54924971725714,39.49725063821912,0.058323502541825986,14.298731536878892,14.390855927691584,9.4,42.03916080842879,2.0279901843848407,16.700628670938862,0.03542171632074268,0.3898335822340985,91.49934100909603,8.111719763042593,0.054135466757355186,14.631583527526256,14.658289078645437,-0.03234683568434438,-0.03152107115082714,-0.031933953417585315,0.018881400701729945,0.028030279135196068,-0.003136097753559497
AQ,2020,1,S,Abruzzo,066,6.392819122761557,6.755713574412157,6.574266348586856,2312599.0,45.33742507764231,0.22937121267069768,9.669110544822361,1595117.0,44.345049799272545,43.72573298762232,0.008996662295937439,14.30301397945595,14.405554007743989,8.2,41.5450000858414,2.047948577719006,17.3988870210366,0.036086344726487106,0.38550455508223197,60.37011877468928,2.51638469461959,-0.0028025556824668846,14.491113229758247,14.653882558263172,-0.020391504971823515,-0.01949415631787854,-0.019942830644851917,0.014698080052404805,0.015543373999765464,-0.004406520382264745
AQ,2021,1,S,Abruzzo,066,6.393677876822621,6.7522613102392555,6.57296959353094,2255198.0,47.1731832620887,0.26547162122299767,9.668066133466752,1572005.0,37.3130524629069,35.41103779463278,0.026606910442244353,14.210150370913528,14.328341310116052,9.5,45.3926097679443,2.253841716607443,13.121718612497634,0.03696970998976253,0.4117379043177721,76.57002007934183,4.423787369445274,0.07939180084619775,14.452257213884272,14.628748331942342,0.0008587540610642819,-0.0034522641729015646,-0.001296755055916421,-0.07721269762793703,-0.0010444113556093981,-0.025134226320830066
AQ,2022,1,S,Abruzzo,066,6.396196388540219,6.755701809072528,6.575949098806373,2244654.0,46.783726377012314,0.2514020231747897,9.71859428868744,1572005.0,44.683885550083644,38.26831508067617,0.09033527287113198,14.295695409344065,14.426637919319788,9.2,44.35361217924899,2.2628529284997017,14.418157358667795,0.04132816864531192,0.4314772809423512,107.50574690424094,8.39892183446386,0.13971200104688358,14.588913808049881,14.624061947013482,0.002518511717598315,0.003440498833272798,0.0029795052754337803,0.09829660920373584,0.050528155220687765,-0.004686384928859866
AQ,2023,1,S,Abruzzo,066,6.38693233483652,6.756380359727795,6.571656347282158,2242072.0,45.3876794313853,0.2298086911167955,9.782436359741775,1572005.0,51.52315680959808,40.91850047303184,0.15022177488000207,14.342781042569822,14.507693573866822,9.2,42.913098818349724,2.2658704118500954,17.530824532983555,0.049589296323050605,0.463422142089498,122.02347040455413,9.75815253061276,0.20832149218928003,14.645884731497905,14.622910996282357,-0.009264053703699204,0.0006785506552668963,-0.00429275152421571,0.08105565454703445,0.06384207105433504,-0.0011509507311249223
AQ,2024,1,S,Abruzzo,066,6.3420628130732855,6.722961388292704,6.532512100682996,2208855.0,47.48946693579489,0.2535656985062716,9.852099772388476,1542341.0,48.916463632407826,35.916889413479524,0.17264025231465302,14.352490699316043,14.577531396238825,6.1000000000000005,37.71804540945047,2.25991299280532,19.285109117370972,0.0633536306874937,0.5560423869209977,134.30232713748092,11.561996229245722,0.2719664834764366,14.657415865352213,14.607984839686479,-0.044869521763234665,-0.03341897143509076,-0.039144246599161825,0.06983782237200309,0.06966341264670106,-0.014926156595878481
AR,2015,0,C,Toscana,051,7.034961646277269,7.301414028022917,7.168187837150094,3792519.0,46.03271935995887,0.2557438779597369,9.737231324080927,1965458.0,42.7240047162034,32.97300022135304,0.11084473429873185,14.253485175775596,14.307685758791633,10.3,34.84849623021523,2.203000337146149,17.909670455606815,0.18506628644543685,1.3844054623511508,126.68686974290966,57.79166560745488,0.6377289608781509,14.51600418716716,15.148541000080211,-0.01952801399608539,-0.020236929787391666,-0.019882471891737197,0.00897114435482571,0.014541367043305442,-0.018786598156735224
AR,2016,0,C,Toscana,051,7.02568353788592,7.288551371556042,7.157117454720981,3778219.0,45.14877822884859,0.2249447439070771,9.754820081544926,1965458.0,41.97849231330743,33.568950984260674,0.0962769746933539,14.262302861817252,14.324300731606444,9.2,34.583076185191885,2.300822548704112,18.36477970980198,0.19992319081236998,1.4353843834639026,126.29007185750984,57.96493740536234,0.6537014836796586,14.571090137091872,15.144763292541962,-0.009278108391349349,-0.012862656466874789,-0.011070382429112513,0.016614972814810613,0.017588757463999016,-0.003777707538249686
AR,2017,0,C,Toscana,051,7.010850869123551,7.274018580193667,7.14243472465861,3767180.0,45.768940583026804,0.23082277950180327,9.766369228903633,1965458.0,42.784812391577965,34.50192250024268,0.09502604605582997,14.274589284506765,14.348991618246792,9.7,33.82681114218552,2.267873722632579,18.857496238103586,0.2088314343013563,1.5186011549793492,141.92140045834495,67.29579776046704,0.6626865757166881,14.615952632066213,15.14183726891459,-0.014832668762368328,-0.01453279136237473,-0.014682730062371085,0.024690886640348353,0.011549147358707046,-0.0029260236273707108
AR,2018,0,C,Toscana,051,6.999748563355216,7.26932541519619,7.134536989275702,3778418.0,46.637262861822585,0.23133104846677896,9.77201584785623,1979242.0,46.285168960133575,33.78245484379648,0.14316433698698827,14.290499049859632,14.371974526989852,9.3,31.406687807511243,2.2593507435485223,19.302064760619302,0.2310843238095182,1.5565405487306232,152.16359849369653,71.35045691328365,0.6887951368067473,14.609780537731918,15.144815961473933,-0.011102305768335263,-0.004693164997477517,-0.007897735382908166,0.022982908743060193,0.005646618952596327,0.002978692559342022
AR,2019,0,C,Toscana,051,6.990614054558408,7.26441248817579,7.127513271367098,3766623.0,46.4847707089806,0.2713152480396638,9.794468663468509,1979242.0,46.935544074486394,34.14046510910949,0.14672810345124015,14.298731536878893,14.390855927691584,7.400000000000001,30.73257598213512,2.2532479421292186,18.351461714767012,0.24026651089794054,1.5913027509221398,162.12351199968344,74.9877033127596,0.7130277529921284,14.63158352752626,15.141689402026907,-0.009134508796807772,-0.004912927020400026,-0.007023717908603899,0.01888140070173172,0.02245281561227941,-0.0031265594470255564
AR,2020,1,C,Toscana,051,6.988631018517144,7.2596043908683425,7.124117704692742,3757687.0,46.27329735720798,0.23877134881060233,9.809745290607854,1979242.0,49.74074363023967,40.16349560061187,0.11026425616064957,14.303013979455951,14.405554007743989,7.599999999999999,29.00145031765332,2.1550967012900415,18.87923359717589,0.24930171882637925,1.6051968108959007,76.13094643594832,16.152271707443138,0.5637174973841947,14.491113229758245,15.139314166503326,-0.0019830360412642634,-0.0048080973074471345,-0.003395566674355699,0.014698080052404805,0.015276627139344967,-0.0023752355235817646
AR,2021,1,C,Toscana,051,6.992241491878744,7.2587045807078345,7.125473036293289,3731634.0,47.37494485513152,0.2861636134272045,9.788833539119036,1979242.0,42.388334307168265,35.77779357739005,0.0771979930772231,14.210150370913528,14.328341310116052,7.099999999999999,28.89341103173884,2.1882138075317745,19.07027471447837,0.2615401641210349,1.694600172167503,117.3344897178805,34.05323532729677,0.6494543637723295,14.452257213884273,15.132356765400573,0.0036104733615998086,-0.0008998101605079967,0.00135533160054635,-0.07721269762793703,-0.020911751488817742,-0.006957401102752669
AR,2022,1,C,Toscana,051,7.0058473652716815,7.267785020905413,7.136816193088547,3711942.0,47.509470647361205,0.2650700070766048,9.83655916264107,1979242.0,48.02581659489911,35.68866686734424,0.14447312758784406,14.295695409344063,14.426637919319788,5.3,28.388730793247046,2.200051667723373,19.234810418013392,0.27796891798596884,1.7399552656303203,164.17687736603244,66.3664403109972,0.729833383638731,14.588913808049883,15.127065747766157,0.013605873392937617,0.00908044019757881,0.011343156795258658,0.09829660920373584,0.0477256235220338,-0.005291017634416306
AR,2023,1,C,Toscana,051,7.014734516344287,7.277907814359233,7.14632116535176,3704002.0,47.58211023047225,0.26033046513413105,9.887880675921647,1979242.0,54.16841029935951,38.64496809240719,0.18240100562919223,14.34278104256982,14.507693573866824,5.3,27.889965319193767,2.1809359736998557,20.91632744143948,0.3105362298623791,2.127113368331914,189.24838134487544,84.7756087258617,0.7737953690738528,14.645884731497906,15.124924414704864,0.008887151072605626,0.010122793453819945,0.009504972263212785,0.08105565454703623,0.05132151328057688,-0.002141333061292272
AR,2024,1,C,Toscana,051,7.019231775077994,7.277477827053619,7.148354801065806,4093377.0,47.53167274600299,0.2757701675806967,9.962306216024624,2188371.0,50.882270039016525,34.50766782457853,0.18961477443746835,14.352490699316043,14.577531396238824,4.2,26.4414650485669,2.266418469491271,21.787006648775357,0.3609368635353985,2.1170459933632206,194.5582919825895,91.57478892649691,0.8050942246577804,14.657415865352215,15.224880859710703,0.004497258733707099,-0.00042998730561460974,0.0020336357140458006,0.06983782237199954,0.0744255401029772,0.099956445005839
AT,2015,0,NW,Piemonte,005,6.579595609465497,6.960836148653128,6.770215879059313,1600166.0,45.94846739889146,0.2545785094413764,9.727714308732137,897153.0,35.83298858838426,34.81221546546872,0.013380639180160244,14.253485175775596,14.307685758791632,9.5,38.097333782916635,1.0877969970671153,16.799052513733265,0.07401901553243496,0.47833704593315146,49.59583223662492,21.859430161831288,0.30506801101253034,14.516004187167159,14.28561793182835,-0.13305717840641496,-0.1350567196368484,-0.13405694902163212,0.008971144354823934,0.014558631475219741,-0.0015910683744149168
AT,2016,0,NW,Piemonte,005,6.493767930619616,6.876208723053498,6.6849883268365575,1588040.0,46.33253327992292,0.2524227468308138,9.741958116244392,897153.0,36.33396027258889,34.512879980180934,0.024134598329519412,14.262302861817254,14.324300731606444,7.3,36.48636351230823,1.0545108991342909,20.268250959087684,0.09300567284770572,0.643415808313279,60.301791506471886,25.212605679515157,0.324966571634277,14.57109013709187,14.27801110938886,-0.08582767884588094,-0.08462742559962955,-0.08522755222275524,0.01661497281481239,0.014243807512254847,-0.0076068224394898465
AT,2017,0,NW,Piemonte,005,6.4664422385896305,6.849355534903362,6.657898886746497,1587767.0,46.24480946738219,0.24563717982495153,9.7564234845766,897153.0,42.92837272092995,33.48687876630384,0.12651667724784463,14.274589284506764,14.348991618246792,9.2,36.123059799543796,1.0622496796842986,19.63163014362622,0.09620492792901034,0.6371344831250989,64.54899891180996,28.84607455356321,0.33911296755210507,14.615952632066215,14.277839184583181,-0.027325692029985582,-0.026853188150136376,-0.027089440090060535,0.024690886640348353,0.014465368332206907,-0.00017192480567906898
AT,2018,0,NW,Piemonte,005,6.474624869068003,6.858645188477248,6.6666350287726255,1663412.0,46.878978339040856,0.258213347142958,9.763798470034839,939662.0,45.002909838333785,34.681854140782804,0.13844789446903685,14.290499049859632,14.371974526989852,8.4,35.29963073945584,1.0643504893584008,10.864825793604725,0.04234938823808476,0.3788798579225577,67.25860464398217,29.269826795010143,0.22057257094890212,14.609780537731918,14.324381472530415,0.00818263047837231,0.009289653573886447,0.00873614202612849,0.022982908743060193,0.007374985458239891,0.046542287947234584
AT,2019,0,NW,Piemonte,005,6.451610824416062,6.838177497855702,6.644894161135882,1658947.0,46.01780169572052,0.2702130467227311,9.792754446849656,939662.0,41.47579885453869,34.12269461369171,0.09906020545419364,14.298731536878893,14.390855927691584,5.6,36.103095624156744,0.9700595532620858,11.397636601690989,0.04031938993505936,0.40043506612889085,68.06062808056645,29.592452223378505,0.20841224217450915,14.631583527526258,14.321693621706268,-0.02301404465194068,-0.020467690621545742,-0.02174086763674321,0.01888140070173172,0.02895597681481732,-0.00268785082414702
AT,2020,1,NW,Piemonte,005,6.428111631288501,6.8167370986910605,6.622424364989781,1648920.0,47.05912620620524,0.2704506587564488,9.809523459644549,939662.0,41.10796642992347,36.41970073470126,0.06343758139814933,14.303013979455951,14.405554007743989,7.2,37.734238323953086,1.0492173758179901,10.595421234312244,0.03607972533205602,0.3769920746546929,27.569358761375035,8.216773146654445,0.008550764729789344,14.491113229758247,14.31563108611382,-0.023499193127561213,-0.02144039916464191,-0.022469796146101118,0.014698080052404805,0.01676901279489229,-0.006062535592448626
AT,2021,1,NW,Piemonte,005,6.417134739963501,6.799059058084747,6.608096899024125,1629481.0,46.25983196219524,0.24731558696791553,9.79949976124538,939662.0,37.52081619937685,32.33501233442233,0.07036101084779915,14.210150370913528,14.328341310116052,7.4,35.561948442782715,0.9315649825013957,21.878505693782824,0.09289317066025837,0.6663609301861408,59.617614698872984,20.89110234539711,0.3281075212998383,14.452257213884272,14.303772117173365,-0.010976891324999904,-0.01767804060631306,-0.014327465965656039,-0.07721269762793703,-0.010023698399168168,-0.011858968940455128
AT,2022,1,NW,Piemonte,005,6.393509811230902,6.780511990187704,6.587010900709303,1622249.0,47.645255061632916,0.24882389797948257,9.839280549532402,939662.0,42.832920830361665,33.53646606690289,0.12695616456443257,14.295695409344065,14.426637919319788,7.9,34.89387984014633,1.0496144510123189,23.896147918728982,0.11533426182217317,0.8165493834147559,75.38074935666144,33.46562822781135,0.4212976286718992,14.588913808049881,14.299324016055424,-0.023624928732599138,-0.018547067897043412,-0.021085998314822163,0.09829660920373584,0.03978078828702181,-0.004448101117940695
AT,2023,1,NW,Piemonte,005,6.368306504520042,6.754456395579621,6.561381450049831,1620303.0,47.402080279373415,0.2724641834421395,9.88452042731459,939662.0,52.22674525697813,35.22799651572722,0.2329232297785789,14.342781042569822,14.507693573866824,6.9,28.680139798290227,0.8774773495628193,25.780373837652395,0.13063813275821345,0.882614612147862,87.05645671288063,39.09673618528011,0.4208904743315191,14.645884731497906,14.298123726756359,-0.025203306710859685,-0.026055594608083155,-0.025629450659471864,0.08105565454703623,0.045239877782186966,-0.0012002892990654601
AT,2024,1,NW,Piemonte,005,6.367250910389511,6.749172779022388,6.558211844705949,1614365.0,47.94899349206493,0.2893425599259938,9.954809313604358,939662.0,51.35160784029941,36.77912292084936,0.1997606578422287,14.352490699316045,14.577531396238825,6.4,31.696473264055115,1.0087788672804885,25.446563462861537,0.14995563117405947,1.0191239140212132,91.5316278670683,43.74965439634325,0.4622304523818234,14.657415865352215,14.294452248465399,-0.0010555941305314676,-0.005283616557233195,-0.0031696053438823313,0.06983782237200131,0.07028888628976837,-0.0036714782909594845
AV,2015,0,S,Campania,064,6.683032612046857,6.840035537729294,6.761534074888076,5867298.0,41.422463310964034,0.18279832661638193,9.448742313091026,2918766.0,46.63283764990338,52.69372906906828,-0.07788309626396044,14.253485175775594,14.307685758791632,16.5,61.11561436730951,0.9422846141852477,9.336381652940723,0.020635335836403867,0.10071329289478574,16.383798128808888,2.226101105904801,-0.30081828113320164,14.51600418716716,15.584904779186703,-0.025838536543075996,-0.02355491834274126,-0.024696727442908184,0.008971144354822158,0.005526891598453432,-0.005015609670513399
AV,2016,0,S,Campania,064,6.640963609499159,6.816145019078986,6.728554314289074,5831010.0,41.33703405241805,0.18785705570516248,9.459867880030655,2918766.0,46.834783795181714,52.964991098215975,-0.07925152263151611,14.262302861817254,14.324300731606444,14.599999999999998,56.62994068380428,0.8838605102657371,13.411696922958688,0.024807855745006678,0.13473234656871988,16.762866216362475,2.213193090097153,-0.30896431090898185,14.57109013709187,15.578700785174526,-0.04206900254769774,-0.023890518650308223,-0.03297976059900254,0.01661497281481239,0.011125566939629294,-0.00620399401217675
AV,2017,0,S,Campania,064,6.638822450430958,6.8214294759461565,6.7301259631885575,5808480.0,42.35562512592722,0.2033441423806311,9.471968578037442,2918766.0,53.58389684279737,54.87959059139419,-0.01683740768387933,14.274589284506764,14.348991618246792,15.099999999999998,55.827812974416354,0.8764028617079396,12.349901088443097,0.02309949285185167,0.12412676303959046,20.20306871924002,2.9157260761966386,-0.28366889219971014,14.615952632066215,15.574829476699989,-0.002141159068201226,0.005284456867170384,0.0015716488994836908,0.024690886640348353,0.012100698006786814,-0.003871308474536761
AV,2018,0,S,Campania,064,6.63693595515959,6.8219110111781065,6.729423483168848,5785350.0,42.81476804833334,0.20285445834340213,9.471019419872485,2918766.0,56.5321120361086,53.187716593226774,0.04367315282941695,14.290499049859632,14.37197452698985,15.3,53.92168196540225,0.8846000934973796,8.805682323330997,0.026991931848500232,0.1394556476646222,29.149216293573097,4.547131711000901,-0.24624956150717162,14.609780537731918,15.570839418076242,-0.0018864952713677496,0.00048153523195004766,-0.0007024800197097392,0.022982908743058417,-0.000949158164956998,-0.003990058623747572
AV,2019,0,S,Campania,064,6.634879423209212,6.820243979446912,6.727561701328061,5736618.0,42.76615390779926,0.19240714085927899,9.490125535038226,2918766.0,47.990342193002206,54.80124590225274,-0.08940045868315351,14.298731536878895,14.390855927691584,14.5,52.92318431690549,0.8871970193331689,8.933247566746736,0.027578902983897646,0.14045841840610385,31.502666780223425,5.697714747867713,-0.2234924974265146,14.631583527526258,15.562380396043768,-0.0020565319503775825,-0.001667031731194868,-0.0018617818407866693,0.018881400701733497,0.01910611516574079,-0.00845902203247384
AV,2020,1,S,Campania,064,6.622422724024836,6.812529736701281,6.717476230363059,5697750.0,43.0498712288792,0.19672556111430567,9.504720502274129,2918766.0,49.90809495797846,63.98193753090217,-0.18666066965693304,14.303013979455951,14.405554007743989,14.099999999999998,53.00412488053273,0.8936292960840232,9.04385284808071,0.028152609991728746,0.144269723345686,19.57341196455518,1.0580954441697255,-0.23342256974756093,14.491113229758247,15.555581918033578,-0.012456699184376419,-0.007714242745630706,-0.01008547096500223,0.014698080052404805,0.0145949672359027,-0.006798478010189513
AV,2021,1,S,Campania,064,6.616163740429306,6.807712636791125,6.711938188610215,5622438.0,42.789618715440376,0.1859304659773027,9.496994745072097,2918766.0,45.85542036114708,56.22496040395202,-0.14042897911673738,14.210150370913528,14.328341310116052,14.5,53.045799586301584,0.9175214952564928,9.353778533511196,0.029608122259271306,0.15040034965155433,25.663997659353594,1.4338516236900984,-0.2037979572724914,14.452257213884272,15.542275935631643,-0.006258983595530232,-0.004817099910155775,-0.005538041752843448,-0.07721269762793703,-0.007725757202031502,-0.013305982401934813
AV,2022,1,S,Campania,064,6.6041068468861495,6.796780781965189,6.700443814425668,5606472.0,43.44770193728459,0.20476971138699943,9.559132685541313,2918766.0,57.26313529951763,58.869582110959385,-0.021778824314039436,14.295695409344063,14.426637919319788,14.0,53.175897381758034,0.9220742980607882,9.575169002229789,0.029088944005718962,0.1431272530945428,31.44068393023617,3.350044921334162,-0.18181313192007492,14.588913808049881,15.539432202667445,-0.0120568935431562,-0.010931854825936504,-0.01149437418454724,0.09829660920373584,0.06213794046921528,-0.0028437329641981535
AV,2023,1,S,Campania,064,6.588659802438874,6.782162348896578,6.685411075667726,5576064.0,43.379683129132744,0.20388402733900293,9.625855083999722,2918766.0,61.23879907901683,62.80816240888363,-0.02135420604485872,14.342781042569822,14.507693573866826,14.099999999999998,55.26137200816193,0.9191140932301182,7.7719327151353985,0.023912133967317645,0.10199034996058641,29.870720446225857,2.9754461494395916,-0.2244486442702725,14.645884731497906,15.533993709118464,-0.015447044447275182,-0.01461843306861077,-0.015032738757942532,0.081055654547038,0.06672239845840977,-0.0054384935489810715
AV,2024,1,S,Campania,064,6.578994501703363,6.774075003509101,6.676534752606232,5562612.0,44.173334617232044,0.21723264678043241,9.70750358040834,2918766.0,66.57359337425808,61.81272247011145,0.06481989549398928,14.352490699316045,14.577531396238824,8.7,50.72321642877814,0.9217694750496845,9.917800174845038,0.03378600627501743,0.16356075395696773,37.14226131669915,4.537352667391449,-0.11747464756184385,14.657415865352215,15.53157834008539,-0.009665300735511195,-0.008087345387476574,-0.008876323061493885,0.06983782237199776,0.08164849640861682,-0.002415369033073489
BA,2015,0,S,Puglia,072,6.915765522119348,7.2247456677747,7.0702555949470245,12646329.0,43.932451498849154,0.24255959780537917,9.468154161605382,6508440.0,42.7552903557232,45.395098359275934,-0.017622336059374123,14.253485175775596,14.307685758791632,20.7,42.01619697159049,1.354061675850775,7.989389475307482,0.02963923748117971,0.22975834949494803,74.86099516313558,23.98095116273605,-0.06904534701675595,14.51600418716716,16.352877533393865,-0.003729623648461633,-0.009428428031169389,-0.006579025839814179,0.008971144354823934,0.009072600123960939,0.00417385973540263
BA,2016,0,S,Puglia,072,6.91796493073733,7.2246424668662,7.071303698801765,12930235.0,42.894296061629696,0.22280959387174853,9.484378481961684,6671694.0,44.291290121135944,44.57951977485267,-0.001929738680758973,14.262302861817252,14.324300731606444,18.5,41.408100177831706,1.5034108545031484,9.609800184353853,0.05310981559287351,0.3389174359754646,82.54737702997512,27.395239304708745,-0.002483669240188915,14.571090137091872,16.375078925370197,0.0021994086179821792,-0.0001032009084998009,0.001048103854740745,0.01661497281481239,0.016224320356302613,0.02220139197633131
BA,2017,0,S,Puglia,072,6.912096579128418,7.217049565680219,7.064573072404319,12978824.0,42.85513302328344,0.20995188112914767,9.508401511865861,6721865.0,41.194571152147695,46.29407395708777,-0.03424583403070676,14.274589284506762,14.34899161824679,17.3,40.65423758305973,1.6027379505354407,12.332962038572253,0.07227079137204016,0.42298340951242686,93.74996051242528,32.03231808328787,0.04928315137599149,14.615952632066213,16.378829664211207,-0.005868351608912192,-0.007592901185980772,-0.006730626397446038,0.024690886640346577,0.024023029904176596,0.0037507388410098486
BA,2018,0,S,Puglia,072,6.906884924713981,7.211221407745871,7.059053166229925,12940001.0,44.916699614995274,0.222716961238745,9.509527811285261,6724927.0,47.79737603939881,48.45894812642626,-0.00447541685106863,14.290499049859632,14.371974526989852,14.2,38.28163485572643,1.787231015951149,13.356336015190598,0.10460536846013746,0.5486646907908169,105.89399630068286,38.49218864267038,0.06978931176604095,14.609780537731918,16.37583392431678,-0.005211654414437383,-0.0058281579343484324,-0.005519906174393796,0.02298290874306197,0.001126299419400567,-0.0029957398944269187
BA,2019,0,S,Puglia,072,6.900508195544227,7.2033602479589245,7.0519342217515755,12918685.0,44.44889743063807,0.22464109637209043,9.536591269337901,6739612.0,45.97868611272854,50.022859140574894,-0.027654154641836043,14.298731536878893,14.390855927691584,14.200000000000001,37.76363202120014,1.7235897875928847,14.208081270184982,0.12280322618180897,0.6590119719537192,116.43404348068955,45.02900767601866,0.10645274780414733,14.63158352752626,16.374185270953017,-0.006376729169753403,-0.007861159786946459,-0.007118944478349931,0.01888140070173172,0.027063458052639433,-0.00164865336376252
BA,2020,1,S,Puglia,072,6.900692632073716,7.200703017952226,7.050697825012972,12919204.0,44.705911231216014,0.23357483834594475,9.552439954421514,6760690.0,49.63056809456897,55.29843770536886,-0.03887396485130053,14.303013979455951,14.405554007743989,13.7,35.80852192336891,1.714396703064128,14.899302232765242,0.15701334149210044,0.7976860654683842,52.37342390583782,9.429301904564541,0.08408509787199218,14.491113229758247,16.37422544451364,0.00018443652948896272,-0.0026572300066982635,-0.0012363967386033181,0.014698080052404805,0.015848685083613034,4.017356062391286e-05
BA,2021,1,S,Puglia,072,6.90066223096388,7.201068410545573,7.050865320754727,12930393.0,44.624017630258514,0.2253185443990905,9.544833551637396,6760690.0,43.35648223931536,46.36878232009291,-0.020807545347207707,14.210150370913528,14.32834131011605,15.599999999999998,35.90444497628922,1.905021729214652,15.280647626758052,0.16981694018540933,0.8622696561076644,80.85781730283085,18.928484197319676,0.15674633375512317,14.452257213884273,16.375091144717693,-3.0401109836653006e-05,0.0003653925933466695,0.00016749574175456416,-0.07721269762793881,-0.00760640278411806,0.0008657002040521888
BA,2022,1,S,Puglia,072,6.901098275393421,7.202582416970027,7.051840346181724,12939037.0,46.08467547717161,0.23254114580501445,9.601186649361397,6787148.0,53.21066841739856,47.121150716193824,0.0420784847233379,14.295695409344063,14.426637919319786,11.0,33.896409911184854,1.9384118938433743,33.01832207886276,0.34352630020744046,1.6339389840975633,122.70961678999967,48.497989758455226,0.37119711428823704,14.588913808049881,16.375759423865837,0.00043604442954148226,0.0015140064244540952,0.0009750254269969005,0.09829660920373584,0.05635309772400099,0.0006682791481438244
BA,2023,1,S,Puglia,072,6.897118530443026,7.198076436786524,7.0475974836147754,12928762.0,46.38030661700991,0.2520650094958447,9.667103539397294,6787148.0,59.663420667882,51.73594043352952,0.05492029080512979,14.342781042569822,14.507693573866824,9.4,33.31715226005987,1.9261634479884324,31.58160649048267,0.31333102764220055,1.5516886258228408,139.0256334561815,63.94765545568693,0.40092370528914106,14.645884731497906,16.374964999837694,-0.003979744950394881,-0.004505980183503233,-0.004242862566948169,0.081055654547038,0.06591689003589707,-0.0007944240281432258
BA,2024,1,S,Puglia,072,6.898474674489689,7.195105063708326,7.046789869099007,13216631.0,45.77932370301236,0.2504442642718165,9.729809600022499,6942007.0,56.67346704971027,52.30823290025456,0.030350110630366856,14.352490699316045,14.577531396238824,6.6,30.649679255653325,1.743724038511559,34.51026250730401,0.37942276451340906,1.779861486410269,148.19721339292033,75.98463602534248,0.4435583296594668,14.657415865352215,16.396986518760517,0.0013561440466629548,-0.0029713730781981695,-0.0008076145157680514,0.06983782237199954,0.06270606062520478,0.022021518922823446
BG,2015,0,NW,Lombardia,016,7.029332701620291,7.210952812484435,7.120142757052363,7151153.0,43.84461982414903,0.2156335042841329,9.845511986109068,3785351.0,154.24193053823691,124.81450961699842,0.4096453105175727,14.253485175775596,14.307685758791632,5.8,50.74797165087093,0.8498210920675956,11.863498711796689,0.028183488664469708,0.10814683058934396,59.595434439125725,21.613724619451844,-0.2782487658791853,14.51600418716716,15.782784160410657,0.010100387336113847,0.0065812824058957275,0.008340834871005676,0.008971144354822158,0.010356356452533078,-0.03093253099195259
BG,2016,0,NW,Lombardia,016,7.025063775614789,7.204055611208386,7.114559693411587,7129400.0,44.08271754721849,0.23341147555427577,9.864044477092092,3772377.0,155.51051523215753,123.18422116790832,0.44834186054834935,14.262302861817254,14.324300731606444,5.3,47.04886722970604,0.8088847239672255,16.750357007774763,0.05095844339921946,0.17415660459118137,58.425153198732524,22.051011020877624,-0.2160305046869417,14.57109013709187,15.779737637376893,-0.004268926005502216,-0.006897201276049536,-0.005583063640776764,0.01661497281481239,0.018532490983023564,-0.003046523033763293
BG,2017,0,NW,Lombardia,016,7.019666470511385,7.200528547956509,7.110097509233948,7075997.0,45.37435286638224,0.23551490523232005,9.874705170390044,3734566.0,171.45379509201692,127.47185565237707,0.6126254484062964,14.274589284506764,14.348991618246792,4.2,46.29281169279544,0.8171701092618004,18.69243839347775,0.07024303249689476,0.2408727530645674,74.31046407824319,27.24165599155014,-0.12616163679612816,14.615952632066215,15.772218910293379,-0.005397305103403305,-0.003527063251876683,-0.004462184177638662,0.024690886640348353,0.01066069329795205,-0.00751872708351442
BG,2018,0,NW,Lombardia,016,7.026903596442768,7.210758739637453,7.11883116804011,7062390.0,43.68811353971883,0.20085718399985136,9.878520511258278,3721696.0,182.46636647696153,129.29625222845732,0.7351994630866794,14.290499049859632,14.371974526989852,4.9,46.92298387501682,0.8383168439554429,13.4197226989529,0.036809530387909906,0.17544359945740448,73.16973924544531,27.51127411710528,-0.1834470537869985,14.609780537731918,15.770294079094299,0.007237125931382593,0.010230191680943967,0.008733658806161948,0.022982908743060193,0.003815340868234429,-0.001924831199080046
BG,2019,0,NW,Lombardia,016,7.025250520423909,7.216026505074007,7.120638512748958,7087923.0,45.99210551342149,0.23324637851742677,9.903263128436206,3718261.0,191.0255382250614,134.16857221977995,0.7876761574024475,14.298731536878893,14.390855927691584,3.5,46.023745811461694,0.8305863671296699,15.020593933812373,0.04397160750080511,0.20855746508434284,65.58859289501865,26.140235825526332,-0.1989915603221278,14.631583527526258,15.773902907776895,-0.00165307601885889,0.0052677654365540505,0.0018073447088484684,0.01888140070173172,0.02474261717792814,0.0036088286825961546
BG,2020,1,NW,Lombardia,016,7.0242976886410355,7.221415108299527,7.122856398470281,7102924.0,46.01125869665263,0.2326385246484116,9.913015339455507,3718261.0,216.87578320932207,147.37380489719567,0.9621468940376348,14.303013979455951,14.405554007743989,3.1,44.166883899513806,0.8273207502781321,19.9004467521307,0.055029984476110266,0.2537557956183774,21.51067877996341,5.808497270650838,-0.24802345733705353,14.491113229758247,15.776017088218355,-0.0009528317828735311,0.00538860322552015,0.0022178857213228653,0.014698080052404805,0.00975221101930046,0.002114180441459723
BG,2021,1,NW,Lombardia,016,7.023890972113071,7.227330348608698,7.125610660360885,6867681.0,46.8415531193339,0.24482076892343174,9.887872403879946,3606360.0,168.8447775561747,135.09018570104834,0.4664440278217173,14.210150370913528,14.328341310116052,3.5,43.743846095992225,0.8527451412250879,20.407963613764654,0.0524618218640182,0.2526770025126955,45.240481462276186,12.492523276432586,-0.156863767276202,14.452257213884272,15.742337052629006,-0.0004067165279648677,0.005915240309170677,0.002754261890603793,-0.07721269762793703,-0.0251429355755608,-0.033680035589348734
BG,2022,1,NW,Lombardia,016,7.024690122191291,7.227351228960438,7.126020675575864,6857115.0,45.254954987427716,0.22273986513471955,9.936590427735483,3606360.0,191.297644873736,138.61262751794098,0.7288335816156974,14.295695409344063,14.426637919319788,3.4,43.21815127426734,0.8499697610956363,20.519366322192326,0.053602830146201395,0.25318219461044983,66.02597505455077,26.327423067204524,-0.11238791117584862,14.588913808049881,15.7407973573086,0.0007991500782207339,2.0880351740082403e-05,0.0004100152149790759,0.09829660920373584,0.04871802385553714,-0.0015396953204067643
BG,2023,1,NW,Lombardia,016,7.022846616745621,7.226166698984179,7.124506657864901,6881598.0,45.19773075166449,0.2617128099481079,9.984463419551814,3597846.0,228.5837157868108,139.4373797120339,1.2288841549830491,14.342781042569822,14.507693573866824,2.9,42.195175610913466,0.7578576680199363,22.049218852351952,0.06525911322774385,0.28125997394283064,69.97878807245266,30.659899444483045,-0.07385695626222194,14.645884731497906,15.744361450381481,-0.001843505445670246,-0.0011845299762587302,-0.0015140177109636,0.08105565454703623,0.04787299181633031,0.0035640930728817466
BG,2024,1,NW,Lombardia,016,7.04557422203422,7.262218892001212,7.153896557017715,8399786.0,45.67643207443132,0.24004821006738078,10.055975188044075,4350960.0,224.052001230366,128.83948352155215,1.292045224955299,14.352490699316045,14.577531396238827,1.6,42.268867330509636,0.8547192872534336,25.54726407673983,0.09447837601692981,0.36916302208327234,80.62855233578092,35.68042228569383,0.019765880099732,14.657415865352217,15.943716787298543,0.022727605288598518,0.03605219301703322,0.029389899152814536,0.06983782237200309,0.07151176849226104,0.19935533691706198
BI,2015,0,NW,Piemonte,096,6.450120576476102,6.806291013759892,6.628205795117996,601702.0,45.94846739889146,0.2545785094413764,9.80709122721375,363310.0,17.66532485249118,17.401540253667232,0.002858210156411205,14.253485175775596,14.307685758791632,9.3,22.796522945568288,0.40292552864547754,4.604211113446019,0.011675474797233939,0.10349260246749363,37.74021416917353,10.438441862907721,-0.18371376139911003,14.51600418716716,13.307517585118491,-0.06505077384038938,-0.06503077910757149,-0.06504077647398177,0.008971144354822158,0.016944439345063955,-0.0033217054515954914
BI,2016,0,NW,Piemonte,096,6.415134665502804,6.771254996552411,6.593194831027608,598675.0,46.33253327992292,0.2524227468308138,9.824058664715983,363310.0,19.15714944509316,17.519857279937693,0.017919940021149557,14.262302861817254,14.324300731606444,7.9,19.035117807435167,0.3890797966015251,4.512145459348206,0.011675474797233939,0.10399455788866994,37.24994125305889,10.178704842409704,-0.18673631131736637,14.57109013709187,13.302474158901118,-0.03498591097329751,-0.03503601720748062,-0.03501096409038773,0.01661497281481239,0.01696743750223284,-0.0050434262173730815
BI,2017,0,NW,Piemonte,096,6.399399863176148,6.753022209816836,6.576211036496492,611984.0,46.24480946738219,0.24563717982495153,9.839378574438689,371388.0,21.813106544236252,18.42644449568562,0.037150889162894246,14.274589284506764,14.348991618246792,7.2,19.87932404735015,0.38045647409456645,3.156606851549755,0.006335797254487856,0.08662562954672635,38.34409031313251,10.611098564972076,-0.24041736747670572,14.615952632066215,13.324461417361858,-0.015734802326655917,-0.018232786735574713,-0.016983794531116203,0.024690886640348353,0.015319909722705916,0.021987258460740122
BI,2018,0,NW,Piemonte,096,6.382188101208621,6.7450686433799545,6.563628372294287,609180.0,46.878978339040856,0.258213347142958,9.841090123807835,371388.0,21.48202531870212,18.423966180646755,0.03384002455963939,14.290499049859632,14.371974526989852,6.5,19.87932404735015,0.3819661072218372,2.740619902120718,0.004223864836325238,0.07552428690238037,37.377989831783296,10.255123389856328,-0.2524303875698334,14.609780537731918,13.319869069523323,-0.01721176196752694,-0.007953566436881943,-0.012582664202204441,0.022982908743060193,0.0017115493691459704,-0.00459234783853546
BI,2019,0,NW,Piemonte,096,6.363262502156735,6.729217792417402,6.546240147287069,605958.0,46.01780169572052,0.2702130467227311,9.86472225307311,371388.0,22.558065499774344,18.61357824915714,0.04399485724527949,14.298731536878893,14.390855927691584,8.0,17.80351214048562,0.33959775855083074,2.6209048361934477,0.004223864836325238,0.07581911724884918,37.72087852974315,9.21926177103925,-0.3347887774741119,14.631583527526258,13.314565955718923,-0.01892559905188662,-0.015850850962552343,-0.017388225007218594,0.01888140070173172,0.023632129265275026,-0.0053031138044001835
BI,2020,1,NW,Piemonte,096,6.357666572465601,6.723100083458195,6.540383327961897,603936.0,47.05912620620524,0.2704506587564488,9.873498477226708,371388.0,25.24265039236798,19.566235900773297,0.06337698815958483,14.303013979455951,14.405554007743989,6.6,18.656372026979056,0.3406957040522095,2.6837060702875397,0.004223864836325238,0.07600434310532031,18.62220584277022,2.6362018521626194,-0.39034368100066474,14.491113229758247,13.311223511037866,-0.005595929691133428,-0.006117708959207491,-0.0058568193251717915,0.014698080052404805,0.008776224153598022,-0.003342444681056378
BI,2021,1,NW,Piemonte,096,6.305207223415332,6.6671803948019575,6.486193809108645,675943.0,46.25983196219524,0.24731558696791553,9.855821140044341,428208.0,19.54780251384067,18.20532361423017,0.014865518666553995,14.210150370913528,14.328341310116052,6.0,17.536533626649906,0.4065195093160052,10.662646960002549,0.028730852409486626,0.17678577735750783,32.645846063988294,5.318844417216276,-0.15909323599234093,14.452257213884272,13.423864031943383,-0.05245934905026939,-0.0559196886562372,-0.05418951885325196,-0.07721269762793703,-0.017677337182366415,0.1126405209055168
BI,2022,1,NW,Piemonte,096,6.282024975189863,6.64085512801468,6.461440051602271,673112.0,47.645255061632916,0.24882389797948257,9.888604052252788,428208.0,23.953416886364067,18.16474309086254,0.06454177278970655,14.295695409344063,14.426637919319788,3.9,19.427350746268655,0.40804555119147895,13.651380597014924,0.03438314678359141,0.18324162904801142,43.39267511577618,9.80055544878904,-0.1229209121964651,14.588913808049881,13.419667013800073,-0.023182248225468882,-0.026325266787277535,-0.024753757506373653,0.09829660920373584,0.032782912208446646,-0.004197018143310416
BI,2023,1,NW,Piemonte,096,6.26656579901646,6.623659769605067,6.445112784310763,671196.0,47.402080279373415,0.2724641834421395,9.937634982542704,428208.0,26.784570641955927,19.478936440324013,0.08177086051202599,14.342781042569822,14.507693573866824,4.0,19.2437106918239,0.4670870432989003,13.089599519052904,0.03559310806483041,0.18859752532326385,49.62259130969397,13.912235286142547,-0.10111350609783776,14.645884731497906,13.41681647464181,-0.015459176173402867,-0.01719535840961317,-0.016327267291508463,0.08105565454703623,0.04903093028991634,-0.0028505391582633877
BI,2024,1,NW,Piemonte,096,6.2614394809696705,6.621208922041751,6.441324201505711,672641.0,47.94899349206493,0.2893425599259938,10.018089537740027,428208.0,28.625750271274672,19.4337680877178,0.10288391569869972,14.352490699316045,14.577531396238825,3.3,20.464957358408046,0.4719123655864752,8.125943889405205,0.03066396924803357,0.15594356305761106,53.59359178418405,14.610226451011723,-0.08815160940047576,14.657415865352215,13.418967033908917,-0.005126318046789535,-0.0024508475633160387,-0.003788582805052343,0.06983782237200131,0.08045455519732236,0.00215055926710761
BL,2015,0,NE,Veneto,025,6.874944223432539,7.091217120254797,6.983080671843669,1308177.0,44.47418408423195,0.2344229343750507,9.808620153057351,862720.0,21.745926594050946,22.833761455863304,-0.01482204757981854,14.253485175775596,14.307685758791632,6.0,26.14587996142392,6.470914820867241,25.44061385422964,2.180622063930235,11.55294492268582,334.60078091853,138.63915009737403,0.5678991342150183,14.51600418716716,14.084145122945124,-0.004099919580144551,-0.001094305849290933,-0.002597112714717298,0.008971144354822158,0.014809418506162686,-0.004805824423193883
BL,2016,0,NE,Veneto,025,6.871607492342755,7.092374255635424,6.981990873989089,1306211.0,44.710021533247385,0.22893872488437292,9.850116141235812,862720.0,25.39899216543872,22.363213008276542,0.04146318350546686,14.262302861817254,14.324300731606444,6.200000000000001,25.152475124540526,6.474185670466876,29.121004533442925,2.470038421832288,13.51500828438337,368.48552548638224,160.90972330006113,0.6421233918630603,14.57109013709187,14.082641137790215,-0.003336731089784273,0.0011571353806276719,-0.0010897978545800768,0.01661497281481239,0.04149598817846112,-0.0015039851549083494
BL,2017,0,NE,Veneto,025,6.871700600012065,7.092633872731726,6.982167236371895,1304759.0,45.10018467443614,0.2419845280837273,9.855538912338172,862720.0,28.149636607958538,24.427460294724234,0.05114487827785327,14.274589284506762,14.348991618246792,5.1,23.360524327483798,6.483517868725059,34.4766048163348,3.1318782135239203,16.16068080778847,404.73950594222146,181.94000699027043,0.77722679835957,14.615952632066215,14.081528907355025,9.310766930958891e-05,0.00025961709630184515,0.00017636238280616112,0.024690886640348353,0.005422771102360002,-0.0011122304351900425
BL,2018,0,NE,Veneto,025,6.872116906435748,7.0941771141725,6.983147010304124,1302671.0,45.03334839860723,0.23953548369962657,9.86393112178003,862720.0,32.67059328983809,23.458592724221173,0.1263837322637479,14.290499049859632,14.37197452698985,4.4,26.252933311628244,6.414902516201075,32.017497298113085,2.2886170574187643,13.75007651438863,406.7494486196464,200.7116386802216,0.7387641738850536,14.60978053773192,14.079927329980892,0.0004163064236832881,0.0015432414407738904,0.0009797739322294774,0.022982908743058417,0.008392209441858256,-0.001601577374133356
BL,2019,0,NE,Veneto,025,6.872048904401813,7.095581134823192,6.9838150196125035,1304440.0,44.39031208149985,0.23298366422075203,9.895398979082982,862720.0,32.53872901359902,23.072719337298167,0.13035055289051703,14.298731536878895,14.390855927691584,3.8999999999999995,24.941163585330663,6.436530849679693,34.936500676134145,1.038223907146189,6.496303394727082,411.6824589064672,219.11714281876488,0.7418844591527656,14.631583527526258,14.081284387867175,-6.80020339345333e-05,0.001404020650691784,0.0006680093083790695,0.018881400701733497,0.03146785730295143,0.0013570578862829308
BL,2020,1,NE,Veneto,025,6.868707299472312,7.099129999014672,6.983918649243493,1301701.0,45.53864238100048,0.22042258538098602,9.908286994386764,862720.0,35.107536090415984,27.57747705952166,0.10410056686998537,14.303013979455953,14.405554007743989,3.8,25.411230560665018,6.567697873946719,36.88824178226694,1.1999472903706432,7.482208775678078,241.42821805363744,79.41383903907679,0.7334873029078248,14.491113229758247,14.079182428680422,-0.003341604929500974,0.003548864191480483,0.00010362963098931033,0.014698080052404805,0.012888015303781586,-0.002101959186752822
BL,2021,1,NE,Veneto,025,6.8646625569307425,7.099067899591954,6.981865228261348,1295740.0,46.44526723485688,0.25124086011355223,9.890119739428949,862720.0,28.867217669407044,24.131275815975133,0.06622252592484765,14.21015037091353,14.328341310116054,4.2,26.654475182197558,6.518623025008633,32.75385454806359,0.959723560964917,5.876489887216254,291.4477740925301,108.18352284952215,0.7453401645952266,14.452257213884273,14.074592518484067,-0.004044742541569946,-6.209942271873103e-05,-0.0020534209821452265,-0.07721269762793526,-0.018167254957814905,-0.004589910196354907
BL,2022,1,NE,Veneto,025,6.8631953730026085,7.099829506454107,6.981512439728358,1291594.0,45.88818149822524,0.2332011011467095,9.92942111884238,862720.0,31.7445367938107,24.692651531118763,0.09896504804152084,14.295695409344063,14.426637919319788,2.8999999999999995,26.21143269514092,6.66423249506722,35.37097939877424,0.9717869291652026,5.928175778987917,405.5980071041691,210.89919781297664,0.8145202631181375,14.58891380804988,14.071387672454414,-0.0014671839281339416,0.0007616068621532079,-0.00035278853298947865,0.09829660920373406,0.03930137941343226,-0.003204846029653652
BL,2023,1,NE,Veneto,025,6.863549427578217,7.100670636461654,6.982110032019936,1292816.0,46.74787769453359,0.2389353974443855,9.98456203247436,862720.0,38.84152028097658,26.42242608959759,0.1748882654339841,14.342781042569822,14.507693573866824,3.0,24.233294283197882,6.694154645036846,38.113192554363486,1.1024875319291536,6.676602249523602,464.917996101164,274.7325451691472,0.8664354434258412,14.645884731497906,14.072333342910007,0.0003540545756086644,0.0008411300075472639,0.00059759229157752,0.08105565454703623,0.055140913631978705,0.0009456704555930173
BL,2024,1,NE,Veneto,025,6.871721889533371,7.109034419672434,6.990378154602904,1323981.0,46.3505369098334,0.25861867818461204,10.053290053624712,881887.0,38.98430268438048,26.727620027443873,0.1743390770175405,14.352490699316045,14.577531396238825,2.8,22.843028954281888,6.515982470373972,41.701615068208774,1.3961685407777322,8.866847562356202,440.9701500175593,277.12150604135513,0.9010861822441353,14.657415865352213,14.09615366492295,0.008172461955154198,0.008363783210779907,0.00826812258296794,0.06983782237200131,0.0687280211503527,0.02382032201294315
BN,2015,0,S,Campania,062,6.900328948448696,7.096614015239091,6.998471481843894,896224.0,41.422463310964034,0.18279832661638196,9.432554892019704,449423.0,28.45923482728187,32.497795867073535,-0.05445038074720281,14.253485175775596,14.307685758791632,13.7,41.74646780070803,0.808727513007988,8.080016127058181,0.019310017076501703,0.06889091803190824,12.660005523484262,1.3896541120380685,-0.40689832102659296,14.516004187167159,13.705945660712274,-0.00793669852586909,0.0024315051634298257,-0.0027525966812183,0.008971144354823934,0.008709803726068444,-0.0060304910187589655
BN,2016,0,S,Campania,062,6.888321527039141,7.085162811647428,6.986742169343284,892638.0,41.337034052418055,0.1878570557051625,9.439746985413878,449423.0,31.90011698940551,31.490062749924032,0.0055387632544025974,14.262302861817254,14.324300731606444,13.6,39.63365167213954,0.7793093299345998,19.551829932606882,0.03182960966661902,0.13021070991492978,13.59549933195411,1.6271972280927967,-0.3301330616112256,14.57109013709187,13.701936402531945,-0.012007421409554908,-0.01145120359166274,-0.011729312500610156,0.01661497281481239,0.007192093394174037,-0.004009258180328601
BN,2017,0,S,Campania,062,6.929437057433835,7.123789573861364,7.026613315647599,871484.0,42.35562512592722,0.2033441423806311,9.484849254588095,436403.0,35.763919368179295,33.06785519532817,0.03326602591201949,14.274589284506762,14.348991618246792,13.6,47.83162601056823,0.7449002664620488,16.400906908125275,0.03101613080155613,0.12653911949638036,14.26965044801125,2.1942672741761657,-0.3272686542800895,14.615952632066215,13.677952784622793,0.041115530394693955,0.03862676221393624,0.0398711463043151,0.024690886640348353,0.04510226917421711,-0.0239836179091526
BN,2018,0,S,Campania,062,6.89190925963001,7.104442698006216,6.998175978818113,868852.0,42.814768048333335,0.20285445834340216,9.483689273137824,436403.0,42.68474760832456,32.54202929884988,0.12588622209674938,14.290499049859632,14.371974526989852,11.9,46.26823068414461,0.6847680851459673,17.09191627231693,0.03367251312228779,0.13751719326856873,35.256587524881674,5.356188068073316,-0.2880700905014713,14.60978053773192,13.674928079041058,-0.03752779780382465,-0.01934687585514805,-0.028437336829486348,0.022982908743060193,-0.00115998145027163,-0.0030247055817351765
BN,2019,0,S,Campania,062,6.852197257406418,7.066059809209268,6.959128533307843,862530.0,42.76615390779926,0.192407140859279,9.497466633741633,436403.0,32.7181241850114,33.56453417730875,-0.01052251830801046,14.298731536878893,14.390855927691584,10.5,45.148342387747135,0.6863448789649019,17.671875814490296,0.038186603533070025,0.14969584902905053,40.59225205340756,5.8798390669758644,-0.18781846973582977,14.63158352752626,13.667625209891447,-0.039712002223591725,-0.0383828887969484,-0.03904744551026962,0.01888140070173172,0.013777360603809186,-0.007302869149610203
BN,2020,1,S,Campania,062,6.789981048800535,6.997042503148441,6.893511775974488,855667.0,43.0498712288792,0.19672556111430567,9.50640608721981,436403.0,30.866235757380366,40.37335033109352,-0.11905706462167902,14.303013979455953,14.40555400774399,11.7,46.716474156179125,0.6881622953952724,17.88364061740675,0.038186603533070025,0.15102957341031648,15.694457942058222,1.1040234137036515,-0.28597619277156555,14.491113229758248,13.65963656074489,-0.06221620860588306,-0.06901730606082701,-0.06561675733335459,0.014698080052406581,0.008939453478177484,-0.007988649146557947
BN,2021,1,S,Campania,062,6.638118997645951,6.839898705817196,6.739008851731574,843027.0,42.789618715440376,0.18593046597730273,9.511436405370647,436403.0,25.846992017395902,34.59535781766197,-0.11101011462662343,14.210150370913528,14.328341310116052,12.8,47.24584932908907,0.6926863732562236,8.141338760741746,0.025114885445566525,0.09329420768005386,18.280690736171376,1.1624077319896258,-0.36484941005808663,14.452257213884272,13.644754264940843,-0.15186205115458407,-0.15714379733124506,-0.15450292424291412,-0.07721269762793881,0.005030318150836877,-0.014882295804046208
BN,2022,1,S,Campania,062,6.555347170222834,6.810313341400992,6.682830255811912,836513.0,43.4477019372846,0.20476971138699945,9.568628406594184,436403.0,32.57337843797874,37.55695523125475,-0.06373700709112079,14.295695409344063,14.42663791931979,7.7,47.0778335549089,0.6927815184289563,8.13417035046451,0.02580846291817021,0.09532547537982017,33.24733635751228,4.0541288686808645,-0.2943461634538628,14.588913808049883,13.636997340232668,-0.08277182742311684,-0.029585364416203852,-0.05617859591966212,0.09829660920373762,0.0571920012235374,-0.007756924708175461
BN,2023,1,S,Campania,062,6.524387589463024,6.818478810737878,6.671433200100451,829680.0,43.379683129132744,0.20388402733900293,9.622286111850435,436403.0,36.433997088586864,39.25365413247972,-0.03633410816578097,14.342781042569822,14.507693573866826,9.5,41.737729850248876,0.6230183055518191,9.18736371124852,0.02580846291817021,0.09608469976120969,32.46245497269042,4.409339484480334,-0.19870235161766542,14.645884731497906,13.628795363263615,-0.0309595807598102,0.008165469336886666,-0.01139705571146088,0.08105565454703623,0.05365770525625102,-0.008201976969052893
BN,2024,1,S,Campania,062,6.497829110196039,6.814456505272749,6.656142807734395,1076595.0,44.173334617232044,0.21723264678043241,9.689398049036123,567750.0,36.935926359947075,37.324227124243954,-0.004798266420498544,14.352490699316045,14.577531396238825,8.4,37.236086993923486,0.5787357318406764,9.898101958661451,0.029023332181484486,0.10975138497049565,30.651995113904224,4.07346866367639,-0.20659296792577464,14.657415865352215,13.889313840847791,-0.026558479266984847,-0.004022305465129605,-0.015290392366056338,0.06983782237199954,0.06711193718568786,0.260518477584176
BO,2015,0,NE,Emilia Romagna,037,7.253141610992289,7.487818112755124,7.370479861873707,17091931.0,45.17727986968235,0.23894167032140842,9.90008958716193,9450355.0,162.75032364325588,99.91914615078814,0.716348854259079,14.253485175775594,14.30768575879163,7.2,57.65180114667271,2.080597371876983,2.2329468755681545,0.0075978316610735164,0.059147602938927714,101.20886830744949,42.635627238374816,-0.07164193829934812,14.516004187167162,16.65411703876154,-0.07414459357175396,-0.06416125055276911,-0.0691529220622602,0.008971144354820382,0.017721831915121555,-0.08051037188702992
BO,2016,0,NE,Emilia Romagna,037,7.228017761295908,7.459859682262904,7.343938721779406,16902063.0,46.91869890567379,0.2718688824740246,9.920320022366518,9332466.0,167.0463387319205,99.9427051894834,0.775870897141004,14.262302861817254,14.324300731606446,5.4,58.008293547084065,2.4716159244396154,8.760818053247085,0.03507489263060605,0.2017197431409531,125.0038815906491,52.874978598816824,0.14801306961615865,14.57109013709187,16.64294624344916,-0.025123849696381484,-0.027958430492220465,-0.02654114009430142,0.016614972814815943,0.02023043520458856,-0.011170795312381188
BO,2017,0,NE,Emilia Romagna,037,7.218645044133055,7.449162141610095,7.333903592871576,16997506.0,45.39548356991194,0.2431123526920267,9.93258307850034,9332466.0,181.6823044489256,106.18914508048067,0.8726768676686311,14.274589284506762,14.348991618246792,5.1,55.67024611911911,2.0929394019111496,10.407386971336132,0.05042138214563384,0.22062024081852152,140.44891291784066,61.3703419339322,0.24398362234816426,14.615952632066216,16.64857718537578,-0.009372717162852595,-0.010697540652809145,-0.010035128907829538,0.024690886640346577,0.012263056133821948,0.005630941926618505
BO,2018,0,NE,Emilia Romagna,037,7.207684070080045,7.439958819708834,7.32382144489444,17029534.0,45.80809694420328,0.2488636447009623,9.935297209087457,9324390.0,183.85610170416388,105.87427912075195,0.8980671975069492,14.290499049859632,14.371974526989852,5.6,53.43952314213425,2.0285412403229572,11.339554460265202,0.05979786649807852,0.22844307814385084,150.22239846273123,60.95580558998623,0.25392028577475356,14.609780537731917,16.650459688788267,-0.010960974053009664,-0.009203321901260608,-0.010082147977136025,0.022982908743060193,0.002714130587117225,0.0018825034124887452
BO,2019,0,NE,Emilia Romagna,037,7.193182353469443,7.431854124348285,7.312518238908863,17149092.0,45.57860644980555,0.2363417373593355,9.960772423319995,9352914.0,187.93369343556594,107.54319003227198,0.926364575247912,14.298731536878892,14.390855927691584,4.4,52.02430211830853,1.9622621708529369,13.339758881436891,0.07103212530924488,0.270180649499052,148.82043667225992,55.546934337232486,0.285616699740366,14.631583527526258,16.657455785568192,-0.014501716610602067,-0.00810469536054903,-0.01130320598557688,0.01888140070173172,0.025475214232537624,0.006996096779925409
BO,2020,1,NE,Emilia Romagna,037,7.201303938608931,7.4440891453224385,7.322696541965685,17978160.0,45.93455298187041,0.22835420416460775,9.974826395072968,9783611.0,209.47623526145063,120.16185196991825,1.0187241469678558,14.303013979455951,14.405554007743987,4.6,51.63342958332088,1.9034955583897348,13.581735658747036,0.07575915574223958,0.2905182489933349,52.308694183933405,9.799297644685774,0.16063032112938394,14.491113229758247,16.70466824584226,0.008121585139488019,0.012235020974153521,0.010178303056822102,0.014698080052403029,0.014053971752973737,0.04721246027406778
BO,2021,1,NE,Emilia Romagna,037,7.19658367083553,7.445603634371203,7.321093652603366,17878829.0,45.530902463034984,0.2245318350724371,9.959980307927445,9788503.0,171.4157712069886,117.65118856956911,0.6165105285465743,14.21015037091353,14.328341310116052,4.6,50.393193976955736,1.810209490542183,14.516815283998433,0.11648544796970176,0.31277549989148773,75.05632245780802,14.709604868850313,0.21843236840237773,14.452257213884272,16.699127833394915,-0.00472026777340151,0.0015144890487643892,-0.0016028893623190044,-0.07721269762793526,-0.014846087145523157,-0.0055404124473454885
BO,2022,1,NE,Emilia Romagna,037,7.20497536831671,7.45500389955895,7.32998963393783,17779907.0,45.21694193113748,0.22452513098396487,10.000687923357944,9788503.0,185.56901953456628,122.03213101307486,0.7299036090357491,14.295695409344063,14.426637919319786,3.5999999999999996,50.32085020000912,1.9133912318547635,14.466378182038058,0.1241320763500093,0.3298435149885403,113.07530908374346,30.004189471717634,0.2977430091872314,14.58891380804988,16.693579557440177,0.00839169748117996,0.009400265187746726,0.008895981334463343,0.09829660920373406,0.040707615430498834,-0.005548275954737392
BO,2023,1,NE,Emilia Romagna,037,7.229142969913751,7.4784098761989135,7.353776423056332,17834486.0,48.628550905757784,0.2633690663352165,10.045182747594025,9788503.0,210.26795093720676,126.46419498215718,0.9550913513960335,14.342781042569822,14.507693573866824,3.7999999999999994,49.16518454758143,1.8976048106339605,16.515749267002757,0.1421498523726502,0.3847114733110983,133.99572968988141,41.60473315064943,0.3602971791169866,14.645884731497906,16.696644556623358,0.0241676015970409,0.02340597663996391,0.023786789118502405,0.081055654547038,0.04449482423608053,0.0030649991831808165
BO,2024,1,NE,Emilia Romagna,037,7.2595446921706435,7.505419245337634,7.382481968754138,17933250.0,46.00157687813727,0.23826106385056636,10.107290478502332,9821453.0,204.20769056576557,123.5705960969668,0.9175034431828482,14.352490699316045,14.577531396238827,4.5,46.23711830495133,1.9207703609635005,18.75095791452151,0.17181250331794723,0.4801800347860045,144.8970379409122,51.13869270081464,0.4369608409489299,14.657415865352215,16.702167089612956,0.03040172225689286,0.027009369138720096,0.02870554569780559,0.06983782237200309,0.062107730908307346,0.005522532989598261
BR,2015,0,S,Puglia,074,6.660540205082725,6.867455555875557,6.76399788047914,2557489.0,43.932451498849154,0.24255959780537917,9.40383146566163,1540666.0,21.657609136200467,24.129173815186597,-0.022384552791053183,14.253485175775596,14.307685758791632,16.5,37.73698801047904,3.3835590929892563,16.62749395087795,0.040392508832418225,0.4865862470937491,105.72189286090983,24.55377431562694,0.15564445485395728,14.51600418716716,14.7545364757234,-0.008034681194266646,-0.007440479277131651,-0.007737580235700037,0.008971144354822158,0.01743958029778092,-0.005577014428444826
BR,2016,0,S,Puglia,074,6.648828640949735,6.854176856419235,6.751502748684485,2538660.0,42.894296061629696,0.22280959387174853,9.42304345905993,1540666.0,20.83541372789215,24.23969619066227,-0.030960365686295063,14.262302861817254,14.324300731606446,17.1,36.4128541799245,3.4835896495617806,17.170163555013584,0.04816372777506368,0.5169888339400985,113.5846556342974,27.552111856699057,0.18364536145539148,14.571090137091868,14.74714694073136,-0.011711564132990127,-0.013278699456321874,-0.012495131794654668,0.016614972814814166,0.019211993398299043,-0.00738953499203987
BR,2017,0,S,Puglia,074,6.641876616248904,6.847499241351746,6.744687928800325,2523137.0,42.85513302328344,0.2099518811291477,9.44071836271519,1540666.0,23.251715497696186,25.29548913429598,-0.018741262772907743,14.274589284506762,14.348991618246792,18.6,35.86198523063639,3.4729932601068603,18.119369244277678,0.060622882705926626,0.5779622126439304,117.32113738211636,30.530642652024884,0.22539825755827778,14.615952632066215,14.741013526584968,-0.006952024700830783,-0.0066776150674892065,-0.006814819884159995,0.024690886640346577,0.017674903655260366,-0.006133414146392013
BR,2018,0,S,Puglia,074,6.633956717070323,6.842915229201409,6.738435973135865,2504107.0,44.916699614995274,0.222716961238745,9.437028755409667,1540666.0,24.139480949134768,25.758965114076723,-0.015001638260521897,14.290499049859632,14.371974526989852,14.5,35.416521124104065,3.7294932374762793,16.162900726208413,0.06357248925679308,0.6061222612391033,121.13207505888576,34.21432193663385,0.23441396141117324,14.60978053773192,14.73344274191855,-0.007919899178581602,-0.004584012150337102,-0.00625195566446024,0.022982908743060193,-0.003689607305522813,-0.007570784666418362
BR,2019,0,S,Puglia,074,6.631558524457693,6.842283712990722,6.736921118724207,2486103.0,44.44889743063807,0.2246410963720904,9.457049141978642,1540666.0,25.73760118199636,27.29036045847783,-0.014524028476502656,14.298731536878893,14.390855927691584,11.9,35.148750593439225,3.6915724798261174,16.79312990783936,0.07384580088103639,0.6856860936499982,129.46696862585563,39.367711507619255,0.2845751507891534,14.63158352752626,14.726226982213818,-0.002398192612629302,-0.000631516210686911,-0.0015148544116581064,0.01888140070173172,0.020020386568974757,-0.007215759704731539
BR,2020,1,S,Puglia,074,6.632217353413125,6.846295239646443,6.739256296529783,2469075.0,44.705911231216014,0.23357483834594472,9.47265851634671,1540666.0,27.16826782281786,30.758869756032087,-0.03386021519109871,14.303013979455953,14.40555400774399,11.8,35.51170424418294,4.19493264477544,18.276574249099934,0.09111294637694542,0.781830770316219,69.41911151109107,9.538054212829271,0.19979456746322238,14.491113229758248,14.719354144536672,0.0006588289554319005,0.0040115266557210205,0.0023351778055760164,0.014698080052406581,0.01560937436806853,-0.006872837677146748
BR,2021,1,S,Puglia,074,6.627479649978496,6.84078190970861,6.734130779843553,2448553.0,44.624017630258514,0.22531854439909052,9.466912278332313,1540666.0,25.510922596923045,27.07716293317815,-0.01492988088668933,14.210150370913528,14.328341310116052,15.8,33.41661926599301,3.9514482246622014,19.446497698882112,0.10560831183542323,0.8918246523213652,103.3315664092625,20.580847876677275,0.2895198144963373,14.452257213884272,14.711007795795897,-0.0047377034346292035,-0.0055133299378322675,-0.0051255166862302914,-0.07721269762793881,-0.005746238014397775,-0.008346348740774445
BR,2022,1,S,Puglia,074,6.6307719435145245,6.844157642844679,6.737464793179602,2443987.0,46.08467547717161,0.23254114580501445,9.512569771789847,1540666.0,29.16060596620732,27.127458487607974,0.01941333611392716,14.295695409344063,14.42663791931979,13.1,30.77620932897134,3.803071640667549,34.74618638176077,0.3349019054937239,2.091139128630755,144.97330561743564,49.31938369876044,0.5236095197961778,14.588913808049883,14.70914128011054,0.0032922935360284455,0.003375733136068426,0.003334013336049324,0.09829660920373762,0.04565749345753467,-0.0018665156853572284
BR,2023,1,S,Puglia,074,6.633007675674531,6.846219102298714,6.739613388986622,2432792.0,46.38030661700991,0.2520650094958447,9.582353861548428,1540666.0,29.854936744747672,30.22040452254323,-0.0035001234916647245,14.342781042569822,14.507693573866826,14.8,32.401923439372354,3.9338827729804966,30.507691679646232,0.18290857796141588,1.4371514228903142,160.18710041217906,60.955971153694556,0.48396586032767736,14.645884731497906,14.70455012694791,0.0022357321600061653,0.0020614594540351305,0.0021485958070197597,0.08105565454703623,0.0697840897585813,-0.00459115316263059
BR,2024,1,S,Puglia,074,6.682999803677751,6.898053572401162,6.790526688039456,2546900.0,45.77932370301236,0.2504442642718165,9.65638701864372,1658298.0,27.946865765812454,29.67067954058411,-0.01634817843493764,14.352490699316045,14.577531396238827,10.5,31.84451920387451,4.2922343509423255,31.988604586145303,0.24672739563737897,1.888451818741075,189.09009800879508,78.91916215500858,0.5711026036926404,14.657415865352215,14.75038749131411,0.04999212800322006,0.051834470102448016,0.05091329905283448,0.06983782237200131,0.07403315709529146,0.045837364366200006
BS,2015,0,NW,Lombardia,017,7.098148662008888,7.349132942439851,7.22364080222437,8890593.0,43.84461982414903,0.2156335042841329,9.781349912088832,4756496.0,150.08899926088242,116.89517202137333,0.40341903304729554,14.253485175775596,14.307685758791632,8.7,45.68870440313425,2.8769787364381982,8.68339524130904,0.04660393248553403,0.9017018696132111,217.192481664881,120.41949660460268,-0.18638566231278572,14.51600418716716,16.000504309427445,-0.02951346612356165,-0.027671247045706338,-0.02859235658463266,0.008971144354822158,0.012731889115233486,0.0030058877564282938
BS,2016,0,NW,Lombardia,017,7.105102460099186,7.354012507101475,7.22955748360033,8897879.0,44.08271754721849,0.23341147555427577,9.80222495085299,4756496.0,143.1401377489392,120.181407575114,0.2803376007360432,14.262302861817254,14.324300731606444,8.6,43.32052650373122,2.875348442619399,11.619697167268393,0.1202004727480588,1.3322307680469407,237.00556422540689,136.9967831309641,-0.11708366685852112,14.57109013709187,16.001323491694187,0.006953798090298058,0.004879564661623981,0.005916681375960131,0.01661497281481239,0.020875038764158305,0.0008191822667420467
BS,2017,0,NW,Lombardia,017,7.109278346801753,7.356790055442335,7.233034201122044,8895022.0,45.37435286638224,0.23551490523232005,9.814619338701892,4756496.0,145.77025837514466,125.10687008218396,0.25299135482028356,14.274589284506764,14.348991618246792,6.2,39.8918127061065,2.916031569706694,16.05380842312052,0.2420519330427062,1.9705222234675894,250.57405165381232,145.43786487298257,-0.02660006077291503,14.615952632066215,16.00100235237862,0.004175886702567411,0.002777548340860747,0.003476717521714079,0.024690886640348353,0.0123943878489019,-0.0003211393155666542
BS,2018,0,NW,Lombardia,017,7.111404583203885,7.357646357558451,7.234525470381168,8899381.0,43.68811353971883,0.20085718399985136,9.82165455515855,4756496.0,164.76479207868041,119.55116482722069,0.5537740577230016,14.290499049859632,14.371974526989852,5.2,41.424348079387016,3.090505538798348,10.785528942846279,0.057446037649592926,1.1512189603992773,236.574497722013,136.0022281421724,-0.16320684999591858,14.609780537731918,16.001492281721816,0.0021262364021312763,0.0008563021161158701,0.0014912692591240173,0.022982908743060193,0.007035216456658944,0.0004899293431961382
BS,2019,0,NW,Lombardia,017,7.11045541896732,7.358103788139523,7.234279603553422,8943670.0,45.99210551342149,0.23324637851742677,9.84827975590426,4756496.0,193.07112485320624,119.30644304518145,0.9023370758882687,14.298731536878893,14.390855927691584,4.7,40.3540322901922,3.138428926065448,11.457127004828752,0.0819013497289543,1.3255893677510577,233.45128043633014,134.46002028288058,-0.1465399340418663,14.631583527526258,16.006456577453044,-0.000949164236564215,0.00045743058107206025,-0.0002458668277460774,0.01888140070173172,0.026625200745709066,0.004964295731227253
BS,2020,1,NW,Lombardia,017,7.110681737087735,7.359470675404825,7.23507620624628,8957538.0,46.01125869665263,0.2326385246484116,9.85963743457454,4756496.0,212.0358625227253,136.0925399432017,0.9279959988954245,14.303013979455951,14.405554007743989,4.4,37.13173990323668,3.144705109617385,10.70360824626205,0.10365734938726226,1.4424956263904078,108.4732365541191,43.42065208886737,-0.19786912027818124,14.491113229758247,16.008005970407343,0.0002263181204149589,0.001366887265302097,0.0007966026928576397,0.014698080052404805,0.01135767867027937,0.0015493929542991225
BS,2021,1,NW,Lombardia,017,7.084683469418394,7.335108981756287,7.2098962255873404,8961122.0,46.8415531193339,0.24482076892343174,9.83543347911293,4749440.0,155.02655730392024,124.68739916609606,0.3678751537950365,14.210150370913528,14.328341310116052,4.9,36.35719598660549,3.16782074329181,11.761718460449277,0.10678387534655728,1.4030823314301963,179.97721634716586,90.1799673589141,-0.12498634570456016,14.452257213884272,16.00840600032563,-0.025998267669341324,-0.024361693648538463,-0.02517998065893945,-0.07721269762793703,-0.024203955461608473,0.00040002991828558265
BS,2022,1,NW,Lombardia,017,7.086747589553534,7.336710310731518,7.2117289501425255,8931262.0,45.254954987427716,0.22273986513471955,9.887549976664628,4749440.0,187.6988127639437,128.39794878391749,0.718838457761586,14.295695409344063,14.426637919319788,4.1,36.29854911398527,3.330548433099629,13.015255762287163,0.12042283788561556,1.490011548261998,246.47652658425642,143.40201367691955,-0.08533817544201172,14.588913808049881,16.005068264256334,0.002064120135139902,0.00160132897523102,0.0018327245551850169,0.09829660920373584,0.05211649755169745,-0.00333773606929455
BS,2023,1,NW,Lombardia,017,7.091416769967727,7.341895725216012,7.216656247591869,8973197.0,45.19773075166449,0.2617128099481079,9.937595755513598,4749440.0,211.26675726132532,126.84040301655705,1.0218403602947213,14.342781042569822,14.507693573866824,3.4,34.145563949032436,3.186061499639524,16.446651580388117,0.1739085896517988,1.668654469750829,267.39737794648414,160.69068141117958,0.019946745785286456,14.645884731497906,16.00975258079234,0.004669180414192731,0.005185414484493833,0.004927297449343726,0.08105565454703623,0.0500457788489701,0.004684316536007316
BS,2024,1,NW,Lombardia,017,7.101106342589351,7.351447000082601,7.2262766713359765,9055879.0,45.67643207443132,0.2400482100673808,10.004802293430018,4774112.0,212.34680146144575,128.83746509285308,1.023460478263547,14.352490699316045,14.577531396238825,2.8,31.519692050304517,3.084260881606196,23.421079888942824,0.23383056249041959,1.886171644211276,268.08825014155605,167.0419468384253,0.1141696893131236,14.657415865352215,16.01892471802842,0.00968957262162462,0.009551274866589132,0.00962042374410732,0.06983782237200131,0.0672065379164195,0.009172137236078015
BT,2015,0,S,Puglia,110,6.870587164397541,7.134783610053077,7.002685387225308,4472219.0,43.932451498849154,0.24255959780537917,9.351810014356552,2188187.0,31.9191712706141,34.1394424814235,-0.01855844885580121,14.253485175775598,14.307685758791632,20.1,43.85259495594414,0.4849677828099215,16.99909765241043,0.031778971965871844,0.14558507442635563,32.68672211446642,7.295948728995549,-0.018897493963085238,14.51600418716716,15.313395263995472,-0.011933492341567487,-0.019303732947776098,-0.01561861264467268,0.008971144354822158,0.010531892782161378,0.0006511192334013316
BT,2016,0,S,Puglia,110,6.853009944070992,7.118696148665561,6.985853046368275,4458078.0,42.894296061629696,0.22280959387174853,9.363972087291511,2188187.0,32.86562352408792,33.8772726333212,-0.007331672460672192,14.262302861817256,14.324300731606446,17.1,37.7467261762898,0.4188905423436521,18.651749328736628,0.04025887108217228,0.19339563665089896,34.9295518319538,8.067839640538939,0.010106035347403406,14.571090137091868,15.31022828941015,-0.01757722032654918,-0.016087461387516377,-0.016832340857033223,0.016614972814814166,0.012162072934959411,-0.0031669745853228903
BT,2017,0,S,Puglia,110,6.83892744268487,7.1098073429020685,6.97436739279347,4443529.0,42.85513302328344,0.2099518811291477,9.384142602040079,2188187.0,31.45571476274423,35.54331318862565,-0.03562435853717411,14.274589284506764,14.348991618246794,25.0,37.65866969447749,0.4863627749996094,18.393415464240142,0.044483661347089816,0.20737120682063398,35.28981100033051,8.315417675966916,0.010597323727804205,14.615952632066215,15.306959438526228,-0.014082501386122104,-0.008888805763492158,-0.011485653574805355,0.024690886640348353,0.02017051474856757,-0.0032688508839218144
BT,2018,0,S,Puglia,110,6.820824187639813,7.101420923494425,6.96112255556712,4422768.0,44.916699614995274,0.22271696123874501,9.37923501809705,2188187.0,36.24040823669059,37.24938658460589,-0.008015336950292242,14.29049904985963,14.37197452698985,22.0,37.09831512655803,0.5116962455671477,15.338408454266528,0.04867557681834783,0.2246167259542055,37.457638568282434,9.146023661867721,-0.00014513808536067188,14.609780537731918,15.302276302388613,-0.018103255045057054,-0.008386419407643508,-0.013244837226349837,0.02298290874305664,-0.004907583943028371,-0.004683136137614952
BT,2019,0,S,Puglia,110,6.827192968828336,7.10533974326698,6.966266356047659,4498862.0,44.44889743063807,0.22464109637209043,9.399977776815133,2231908.0,34.83696267158978,38.292782195888414,-0.030563522849351807,14.298731536878893,14.390855927691582,20.8,33.33912417052897,0.46095086515410194,17.546657479590937,0.05935843221973039,0.2723053615291531,39.86860386042937,10.445366340143952,0.036602770996513004,14.631583527526258,15.319335033869873,0.0063687811885229095,0.00391881977255526,0.005143800480539085,0.01888140070173172,0.0207427587180824,0.017058731481260025
BT,2020,1,S,Puglia,110,6.822199603062983,7.097454437822055,6.9598270204425186,4482887.0,44.705911231216014,0.23357483834594475,9.412710449347072,2231908.0,37.81525137980117,43.00647247520766,-0.04621251750162682,14.303013979455951,14.405554007743987,25.1,32.547131002319034,0.4685776584941284,18.55474605914737,0.06291483777249515,0.2857562446132613,20.97362969517929,2.253577283506862,-0.01829320760655721,14.491113229758247,15.315777816484848,-0.0049933657653529195,-0.007885305444925272,-0.006439335605140428,0.014698080052404805,0.012732672531939215,-0.003557217385024458
BT,2021,1,S,Puglia,110,6.819225976656588,7.094659271074261,6.956942623865424,4439698.0,44.624017630258514,0.22531854439909046,9.404116733933368,2231908.0,33.449469350015015,36.28275554092006,-0.025519124554922543,14.210150370913528,14.328341310116052,21.8,32.302638072386586,0.47034276248233603,18.90847783901716,0.06154408482941177,0.2839075184866869,31.639819298528863,5.293477401977219,0.03193889584185063,14.452257213884272,15.30609691407706,-0.0029736264063950912,-0.00279516674779412,-0.0028843965770946056,-0.07721269762793526,-0.008593715413704572,-0.00968090240778885
BT,2022,1,S,Puglia,110,6.812845290940359,7.095138871386913,6.953992081163636,4437524.0,46.08467547717161,0.23254114580501445,9.458475564183034,2231908.0,41.57575189437631,37.40140539668813,0.041131029344353615,14.295695409344063,14.426637919319788,16.9,30.489329975104013,0.45958025999328883,34.30335713247213,0.11933497157242351,0.5505773621988538,41.58910430240626,11.310095908770371,0.18369566862659414,14.588913808049881,15.305607121201886,-0.00638068571622874,0.0004796003126523729,-0.0029505427017877395,0.09829660920373584,0.05435883024966692,-0.0004897928751734781
BT,2023,1,S,Puglia,110,6.809230954981902,7.093478133554534,6.951354544268218,4427736.0,46.38030661700991,0.2520650094958447,9.5272514505404,2231908.0,46.67915768883814,41.5009132648022,0.0527333198673442,14.342781042569824,14.507693573866822,17.6,30.22776968355811,0.47688885311663054,33.99264235730402,0.11858227843883391,0.5580334322421275,44.088890578330734,12.394378255684003,0.2313170850884235,14.645884731497908,15.30339895043708,-0.003614335958457282,-0.0016607378323794109,-0.0026375368954179024,0.08105565454703445,0.06877588635736487,-0.002208170764806283
BT,2024,1,S,Puglia,110,6.807291984725789,7.090307046799341,6.948799515762565,4410905.0,45.77932370301236,0.2504442642718165,9.587497935196996,2231908.0,44.440622785292,41.7128955521767,0.028502059781622784,14.352490699316046,14.577531396238825,16.0,31.398257254414382,0.5723957798986166,36.4363266533332,0.14354623582396575,0.6638741340653187,46.28202686790357,13.789667021016708,0.28352358466598804,14.657415865352215,15.299590441788727,-0.001938970256112782,-0.0031710867551923982,-0.002555028505653034,0.06983782237200309,0.06024648465659688,-0.003808508648353026
BZ,2015,0,NE,Trentino Alto Adige,021,7.6633094441916105,7.887982714094271,7.775646079142941,4547235.0,41.81016906721318,0.1999709346113618,9.765981500572257,2456296.0,71.6794455729912,50.5885799002798,0.32366465718282594,14.253485175775596,14.307685758791632,3.7999999999999994,70.98272132549238,23.27632873086786,8.036558206431339,0.5984588980119755,2.9306400515773023,1071.9072824504588,737.0810344361671,1.3623711609340898,14.51600418716716,15.330029913899631,0.007708959386871328,0.00955090513711987,0.008629932261995599,0.008971144354823934,0.0034553306740292555,-0.007749567088929155
BZ,2016,0,NE,Trentino Alto Adige,021,7.669578327521934,7.896699059666,7.783138693593968,4648211.0,43.979153970536856,0.21900925497078874,9.80156538295633,2505000.0,80.0934999321133,55.80741024960263,0.3808542123108901,14.262302861817254,14.324300731606446,3.6999999999999997,71.72263482088503,25.324110055482357,7.635255725911027,0.6453590358971594,3.1313927165744206,1201.044325243568,848.1929745368948,1.4104042711380977,14.571090137091872,15.351992972352713,0.0062688833303230496,0.008716345571729178,0.007492614451027002,0.016614972814814166,0.035583882384072396,0.021963058453081885
BZ,2017,0,NE,Trentino Alto Adige,021,7.677467497789316,7.90500192521396,7.791234711501638,4679661.0,43.45942325706283,0.21343333221455008,9.825464251028778,2505000.0,86.09498873748683,56.863498266494005,0.45721518099061403,14.274589284506764,14.34899161824679,3.1,70.20952379124064,25.02490600694937,7.8062481680009554,0.6538202250511986,3.193291320130598,1232.2791222389988,872.0659010627319,1.42098106654173,14.615952632066215,15.358736229372788,0.007889170267382006,0.008302865547960003,0.008096017907670117,0.0246908866403448,0.023898868072448565,0.006743257020074722
BZ,2018,0,NE,Trentino Alto Adige,021,7.691835113412069,7.920040389246136,7.805937751329103,4713895.0,43.123710354202366,0.2091230612070474,9.84716428638522,2505000.0,95.37577471700124,57.403012811451575,0.5901931400058708,14.29049904985963,14.371974526989852,2.9,70.26823688171133,27.031523094252318,7.865374904656207,0.6964806976520322,3.2870063539250602,1252.1016804645403,890.599845023462,1.445599571483406,14.60978053773192,15.366025088152925,0.014367615622753682,0.015038464032175902,0.014703039827464792,0.02298290874306197,0.02170003535644227,0.00728885878013763
BZ,2019,0,NE,Trentino Alto Adige,021,7.7038749621952745,7.930894482680194,7.817384722437734,4666773.0,43.74380937917269,0.21613180623134925,9.871926899514579,2456296.0,95.69984661467811,58.165558784218746,0.5637731503849984,14.298731536878893,14.390855927691584,2.9,67.9062719463451,23.058175776270804,9.388306540947722,0.7297298670667901,3.2564164061462395,1237.6457236011292,870.3049579648089,1.4397366603851363,14.631583527526258,15.355978384366118,0.012039848783205187,0.010854093434057965,0.011446971108631132,0.01888140070173172,0.024762613129357902,-0.010046703786807498
BZ,2020,1,NE,Trentino Alto Adige,021,7.706624376261416,7.933240192825788,7.8199322845436035,4768009.0,43.082150235762796,0.18862308597186664,9.889619128237435,2505000.0,95.84205127202277,78.98621696443993,0.2592887508177135,14.30301397945595,14.405554007743989,3.6999999999999997,67.7303197401285,24.26634640209543,9.804144490200901,0.8208357168565864,3.632532674995769,740.6538843710944,464.5267648428455,1.3597011490010076,14.491113229758248,15.377439375309434,0.002749414066141931,0.0023457101455939267,0.002547562105869261,0.014698080052404805,0.01769222872285603,0.021460990943316105
BZ,2021,1,NE,Trentino Alto Adige,021,7.717967354858942,7.942908640248295,7.830437997553619,4768813.0,44.22986337913516,0.2131226645482096,9.887594193093285,2505000.0,78.32039370451247,64.36010975906808,0.213558161713515,14.210150370913526,14.328341310116054,3.8000000000000003,67.46603928593983,24.055911543104298,10.015116485900334,0.8427631847636219,3.6066765474271336,902.9753333138941,607.0715579587145,1.411196292528216,14.452257213884273,15.377607984936814,0.011342978597525644,0.009668447422507498,0.010505713010015683,-0.07721269762793526,-0.0020249351441492536,0.00016860962738007856
BZ,2022,1,NE,Trentino Alto Adige,021,7.73376305391499,7.957753639276394,7.845758346595692,4643664.0,44.45386854196522,0.23077498879647,9.921182964019087,2451636.0,85.5493032631904,69.61764436186,0.24363714181291785,14.295695409344063,14.426637919319786,2.3,65.0971478339372,24.666134436801606,11.047487317606961,1.025944022648831,4.224321998516301,1300.3132637068222,926.2229650657823,1.5105633577668518,14.588913808049881,15.35101426776124,0.015795699056048385,0.014844999028098549,0.015320349042072579,0.09829660920373229,0.03358877092580137,-0.026593717175574128
BZ,2023,1,NE,Trentino Alto Adige,021,7.756839411195164,7.978565028520531,7.867702219857849,4571642.0,44.82088263617546,0.23705212357349215,9.985326103690134,2402932.0,95.29571114121657,75.10523686400906,0.29923684973196346,14.342781042569822,14.507693573866824,2.0,63.72222327026063,23.295337281209665,11.462904369339984,1.0305469586330251,4.353671983905871,1314.6720384712403,933.78986891245,1.5041562253098522,14.645884731497906,15.33538299811886,0.023076357280173987,0.0208113892441375,0.021943873262157076,0.081055654547038,0.06414313967104768,-0.015631269642380374
BZ,2024,1,NE,Trentino Alto Adige,021,7.779827272660018,7.997477196783546,7.888652234721781,4673376.0,44.32471272756557,0.2299810246679317,10.048242421275562,2440276.0,107.39162155832287,76.20432048754724,0.4735701127032784,14.352490699316045,14.577531396238827,2.0,62.24053326417111,23.29770127552647,12.878585060684886,1.0912091687965875,4.625745953984296,1331.7497745999458,963.5295099226987,1.5420512770755606,14.657415865352213,15.357392280675482,0.022987861464853765,0.01891216826301445,0.02095001486393233,0.06983782237200309,0.0629163175854277,0.022009282556622267
CA,2015,0,I,Sardegna,118,6.989373616735623,7.296209161623751,7.1427913891796875,3607923.0,45.02744618722462,0.21981394934131826,9.657639738145061,1867516.0,46.241717731751216,41.30245506427134,0.05972359585702103,14.253485175775596,14.307685758791632,17.7,46.6185313640407,7.892819055619314,10.815281712630105,0.04452559176931836,1.2190659099790824,165.31838909862807,66.7660973315288,0.07968147955508657,14.51600418716716,15.098642818473504,0.000918624290567216,-0.003154910609541872,-0.001118143159486884,0.008971144354822158,-0.00275230654760783,0.001271067389174263
CA,2016,0,I,Sardegna,118,6.992544289422792,7.288356008029906,7.140450148726349,3597651.0,45.54372104791934,0.23054809451516214,9.67496421887545,1860613.0,45.44331516551009,40.083161522100525,0.06416529639864856,14.262302861817254,14.324300731606444,14.3,44.2700301284409,7.385186470619156,11.249489093535916,0.04125249785475469,1.3860051101671087,167.61183807801976,64.6525436572399,0.05250035165057916,14.57109013709187,15.095791690455567,0.003170672687168974,-0.007853153593845086,-0.0023412404533385,0.01661497281481239,0.01732448073038917,-0.002851128017937299
CA,2017,0,I,Sardegna,118,6.989354353490179,7.277187791943712,7.133271072716945,3592433.0,45.337299734941816,0.24358360292416414,9.685618406083382,1860613.0,46.53609819574268,41.83369781768408,0.056161771307542685,14.274589284506764,14.348991618246792,15.5,44.54488986058536,7.415979656749846,11.505762938435549,0.043253389747444165,1.3849666758581318,172.5228921764499,72.20933847426002,0.05729608419933155,14.615952632066215,15.094340246796198,-0.003189935932613075,-0.011168216086193894,-0.0071790760094039285,0.024690886640348353,0.010654187207931543,-0.0014514436593682234
CA,2018,0,I,Sardegna,118,6.987136088478866,7.268370834859592,7.127753461669228,3592218.0,45.37595294117647,0.2166124369747899,9.677508311051428,1860613.0,52.802876518108,40.35396417324067,0.1484496368045382,14.290499049859632,14.371974526989852,16.2,47.301042205177254,7.337629653650077,11.811099500644792,0.046736124672306346,1.345158619428933,182.0260752067377,79.92423267412143,0.06909876444140253,14.609780537731918,15.0942803969858,-0.0022182650113133917,-0.008816957084119892,-0.005517611047716642,0.022982908743060193,-0.008110095031954145,-5.9849810398304726e-05
CA,2019,0,I,Sardegna,118,6.97933717957589,7.259960274726706,7.119648727151299,3583053.0,46.692637684213224,0.2523325289780636,9.696294845110954,1860613.0,46.491447283787544,39.71301946842774,0.08067807744865785,14.298731536878893,14.390855927691584,15.8,48.22511891611636,7.390320019211159,10.555738346825326,0.05182622649913473,1.4049140900013366,189.49183355703303,88.13037823613826,0.12625919400988522,14.631583527526258,15.09172578825137,-0.007798908902975299,-0.008410560132886324,-0.00810473451792948,0.01888140070173172,0.018786534059525906,-0.0025546087344299195
CA,2020,1,I,Sardegna,118,6.973266131471246,7.253306574509229,7.1132863529902375,3723925.0,47.42707658652712,0.2449303336407375,9.712698753606423,1941001.0,49.52661759519,40.36987453103207,0.10922201641995864,14.303013979455951,14.405554007743989,13.0,46.05285880639536,7.298211729153828,11.783013530642787,0.06594776539742951,1.6260065410960802,76.89210297476745,19.24195031758226,0.057125433988527353,14.491113229758247,15.13028877754149,-0.0060710481046442055,-0.00665370021747691,-0.006362374161061446,0.014698080052404805,0.016403908495469466,0.03856298929011892
CA,2021,1,I,Sardegna,118,6.975107639199413,7.258216157667154,7.116661898433283,3711593.0,47.13692312314369,0.25332590865550214,9.703140529736721,1941001.0,44.705788345174085,40.95295913343916,0.04534473502461772,14.210150370913528,14.328341310116052,16.4,50.055898619432355,7.609446913850076,13.41454253855006,0.07467896113372352,1.6805590189188222,122.26742707545353,39.383041834239776,0.14549384182552202,14.452257213884272,15.12697172248029,0.0018415077281668246,0.004909583157925113,0.0033755454430455245,-0.07721269762793703,-0.00955822386970162,-0.00331705506119917
CA,2022,1,I,Sardegna,118,6.979845434884101,7.266066026637314,7.122955730760707,3711025.0,48.0127840599455,0.2688358310626703,9.742084796809,1941001.0,49.43068649306005,40.21692725698934,0.11098693458937002,14.295695409344063,14.426637919319788,13.9,49.19902842070954,7.547913349379282,13.677244716392652,0.08224054188277134,1.7180327090450547,177.1217790901438,72.67572422999147,0.2273105175992914,14.588913808049881,15.126818676748687,0.004737795684688351,0.007849868970160045,0.006293832327424198,0.09829660920373584,0.03894426707227794,-0.00015304573160257462
CA,2023,1,I,Sardegna,118,6.997288776962558,7.2905820984916065,7.143935437727082,3697843.0,48.887141703179694,0.2709533484164478,9.790723120932732,1941001.0,52.56566874994204,42.030761742227035,0.12658200168372571,14.342781042569822,14.507693573866824,11.4,54.624010117772926,7.594847555573292,15.451246403437583,0.08773906632812312,1.6407919659027614,192.03241998566094,83.77902883537331,0.26556959342577974,14.645884731497906,15.123260234646665,0.017443342078456325,0.024516071854292498,0.020979706966374856,0.08105565454703623,0.0486383241237327,-0.0035584421020224966
CA,2024,1,I,Sardegna,118,7.032542803381542,7.33278330873905,7.182663056060297,3752977.0,50.46281270809302,0.294928625230608,9.86088116565309,1975608.0,51.08002447113727,44.41378962987955,0.08030683894024541,14.352490699316045,14.577531396238825,8.8,47.0161877647713,7.418217418561894,19.022400224056526,0.16057123389231898,1.9667852701173731,215.32931901284897,94.74024134305783,0.37570171045394407,14.657415865352215,15.13805994966779,0.03525402641898445,0.04220121024744383,0.038727618333214586,0.06983782237200131,0.07015804472035825,0.014799715021124982
CB,2015,0,S,Molise,070,6.467015686598909,6.859838233319975,6.663426959959442,1602398.0,50.956386171793795,0.33491664157333567,9.491243061355387,972226.0,22.366486194096773,24.680966908321068,-0.032696120947442564,14.253485175775596,14.307685758791633,14.4,61.919363273417986,2.5802330951475967,2.99821766896466,0.029740082231300598,0.17094399691877724,51.721991755831944,5.444372658863593,-0.06623591929308194,14.516004187167159,14.287011815205158,-0.025053130021456482,-0.021001487796335816,-0.023027308908895705,0.008971144354823934,-0.0004433776680929924,-0.0062876132172924315
CB,2016,0,S,Molise,070,6.4641195719182445,6.857560726381689,6.660840149149968,1603931.0,50.03982405617579,0.3115902007968756,9.518856988115166,972226.0,30.765665170891282,26.203966410229103,0.06516966913332747,14.262302861817252,14.324300731606444,13.4,61.38890993666335,2.5836336611864974,3.238701048958948,0.030435822491980558,0.17436500971043073,48.67699803192404,4.705777900359535,-0.07247520798978344,14.57109013709187,14.28796804902696,-0.002896114680664752,-0.002277506938285434,-0.0025868108094737607,0.016614972814810613,0.027613926759778806,0.0009562338218014332
CB,2017,0,S,Molise,070,6.462089863508783,6.856784246660556,6.65943705508467,1602179.0,51.29401997623407,0.3230914988598773,9.543937324491825,972226.0,32.170771801854606,29.555345945212817,0.03751565637943264,14.274589284506764,14.34899161824679,14.200000000000001,60.67013468217376,2.572410254434033,3.723175506083804,0.03287100408169898,0.18438723033600843,62.08779847729619,5.4905232922562055,0.02522339996617044,14.615952632066213,14.28687513569935,-0.0020297084094611506,-0.0007764797211331498,-0.0014030940652984825,0.024690886640346577,0.025080336376658963,-0.0010929133276089686
CB,2018,0,S,Molise,070,6.459392595348696,6.854646504807828,6.657019550078262,1601672.0,51.040755676822606,0.3158678506425459,9.54099407746183,972226.0,35.03664836516673,28.60980754078703,0.09271894481583004,14.290499049859633,14.371974526989852,11.2,60.00510603325184,2.569300490479226,5.071425892800054,0.04140152875152796,0.2140213725040942,61.033286229582686,5.242624769310886,0.011269453069591245,14.609780537731918,14.286558641577601,-0.002697268160087418,-0.00213774185272797,-0.002417505006407694,0.02298290874306197,-0.002943247029994822,-0.00031649412174949987
CB,2019,0,S,Molise,070,6.447094861077457,6.8441781028294795,6.645636481953469,1563814.0,52.11512539734108,0.3326931284677764,9.559580897762487,953300.0,31.969695522823617,30.143157436479992,0.02669612070998694,14.298731536878893,14.390855927691584,11.8,57.455255479303915,2.5671188354401195,5.498457829679422,0.043415861752034664,0.22459073862915996,47.833039905418254,4.904841932175962,-0.034307945025024746,14.631583527526256,14.262638267183954,-0.012297734271238703,-0.010468401978348751,-0.011383068124793283,0.01888140070173172,0.018586820300656726,-0.023920374393647137
CB,2020,1,S,Molise,070,6.4380643159250015,6.835534243072291,6.636799279498646,1552541.0,52.56998763370848,0.3476732018854494,9.575986718494729,953300.0,30.142679055412753,35.96193519611411,-0.08609305397410284,14.303013979455951,14.40555400774399,9.7,52.643665553159224,2.43227464023371,5.757604720652461,0.03957299133560706,0.20489680479620342,50.39515630806871,2.675675901946965,-0.03183169772250594,14.491113229758247,14.255403501458773,-0.009030545152455716,-0.008643859757188288,-0.008837202454822446,0.014698080052406581,0.01640582073224195,-0.007234765725181447
CB,2021,1,S,Molise,070,6.527612843519712,6.919938247481237,6.723775545500476,1503865.0,51.57321012293089,0.33164506012376943,9.61038977548915,936353.0,22.679709162124574,28.122468474539588,-0.07185877852825757,14.210150370913528,14.328341310116052,10.5,52.734588393256494,2.8940598178657426,5.853554846541238,0.04585604866888403,0.24536400658007135,84.47511686382055,5.368922292274121,0.18302431309569708,14.452257213884272,14.223549018824897,0.08954852759471077,0.08440400440894624,0.0869762660018294,-0.07721269762793881,0.03440305699442092,-0.031854482633875136
CB,2022,1,S,Molise,070,6.51805207360193,6.9101414486237545,6.714096761112843,1501038.0,53.22298780507576,0.3564089012246804,9.644214462051957,936353.0,28.456238114567473,27.71204097525221,0.009858456614699534,14.295695409344063,14.426637919319788,11.1,40.935663550586085,2.6833887332090294,11.835892532743161,0.04625868903205491,0.24543777459448363,77.98040440738029,8.075872009773542,0.1610524501362107,14.588913808049881,14.22166742675084,-0.00956076991778243,-0.009796798857482969,-0.009678784387633144,0.09829660920373584,0.03382468656280757,-0.001881592074058247
CB,2023,1,S,Molise,070,6.5108124961299065,6.901851270555349,6.706331883342628,1495086.0,53.008854508991014,0.35052328226907326,9.696913832010884,936353.0,38.66461836524537,29.5243547074045,0.12112298527389227,14.342781042569822,14.507693573866824,8.7,41.67371780958705,2.676373105979818,10.943928011765083,0.04102541357717961,0.21789173154717933,84.45457751947256,9.632440703427056,0.12863022192914528,14.645884731497906,14.217694288236032,-0.007239577472023306,-0.00829017806840504,-0.007764877770214618,0.08105565454703623,0.05269936995892621,-0.003973138514806962
CB,2024,1,S,Molise,070,6.514741283669099,6.904021031305505,6.709381157487302,1493086.0,52.855379259216186,0.3577559890684963,9.774156714210003,936353.0,41.27377277615154,32.176090067958,0.12016476787587764,14.352490699316045,14.577531396238825,8.4,41.115338402737,2.7415611910857742,11.324220617938785,0.0450509777958115,0.23270265641757407,80.35506586405386,9.94492519130148,0.17915341014960254,14.657415865352215,14.216355677005723,0.0039287875391922356,0.002169760750155625,0.00304927414467393,0.06983782237200131,0.07724288219911912,-0.0013386112303095388
CE,2015,0,S,Campania,061,6.442929029109245,6.837000996286497,6.639965012697871,5226373.0,41.422463310964034,0.18279832661638196,9.44367764147432,2669027.0,107.75420400141537,102.65710337228754,0.05861696021862738,14.253485175775596,14.307685758791632,19.6,42.790417368038824,1.0236045608399507,2.2495318156449913,0.0057153721659980805,0.027761506798934923,32.681421639199414,6.199177357263033,-0.5078609808007368,14.51600418716716,15.469228096415431,-0.15460822246398376,-0.13639174349215732,-0.14549998297806965,0.008971144354822158,0.012333023326831949,-0.06059953380763616
CE,2016,0,S,Campania,061,6.43996447765095,6.8227919770190315,6.63137822733499,5195118.0,41.337034052418055,0.18785705570516248,9.460105179347098,2658687.0,100.63043746503557,98.18594051749497,0.027261760177652927,14.262302861817254,14.324300731606444,21.0,41.86768216429751,1.0289561604266126,2.285814586865072,0.0058075555880303074,0.028245228253317396,33.46716453777842,6.335811034372639,-0.5053466213192701,14.57109013709187,15.463229896405721,-0.002964551458295439,-0.014209019267465095,-0.0085867853628816,0.01661497281481239,0.01642753787277762,-0.005998200009710075
CE,2017,0,S,Campania,061,6.447168099535326,6.828332807195686,6.637750453365506,4739825.0,42.35562512592722,0.20334414238063106,9.477618259075697,2377395.0,106.42857310434948,101.70882823637864,0.05346406794082886,14.274589284506764,14.348991618246792,22.4,37.038590472622225,0.7439201766959664,5.592965978575681,0.006795953657813158,0.03622095909691956,32.55869977323211,4.5623609767284234,-0.5266110045738364,14.615952632066215,15.371510773158482,0.00720362188437651,0.00554083017665441,0.006372226030515904,0.024690886640348353,0.017513079728599834,-0.09171912324723941
CE,2018,0,S,Campania,061,6.442387917658576,6.821548061099601,6.631967989379088,4680112.0,42.814768048333335,0.2028544583434021,9.478299291066742,2361307.0,108.3925474063736,99.65635649200111,0.0991894077124732,14.290499049859632,14.371974526989852,19.3,36.996099167732616,0.7731794371546117,5.765883071143155,0.0072521082286208524,0.03776964026267369,41.247748998633014,8.764450486734036,-0.5060508689257256,14.609780537731918,15.358832599231404,-0.0047801818767503335,-0.006784746096085037,-0.005782463986417241,0.022982908743060193,0.0006810319910446339,-0.012678173927078262
CE,2019,0,S,Campania,061,6.442900802446793,6.821521294048772,6.632211048247782,4677735.0,42.76615390779926,0.192407140859279,9.498448318741099,2361307.0,118.14464372928506,104.27589140634191,0.1578602779418527,14.298731536878892,14.390855927691584,18.4,36.58099243095707,0.7738271225029915,5.85509805363441,0.00798557073367961,0.03827795668492115,40.62099106238602,8.406162466121279,-0.508743617804302,14.631583527526258,15.358324576381465,0.000512884788217427,-2.6767050829157313e-05,0.00024305886869324667,0.01888140070173172,0.020149027674357,-0.0005080228499387829
CE,2020,1,S,Campania,061,6.442014483687108,6.821268810843355,6.631641647265232,4662513.0,43.0498712288792,0.19672556111430567,9.513965781774433,2361307.0,118.317247494919,124.39665691420876,-0.0693893371560976,14.303013979455951,14.405554007743989,17.2,38.86236868978368,0.7982595303859873,5.93228167181788,0.009668557973937383,0.046700731838174504,19.216100414956127,1.4183884180688882,-0.5017000705389757,14.491113229758247,15.355065131134074,-0.0008863187596857003,-0.0002524832054167092,-0.0005694009825498725,0.014698080052404805,0.015517463033333456,-0.0032594452473908575
CE,2021,1,S,Campania,061,6.444011434021932,6.822312156927157,6.633161795474544,4604329.0,42.789618715440376,0.1859304659773027,9.517489913196076,2361307.0,109.26700997011234,103.87784575120247,0.06251106379980818,14.210150370913526,14.328341310116052,15.3,38.592428299431255,0.8073375327840699,8.054053119592243,0.008836441985713822,0.04694581090137875,30.015798093292183,2.8326896044152696,-0.4792192304252862,14.452257213884272,15.342507505871142,0.0019969503348242768,0.0010433460838017439,0.0015201482093125662,-0.07721269762793703,0.0035241314216438724,-0.012557625262932248
CE,2022,1,S,Campania,061,6.450423195039947,6.823845897427273,6.63713454623361,4616445.0,43.4477019372846,0.20476971138699945,9.57360054179105,2361307.0,120.89150043116952,111.14574902587353,0.11282084927213247,14.295695409344063,14.426637919319788,14.5,40.508743690865764,0.8372795423209469,7.999662916987438,0.009410906786932498,0.04884925686168367,36.674219715034965,6.229945435889443,-0.46373667720115197,14.58891380804988,15.345135486336348,0.006411761018014772,0.001533740500116565,0.0039727507590656685,0.09829660920373584,0.05611062859497373,0.002627980465206292
CE,2023,1,S,Campania,061,6.459714268753103,6.828117118986672,6.643915693869887,4619875.0,43.379683129132744,0.20388402733900293,9.629474110870033,2361307.0,132.3687665057744,118.92566038631895,0.15552192840831439,14.342781042569822,14.507693573866824,13.3,40.10779282609975,0.8321458629547595,8.732238214643147,0.010015734688114527,0.05230532595455919,39.559942777364384,7.951973382174952,-0.43546486411758534,14.645884731497906,15.345878206414838,0.009291073713156628,0.004271221559398519,0.006781147636276685,0.08105565454703623,0.05587356907898311,0.0007427200784899668
CE,2024,1,S,Campania,061,6.466189491741822,6.8314155965294345,6.648802544135629,4619416.0,44.173334617232044,0.21723264678043241,9.708095916598753,2361307.0,125.5048043658026,112.20166888205772,0.15441074120619122,14.352490699316045,14.577531396238825,9.9,39.56765844732184,0.8281780067657726,8.600322519582354,0.011289283275291178,0.05633618966334656,41.49996385009957,7.882508482473565,-0.4220538848777722,14.657415865352215,15.345778848141485,0.006475222988719054,0.00329847754276269,0.004886850265742204,0.06983782237200131,0.07862180572871935,-9.93582733528342e-05
CH,2015,0,S,Abruzzo,069,6.72540662083708,7.12305686978134,6.92423174530921,3105069.0,46.15271404514641,0.24001938721833121,9.579832961203694,1845831.0,42.79693711620808,39.991894421325526,0.037080291698523664,14.253485175775596,14.307685758791632,11.7,45.71254442470461,2.4583384635591963,5.301122635229242,0.026359094480265268,0.2669653663767017,83.60973327039063,9.163049085511828,0.1625275592647599,14.516004187167159,14.94854649532503,-0.04226840405478871,-0.043100161812553495,-0.04268428293367066,0.008971144354823934,0.01556235324635935,-0.0023594805809104002
CH,2016,0,S,Abruzzo,069,6.684105615773994,7.079006240543106,6.881555928158551,3096081.0,45.124416085303345,0.22505785673004416,9.605811172724641,1845831.0,42.00090430841732,40.82574017676362,0.015708493794326737,14.262302861817256,14.324300731606444,11.9,45.50722700927442,2.3579860704538236,5.840490860271961,0.02456203694305901,0.2626325669991433,83.40359958446552,9.784030974145146,0.1400805426110746,14.571090137091872,14.945647676140213,-0.04130100506308576,-0.04405062923823433,-0.04267581715065827,0.01661497281481239,0.025978211520946815,-0.0028988191848160483
CH,2017,0,S,Abruzzo,069,6.636506283085873,7.026936284019639,6.831721283552755,3082224.0,46.44698920948555,0.23793416465969167,9.622521629940493,1845831.0,42.968760270869325,41.373318574216526,0.021437067786820627,14.274589284506764,14.348991618246794,12.0,42.761063101389844,2.344327154136651,5.5822598207872245,0.02572529840746478,0.2692614817883516,89.19573551509222,9.614094831995496,0.11012956676294673,14.615952632066215,14.941161972299001,-0.04759933268812144,-0.05206995652346702,-0.04983464460579601,0.02469088664035013,0.016710457215852514,-0.00448570384121183
CH,2018,0,S,Abruzzo,069,6.624273483870319,7.015020150001113,6.819646816935715,3071322.0,44.611137786329714,0.22233983117859046,9.623826533400084,1845831.0,47.19360100025593,40.54111839771985,0.0904905411852952,14.290499049859632,14.371974526989852,11.3,39.49195415519561,2.2503804185710634,7.148941476727506,0.03194865633868961,0.32786374817122943,93.81361421001074,10.761480659673646,0.1680777828120864,14.609780537731917,14.93761864576618,-0.012232799215554202,-0.011916134018526314,-0.012074466617040258,0.022982908743058417,0.0013049034595908893,-0.0035433265328208563
CH,2019,0,S,Abruzzo,069,6.617520819977026,7.008428699212217,6.8129747595946215,3061659.0,46.595439526345515,0.2500891421938898,9.64623561505566,1845831.0,48.82074971932241,42.64853599007948,0.08462206572856953,14.298731536878893,14.390855927691584,13.5,38.55054997186531,2.25373583158306,8.064349072558047,0.03542971694906158,0.3420843680120094,88.89543682126727,10.157749112110046,0.18626580773887486,14.631583527526258,14.934467483877375,-0.006752663893292876,-0.006591450788895337,-0.006672057341093662,0.01888140070173172,0.022409081655576202,-0.003151161888805376
CH,2020,1,S,Abruzzo,069,6.582087967569721,6.977106954716918,6.77959746114332,3054837.0,45.33742507764231,0.22937121267069768,9.66384805172458,1845831.0,52.327009486812834,48.70782392433847,0.04986337384404679,14.303013979455951,14.405554007743989,10.9,37.55715461912074,2.3225524732707417,9.523601748316626,0.04169982090002474,0.397426207890099,62.36726391629268,3.3673540357966947,0.13340243458838583,14.491113229758245,14.932236794008913,-0.03543285240730487,-0.03132174449529934,-0.03337729845130166,0.014698080052404805,0.01761243666891943,-0.002230689868461866
CH,2021,1,S,Abruzzo,069,6.568353488160914,6.962657177330608,6.765505332745761,3032535.0,47.173183262088706,0.26547162122299767,9.657923618053706,1845831.0,46.38566290071728,43.65437137263113,0.038142351930771465,14.210150370913528,14.328341310116052,9.7,36.656694308773055,2.3224673726596596,9.359703138917746,0.04517795734897243,0.41587880037945196,84.22605005738338,6.121101911596386,0.20380833385011185,14.452257213884272,14.924909461366054,-0.013734479408807232,-0.014449777386309925,-0.014092128397559023,-0.07721269762793703,-0.005924433670873697,-0.007327332642859119
CH,2022,1,S,Abruzzo,069,6.577356282726068,6.97000331414239,6.7736797984342285,2980275.0,46.783726377012314,0.2514020231747897,9.709670260435617,1823196.0,48.64582939768539,42.58230221851845,0.07959910786069901,14.295695409344063,14.426637919319786,11.4,38.422547035949954,2.497375705629726,11.162173411631024,0.05645016479742561,0.4944163042775658,100.56299052039621,10.815621879216998,0.3213999372843225,14.588913808049881,14.90752613610307,0.009002794565154737,0.007346136811781534,0.008174465688467691,0.09829660920373406,0.051746642381910846,-0.017383325262983362
CH,2023,1,S,Abruzzo,069,6.582197543541783,6.97492455482982,6.778561049185801,2979036.0,45.3876794313853,0.22980869111679547,9.752556951271464,1823196.0,57.62277003662108,44.03249408458781,0.17927178991297002,14.34278104256982,14.507693573866824,7.199999999999999,35.08227622930463,2.4613009205796748,12.466674191192796,0.07472156642302515,0.6360606929719717,120.81448678082721,15.05360293553003,0.4156785018906491,14.645884731497906,14.907110316214546,0.004841260815714676,0.004921240687430384,0.00488125075157253,0.081055654547038,0.04288669083584651,-0.00041581988852534835
CH,2024,1,S,Abruzzo,069,6.590690570900569,6.982771089159976,6.786730830030272,3039495.0,47.48946693579489,0.2535656985062716,9.83355657005672,1862772.0,57.67267105778171,44.86894253459147,0.16919201312550736,14.352490699316045,14.577531396238825,5.8,33.530362036887844,2.478681064382381,14.671778361332187,0.11406263151926357,0.8314969170979012,116.0041695118597,15.354494058928585,0.4710298341811828,14.657415865352213,14.927201941162158,0.008493027358785987,0.007846534330155919,0.008169780844471397,0.06983782237200131,0.08099961878525619,0.02009162494761263
CI,2015,0,I,Sardegna,119,6.694701263168814,6.978669823679715,6.836685543424265,557253.0,45.02744618722462,0.21981394934131823,9.616023297255634,319325.0,61.233217719595565,54.6926530276314,0.09924085080732079,14.253485175775596,14.307685758791632,17.2,49.40270782659125,2.127401655511,8.893225718558336,0.04301236244369775,0.48302159310412635,61.88860812055619,19.90905159995001,0.17122815835661795,14.516004187167162,13.230774634813704,0.02315995170291707,0.019358728053472163,0.021259339878195505,0.008971144354822158,0.009341932520509744,-0.056012756262626695
CI,2016,0,I,Sardegna,119,6.691111646284875,6.972792082482837,6.831951864383856,532165.0,45.54372104791934,0.23054809451516214,9.628727147019328,307733.0,55.749001406954456,49.17326607779588,0.09336122697476436,14.262302861817254,14.324300731606444,20.6,54.91380715913581,2.4725017698993703,8.416495815383403,0.041870025983293195,0.520088119716962,75.36585644181166,23.06983095686116,0.1982394364109862,14.57109013709187,13.184708870613036,-0.0035896168839393283,-0.005877741196878006,-0.004733679040408667,0.01661497281481239,0.012703849763694208,-0.04606576420066766
CI,2017,0,I,Sardegna,119,6.680667160328236,6.952613665427084,6.81664041287766,527770.0,45.337299734941816,0.24358360292416414,9.638958328555788,307733.0,57.52618431128927,51.7132528163488,0.08296805174648093,14.274589284506764,14.348991618246792,21.4,55.19017903541913,2.5045256865242145,8.145678210549832,0.041870025983293195,0.52101932370288,91.68526395565542,29.870060299719427,0.22464397931058494,14.615952632066215,13.17641586172391,-0.010444485956639049,-0.020178417055753073,-0.015311451506196505,0.024690886640348353,0.010231181536459744,-0.008293008889125986
CI,2018,0,I,Sardegna,119,6.669329739063192,6.9363779077719645,6.802853823417578,522407.0,45.37595294117647,0.2166124369747899,9.628047631848661,307733.0,65.90194649377577,50.36477107160337,0.22334011213259092,14.290499049859632,14.371974526989852,17.7,51.44552788697723,2.53181731601249,10.40046641844892,0.05208724603221058,0.7022650029206013,98.76894977612585,34.38991232118434,0.25782693475463114,14.609780537731918,13.166202256548305,-0.011337421265043446,-0.016235757655119087,-0.013786589460081267,0.022982908743060193,-0.010910696707126633,-0.010213605175605878
CI,2019,0,I,Sardegna,119,6.649724459487253,6.924840831537455,6.787282645512354,516545.0,46.692637684213224,0.2523325289780636,9.644916294730633,307733.0,58.54465611818806,50.00887698767717,0.12372021330742727,14.298731536878893,14.390855927691584,16.1,48.2183758857073,2.5609761189373748,12.625922068377243,0.06958831984193144,0.8139545683876679,104.89089447716154,37.01147660895116,0.32999606044525376,14.631583527526258,13.154917688625671,-0.019605279575939605,-0.011537076234509058,-0.015571177905224332,0.01888140070173172,0.016868662881972085,-0.011284567922633215
CI,2020,1,I,Sardegna,119,6.64992868713337,6.930939599573064,6.790434143353218,491064.0,47.42707658652712,0.2449303336407375,9.642193878141974,294521.0,55.904685923861734,45.5687318461707,0.13527803978376704,14.303013979455951,14.405554007743989,12.1,47.191573842468,2.2090273449326356,16.157765649761796,0.08183139642860246,0.9666932120139733,57.35258811286285,9.464301559464273,0.2607070213702986,14.491113229758247,13.104329744514505,0.00020422764611716104,0.00609876803560816,0.0031514978408635486,0.014698080052404805,-0.0027224165886590157,-0.050587944111166294
CI,2021,1,I,Sardegna,119,6.648469765330595,6.934717344749021,6.7915935550398085,486142.0,47.13692312314369,0.25332590865550214,9.643226141339861,294521.0,50.75439518472172,46.493815427073336,0.05660413524159409,14.210150370913528,14.328341310116052,13.1,50.53725115182813,2.2270725400245044,17.014073209328647,0.0903384553254348,1.0362817051205675,86.03082654589478,21.806215583600377,0.3270189433556932,14.452257213884272,13.094256041276013,-0.0014589218027749595,0.0037777451759577474,0.0011594116865909498,-0.07721269762793703,0.0010322631978869623,-0.01007370323849166
CI,2022,1,I,Sardegna,119,6.632812790320931,6.928957500902966,6.780885145611949,484756.0,48.0127840599455,0.2688358310626703,9.676895808891631,294521.0,56.27422914091742,45.784850269501504,0.1389374060422622,14.295695409344063,14.42663791931979,12.3,48.334970016949796,2.2206460784061313,17.64731029072128,0.10616465582860025,1.0312143907175826,105.22580449739739,33.90646625941841,0.3724102165570875,14.588913808049881,13.09140095054248,-0.01565697500966401,-0.005759843846055546,-0.010708409427859777,0.09829660920373762,0.03366966755177003,-0.002855090733532961
CI,2023,1,I,Sardegna,119,6.631041710824258,6.940811882191018,6.785926796507638,480253.0,48.887141703179694,0.2709533484164478,9.722000204071964,294521.0,60.41728007308134,48.308798580021545,0.1616680960083302,14.342781042569822,14.507693573866824,11.4,46.796662333961805,2.072524594372375,19.087231380406276,0.11918943423564901,1.1537004944909997,92.65491577647556,28.321721638625338,0.38315691825797643,14.645884731497906,13.082068327357778,-0.0017710794966729893,0.011854381288052274,0.005041650895689642,0.08105565454703445,0.04510439518033316,-0.009332623184702626
CI,2024,1,I,Sardegna,119,6.682012048634226,6.983693664806869,6.832852856720548,512071.0,50.46281270809302,0.294928625230608,9.78706753459834,323448.0,61.059583535033056,53.09095925639905,0.10896326809482529,14.352490699316045,14.577531396238825,8.1,43.777302087800386,2.389569913569255,21.697862443924812,0.1800095373218332,1.5076179369100233,137.73443063210516,49.38665538493459,0.4648648949903206,14.657415865352215,13.14621856628259,0.05097033780996796,0.04288178261585074,0.04692606021290935,0.06983782237200131,0.06506733052637514,0.06415023892481209
CL,2015,0,I,Sicilia,085,6.093828202963066,6.476443654034817,6.285135928498942,2178021.0,42.62135095403836,0.2032806754613541,9.292780250816651,1420412.0,25.09960359072588,25.293213615338086,-0.002246219563549527,14.253485175775598,14.307685758791633,22.2,22.164208924768467,0.20926988931696924,2.711270505208391,0.005316810667115274,0.02221361816984186,9.04867361179748,0.7670710017335589,-0.5260682245712671,14.51600418716716,14.593927224301838,-0.006280942449191862,-0.002311569824978932,-0.004296256137084953,0.008971144354822158,0.004918088336955506,-0.030214910029261688
CL,2016,0,I,Sicilia,085,6.086489975808084,6.457458403931066,6.2719741898695744,2162475.0,42.74720391116313,0.20844158497539705,9.293477103108064,1420412.0,24.236977186762584,29.276580760412443,-0.05900754335837298,14.262302861817252,14.324300731606444,21.1,21.952422791664404,0.21298239991701384,3.4392292168834953,0.005858291342859346,0.031037492546361956,8.439247395711789,0.7674139195260592,-0.522813218241616,14.57109013709187,14.586763957027705,-0.00733822715498178,-0.01898525010375085,-0.013161738629367647,0.016614972814810613,0.0006968522914121422,-0.007163267274133744
CL,2017,0,I,Sicilia,085,6.0282587198308715,6.395767048928034,6.212012884379452,2146064.0,42.69233994157196,0.20769644867492132,9.309490541760015,1420412.0,24.097425469916505,29.4725799884272,-0.0635704579412453,14.274589284506764,14.348991618246792,17.7,19.327117548554522,0.20332460359235946,3.325581983465711,0.004308810880597163,0.03077203924929577,9.235292333350928,0.984707830711287,-0.5071863586466183,14.615952632066216,14.579146024654461,-0.058231255977212903,-0.06169135500303202,-0.05996130549012246,0.024690886640348353,0.01601343865195126,-0.0076179323732432636
CL,2018,0,I,Sicilia,085,5.993746613002168,6.365619967425067,6.179683290213617,2122563.0,43.77377781654883,0.2184602585887333,9.3219056706966,1420412.0,22.909063008173558,31.380852124792792,-0.10173272792690859,14.290499049859632,14.371974526989852,17.6,18.885400273307727,0.21000337809210987,5.033528025271679,0.007749590428630708,0.053487182710777965,9.249634989544782,1.1352031797992754,-0.4887370680928448,14.609780537731918,14.568134878705937,-0.03451210682870354,-0.03014708150296741,-0.032329594165834585,0.022982908743060193,0.012415128936584807,-0.011011145948524259
CL,2019,0,I,Sicilia,085,5.975874589373128,6.343624527568188,6.159749558470659,2094758.0,43.338953058870395,0.23105349728161415,9.345258711832399,1420412.0,21.58353088188597,33.750717408439336,-0.14895151706274287,14.298731536878893,14.390855927691584,18.3,17.87637412489891,0.2153155549725065,7.431190961564825,0.011559140152305174,0.07492595003257704,9.185707449752632,1.4031284042953305,-0.4485952811415841,14.63158352752626,14.554948591539729,-0.017872023629039724,-0.021995439856878463,-0.01993373174295865,0.01888140070173172,0.023353041135798946,-0.013186287166208288
CL,2020,1,I,Sicilia,085,5.996367950852293,6.356846102245529,6.176607026548911,2036419.0,43.75610535814634,0.21987776925390745,9.36423330202743,1392770.0,17.777737812694685,34.29193392961107,-0.17891949275405628,14.303013979455951,14.405554007743989,14.0,19.874719749870085,0.22667758547475592,10.705867784067818,0.015932017830646763,0.1129715408249765,4.792646309865038,0.4165740404168662,-0.4044816775421168,14.491113229758247,14.526703431157324,0.020493361479164918,0.013221574677340975,0.016857468078252502,0.014698080052404805,0.01897459019503067,-0.028245160382404322
CL,2021,1,I,Sicilia,085,5.9907222546306,6.3563479818948965,6.173535118262749,2024071.0,43.97324815956593,0.23138952884351688,9.379776981532704,1392770.0,17.591836171985634,27.94567534270091,-0.113997087035171,14.210150370913526,14.328341310116054,16.3,20.439074073890083,0.24371333685285765,12.220379710174555,0.016805482152466626,0.11750004833869125,7.236880891728285,0.67726073413625,-0.3712596521373245,14.452257213884273,14.52062138782562,-0.005645696221693086,-0.0004981203506329024,-0.003071908286162106,-0.07721269762793526,0.015543679505274355,-0.0060820433317037015
CL,2022,1,I,Sicilia,085,5.965439960281768,6.3372935150393035,6.151366737660536,2009863.0,44.89178061665652,0.2338871942068911,9.434948954473617,1392770.0,19.088240937409427,27.697105209062794,-0.09580025940716062,14.295695409344065,14.426637919319788,20.1,20.400719392350474,0.24433714622412706,11.834337488854453,0.01651755743141123,0.11787314181873929,8.342133318825914,1.2011941347095172,-0.3629385283980784,14.588913808049881,14.513577118508334,-0.025282294348832224,-0.019054466855592977,-0.02216838060221349,0.09829660920373406,0.05517197294091325,-0.007044269317287188
CL,2023,1,I,Sicilia,085,5.944596226265814,6.311592141872669,6.1280941840692424,1993627.0,44.196541622216394,0.2302432724948797,9.503380501921182,1392770.0,22.432767704495966,31.210147560465476,-0.09867209736478356,14.342781042569824,14.507693573866824,17.2,20.4256916677532,0.25102556672310433,11.826554953173678,0.01635667204917347,0.1229536590983781,10.989081037832017,2.0754594809721767,-0.2721918080115858,14.645884731497906,14.505466150822244,-0.020843734015953963,-0.025701373166634234,-0.02327255359129321,0.08105565454703623,0.06843154744756497,-0.008110967686089765
CL,2024,1,I,Sicilia,085,5.93741366836669,6.301649241295066,6.119531454830878,1977362.0,44.61438488891594,0.24075714711733945,9.580212399911012,1392770.0,19.90587031750446,29.854981836164967,-0.11275711666228432,14.352490699316045,14.577531396238825,13.9,20.2695002376642,0.23715862911437105,12.13919996285428,0.016020814409822778,0.12180941127039287,12.36289866208371,2.6688986826589813,-0.26623880296393815,14.657415865352215,14.49727419110668,-0.007182557899123587,-0.009942900577603275,-0.00856272923836432,0.06983782237200131,0.07683189798983037,-0.008191959715563968
CN,2015,0,NW,Piemonte,004,6.822614800969845,7.21290514955225,7.017759975261047,4286636.0,45.94846739889146,0.2545785094413764,9.77163321358715,2497775.0,85.45566616504267,64.32225779637041,0.2843469431832045,14.253485175775596,14.307685758791632,5.3,54.15175203446454,1.3676068839417226,10.934155894716572,0.04048766234388097,0.2628773507245324,63.085471923989445,25.67900756781041,0.037682145003417676,14.51600418716716,15.271012834114263,0.0007116426190574288,0.000914818578897858,0.0008132305989771993,0.008971144354822158,0.016844048125877364,0.01071756916111788
CN,2016,0,NW,Piemonte,004,6.822746324049627,7.211881122587311,7.017313723318469,4280385.0,46.33253327992292,0.2524227468308138,9.790940294651863,2497775.0,83.31771762274767,64.92521591354051,0.24808208244666774,14.262302861817254,14.324300731606444,6.3,52.99778212937486,1.3783543510512062,11.192053637330098,0.04502209708440424,0.2737830883410421,68.65982101946307,26.591296343737888,0.06272136654083332,14.571090137091868,15.269553516783455,0.00013152307978181454,-0.0010240269649388622,-0.00044625194257807976,0.01661497281481239,0.01930708106471357,-0.001459317330807508
CN,2017,0,NW,Piemonte,004,6.82094758118451,7.208458343161396,7.014702962172953,4276137.0,46.24480946738219,0.2456371798249515,9.797083463077009,2497775.0,90.11547799205047,67.72863031903115,0.30227867881502535,14.274589284506764,14.348991618246792,6.1,50.77388133376406,1.413900060978104,11.468726357634443,0.05186015313348989,0.2953774652291535,72.13710965184863,28.284664453853285,0.08423419664767773,14.615952632066215,15.268560589902881,-0.0017987428651169424,-0.003422779425914513,-0.0026107611455161717,0.024690886640348353,0.0061431684251456176,-0.0009929268805741742
CN,2018,0,NW,Piemonte,004,6.820546598826898,7.2059935781423174,7.013270088484607,4281790.0,46.878978339040856,0.258213347142958,9.802054999036743,2497775.0,99.4027326338064,64.18534437079363,0.4746772927321709,14.290499049859632,14.371974526989852,4.3,49.96780826886976,1.2632109800738387,3.8315091245947523,0.01664321469329009,0.114985037841449,76.73473927655363,28.04659630119766,-0.04401215303447617,14.609780537731918,15.26988170442564,-0.00040098235761210077,-0.002464765019078996,-0.0014328736883459925,0.022982908743060193,0.004971535959734652,0.0013211145227582932
CN,2019,0,NW,Piemonte,004,6.8176421718384494,7.202577838173313,7.010110005005881,4278623.0,46.01780169572052,0.2702130467227311,9.827086598602593,2497775.0,94.39558759245587,65.28931751827542,0.39285634558674376,14.298731536878893,14.390855927691584,4.8,48.43926352775561,1.234270279932754,3.8881485665920956,0.01591646611528864,0.11612081638638332,81.59423145486794,28.236443798362114,-0.036679974455941,14.631583527526258,15.269141786820148,-0.002904426988448172,-0.003415739969004683,-0.0031600834787255394,0.01888140070173172,0.02503159956584966,-0.0007399176054914136
CN,2020,1,NW,Piemonte,004,6.79666140738423,7.186651692069399,6.991656549726814,4285367.0,47.05912620620524,0.2704506587564488,9.841616862270458,2497775.0,101.019057235962,72.40928044212751,0.3874407162538946,14.303013979455951,14.405554007743989,4.7,47.49252103731841,1.2408914025434328,3.748153283054353,0.013178853307049933,0.10603178704555917,36.67533046791586,8.244965203651791,-0.14820124538868432,14.491113229758248,15.270716753954405,-0.020980764454219702,-0.015926146103914185,-0.018453455279066944,0.014698080052404805,0.014530263667865029,0.001574967134256866
CN,2021,1,NW,Piemonte,004,6.735982174378415,7.126699901594215,6.931341037986314,4258573.0,46.25983196219524,0.24731558696791553,9.831060154800642,2497775.0,87.82387500177646,66.69738340509082,0.2882027640332329,14.210150370913528,14.328341310116052,4.6,44.92615527409938,1.2193877212252102,16.325567929017637,0.06109122397898549,0.32489141869440014,58.490165550447905,15.461081537865555,0.13675585493998532,14.452257213884272,15.264444685602562,-0.060679233005815014,-0.05995179047518384,-0.06031551174049987,-0.07721269762793703,-0.010556707469815407,-0.006272068351842464
CN,2022,1,NW,Piemonte,004,6.72847038735012,7.117555871333212,6.923013129341666,4245695.0,47.645255061632916,0.24882389797948257,9.871554177399968,2497775.0,101.72616861211242,67.357066214182,0.46998200867924095,14.295695409344063,14.426637919319788,3.7000000000000006,45.20422119349155,1.233622943306194,16.594341073568494,0.06202515941203674,0.34147799195967604,80.3340260348351,26.673115198966965,0.1909018250779357,14.588913808049883,15.26141608635251,-0.007511787028295025,-0.009144030261002634,-0.008327908644647941,0.09829660920373584,0.040494022599325774,-0.0030285992500527215
CN,2023,1,NW,Piemonte,004,6.730324291173414,7.11924727965331,6.924785785413362,4259657.0,47.402080279373415,0.2724641834421395,9.918372162653487,2497775.0,117.66261168661197,69.83831656164621,0.6531615780671662,14.342781042569822,14.507693573866826,3.6,41.655433997274294,1.1304604594387817,17.79791136423664,0.07002744676586724,0.3686380493408664,81.3925925779756,27.90312323241699,0.2093422368108917,14.645884731497908,15.264699198572007,0.0018539038232940896,0.0016914083200978425,0.001772656071695522,0.081055654547038,0.04681798525351866,0.003283112219497397
CN,2024,1,NW,Piemonte,004,6.729499268187614,7.118363939672058,6.923931603929836,4315323.0,47.94899349206493,0.2893425599259938,9.988056374142507,2524361.0,119.74633302241887,73.31039905919582,0.6310499965164093,14.352490699316046,14.577531396238825,2.7,41.58825226489441,1.083820328362764,19.95094142180136,0.07710220115228382,0.41163960289893103,82.93235404701743,28.590799244675434,0.2425717390949415,14.657415865352213,15.277682734854588,-0.0008250229857997837,-0.0008833399812520071,-0.0008541814835254513,0.06983782237199954,0.0696842114890206,0.012983536282581198
CO,2015,0,NW,Lombardia,013,7.158961387942457,7.437624849478142,7.2982931187102995,4220697.0,43.84461982414903,0.2156335042841329,9.856813609395877,2265602.0,113.89179686232245,89.1398533188232,0.3266146637052373,14.253485175775596,14.307685758791632,7.799999999999999,51.879620096042636,1.381572379051498,2.6098274397370855,0.008488319911037235,0.06823944165353954,106.77489854685183,65.95999542325218,-0.3203112568698686,14.51600418716716,15.25551083825059,-0.0003566713100919827,-0.00137653772575419,-0.0008666045179230863,0.008971144354822158,0.011227831914608188,0.005562392593455812
CO,2016,0,NW,Lombardia,013,7.162825690354993,7.441476663637594,7.302151176996294,4217210.0,44.08271754721849,0.23341147555427577,9.873204536543135,2261619.0,115.65789218284453,95.67683560569844,0.26380432972017503,14.262302861817254,14.324300731606444,7.4,46.70823955156274,1.3529428509120394,8.063877251572112,0.0131472375698997,0.09779376617545144,121.52011973258743,75.13406981272286,-0.28726728408826957,14.57109013709187,15.254684329923702,0.0038643024125359915,0.0038518141594527933,0.0038580582859948365,0.01661497281481239,0.016390927147257983,-0.0008265083268881313
CO,2017,0,NW,Lombardia,013,7.174164718644654,7.455895064199341,7.3150298914219976,4264105.0,45.37435286638224,0.23551490523232008,9.877201537000582,2281934.0,122.08621998544525,97.00555911863616,0.3298240447008589,14.274589284506764,14.348991618246792,8.4,49.76566827603387,1.5133290379154227,10.154576261276688,0.02074902402526867,0.1472456460446486,139.11703556159475,87.04938295654836,-0.20605620970807376,14.615952632066215,15.265742869290111,0.011339028289660824,0.01441840056174648,0.012878714425703208,0.024690886640348353,0.003997000457447442,0.011058539366409548
CO,2018,0,NW,Lombardia,013,7.174557290613575,7.460117161133714,7.317337225873644,4354895.0,43.68811353971883,0.20085718399985136,9.87797226876894,2335233.0,121.07884834674978,97.72007960036228,0.30946571069399836,14.290499049859632,14.371974526989852,7.3,48.57193799630986,1.5971016703436298,14.30604825767643,0.042002320962177604,0.24726139872385622,151.89112926344788,92.0608318140269,-0.14267874278795514,14.609780537731918,15.286811057759945,0.0003925719689208407,0.004222096934372921,0.0023073344516468808,0.022982908743060193,0.0007707317683571802,0.02106818846983316
CO,2019,0,NW,Lombardia,013,7.1743805490375925,7.460461163706664,7.317420856372128,4363001.0,45.99210551342149,0.23324637851742677,9.899161388530164,2335233.0,127.79801086255175,96.6453972606749,0.41152622894487867,14.298731536878893,14.390855927691584,6.4,47.28648255881113,1.595069320427404,16.023503606658938,0.06908736191080532,0.36951575620723504,154.40096205427037,96.74300517730288,-0.12232443724693152,14.631583527526258,15.288670681305812,-0.00017674157598257523,0.00034400257294997516,8.363049848369997e-05,0.01888140070173172,0.021189119761224617,0.0018596235458669952
CO,2020,1,NW,Lombardia,013,7.174085966723629,7.458145003910095,7.316115485316861,4360552.0,46.01125869665263,0.2326385246484116,9.907941062935565,2335233.0,135.80757071699898,108.18717339016281,0.3637703778805344,14.303013979455951,14.405554007743989,5.6,47.111552385073495,1.541454226514548,18.256084507653863,0.08468283659721007,0.4463252798984258,56.06760476305676,27.73478424766671,-0.18192130900768505,14.491113229758247,15.288109212816003,-0.00029458231396350953,-0.0023161597965684066,-0.0013053710552668463,0.014698080052404805,0.008779674405401394,-0.0005614684898080924
CO,2021,1,NW,Lombardia,013,7.176002322865809,7.458573761856979,7.317288042361395,4346002.0,46.8415531193339,0.24482076892343174,9.877843036544334,2335233.0,121.36753141122018,96.43079073118697,0.32836840794825917,14.210150370913528,14.328341310116052,7.5,46.60960515978038,1.5559350962855485,19.076292968847753,0.07892334847801853,0.4103364518848999,90.43583355426117,49.68654238250187,-0.16345563642991948,14.452257213884272,15.284766899991688,0.00191635614218022,0.00042875794688335134,0.001172557044533562,-0.07721269762793703,-0.03009802639123116,-0.0033423128243157407
CO,2022,1,NW,Lombardia,013,7.18056263541914,7.463285002484741,7.321923818951941,4414340.0,45.254954987427716,0.22273986513471955,9.921621741181296,2385954.0,132.54250741536245,105.84832627624867,0.3530435824107867,14.295695409344063,14.426637919319788,6.6,40.51104594268631,1.5302298208102343,23.52055389526334,0.09297681037878729,0.4845473514557955,147.40052223080184,97.47181520861672,-0.1277600139132894,14.588913808049881,15.300368890471672,0.004560312553330448,0.004711240627762514,0.004635776590546037,0.09829660920373584,0.04377870463696176,0.015601990479984451
CO,2023,1,NW,Lombardia,013,7.182378710130269,7.46565227095256,7.324015490541415,4412082.0,45.19773075166449,0.2617128099481079,9.977468156720901,2361319.0,155.00273999802275,101.72389747761262,0.69108305833369,14.342781042569822,14.507693573866824,5.5,39.87613254968514,1.168475824178601,23.98833298141477,0.08936037035162546,0.340765086788379,146.36911745701872,91.27155204649806,-0.08403363605757731,14.645884731497906,15.299857244858249,0.001816074711129545,0.0023672684678190947,0.0020916715894738758,0.08105565454703623,0.05584641553960523,-0.0005116456134235392
CO,2024,1,NW,Lombardia,013,7.1857743964866785,7.470239607358441,7.32800700192256,4427439.0,45.67643207443132,0.24004821006738078,10.044234292967072,2365559.0,147.98844120248881,107.04111860414393,0.5301831085086208,14.352490699316045,14.577531396238825,5.4,39.6361736301883,1.2143392841924383,31.981274646848615,0.1355364361284899,0.4663939336820135,153.4870865814915,105.78645111756501,0.024584693877327795,14.657415865352215,15.303331871017393,0.0033956863564093,0.004587336405880826,0.003991511381145507,0.06983782237200131,0.06676613624617111,0.0034746261591447336
CR,2015,0,NW,Lombardia,019,6.817371438380075,7.136712699442852,6.977042068911464,1957648.0,43.84461982414903,0.2156335042841329,9.845043482468785,1098868.0,51.23403435719809,43.44990852161091,0.09888992065045228,14.253485175775596,14.307685758791633,6.9,56.325891518071316,0.932593570401964,14.754765945298445,0.018049955923287543,0.10294783817844019,64.31487304675517,26.710267905157796,-0.06812631913442467,14.516004187167162,14.487254310630181,0.009583817592436539,0.005304939127817931,0.007444378360128567,0.008971144354823934,0.014533858299733637,-0.0665823173483826
CR,2016,0,NW,Lombardia,019,6.822131349571476,7.153569350405616,6.9878503499885465,1964503.0,44.08271754721849,0.23341147555427577,9.86069933785969,1098868.0,51.20108825802722,41.67573286781489,0.12179744192832957,14.262302861817252,14.324300731606444,7.4,56.71889448141634,0.9362464636874159,13.999643772935611,0.0220563203082542,0.08736007794811632,66.35872869629337,27.603535178781822,-0.08528974995025362,14.57109013709187,14.490749845085618,0.0047599111914014,0.016856650962763453,0.010808281077082427,0.016614972814810613,0.015655855390905415,0.003495534455437266
CR,2017,0,NW,Lombardia,019,6.808210496331733,7.139773694412639,6.973992095372187,1967680.0,45.37435286638224,0.23551490523232005,9.87228473385326,1098868.0,56.18727041226003,44.20731853988163,0.15425215789976163,14.274589284506764,14.348991618246792,6.3,55.85082958286604,0.9841679081022003,14.084026376163168,0.02412624760195338,0.09772288953561391,66.74360605451366,31.983126201211356,-0.09986438675090609,14.615952632066216,14.492365741747243,-0.013920853239743458,-0.013795655992976386,-0.013858254616359922,0.024690886640348353,0.011585395993568781,0.0016158966616242054
CR,2018,0,NW,Lombardia,019,6.808911972917836,7.142203961989551,6.975557967453693,1970843.0,43.68811353971883,0.20085718399985136,9.875058897639596,1098868.0,60.31466332517116,46.6190000290269,0.1766611989263583,14.290499049859632,14.37197452698985,5.1,50.288690046295294,0.8499491057272062,15.042273650545622,0.032988085506472455,0.11160522799487937,65.57900591825856,32.65107832732628,-0.12014219980460412,14.609780537731918,14.493971927964767,0.0007014765861033112,0.002430267576912115,0.001565872081506825,0.022982908743058417,0.0027741637863361035,0.0016061862175238417
CR,2019,0,NW,Lombardia,019,6.792269923766821,7.125972275488922,6.959121099627873,1982605.0,45.99210551342149,0.23324637851742677,9.899045333867802,1098868.0,67.51940100882652,44.1251720446633,0.30261355422697406,14.298731536878893,14.390855927691584,5.0,49.88560774803082,0.8211444629967944,13.967345589571481,0.016625094444426756,0.08391503999142783,65.42902062031399,30.714828749466495,-0.1585836453463202,14.631583527526258,14.49992219451864,-0.01664204915101486,-0.016231686500629117,-0.016436867825820656,0.018881400701733497,0.023986436228206287,0.005950266553872652
CR,2020,1,NW,Lombardia,019,6.7501162339665175,7.103817107233183,6.9269666705998505,1986022.0,46.01125869665263,0.2326385246484116,9.912563492541256,1098868.0,68.0238720817646,50.65350703945785,0.2249637958734632,14.303013979455951,14.405554007743989,5.7,55.31361278802288,0.9112254949290715,14.054391154638703,0.015937016710301413,0.08610087474594379,21.905683208365485,4.947547111423188,-0.21960230964541932,14.491113229758247,14.501644201068698,-0.04215368980030387,-0.02215516825573971,-0.032154429028022236,0.014698080052404805,0.013518158673454295,0.001722006550059163
CR,2021,1,NW,Lombardia,019,6.6982535104014636,7.077981640156969,6.8881175752792165,1961124.0,46.8415531193339,0.24482076892343174,9.902232900310397,1098868.0,56.25602946552349,47.41273445760866,0.11464568654133009,14.21015037091353,14.328341310116052,5.0,55.45140800657558,0.9197219400124387,11.741841598932691,0.019102792959480707,0.0803961463887978,36.65530226317434,7.565409609188813,-0.15681624600804642,14.452257213884272,14.489028336223724,-0.05186272356505395,-0.02583546707621398,-0.038849095320633964,-0.07721269762793703,-0.010330592230859637,-0.012615864844974567
CR,2022,1,NW,Lombardia,019,6.653315323022838,7.0062584915949655,6.829786907308901,2023401.0,45.254954987427716,0.22273986513471955,9.94610820963555,1137654.0,67.6393311139803,50.815190055646525,0.2200829233514403,14.295695409344063,14.42663791931979,5.4,54.682886336086064,0.9306744347527116,13.851768019314079,0.022922737837414858,0.10116652782101881,50.42993811758194,14.628758690245382,-0.09997196945503635,14.588913808049881,14.520290316971458,-0.04493818737862565,-0.07172314856200313,-0.058330667970315275,0.09829660920373762,0.04387530932515382,0.03126198074773434
CR,2023,1,NW,Lombardia,019,6.672598358488978,7.014458814281101,6.843528586385038,2024540.0,45.19773075166449,0.2617128099481079,9.98956456238593,1137654.0,76.59689834646007,49.50462571282554,0.35316882617580214,14.342781042569822,14.507693573866824,2.6,53.54591656522658,0.9265650652041182,15.491676944107569,0.02989984383190913,0.1222247437283482,59.50470419863167,21.45697368602847,-0.05938436714269615,14.645884731497906,14.520853072224096,0.019283035466139964,0.00820032268613513,0.013741679076137103,0.08105565454703445,0.04345635275037907,0.0005627552526377144
CR,2024,1,NW,Lombardia,019,6.682264908522444,7.021699476737833,6.851982192630139,2371473.0,45.67643207443132,0.2400482100673808,10.05482020015648,1330556.0,80.22419812165155,48.984007704975106,0.40496691417047964,14.352490699316045,14.577531396238825,2.0,51.366428332357,0.9408469689978189,22.773953576793314,0.06808790082173519,0.19902224226071105,62.98115982440827,26.04269281042594,0.029212323542145934,14.657415865352215,14.679021839035721,0.00966655003346606,0.007240662456732494,0.008453606245100609,0.06983782237200131,0.06525563777054977,0.15816876681162562
CS,2015,0,S,Calabria,078,6.391808062066812,6.70819930467518,6.550003683370996,4024501.0,42.751462869030554,0.2054545694469067,9.335775316481593,2599653.0,62.832535987873506,64.51856110382718,-0.020586582231897806,14.253485175775596,14.307685758791632,22.5,46.048261913965604,7.683330717352481,5.7496324600903455,0.012131190284287144,0.37409169283495614,98.94531249330221,8.837673713908192,-0.002244703610920959,14.51600418716716,15.207911485993966,-0.008322633288893933,-0.013810988131628399,-0.011066810710261166,0.008971144354822158,0.013614950879553334,0.044806075913566445
CS,2016,0,S,Calabria,078,6.38809214822292,6.704916118244199,6.54650413323356,4060531.0,43.155481118178585,0.21038429628459032,9.355891603744361,2626278.0,59.16997782263199,66.1013180818546,-0.08509003271035637,14.262302861817254,14.324300731606444,23.7,45.921371056307215,7.750311160258439,5.9901750024512745,0.015086166735271524,0.42484978588023875,109.07913388255723,9.507449290739864,0.03998313069593034,14.57109013709187,15.216824311203228,-0.003715913843892693,-0.003283186430980578,-0.0034995501374357474,0.01661497281481239,0.02011628726276804,0.008912825209261399
CS,2017,0,S,Calabria,078,6.391580745117099,6.711502998269563,6.55154187169333,3907324.0,43.00485008658495,0.18994853240621576,9.369779438848717,2542467.0,64.11357103860503,70.29147730653456,-0.07601267333358877,14.274589284506764,14.348991618246792,21.2,46.36476635454661,7.802217096661591,5.868854561589872,0.016837820035830103,0.4432231458947157,122.68739676556848,10.745530668085527,0.03642872031125865,14.615952632066215,15.178363298676674,0.003488596894179352,0.006586880025364117,0.005037738459770402,0.024690886640348353,0.013887835104355872,-0.03846101252655387
CS,2018,0,S,Calabria,078,6.395489810718994,6.715242919577278,6.555366365148136,3893480.0,45.42228515551325,0.23751991248661616,9.369365056813425,2542467.0,68.78929736213372,70.22756707989642,-0.01775686409941318,14.290499049859632,14.371974526989852,23.5,45.32411107725594,8.135685727396844,6.168312969078056,0.01744947151865695,0.4540327242043765,128.4771301724136,12.39837001693929,0.09727149049881001,14.609780537731918,15.174813917219579,0.003909065601894746,0.003739921307714944,0.003824493454805733,0.022982908743060193,-0.0004143820352915384,-0.0035493814570948246
CS,2019,0,S,Calabria,078,6.395022498239781,6.714831543207632,6.554927020723706,3809597.0,44.4773933981426,0.2252583066217108,9.388537837227299,2495247.0,73.54553654378732,70.76516819576251,0.034405724724596624,14.298731536878893,14.390855927691584,21.4,45.81212617132831,8.619889425192762,6.209006982856571,0.01852639441920587,0.468745982122408,137.22781964523915,18.20721380560952,0.11423401054970875,14.631583527526258,15.153033967230176,-0.00046731247921272256,-0.0004113763696462769,-0.0004393444244303879,0.01888140070173172,0.01917278041387327,-0.021779949989403136
CS,2020,1,S,Calabria,078,6.365000802522562,6.687346424474876,6.5261736134987185,3796371.0,45.653628154706794,0.24602440701783637,9.394593746435557,2495247.0,74.65729933060136,91.9525380694296,-0.21477796037697625,14.303013979455951,14.405554007743989,21.9,45.744489024525976,8.023599571712838,6.996125306290178,0.028185656239777698,0.6264320945492379,77.46824950596469,3.5905487080582716,0.08726875254755506,14.491113229758245,15.149556168393579,-0.030021695717218577,-0.02748511873275561,-0.028753407224987093,0.014698080052404805,0.006055909208258825,-0.003477798836597046
CS,2021,1,S,Calabria,078,6.33515458650686,6.675211956661265,6.5051832715840625,3686051.0,44.95388301509355,0.24318755898125596,9.39074091311717,2467992.0,62.09461876331549,76.54325543552915,-0.1824208296787189,14.21015037091353,14.328341310116052,18.8,46.67004769783244,8.029250959423484,7.315134230153782,0.029199470478082985,0.6474335749694831,89.9728466391949,5.6446533918316995,0.10922467197904843,14.452257213884272,15.12006625325292,-0.029846216015702254,-0.012134467813611494,-0.020990341914655986,-0.07721269762793703,-0.003852833318386928,-0.02948991514065824
CS,2022,1,S,Calabria,078,6.3484564854643,6.687432927189686,6.517944706326993,3685727.0,45.15376991209908,0.24151544040754444,9.434886904449534,2467992.0,78.61402236154163,78.67329405470187,-0.0007485920113806921,14.295695409344063,14.42663791931979,16.0,45.849146876527186,8.061551581389478,7.73593171810708,0.03558682443828918,0.7209508401116949,119.21369867565242,12.49317991452052,0.19008587184631112,14.588913808049881,15.119978350442986,0.013301898957440272,0.012220970528421304,0.012761434742930788,0.09829660920373762,0.044145991332364076,-8.790280993409283e-05
CS,2023,1,S,Calabria,078,6.353721376132691,6.6913797302641065,6.522550553198398,3683564.0,45.33379999713014,0.22038884074598827,9.496553739135736,2467992.0,99.52978565527698,86.10281288122282,0.169774221154031,14.342781042569822,14.507693573866824,17.5,41.98032284573405,8.618795701390761,8.110324711188547,0.03377832717605114,0.5945575510198653,133.90817133595894,14.76212832871719,0.17871982572366785,14.645884731497906,15.119391319733488,0.005264890668390976,0.003946803074420302,0.004605846871404751,0.08105565454703445,0.06166683468620171,-0.0005870307094983929
CS,2024,1,S,Calabria,078,6.319797109434543,6.6579013632038215,6.488849236319182,3640634.0,45.36676449447268,0.250336525758639,9.561993479400387,2413707.0,101.90333827762987,88.87363993608537,0.158140815408058,14.352490699316045,14.577531396238827,13.599999999999998,41.90339879861624,7.371699903185198,12.880138016459846,0.07070044986558302,0.9456194345424942,121.20177620172007,17.15887796605702,0.2817303261409443,14.657415865352215,15.107668400270251,-0.03392426669814874,-0.03347836706028495,-0.03370131687921596,0.06983782237200309,0.06543974026465094,-0.011722919463236892
CT,2015,0,I,Sicilia,087,6.501642218053304,6.844020535717375,6.672831376885339,11402178.0,42.62135095403836,0.20328067546135406,9.430448305573975,6347184.0,65.60707137166717,68.65097857698065,-0.03380278097025146,14.253485175775598,14.30768575879163,16.2,39.897712271267956,1.1447965416998402,10.177033377056674,0.01690345424638728,0.2496810045095891,63.61694923245682,24.284972587047154,-0.09078838401627284,14.51600418716716,16.249314947748072,-0.05006232654284748,-0.030282070661630023,-0.04017219860223875,0.008971144354820382,0.010014105951944074,-0.020699666037192088
CT,2016,0,I,Sicilia,087,6.463662779455735,6.826374675635358,6.645018727545545,11379332.0,42.74720391116313,0.20844158497539703,9.433792252117497,6347184.0,63.55062222515035,69.69716869403732,-0.0684494291025601,14.262302861817254,14.324300731606444,18.5,40.296477681103156,1.2122494024325523,11.563454246749783,0.020706262696471793,0.2718183317218067,68.03784674583828,28.6874604223552,-0.05071404373308228,14.57109013709187,16.24730928546682,-0.037979438597568915,-0.017645860082017073,-0.027812649339794326,0.016614972814814166,0.0033439465435218807,-0.0020056622812525404
CT,2017,0,I,Sicilia,087,6.456367194311191,6.8194087501693925,6.637887972240292,11343881.0,42.69233994157196,0.20769644867492132,9.454883570370725,6347184.0,65.15770682390364,78.83770018705177,-0.1532705875655119,14.274589284506764,14.34899161824679,18.8,40.156695540192175,1.285343384003729,11.816322221391015,0.0209518129093679,0.27403157015565077,70.91301096857441,30.290482891314387,-0.024642929621856387,14.615952632066215,16.244189037572085,-0.007295585144543537,-0.006965925465965306,-0.007130755305253089,0.024690886640346577,0.021091318253228408,-0.003120247894734973
CT,2018,0,I,Sicilia,087,6.450381149102618,6.814773437645978,6.632577293374298,11345357.0,43.77377781654883,0.21846025858873333,9.459334729701489,6370404.0,69.63447758139442,82.28566425475725,-0.14874924793614724,14.290499049859632,14.371974526989854,18.9,39.67688166350741,1.2133183471579425,10.22624957631505,0.022735714631753876,0.17392332632526233,69.46707835849267,30.127658559918014,-0.054338738103000904,14.609780537731918,16.24431914330786,-0.005986045208572932,-0.0046353125234146475,-0.005310678865994234,0.022982908743063746,0.0044511593307632324,0.00013010573577432183
CT,2019,0,I,Sicilia,087,6.431253301881626,6.798287192882981,6.614770247382303,11310167.0,43.338953058870395,0.2310534972816142,9.48208897845709,6370404.0,78.7675770226461,88.77369550049958,-0.11738565230729728,14.298731536878893,14.390855927691584,16.1,39.50597728197719,1.2093213608315871,10.484297161406271,0.026126899905403345,0.1873228649685413,70.41141600260525,31.05340379900908,-0.05097966589933143,14.631583527526258,16.241212613677366,-0.019127847220992145,-0.016486244762996982,-0.017807045991994563,0.018881400701729945,0.022754248755601836,-0.003106529630493071
CT,2020,1,I,Sicilia,087,6.408150202650724,6.777390272337101,6.592770237493912,11263137.0,43.75610535814634,0.21987776925390745,9.492506231447438,6370404.0,78.1569822507424,98.38623365589108,-0.23845843662953453,14.303013979455951,14.405554007743989,16.0,39.494647368832545,1.1741429427162162,9.58539423067577,0.024652751024196357,0.1716384359256734,29.658693942587547,6.941676329255229,-0.16325964976480997,14.491113229758247,16.23704573867778,-0.02310309923090248,-0.020896920545879993,-0.022000009888390792,0.014698080052404805,0.010417252990347237,-0.004166874999587122
CT,2021,1,I,Sicilia,087,6.3563443792061,6.729891568732659,6.543117973969379,11256986.0,43.97324815956593,0.23138952884351688,9.492055353460096,6329304.0,69.31441338364476,82.4067843206377,-0.14809585390382873,14.210150370913528,14.328341310116052,15.5,40.4203495181019,1.1751253019118169,10.137381706359063,0.026803371534776813,0.1854637217595563,43.53330396841501,12.865260100111264,-0.10807943242732175,14.452257213884272,16.236499471665564,-0.05180582344462348,-0.047498703604442305,-0.04965226352453289,-0.07721269762793703,-0.0004508779873422242,-0.0005462670122149405
CT,2022,1,I,Sicilia,087,6.3506378722540004,6.723996823305333,6.537317347779666,11251927.0,44.89178061665652,0.2338871942068911,9.548477906597913,6291855.0,69.41928281358133,76.26205150439777,-0.07320587518794598,14.295695409344063,14.42663791931979,16.3,39.2122934676252,1.1116465544222476,9.44329446047313,0.025882212145346556,0.1755685539324202,60.48201966657318,24.178729371216736,-0.06170231094548875,14.588913808049881,16.236049960835324,-0.0057065069520998435,-0.005894745427325709,-0.0058006261897132205,0.09829660920373762,0.056422553137817744,-0.0004495108302400297
CT,2023,1,I,Sicilia,087,6.320349434727959,6.695689302367735,6.5080193685478465,11262254.0,44.196541622216394,0.23024327249487972,9.612606012825536,6329304.0,77.01320451763786,85.34789870541005,-0.09401737379445956,14.342781042569822,14.507693573866824,15.3,36.77681110022883,1.1296456525547358,9.012005749713376,0.026152905384067244,0.18225873882187021,77.37996035121029,33.97660525727762,0.0014964588303220568,14.645884731497908,16.236967338262847,-0.03028843752604171,-0.028307520937597808,-0.02929797923181976,0.08105565454703445,0.06412810622762244,0.0009173774275232915
CT,2024,1,I,Sicilia,087,6.279528338731563,6.658108190457005,6.468818264594284,11232268.0,44.61438488891594,0.24075714711733948,9.68294327119881,6329304.0,75.62269830744003,80.79206455575701,-0.05840554908596024,14.352490699316045,14.577531396238824,12.5,33.167342302611495,1.0528538506991931,8.668028706089531,0.02288382245129657,0.15097248930056528,81.17793232687048,38.845341700486614,-0.009985054124728759,14.657415865352215,16.234301265361935,-0.04082109599639594,-0.03758111191072988,-0.039201103953562466,0.06983782237199954,0.07033725837327509,-0.002666072900911587
CZ,2015,0,S,Calabria,079,6.529082037032402,6.774915337320867,6.651998687176634,2746114.0,42.75146286903055,0.2054545694469067,9.402119073961002,1558230.0,39.903756666709825,45.029435378330206,-0.08017734755423545,14.253485175775596,14.307685758791632,22.4,62.7006617785916,8.406719767846942,4.142728579283676,0.008794837681968249,0.0998429920790519,94.71688833948822,25.68259579564363,0.030308285518195373,14.51600418716716,14.825697379379141,0.006758747538534671,0.010230702028295013,0.008494724783414398,0.008971144354822158,0.010951561900034434,-0.0028250943290082375
CZ,2016,0,S,Calabria,079,6.527274458426745,6.77529576739616,6.651285112911452,2741208.0,43.155481118178585,0.21038429628459032,9.417336289000367,1558230.0,43.91436794987951,42.86768015446395,0.016423408242088062,14.262302861817254,14.324300731606444,19.0,62.740376081058194,8.35418836209145,4.458411996154306,0.010409073566347543,0.10688613802361886,95.33380020188757,21.564566175316724,0.04603879264926415,14.57109013709187,14.823909257119432,-0.0018075786056570564,0.00038043007529253714,-0.0007135742651813715,0.01661497281481239,0.015217215039365684,-0.0017881222597093682
CZ,2017,0,S,Calabria,079,6.524227206138748,6.774498168660198,6.6493626873994724,2735700.0,43.00485008658495,0.18994853240621576,9.429847751673707,1558230.0,47.93015950063732,48.128410768644834,-0.003123129377989413,14.274589284506764,14.348991618246792,19.4,62.225154987499835,8.268036202671412,4.167358547322189,0.011213790082152253,0.13166438431568925,108.75268859577547,17.083865951065007,0.08107199931155784,14.615952632066213,14.821897902589866,-0.003047252287997182,-0.0007975987359616354,-0.0019224255119798528,0.024690886640348353,0.01251146267333958,-0.002011354529566134
CZ,2018,0,S,Calabria,079,6.528263792125634,6.773905143759908,6.651084467942772,2758242.0,45.42228515551326,0.2375199124866162,9.411183542913802,1590325.0,52.42600660485374,53.42785525122942,-0.016244391174043596,14.290499049859632,14.371974526989852,20.1,61.18205254980672,7.649886967806076,4.343817960427147,0.013276035362836943,0.15883476487751305,120.54240342630837,27.732897836793335,0.12445318135316245,14.609780537731918,14.830104078228606,0.0040365859868867204,-0.0005930249002901178,0.0017217805432991895,0.022982908743060193,-0.01866420875990471,0.008206175638740376
CZ,2019,0,S,Calabria,079,6.514514666857145,6.760796351739115,6.63765550929813,2905265.0,44.4773933981426,0.2252583066217108,9.437832460286582,1679778.0,46.153502915288456,54.21530277177094,-0.13045739574701098,14.298731536878893,14.390855927691584,20.7,61.12073931144312,6.975210768514231,4.3721426753716575,0.012986359240538826,0.15576305918189207,108.84004553511569,25.498022041583834,0.11869373557245462,14.631583527526258,14.882035166138653,-0.013749125268489593,-0.013108792020792848,-0.01342895864464122,0.01888140070173172,0.02664891737278019,0.05193108791004697
CZ,2020,1,S,Calabria,079,6.514140175971142,6.7601077032664305,6.637123939618786,2889789.0,45.653628154706794,0.24602440701783634,9.447774529625303,1679778.0,43.564282056849166,60.12500885654683,-0.26952675993774744,14.303013979455951,14.405554007743989,18.1,62.53035895699763,6.979841080554152,4.89775682129206,0.014549857924862842,0.16264857899172003,49.60524129216114,3.018459356548905,0.006148503017148767,14.491113229758247,14.876694047042605,-0.00037449088600283176,-0.0006886484726846831,-0.0005315696793442015,0.014698080052404805,0.009942069338720216,-0.005341119096048175
CZ,2021,1,S,Calabria,079,6.5178288634504575,6.766279274579481,6.64205406901497,2791862.0,44.95388301509355,0.24318755898125594,9.470113744020063,1623695.0,34.826153384412166,45.973224787764266,-0.17494321482520803,14.210150370913528,14.328341310116052,16.8,61.22988872384715,7.362150712405196,5.01865132835387,0.013387904340591195,0.14605239701906916,68.27483673463398,6.904066569858902,0.022356501831989783,14.452257213884273,14.842219314708752,0.003688687479315611,0.00617157131305035,0.004930129396183425,-0.07721269762793703,0.022339214394760276,-0.03447473233385345
CZ,2022,1,S,Calabria,079,6.511009689384706,6.7613151188144105,6.636162404099558,2811744.0,45.15376991209908,0.24151544040754444,9.509974207922589,1647683.0,42.66520661524303,50.146003921576586,-0.1202994692050545,14.295695409344063,14.426637919319788,13.6,60.50126794102865,7.278418648410488,5.722653046690626,0.020618446494448515,0.19713178718899838,82.16073226046396,10.970817177403472,0.10959592094112029,14.588913808049883,14.849315489361617,-0.006819174065751277,-0.004964155765070366,-0.0058916649154117096,0.09829660920373584,0.03986046390252618,0.0070961746528652725
CZ,2023,1,S,Calabria,079,6.51107463046923,6.757845861545918,6.634460246007574,2834206.0,45.33379999713014,0.22038884074598827,9.565479447281858,1679778.0,51.268646573852244,55.39511753047708,-0.06788278405123498,14.342781042569822,14.507693573866824,14.9,54.726419467032635,6.702822042129955,6.011363591990833,0.026912808304196338,0.26504896163225605,86.17240489562435,17.89683142752995,0.14433934189481817,14.645884731497906,14.857272385370173,6.494108452415048e-05,-0.003469257268492676,-0.0017021580919838186,0.08105565454703623,0.05550523935926854,0.007956896008556313
CZ,2024,1,S,Calabria,079,6.498183729506826,6.756641447693185,6.627412588600005,2885102.0,45.36676449447268,0.250336525758639,9.644979814618178,1707158.0,52.51276657205116,50.03729880022301,0.03973148568598063,14.352490699316045,14.577531396238824,15.7,59.900135670466625,7.418837563087605,9.707790907180295,0.046623113950715694,0.44925525142695244,96.65462902349249,19.2897969275733,0.27053849601558644,14.657415865352215,14.875070812585315,-0.01289090096240475,-0.001204413852732955,-0.007047657407569297,0.06983782237199954,0.07950036733632082,0.017798427215142354
EN,2015,0,I,Sicilia,086,6.4824689099375234,6.7936566263597085,6.6380627681486155,1736267.0,42.62135095403836,0.2032806754613541,9.272721305866133,1253397.0,14.233879683368425,20.75352300917871,-0.08001615303923217,14.253485175775596,14.307685758791632,21.5,35.77391461076406,0.6293831304388807,5.29020959352362,0.010684162151102124,0.05402311258098941,24.35509107175927,8.853653912914519,-0.4159538378104343,14.51600418716716,14.367247964219459,0.01837847276086979,0.013255319302537316,0.015816896031703997,0.008971144354822158,0.0027830064694480683,-0.0031190741218480866
EN,2016,0,I,Sicilia,086,6.470905592067645,6.787414596738925,6.629160094403285,1503227.0,42.74720391116313,0.20844158497539705,9.272178766649398,1093187.0,15.183314154887505,21.244013360164846,-0.07707492088993284,14.262302861817254,14.324300731606444,19.8,37.25209761003549,0.6439983626008972,5.719811519817185,0.010159488198237249,0.05333068871565445,25.995666713222764,9.477510446028662,-0.4123922035693529,14.57109013709187,14.223124688601828,-0.011563317869878631,-0.0062420296207834625,-0.008902673745330603,0.01661497281481239,-0.0005425392167346388,-0.1441232756176305
EN,2017,0,I,Sicilia,086,6.451336288411614,6.769663205409666,6.61049974691064,1376288.0,42.69233994157195,0.20769644867492132,9.28486460689268,1017845.0,15.331432074492685,24.560586315524624,-0.11997289719329263,14.274589284506764,14.348991618246792,24.7,34.340622382459,0.5799074065668187,6.495168565434023,0.01355227487204898,0.07031857209199818,24.442200297290203,9.75416362308149,-0.41971580274680115,14.615952632066215,14.134900577900332,-0.019569303656030712,-0.017751391329259292,-0.018660347492645002,0.024690886640348353,0.012685840243282342,-0.08822411070149627
EN,2018,0,I,Sicilia,086,6.441616478185128,6.760501590325318,6.601059034255223,1358691.0,43.77377781654883,0.21846025858873333,9.292037236201976,1017845.0,15.306095812039821,25.524778689418845,-0.13446856006665417,14.290499049859632,14.371974526989852,21.6,31.060118395767265,0.5978649968400035,9.510404445732284,0.015936722795137425,0.08776664828892766,25.638380618277235,10.634630992691768,-0.39128180804315893,14.609780537731918,14.122032294211673,-0.00971981022648638,-0.009161615084347652,-0.009440712655417016,0.022982908743060193,0.0071726293092950755,-0.012868283688659332
EN,2019,0,I,Sicilia,086,6.444547728223937,6.764882798419287,6.604715263321612,1338667.0,43.338953058870395,0.23105349728161417,9.3289743990959,1013831.0,17.81784745791781,25.96094533757227,-0.10748545450437247,14.298731536878893,14.390855927691584,23.6,30.42541372851566,0.6020313883331481,11.178657680563086,0.022507187351868716,0.12043304751798109,26.417509780466467,10.317550419674829,-0.35079902435718935,14.631583527526258,14.107184900689546,0.002931250038809452,0.004381208093969136,0.003656229066389294,0.01888140070173172,0.036937162893924125,-0.014847393522126495
EN,2020,1,I,Sicilia,086,6.43197870603587,6.764601421685468,6.598290063860669,1261304.0,43.75610535814634,0.21987776925390745,9.339988370259857,964440.0,15.337469367511929,27.930450066370653,-0.1567733131988841,14.303013979455951,14.405554007743989,17.1,30.142964508555856,0.6272510584799594,11.83457724644836,0.023786012844031208,0.12524378716121704,9.993721694664645,1.942903129225306,-0.37262887069121386,14.491113229758247,14.047656664401423,-0.012569022188067436,-0.0002813767338194495,-0.0064251994609429985,0.014698080052404805,0.011013971163956526,-0.05952823628812354
EN,2021,1,I,Sicilia,086,6.2329513710825,6.587218826350657,6.4100850987165785,1243326.0,43.97324815956593,0.23138952884351688,9.349647490212485,964440.0,15.813234212413828,24.463940538500744,-0.10911829488453073,14.210150370913528,14.328341310116052,18.2,30.17448917346502,0.6133538500665884,11.933036212363545,0.023786012844031208,0.12714126210649593,16.385200076888673,3.791737637856396,-0.3269423270017639,14.452257213884272,14.03330060481117,-0.19902733495337,-0.1773825953348105,-0.18820496514409069,-0.07721269762793703,0.009659119952628359,-0.014356059590252102
EN,2022,1,I,Sicilia,086,6.159413980491022,6.522892461689186,6.341153221090105,1235418.0,44.89178061665652,0.2338871942068911,9.403024769150989,964440.0,20.19337800883002,23.992452866717873,-0.04837048508807278,14.295695409344063,14.426637919319788,13.0,21.833053558371667,0.5490994067127032,12.822173823029358,0.026957721528183556,0.14699327954761757,25.790729228131728,8.791579731459347,-0.27831565700329425,14.588913808049883,14.02691993231749,-0.07353739059147735,-0.06432636466147112,-0.06893187762647379,0.09829660920373584,0.053377278938503636,-0.0063806724936803505
EN,2023,1,I,Sicilia,086,6.144164695390301,6.508639875257735,6.326402285324018,1222184.0,44.1965416222164,0.23024327249487972,9.467615597014683,964440.0,20.829048022000983,26.68346319756078,-0.07547409699662988,14.34278104256982,14.507693573866824,13.9,21.12927300303707,0.5533365079645164,7.6834432957538485,0.027169659027639965,0.1399664555855549,37.04849492923722,14.431374433481006,-0.1620519384039149,14.645884731497906,14.01614998021015,-0.015249285100721544,-0.014252586431450887,-0.014750935766087103,0.08105565454703623,0.06459082786369486,-0.01076995210734033
EN,2024,1,I,Sicilia,086,6.148412959984266,6.511132983947478,6.329772971965872,1211797.0,44.61438488891594,0.24075714711733945,9.554697634208425,964440.0,23.512222004195866,27.17188337568814,-0.04759459357485457,14.352490699316045,14.577531396238825,10.5,20.430279642177222,0.532503749509289,8.505421193501487,0.030920509051721664,0.16203936017965248,38.19359306864643,15.156038151099457,-0.14708607722762815,14.657415865352215,14.007614939833912,0.00424826459396499,0.00249310868974284,0.003370686641854803,0.06983782237200131,0.08708203719374197,-0.008535040376237646
FC,2015,0,NE,Emilia Romagna,040,7.2139354852756785,7.456046128466815,7.334990806871247,4142694.0,45.17727986968235,0.2389416703214084,9.712117447527822,2132306.0,47.49905955484369,37.43146227542276,0.11700993588751356,14.253485175775596,14.307685758791632,6.2,50.35853760179442,15.386469558323746,7.415070770008304,0.1501108700202799,0.48481784973271524,368.13887603579406,60.42461766982065,0.422108227406451,14.51600418716716,15.236856858809704,-0.008416921773278574,-0.01403304819956741,-0.011224984986423436,0.008971144354822158,0.013419276648601652,-0.013261444135556744
FC,2016,0,NE,Emilia Romagna,040,7.2072737041003,7.44178668720569,7.324530195652995,4291089.0,46.91869890567379,0.2718688824740246,9.733177065081982,2218289.0,46.86083980201364,36.96350725762283,0.11519964631117278,14.262302861817254,14.324300731606444,7.5,50.21955642778357,14.502555534130272,7.362307325788821,0.3340555937165781,1.161868458812273,398.9554703314778,63.70189588831423,0.4937543853175842,14.57109013709187,15.272051104844563,-0.006661781175378856,-0.01425944126112455,-0.010460611218251259,0.01661497281481239,0.02105961755415997,0.03519424603485888
FC,2017,0,NE,Emilia Romagna,040,7.200810136943427,7.427229205902587,7.314019671423007,4300465.0,45.39548356991194,0.24311235269202672,9.74552206011984,2222978.0,50.932093593867236,35.549350424129706,0.17983843287476245,14.274589284506764,14.348991618246792,7.0,49.056874603459434,13.577864496276128,9.953075378409627,0.400516017228494,1.2034218675089439,417.03236062089684,64.60643502544282,0.4758403557314351,14.615952632066215,15.274233714352016,-0.006463567156872685,-0.014557481303103081,-0.010510524229988327,0.024690886640348353,0.012344995037857132,0.0021826095074537477
FC,2018,0,NE,Emilia Romagna,040,7.192956678898249,7.418271693249091,7.30561418607367,4309434.0,45.80809694420328,0.24886364470096234,9.750006498060909,2222978.0,57.88235120393074,35.366446086652175,0.26373222556051223,14.290499049859632,14.371974526989852,4.8,48.66198430942451,13.561822216348965,10.571756666614942,0.41086096409915523,1.2569186356658968,421.171070965733,64.06114678962247,0.4607988463828993,14.609780537731918,15.276317130950575,-0.007853458045177675,-0.008957512653496202,-0.008405485349337383,0.022982908743060193,0.0044844379410697854,0.0020834165985590403
FC,2019,0,NE,Emilia Romagna,040,7.183059254495774,7.405793501050372,7.294426377773074,4341898.0,45.57860644980555,0.23634173735933547,9.777333991231004,2227667.0,58.136250541338335,34.687962822998536,0.27383482890199173,14.298731536878893,14.390855927691584,5.5,47.90990405948184,13.51132700313435,9.902867820654611,0.41443259881321387,1.2778010367964343,421.27203957810724,62.1041753216838,0.46348355677359093,14.631583527526258,15.283822137665863,-0.00989742440247543,-0.01247819219871893,-0.011187808300595847,0.01888140070173172,0.02732749317009464,0.007505006715287976
FC,2020,1,NE,Emilia Romagna,040,7.1775513787613034,7.397579894938219,7.287565636849761,4342845.0,45.93455298187041,0.22835420416460775,9.792837533640093,2227667.0,62.138194120386636,39.19460155450324,0.2685863773346354,14.303013979455951,14.405554007743989,5.3,46.6938759403479,12.876536385762456,11.149729382098117,0.3305789214937552,1.138335112907546,250.8087410444315,18.158290919621034,0.38563647702042986,14.491113229758247,15.284040221264597,-0.005507875734470424,-0.008213606112152938,-0.006860740923312569,0.014698080052404805,0.015503542409089022,0.00021808359873354277
FC,2021,1,NE,Emilia Romagna,040,7.174724713028592,7.39133799053203,7.283031351780311,4312936.0,45.530902463034984,0.2245318350724371,9.783970120194475,2227667.0,53.328534003695374,35.105973910252104,0.2151678244533045,14.210150370913528,14.328341310116052,5.5,46.19291505757762,13.30123862647227,11.77178870494715,0.38724084902740713,1.2380563739205843,351.2334002104587,36.55462514231748,0.4949534520478727,14.452257213884272,15.277129436660621,-0.0028266657327113975,-0.006241904406189214,-0.004534285069450306,-0.07721269762793703,-0.0088674134456177,-0.0069107846039759835
FC,2022,1,NE,Emilia Romagna,040,7.173392372469267,7.389803563692801,7.2815979680810345,4295220.0,45.21694193113748,0.2245251309839649,9.822010179580568,2227667.0,59.41357385119319,38.730668293468916,0.24387808308829628,14.295695409344063,14.426637919319788,4.1,45.71487641875067,12.999642770495562,12.172165130449462,0.43185837632316065,1.3890972178380803,429.09471673785305,59.633727346417594,0.547018042352078,14.588913808049881,15.273013334440245,-0.0013323405593252957,-0.0015344268392292193,-0.0014333836992763693,0.09829660920373584,0.038040059386093006,-0.00411610222037595
FC,2023,1,NE,Emilia Romagna,040,7.172918666567908,7.394361709719225,7.283640188143566,4297520.0,48.628550905757784,0.2633690663352165,9.866653488497466,2227667.0,65.44104631876681,39.42689927380178,0.3058492457792627,14.342781042569822,14.507693573866824,5.2,45.383163886979624,12.96667728291578,12.965936312026665,0.46210721671193156,1.4500710877324607,428.9840205928357,61.08046931654183,0.5691848535344441,14.645884731497906,15.27354867009684,-0.0004737059013590894,0.004558146026424126,0.002042220062531186,0.08105565454703623,0.04464330891689805,0.0005353356565951373
FC,2024,1,NE,Emilia Romagna,040,7.188062796911245,7.41246588465456,7.300264340782903,5186199.0,46.00157687813727,0.2382610638505664,9.936473668105107,2692638.0,60.332816682616325,33.915838032339344,0.3035777424971761,14.352490699316046,14.577531396238824,3.4000000000000004,45.80651253915234,13.940678522537134,12.5246256095386,0.49754855838255174,1.5666116482269674,466.1093205782745,71.51930025358897,0.5912995404831409,14.657415865352215,15.461511616885998,0.015144130343337281,0.01810417493533567,0.01662415263933692,0.06983782237199954,0.06982017960764075,0.18796294678915793
FE,2015,0,NE,Emilia Romagna,038,6.636524030989983,6.962927014216363,6.799725522603173,4511366.0,45.17727986968235,0.23894167032140842,9.726195806391353,2913332.0,48.39043198094976,34.48694631492724,0.1449954982111417,14.253485175775596,14.307685758791632,12.3,39.31575478807872,1.953441639229938,14.797085520741922,0.051818155751785125,4.198520160089978,141.1481825633,43.97089655337882,0.15054506375499563,14.516004187167162,15.322110548102591,-0.05756180450195458,-0.041354765838666374,-0.049458285170310035,0.008971144354822158,0.017099589529706805,-0.012408930088414039
FE,2016,0,NE,Emilia Romagna,038,6.634209051744847,6.961045302145328,6.797627176945087,4484493.0,46.91869890567379,0.2718688824740246,9.74303557851381,2913332.0,44.19899067297722,36.75276821833062,0.07868457348865336,14.262302861817252,14.324300731606444,10.6,37.454755973098564,1.895676356135072,14.806720625128621,0.05791787104783832,5.456200507451811,145.94610243571097,44.98949258977194,0.15258088515637022,14.57109013709187,15.316136003606877,-0.0023149792451357953,-0.0018817120710350466,-0.002098345658085421,0.01661497281481239,0.016839772122457575,-0.00597454449571444
FE,2017,0,NE,Emilia Romagna,038,6.626863743640986,6.952082774128279,6.789473258884633,4582042.0,45.39548356991194,0.2431123526920267,9.75593050189188,2991152.0,43.8831368604599,39.823145913698376,0.043353750552022674,14.274589284506764,14.34899161824679,9.5,38.34510665107387,1.9321184895807821,15.25951005614515,0.6715670895081994,5.733649879863612,156.5560435817974,49.95014652451849,0.1596759776335352,14.615952632066213,15.337655308256492,-0.007345308103860582,-0.00896252801704911,-0.008153918060454401,0.024690886640346577,0.012894923378070189,0.02151930464961538
FE,2018,0,NE,Emilia Romagna,038,6.617330237793204,6.942232799157989,6.7797815184755965,4575174.0,45.80809694420328,0.24886364470096234,9.756745154686532,2991152.0,56.529487857976456,38.74065789236538,0.19211508967869284,14.290499049859633,14.371974526989852,9.1,40.52473149920656,2.009549891575471,15.837932622338645,0.6485321254615194,5.509167044518739,155.70436182727894,50.22312591149405,0.1698626218203443,14.609780537731918,15.336155288755416,-0.009533505847782564,-0.009849974970289388,-0.00969174040903642,0.02298290874306197,0.0008146527946522042,-0.0015000195010763662
FE,2019,0,NE,Emilia Romagna,038,6.600773055266922,6.925246448903022,6.763009752084971,4617809.0,45.57860644980555,0.2363417373593355,9.78877782221025,3018427.0,54.95039869153379,37.07081946637562,0.19411264416053028,14.298731536878895,14.390855927691584,8.7,41.34468552904254,1.8951470180947059,18.922729787250503,0.6497753594591444,5.605717806273625,142.01785413416303,44.232948903703736,0.174930083747612,14.631583527526258,15.345430908145175,-0.0165571825262818,-0.01698635025496742,-0.016771766390625942,0.01888140070173172,0.03203266752371725,0.009275619389759626
FE,2020,1,NE,Emilia Romagna,038,6.585339889366689,6.909373043513699,6.747356466440195,4609259.0,45.93455298187041,0.22835420416460775,9.80417564559354,3018427.0,59.29441044200316,41.89951384690167,0.1904240817527723,14.303013979455951,14.405554007743989,6.8999999999999995,39.74651254025406,1.8380128223717438,19.937480057677405,0.6344475565228501,5.499838503973969,88.64903262749685,13.398333832734378,0.1663351092043647,14.491113229758245,15.343577664526055,-0.015433165900232915,-0.015873405389323025,-0.01565328564477575,0.014698080052404805,0.015397823383290543,-0.001853243619120093
FE,2021,1,NE,Emilia Romagna,038,6.577235521043939,6.902222489098952,6.739729005071445,4575499.0,45.530902463034984,0.2245318350724371,9.798198180679769,3018427.0,50.80361691315003,38.50423185211224,0.13625472300301114,14.210150370913526,14.328341310116052,7.3,33.577565500967125,1.7378913528185795,24.189466327749045,0.586438285820869,4.9461924172811464,119.6307774030617,26.23356144612597,0.16528966737869014,14.452257213884273,15.336226321782197,-0.00810436832275041,-0.007150554414747212,-0.0076274613687496995,-0.07721269762793703,-0.005977464913771158,-0.007351342743858069
FE,2022,1,NE,Emilia Romagna,038,6.572960426827751,6.8978520488479775,6.735406237837863,4536332.0,45.21694193113748,0.22452513098396487,9.833247085909433,3018427.0,60.256394278170575,39.00711966718279,0.23639412129384382,14.295695409344063,14.426637919319788,8.3,33.041522424372715,1.7547622700993712,23.330262459718085,0.5908805660022695,4.974319232387959,141.48213472213888,40.183887955531,0.17378993929916,14.588913808049883,15.327629313951162,-0.004275094216187547,-0.004370440250974106,-0.004322767233581715,0.09829660920373584,0.03504890522966342,-0.008597007831035341
FE,2023,1,NE,Emilia Romagna,038,6.571703348153087,6.897147845709762,6.734425596931424,4533719.0,48.628550905757784,0.2633690663352165,9.87357351050434,3018427.0,70.78089839468329,42.31949136244284,0.31850161192106075,14.342781042569824,14.507693573866826,5.6,35.0768929666336,1.7151786770400208,21.53865402505501,0.5125965343969648,4.308282760234115,146.94210139325162,44.532746799040446,0.23676003865118703,14.645884731497906,15.327053131949034,-0.0012570786746639584,-0.0007042031382153979,-0.000980640906439234,0.081055654547038,0.040326424594907095,-0.0005761820021277231
FE,2024,1,NE,Emilia Romagna,038,6.575980046246384,6.897189201962411,6.736584624104398,4535640.0,46.00157687813727,0.2382610638505664,9.945751700869767,3018427.0,67.60960512912688,40.44719368228858,0.303840716853896,14.352490699316046,14.577531396238825,4.9,36.91802290070458,1.736764582667669,20.297246951455513,0.5251053105841382,4.369978639611154,153.56116241593088,50.05526889611735,0.24504224727078253,14.657415865352217,15.327476756160785,0.004276698093296893,4.135625264911624e-05,0.002159027172973893,0.06983782237199954,0.0721781903654275,0.0004236242117503508
FG,2015,0,S,Puglia,071,6.716798553183834,7.024615884261454,6.870707218722644,3245889.0,43.932451498849154,0.2425595978053792,9.292707386934001,1711339.0,41.77153366278829,48.07508502035192,-0.07344184071609142,14.253485175775596,14.307685758791632,19.1,36.99832440330483,8.981298089553354,9.566621588113346,0.1035183387229769,3.0433095967720023,298.18278851248755,56.88104541771566,0.23780494824083814,14.51600418716716,14.992899830538523,-0.021413494279864054,-0.021206840269946348,-0.021310167274904757,0.008971144354820382,0.0003120481348268811,-0.007929930072664959
FG,2016,0,S,Puglia,071,6.697738380716563,6.998986058372182,6.848362219544372,3227542.0,42.894296061629696,0.22280959387174853,9.30857763306047,1711339.0,36.39757181498161,48.545453378547194,-0.1419686575645634,14.262302861817254,14.324300731606444,20.300000000000004,35.148237789975994,9.480407275868698,10.803909089882968,0.10991351522663735,2.7752102101057563,312.19369449626004,61.792582972435056,0.24366393664594413,14.57109013709187,14.98723141478635,-0.01906017246727032,-0.025629825889271984,-0.02234499917827204,0.01661497281481239,0.015870246126468146,-0.005668415752172251
FG,2017,0,S,Puglia,071,6.671688801892068,6.976529956675189,6.8241093792836285,3211332.0,42.85513302328344,0.2099518811291477,9.328858185056898,1711339.0,42.58708266814895,50.744847506900925,-0.09570032876067645,14.274589284506764,14.348991618246792,15.400000000000002,33.054934339538214,9.071769937935075,11.51934353181625,0.12985826614773885,3.147883483855542,318.4792950559788,60.0080488729446,0.24895768993930828,14.615952632066215,14.982196362307928,-0.026049578824495434,-0.02245610169699308,-0.02425284026074337,0.024690886640348353,0.020280551996428642,-0.005035052478422841
FG,2018,0,S,Puglia,071,6.650562752134523,6.953541040707644,6.8020518964210845,3191664.0,44.916699614995274,0.222716961238745,9.329878017391698,1711339.0,44.19627962705396,52.350804459651236,-0.09637533250915505,14.290499049859632,14.371974526989852,13.0,31.98523125056101,9.181499711416343,12.239989819606329,0.13848647576020995,3.3003611321076862,321.370043076775,64.47648177373193,0.2593296053950374,14.609780537731918,14.976052968853386,-0.021126049757544507,-0.022988915967545154,-0.022057482862543942,0.022982908743060193,0.0010198323347996308,-0.0061433934545416236
FG,2019,0,S,Puglia,071,6.6464097154195905,6.953028999167551,6.79971935729357,3169332.0,44.44889743063807,0.22464109637209043,9.352513001097456,1711339.0,45.123866384897205,54.96278674607647,-0.11743007290175281,14.298731536878893,14.390855927691584,11.8,31.112327393138766,8.946880573739225,14.191556943631536,0.1584797501733107,3.5899851029938605,331.6368878238885,70.02030117786322,0.2881865358612415,14.631583527526258,14.969031398095664,-0.004153036714932945,-0.0005120415400927669,-0.0023325391275141882,0.01888140070173172,0.02263498370575867,-0.007021570757721918
FG,2020,1,S,Puglia,071,6.625153788284698,6.933619946376135,6.779386867330417,3148402.0,44.705911231216014,0.23357483834594472,9.372127761071507,1711339.0,47.07583522894277,65.47892644617318,-0.22105918726661394,14.303013979455951,14.405554007743989,10.3,30.5174085236348,8.886503334009085,14.813621294889792,0.15758584884162774,3.5691524818529703,237.69270026754535,24.96031810658225,0.21741388264479347,14.491113229758245,14.96240558049353,-0.02125592713489244,-0.019409052791416137,-0.0203324899631534,0.014698080052404805,0.0196147599740506,-0.006625817602134987
FG,2021,1,S,Puglia,071,6.610245241281621,6.918388932624713,6.764317086953167,3124823.0,44.624017630258514,0.2253185443990905,9.37486897931726,1711339.0,42.54546983078871,53.12585640712958,-0.12824349252457518,14.210150370913528,14.328341310116052,10.0,30.489015066946255,9.33234457557327,15.063807035650264,0.16737343802924248,3.811995807743792,311.73432252802127,44.876506185412126,0.26674378815751504,14.452257213884272,14.954888199548533,-0.014908547003076755,-0.015231013751422218,-0.015069780377250375,-0.07721269762793703,0.0027412182457524636,-0.007517380944996432
FG,2022,1,S,Puglia,071,6.613275387721233,6.918081320523211,6.765678354122222,3109879.0,46.08467547717161,0.23254114580501445,9.423615809779115,1711339.0,56.124028571038245,58.45082889778608,-0.02825012480540198,14.295695409344063,14.426637919319786,9.3,29.317930428275233,8.953874886703236,23.663338271247333,0.3412606744796369,4.799544972927229,350.0347561123156,73.84465939783743,0.41239709604222813,14.588913808049881,14.950094376646119,0.003030146439611414,-0.0003076121015022082,0.001361267169055047,0.09829660920373406,0.04874683046185524,-0.0047938229024140355
FG,2023,1,S,Puglia,071,6.616636159289528,6.921026124430034,6.768831141859781,3092810.0,46.38030661700991,0.2520650094958447,9.482079275845585,1711339.0,59.245379628348175,66.69940250052201,-0.09077381668215405,14.342781042569822,14.507693573866824,8.3,29.02675726321812,9.233558642558418,23.776782541718337,0.29216938613182786,5.048257694258719,361.76834683852735,85.41816048724056,0.45671508171765596,14.645884731497906,14.944590620747066,0.0033607715682952843,0.002944803906823168,0.0031527877375596702,0.081055654547038,0.05846346606647046,-0.00550375589905272
FG,2024,1,S,Puglia,071,6.620270666556977,6.931424525050476,6.775847595803726,3079806.0,45.77932370301236,0.2504442642718165,9.545174080505934,1711339.0,56.63511807151282,62.67479212866671,-0.07393037924437863,14.352490699316045,14.577531396238827,5.6,27.672873397509736,9.108316655091658,25.89920249514309,0.3277731885252939,5.319361315103003,374.4785887153113,94.3920440439046,0.48427169966167327,14.657415865352217,14.940377165953006,0.003634507267449294,0.010398400620442061,0.007016453943944789,0.06983782237200309,0.06309480466034856,-0.004213454794060212
FI,2015,0,C,Toscana,048,7.426120479717215,7.776651400692265,7.60138594020474,9601148.0,46.03271935995887,0.2557438779597369,9.80449092774778,4933305.0,122.89778206656396,71.68874801386644,0.46126984493160594,14.253485175775596,14.307685758791632,7.7,37.36120228779063,2.485435479691424,23.112523887668136,0.22598188427612162,1.5378076758510628,266.20805690542545,175.69678248932308,0.7498115729194298,14.51600418716716,16.07739323262188,-0.05371910397964452,-0.044898197864203127,-0.04930865092192338,0.008971144354822158,0.015512072797788434,-0.009009563623866512
FI,2016,0,C,Toscana,048,7.399132401229406,7.747091592529538,7.573111996879472,9560156.0,45.14877822884859,0.2249447439070771,9.821397166516268,4912372.0,120.97306038281415,68.97999414137782,0.47098496548225827,14.262302861817254,14.324300731606444,8.0,36.193002154405384,2.4831103844973477,22.301284532237077,0.2274387263169623,1.547139738300569,265.96121717087703,173.88801734088725,0.7536623479769301,14.57109013709187,16.07311460288608,-0.026988078487809375,-0.02955980816272774,-0.028273943325268114,0.01661497281481239,0.01690623876848818,-0.004278629735800621
FI,2017,0,C,Toscana,048,7.372082319160935,7.71633372313804,7.544208021149488,9529479.0,45.768940583026804,0.23082277950180324,9.832267172816971,4893575.0,127.09779336986614,74.64011502527183,0.46775738942436007,14.274589284506764,14.348991618246792,6.8,34.991196208581236,2.4586580383344088,23.12371497525562,0.23196793694931747,1.5571385423200825,273.24255287946477,178.16574387598175,0.758856875543109,14.615952632066215,16.06990060467111,-0.02705008206847115,-0.030757869391497827,-0.028903975729984488,0.024690886640348353,0.010870006300702784,-0.0032139982149708146
FI,2018,0,C,Toscana,048,7.348602358115571,7.693483266151511,7.521042812133541,9508490.0,46.637262861822585,0.23133104846677896,9.83358901919402,4900100.0,115.61403161425385,73.50325999862342,0.3743745574933847,14.290499049859632,14.371974526989852,5.8,35.11504347913834,2.4592057434795613,22.628616590889237,0.23995591751699435,1.5919870158767209,264.90930371326544,172.71665498954818,0.7545034733697872,14.609780537731918,16.067695641683322,-0.023479961045364206,-0.022850456986528656,-0.02316520901594643,0.022982908743060193,0.0013218463770492406,-0.002204962987786274
FI,2019,0,C,Toscana,048,7.333290103365352,7.682575460079948,7.50793278172265,9488090.0,46.4847707089806,0.2713152480396638,9.857476788005076,4914464.0,104.86419660312554,76.30609833137358,0.2538414044221743,14.298731536878893,14.390855927691584,6.2,35.09811707912125,2.578209288579161,23.597644992735518,0.2669260992331558,1.7533370790186011,275.9924738901758,176.39913201915923,0.7798103309890333,14.631583527526258,16.06554788584076,-0.015312254750218912,-0.010907806071562831,-0.013110030410890872,0.01888140070173172,0.02388776881105592,-0.0021477558425608834
FI,2020,1,C,Toscana,048,7.319738259961178,7.6719188089493695,7.495828534455273,9449077.0,46.27329735720798,0.2387713488106023,9.869301187207222,4914464.0,126.65706632120829,82.61453809675623,0.389511730801813,14.303013979455951,14.405554007743989,6.0,33.80195773271805,2.4945772719195722,24.675718251170636,0.3077210299492109,1.8744622813041991,79.664247064286,27.604596887594614,0.5874867301801356,14.491113229758247,16.061427622742038,-0.013551843404173702,-0.010656651130578787,-0.012104247267377133,0.014698080052404805,0.011824399202145841,-0.004120263098723598
FI,2021,1,C,Toscana,048,7.320798471741203,7.671669407266677,7.496233939503941,9485990.0,47.37494485513152,0.2861636134272045,9.840646804383098,4914464.0,101.72520285391647,78.66265447658175,0.20509163856547727,14.210150370913528,14.328341310116052,6.2,31.865660184527705,2.3068493617719312,24.442737833351465,0.3035628323626326,1.8587827369210217,136.20721582999076,53.337364765226184,0.6584973589026358,14.452257213884272,16.065326531233993,0.0010602117800253552,-0.0002494016826926071,0.00040540504866726224,-0.07721269762793703,-0.028654382824123914,0.0038989084919549555
FI,2022,1,C,Toscana,048,7.326798034854021,7.672904893225743,7.499851464039882,9366007.0,47.509470647361205,0.2650700070766048,9.884527371613121,4914464.0,111.68546904876594,86.06201616373541,0.22807115432805528,14.295695409344063,14.426637919319788,6.1,31.690753249335636,2.323764893018974,24.373458213209236,0.30112005474157594,1.8263138399504917,234.5336775354502,128.52411735109035,0.7480065209501545,14.588913808049881,16.0525974161095,0.005999563112817796,0.001235485959066196,0.003617524535941108,0.09829660920373584,0.04388056723002265,-0.012729115124493262
FI,2023,1,C,Toscana,048,7.322674726203933,7.669361222004425,7.496017974104179,9379327.0,47.58211023047225,0.26033046513413105,9.94107435944522,4914464.0,134.3572577130674,84.36885665349494,0.44516120398464654,14.342781042569822,14.507693573866824,4.5,31.11124951602944,2.220653663719065,24.72629486965412,0.3408940314566183,1.93410463468895,276.39592329891275,169.5436507520243,0.7896921100477842,14.645884731497906,16.054018570007514,-0.004123308650088475,-0.0035436712213181565,-0.0038334899357028718,0.08105565454703623,0.05654698783209966,0.001421153898014893
FI,2024,1,C,Toscana,048,7.3171763225062545,7.671483615736452,7.494329969121354,10807997.0,47.531672746003,0.2757701675806967,10.011686732844282,5687830.0,130.60723483444468,82.0272071346652,0.4301542168037781,14.352490699316045,14.577531396238825,2.7,30.24360900898958,2.2512393595456692,26.376399866110415,0.4178622199349993,2.18762392671069,276.09897299568684,178.41208984348012,0.8220973733381067,14.657415865352215,16.195796881049965,-0.005498403697678178,0.0021223937320273834,-0.0016880049828245092,0.06983782237200131,0.07061237339906157,0.14177831104245087
FM,2015,0,C,Marche,109,6.961724889790074,7.243286351494049,7.102505620642062,2777102.0,45.33060119894768,0.2364823679935596,9.623838453092265,1470492.0,18.6127938786742,15.323986681254189,0.030403684819286847,14.253485175775598,14.30768575879163,8.6,36.4045225513917,2.1886548396156256,4.019244254849882,0.02377866097098857,0.16237039389327926,122.74655820970769,19.605704823540336,0.15590164680834087,14.51600418716716,14.836918495898876,-0.05455994123107111,-0.0358678838287112,-0.045213912529891154,0.008971144354820382,0.015563183179457596,-0.0007868418569536573
FM,2016,0,C,Marche,109,6.9433391409789795,7.2242768027236295,7.083807971851304,2768514.0,45.15627188138395,0.21333925258606376,9.6399484716424,1470492.0,17.777705340994228,15.3844149000865,0.02227687735606142,14.262302861817254,14.324300731606444,7.3,34.74213130031664,2.141545402823274,4.364445241806423,0.03100011717425711,0.20221070894281146,123.97878241209133,17.873154090016786,0.17236464582060773,14.57109013709187,14.833821272122385,-0.018385748811094338,-0.019009548770419826,-0.018697648790758414,0.016614972814814166,0.016110018550135052,-0.0030972237764910204
FM,2017,0,C,Marche,109,6.9327844840622195,7.213916560607341,7.07335052233478,2758542.0,46.61070866858987,0.2540126102737809,9.654579055166998,1470492.0,19.891375341744226,16.499326903669814,0.031798968800102405,14.274589284506765,14.348991618246794,8.7,32.88687633402804,2.124291044390208,6.971338589341394,0.04134407292982829,0.28510146437301515,108.46192369426632,14.99237882604044,0.1427432139839621,14.615952632066215,14.830212837244837,-0.010554656916760052,-0.010360242116288276,-0.010457449516523276,0.02469088664035013,0.014630583524597895,-0.003608434877548916
FM,2018,0,C,Marche,109,6.9274672603315794,7.2090139914935145,7.068240625912548,2754028.0,45.86446948728184,0.2641504477280837,9.65268063648554,1470492.0,19.777233513334497,15.899911946711493,0.03664825807754935,14.290499049859632,14.371974526989854,5.7,30.6045982261908,2.143168239406843,1.9674095120237776,0.0370498981484618,0.09497041941706144,102.26429680192724,16.6318871077778,0.1239363951733534,14.609780537731918,14.828575125248829,-0.0053172237306400305,-0.004902569113826694,-0.005109896422232474,0.022982908743060193,-0.001898418681458125,-0.0016377119960075959
FM,2019,0,C,Marche,109,6.916920492174239,7.198684180088809,7.057802336131522,2747308.0,46.521314937064986,0.2414946890054381,9.670622682547798,1470492.0,18.799522522140492,16.396958060816747,0.022823688283672174,14.298731536878895,14.390855927691584,5.8,29.512766714800172,2.0647532306557106,3.326988724387843,0.0697882972782639,0.17861727489845478,114.8446063583476,18.295662440420774,0.2746694938120557,14.631583527526258,14.826132081107428,-0.010546768157340125,-0.01032981140470568,-0.010438289781025567,0.018881400701729945,0.01794204606225769,-0.002443044141401174
FM,2020,1,C,Marche,109,6.915563770330085,7.199538159856353,7.057550965093219,2736004.0,46.520653579871244,0.25688316965989294,9.681494260121275,1470492.0,21.005516819406957,18.579836268435443,0.023278800527283382,14.303013979455951,14.405554007743989,4.8,27.7579445069482,2.0028738351187476,5.857159067055031,0.11843172483708432,0.34671023689434755,76.60069533318415,6.705881645078579,0.27379747579038327,14.491113229758247,14.822009019711814,-0.0013567218441545847,0.0008539797675437555,-0.00025137103830363827,0.014698080052404805,0.010871577573476898,-0.004123061395613803
FM,2021,1,C,Marche,109,6.913898354783327,7.201629166320348,7.057763760551837,2702956.0,45.702439844863065,0.24212290400750114,9.660425998081015,1470492.0,17.608332890657863,17.252459215394044,0.0034740903329091863,14.210150370913528,14.328341310116052,4.8,30.101551797090135,2.0153918357074914,13.478350842064021,0.09847087027330188,0.5853335744774664,118.71924705574632,10.60942775167194,0.36166356638983665,14.452257213884273,14.809856546916697,-0.0016654155467579201,0.002091006463995626,0.00021279545861840887,-0.07721269762793703,-0.021068262040259356,-0.01215247279511722
FM,2022,1,C,Marche,109,6.913577868417402,7.202687927926335,7.058132898171869,2681310.0,47.75755263598897,0.2743426155381647,9.705819535367615,1470492.0,21.885348668973336,17.22236227336103,0.0460119090222623,14.295695409344063,14.42663791931979,4.4,30.14711322428445,1.9780408693752358,13.438572969934432,0.10893087336103663,0.6165203864570771,135.37051923881896,19.991708626856433,0.4078614836668037,14.588913808049881,14.801816039030466,-0.00032048636592474367,0.0010587616059867244,0.00036913762003187855,0.09829660920373762,0.045393537286599894,-0.00804050788623023
FM,2023,1,C,Marche,109,6.916397016926852,7.206864708920319,7.061630862923585,2678870.0,47.276992635012206,0.26656745103836976,9.761065819792712,1470492.0,24.38791741549508,18.915836222544662,0.05427329235971778,14.342781042569822,14.507693573866824,3.1,29.52535959864198,2.006099026452351,14.404385416922729,0.1377530817333998,0.6727884896369991,144.74100115197757,22.63037291178494,0.4534757692535138,14.645884731497906,14.8009056217801,0.0028191485094497537,0.00417678099398433,0.003497964751716154,0.08105565454703445,0.05524628442509716,-0.0009104172503668906
FM,2024,1,C,Marche,109,6.923923150951542,7.2150791465934905,7.069501148772516,2673334.0,47.41762470722174,0.26037142049121487,9.826591645791655,1470492.0,25.125906248673264,19.082107178046453,0.060457420779443875,14.352490699316043,14.577531396238827,3.8,28.491771113436393,1.9953218465275278,16.560306360275863,0.18249513036024267,0.8151597142717121,143.7054829774785,22.118347442983005,0.5013060796203415,14.657415865352215,14.798836940551116,0.0075261340246903785,0.008214437673171204,0.007870285848930791,0.06983782237200309,0.06552582599894308,-0.0020686812289838485
FR,2015,0,C,Lazio,060,6.817069130498857,7.138157906689134,6.977613518593996,4291218.0,42.64955373004006,0.18572315599972766,9.617649829545524,2189388.0,44.33560648595422,44.28151668544269,0.0006437278927559488,14.253485175775596,14.307685758791632,16.3,54.59348971034715,4.895853342271952,5.458523954052759,0.012657233471431648,0.05800822393071813,167.33870192135424,77.77123308586063,-0.1985057439327426,14.51600418716716,15.27208116669157,-0.003106565328205413,-0.002531421542212975,-0.002818993435209194,0.008971144354822158,0.0060884629970932025,-0.002219747437619546
FR,2016,0,C,Lazio,060,6.814188791733201,7.135163421313175,6.974676106523189,4279276.0,44.20450969616019,0.21527117827297085,9.639362408914621,2189388.0,44.5861800052639,43.509961867205796,0.012845494685485185,14.262302861817254,14.324300731606444,16.8,52.953002049427056,5.244675106250447,5.679113840571479,0.014875670747870674,0.06645778170551744,162.74908275421356,69.82201417741862,-0.1899737442104535,14.57109013709187,15.269294394370498,-0.0028803387656557433,-0.002994485375959144,-0.0029374120708069995,0.01661497281481239,0.02171257936909754,-0.002786772321073272
FR,2017,0,C,Lazio,060,6.804325592842006,7.123014812004734,6.96367020242337,4265139.0,43.88151360277541,0.22234201292344857,9.656030693462057,2189388.0,44.558213440234276,45.476470848408866,-0.01102692321509995,14.274589284506764,14.348991618246792,18.0,52.60757435748089,5.232372759061166,5.624712586622422,0.015580233496229043,0.06794478180540393,161.10259319057047,67.88688114595999,-0.1889299821808348,14.615952632066215,15.265985329232649,-0.009863198891195246,-0.01214860930844086,-0.011005904099818942,0.024690886640348353,0.01666828454743552,-0.003309065137848677
FR,2018,0,C,Lazio,060,6.7890916373611185,7.104841845798137,6.946966741579628,4159080.0,43.63072779288965,0.2274396766256218,9.665670495174618,2141859.0,48.36453889327335,44.41881976000742,0.04751774307333073,14.290499049859632,14.371974526989852,18.7,51.943738415512854,5.37895658058075,5.964890392268499,0.018262884842810957,0.07312385389015688,172.30875047438641,74.41143215843871,-0.17062199283813262,14.609780537731918,15.240804453933174,-0.015233955480887573,-0.018172966206597252,-0.016703460843742413,0.022982908743060193,0.00963980171256118,-0.025180875299474437
FR,2019,0,C,Lazio,060,6.784635940747678,7.099938812347374,6.942287376547526,4147128.0,46.418143833833085,0.23533623628905836,9.681289898376935,2141859.0,52.05159787622567,43.64795525951125,0.10172432811552427,14.298731536878893,14.390855927691584,14.3,51.8929665704458,5.225197522173179,5.960867725094438,0.018663530382112773,0.07320982833281114,168.93202079924112,76.85983019751761,-0.1738691649512963,14.631583527526258,15.23792660443822,-0.004455696613440807,-0.004903033450762706,-0.004679365032101757,0.01888140070173172,0.015619403202316917,-0.0028778494949541766
FR,2020,1,C,Lazio,060,6.7807418237215815,7.097261000785205,6.939001412253393,4119975.0,45.115072570893176,0.22268050659775904,9.695224261570996,2141859.0,47.17514658984009,51.72004685491811,-0.05555786142473732,14.303013979455951,14.405554007743989,11.3,50.512221752811115,5.30625126042578,7.992045962228035,0.02113433508669914,0.13202321359166516,51.64597645708616,8.188252829384236,-0.23146581807925537,14.491113229758247,15.231357653346134,-0.003894117026096211,-0.0026778115621688414,-0.0032859642941325262,0.014698080052404805,0.013934363194060495,-0.00656895109208655
FR,2021,1,C,Lazio,060,6.720978894286109,7.043858292181724,6.882418593233917,4061394.0,45.817300418952705,0.2316467145538048,9.687164388453777,2129949.0,41.949355410689655,45.8156137228771,-0.04645665246667295,14.210150370913528,14.328341310116052,10.9,50.007773988118046,5.51143357819266,8.272247555634518,0.023123088417061385,0.13945564601559157,63.39111387386997,6.091183672756182,-0.17451497572830588,14.452257213884272,15.217036822400573,-0.05976292943547268,-0.05340270860348095,-0.056582819019476815,-0.07721269762793703,-0.008059873117218785,-0.014320830945560914
FR,2022,1,C,Lazio,060,6.67837913205351,7.0020414063682415,6.840210269210875,4041704.0,45.02707470708941,0.22682827438948816,9.732558240137463,2129949.0,48.045486074371354,48.52694017948417,-0.00579886070457007,14.295695409344063,14.426637919319788,9.0,49.66985484988603,5.492870529286058,8.414011091336016,0.02440719071992016,0.14696232817414323,118.53841673295342,26.08187272800494,-0.13337013329723396,14.588913808049881,15.212176943190451,-0.04259976223259887,-0.04181688581348286,-0.042208324023041754,0.09829660920373584,0.04539385168368604,-0.004859879210121321
FR,2023,1,C,Lazio,060,6.607211266918821,6.927576716692041,6.767393991805431,4023889.0,46.020427026167695,0.24969668949351864,9.787987888397858,2129949.0,50.3880542588379,51.10070489024123,-0.008637612885520559,14.342781042569822,14.507693573866824,10.1,49.469800600906524,5.137380401298689,8.500705886170374,0.02440719071992016,0.14746342070680868,149.63993730078988,50.323389499090794,-0.07526254003310862,14.645884731497906,15.207759405888211,-0.0711678651346892,-0.07446468967620046,-0.07281627740544394,0.08105565454703623,0.05542964826039487,-0.004417537302240149
FR,2024,1,C,Lazio,060,6.52257303080076,6.843322859033588,6.682947944917173,3998898.0,46.764860828854154,0.24908675365456814,9.861907088878672,2129949.0,50.727590684945355,50.00120321637354,0.00885270932686911,14.352490699316045,14.577531396238825,6.2,45.433321652738975,6.56555079424775,13.783209156956879,0.061090164314124354,0.26020422631857026,156.26169710327835,54.32695689536144,0.13035245950412488,14.657415865352215,15.201529381127068,-0.0846382361180611,-0.08425385765845306,-0.08444604688825752,0.06983782237200131,0.07391920048081424,-0.006230024761142872
GE,2015,0,NW,Liguria,010,7.582643688222549,7.9322165591876646,7.757430123705107,9766224.0,47.88273746168483,0.2795071216123848,9.84243649808218,5841718.0,87.20428916571917,78.51156234560696,0.1132558712291734,14.253485175775596,14.307685758791632,8.3,45.04883999475171,3.6419495426408144,5.922076079094004,0.035309092620397886,0.32276048914493666,280.0411131529866,128.7991142291303,0.34205879968419356,14.51600418716716,16.09444046005993,-0.004794480023709191,-0.007442468885744624,-0.006118474454726908,0.008971144354822158,0.009054884381731299,-0.008897733303459887
GE,2016,0,NW,Liguria,010,7.5623255923374115,7.914911715657623,7.738618653997516,9688191.0,47.4745057012044,0.2883300282873057,9.859748483278334,5841718.0,88.8700676893285,72.46003029588825,0.21545160383469777,14.262302861817254,14.324300731606444,9.9,46.2899354067844,3.614353868099217,6.513510895110892,0.042185998067638744,0.37161896724044224,292.8910505990252,133.2931995680194,0.3938646534091719,14.57109013709187,16.086418279132204,-0.020318095885137666,-0.01730484353004158,-0.01881146970759051,0.01661497281481239,0.017311985196155177,-0.008022180927724776
GE,2017,0,NW,Liguria,010,7.526381772003425,7.890629777892465,7.708505774947945,9642824.0,49.425818836954114,0.29127611799812897,9.868583886885379,5841718.0,109.98759553944576,75.79600909085558,0.44924638745255,14.274589284506764,14.348991618246792,9.1,44.84539261410607,3.7355386431064472,7.360998304423218,0.05931424328353311,0.42586997226516227,310.0121191905314,140.8693293599198,0.4427951097115978,14.615952632066215,16.0817245697445,-0.03594382033398613,-0.02428193776515819,-0.030112879049571717,0.024690886640348353,0.008835403607044157,-0.004693709387701972
GE,2018,0,NW,Liguria,010,7.487433940071951,7.8614132441515725,7.674423592111761,9573916.0,48.4276076065856,0.2817597576135531,9.866373434249095,5841718.0,110.15312069107418,74.07398260964989,0.47600071754656736,14.290499049859632,14.371974526989852,9.6,44.114120230058624,3.781121112129356,8.358735371568642,0.07091225348933518,0.47890074496126117,301.6829411220401,137.4325873965116,0.4662740650441046,14.609780537731918,16.07455287513383,-0.03894783193147422,-0.02921653374089228,-0.03408218283618325,0.022982908743060193,-0.002210452636283833,-0.007171694610672574
GE,2019,0,NW,Liguria,010,7.454842687660645,7.836402420584599,7.645622554122622,9523596.0,49.57232175666865,0.3172458549433695,9.886066652586873,5841718.0,111.3521402520979,72.79476350369745,0.5152477584791947,14.298731536878893,14.390855927691584,10.0,44.43938058445645,3.7368244304834954,8.681941561068358,0.08331809588456529,0.5400613738740885,299.87369104810665,134.17078294589908,0.4600103610478252,14.631583527526258,16.069283066537555,-0.032591252411306115,-0.025010823566973706,-0.028801037989139466,0.01888140070173172,0.019693218337778262,-0.005269808596274572
GE,2020,1,NW,Liguria,010,7.430896688332616,7.8156918155244375,7.6232942519285265,9471105.0,48.44510586965396,0.285853416893583,9.894111466904166,5841718.0,120.05545104814604,77.63664533529733,0.5714040158144484,14.303013979455951,14.405554007743989,8.3,44.24974985286336,3.7420610383449215,9.40714729345706,0.08579500074248114,0.5818190874435265,154.5210353229366,43.73108396170759,0.3617800869107714,14.491113229758247,16.063756142621283,-0.023945999328028655,-0.020710605060161313,-0.02232830219409543,0.014698080052404805,0.008044814317292648,-0.005526923916271187
GE,2021,1,NW,Liguria,010,7.413745081677885,7.799417184724846,7.606581133201367,9461560.0,48.65826336799303,0.2691360287882145,9.875154077024675,5841718.0,98.7408353017714,77.1375252676688,0.29648983089407205,14.210150370913528,14.328341310116052,7.5,43.8246320371762,3.7789814310330976,9.846862911593405,0.09582494120086806,0.6263500764374095,238.47930794957162,86.69465417941537,0.44306248448467345,14.452257213884272,16.06274783229533,-0.017151606654731033,-0.01627463079959135,-0.01671311872715986,-0.07721269762793703,-0.018957389879490805,-0.0010083103259539428
GE,2022,1,NW,Liguria,010,7.406883775526375,7.793979550656621,7.600431663091498,9383083.0,48.6901440907248,0.26655595874809795,9.916578929654674,5841718.0,125.89964781783601,82.0367975003335,0.6047686035980172,14.295695409344063,14.426637919319788,6.9,44.368114545838125,3.890247855191558,8.99018170669086,0.09667335942298945,0.5798702984312181,326.43640565584565,152.75333909777027,0.48736612026297943,14.588913808049881,16.054418945017993,-0.006861306151510149,-0.005437634068225172,-0.006149470109868993,0.09829660920373584,0.04142485262999962,-0.008328887277336605
GE,2023,1,NW,Liguria,010,7.373761875496254,7.760886795339936,7.567324335418095,9349413.0,48.093700444225874,0.29011321354793207,9.956422498900029,5808172.0,156.9018041672802,78.42676780009748,1.0434526712527756,14.342781042569822,14.507693573866824,5.8,42.12422647465168,3.677784638490483,9.405785363341863,0.09276059680570879,0.49271828173451926,319.7565378937059,160.63525495423806,0.4693547570508758,14.645884731497906,16.050824118545414,-0.033121900030121054,-0.03309275531668465,-0.03310732767340241,0.08105565454703623,0.03984356924535426,-0.003594826472578916
GE,2024,1,NW,Liguria,010,7.379466113016869,7.766266316333454,7.5728662146751615,9367057.0,48.53274233879738,0.2597565985781445,10.026387523232199,5808172.0,150.7734179503187,81.16858045997984,0.927099542586967,14.352490699316045,14.577531396238825,5.3,42.24619547578426,3.6641878898910214,10.208483389900406,0.10189252777377367,0.5554954392730264,321.98503555148443,165.10000025332238,0.4829505019170832,14.657415865352215,16.05270951736545,0.005704237520614441,0.005379520993518128,0.0055418792570662845,0.06983782237200131,0.06996502433216989,0.0018853988200362437
GO,2015,0,NE,Friuli Venezia Giulia,031,6.912998183816064,7.0863942899274965,6.99969623687178,1852004.0,46.44845745498246,0.2382578033628926,9.800287143732366,1188224.0,29.393851124694603,21.71382076787513,0.09674458083011353,14.253485175775596,14.307685758791632,8.7,47.53435557286155,10.44802820790032,18.290476654243626,0.43771079438600796,14.876340259821498,556.6013740894025,372.59069633239847,0.635647749070403,14.51600418716716,14.431778854013142,-0.03967060537673106,-0.0360194755933092,-0.03784504048501969,0.008971144354822158,0.008965963451688097,-0.0017845799375741933
GO,2016,0,NE,Friuli Venezia Giulia,031,6.880460730017188,7.061465415015839,6.970963072516513,1844408.0,47.70658120622252,0.2759703749660708,9.811703571733393,1188224.0,29.303130473956436,22.91801254967021,0.08123287592586736,14.262302861817254,14.324300731606444,9.3,47.1153686371342,10.471861251017032,18.150795368471986,0.44829322611420475,14.49396344096335,604.8063448002592,413.9274286854355,0.6824613185665049,14.57109013709187,14.427668916759195,-0.032537453798875404,-0.02492887491165785,-0.02873316435526707,0.01661497281481239,0.011416428001027157,-0.004109937253947038
GO,2017,0,NE,Friuli Venezia Giulia,031,6.862068432245438,7.043978168972912,6.953023300609175,1834656.0,47.59202874871902,0.26660142717099533,9.826492753884061,1188224.0,30.068577185332042,23.080955484458954,0.08893912760421042,14.274589284506764,14.348991618246792,9.4,47.25601307981251,10.740737015004138,19.070971953305165,0.47848770395440027,14.671628088180944,653.2592335611416,458.1536344540413,0.692109283032508,14.615952632066215,14.422367555956818,-0.018392297771749888,-0.017487246042926508,-0.017939771907338198,0.024690886640348353,0.014789182150668267,-0.0053013608023775305
GO,2018,0,NE,Friuli Venezia Giulia,031,6.852150491326781,7.0369422208441,6.944546356085441,1829908.0,46.29328873645488,0.23428520854619667,9.824779645641414,1188224.0,32.093287828596814,22.482963697340082,0.12230818344239461,14.290499049859632,14.371974526989852,8.5,46.90199464222557,10.75432602621491,18.731621739842527,0.533425125844088,15.035223422276964,692.4564871968258,488.4156648843761,0.7307129040572183,14.609780537731918,14.41977625032982,-0.009917940918657386,-0.007035948128812031,-0.00847694452373382,0.022982908743060193,-0.0017131082426473654,-0.002591305626998164
GO,2019,0,NE,Friuli Venezia Giulia,031,6.830203755207212,7.019122927709878,6.924663341458546,1830960.0,47.4939594664427,0.24719353196482963,9.83969688946542,1188224.0,35.827001032221155,23.13370838121296,0.1622819485900607,14.298731536878893,14.390855927691584,7.6,45.57760155415398,10.714014039874185,20.723605105956707,0.5690792819385365,15.498724323091958,713.6576425731906,514.9856202012058,0.8275826096596907,14.631583527526258,14.420350977432221,-0.021946736119568655,-0.017819293134222036,-0.019883014626895346,0.01888140070173172,0.014917243824006832,0.0005747271024016953
GO,2020,1,NE,Friuli Venezia Giulia,031,6.798906064150916,6.994337528935504,6.896621796543211,1830164.0,47.278492117839164,0.2501303249313864,9.85545360601327,1188224.0,36.48153902934535,28.733525151229873,0.09946772937113825,14.303013979455951,14.405554007743989,8.5,45.54387190069525,11.01393212077805,19.4832865232758,0.5717038958903724,15.701793724853209,324.47678134379686,185.00264636465508,0.7091756483783629,14.491113229758247,14.419916138288535,-0.031297691056296095,-0.024785398774374023,-0.02804154491533506,0.014698080052404805,0.015756716547850047,-0.0004348391436863608
GO,2021,1,NE,Friuli Venezia Giulia,031,6.810175342997504,7.006880934430104,6.908528138713804,1856276.0,47.896879381702945,0.26280350047552636,9.834590275087562,1188224.0,29.386601322424717,23.50301080161209,0.07576578047986685,14.210150370913528,14.328341310116052,7.7,45.16879060606665,10.980329446892018,20.650543417012003,0.5784762019054479,15.59792621960051,531.0805980898793,363.1805869880607,0.7849758936476589,14.452257213884272,14.43408288816906,0.011269278846588016,0.012543405494599646,0.011906342170592943,-0.07721269762793703,-0.020863330925708468,0.014166749880525131
GO,2022,1,NE,Friuli Venezia Giulia,031,6.847522365201688,7.042240980484874,6.944881672843281,1839172.0,47.25608618975254,0.2704020562465995,9.877250264653545,1188224.0,36.58315268308313,23.801722572994702,0.16607563597778346,14.295695409344063,14.426637919319788,5.9,43.805925392377006,11.423434443227999,21.586842189508044,0.6050332288115844,16.037995038250273,712.1711417665728,536.7476014012145,0.8637659893590778,14.588913808049881,14.424826028304784,0.037347022204183844,0.0353600460547705,0.036353534129477616,0.09829660920373584,0.04265998956598338,-0.009256859864276379
GO,2023,1,NE,Friuli Venezia Giulia,031,6.843404074341572,7.046643717661204,6.945023896001388,1844208.0,49.40531590894326,0.29425806235689944,9.92127189348058,1188224.0,38.34440085309783,25.191995806471407,0.17201000481298678,14.342781042569822,14.507693573866824,6.3,42.85290002275868,11.7104906561749,23.858717700628418,0.6425572498824277,16.549979564028302,785.4022777497999,589.6070249076118,0.9187083650455821,14.645884731497906,14.427560475002073,-0.0041182908601165025,0.004402737176329552,0.00014222315810652475,0.08105565454703623,0.044021628827033865,0.0027344466972891723
GO,2024,1,NE,Friuli Venezia Giulia,031,6.711652851173744,6.921117587322301,6.816385219248022,1428008.0,48.13453421087504,0.2773285039091833,9.985323481294861,918960.0,36.22235711805934,24.16230637936379,0.1575650366474501,14.352490699316045,14.577531396238825,5.9,41.24493138510284,12.18732233775699,26.346314626880012,0.7455464778709835,17.50285743818231,822.9955200188366,629.5233595689389,0.9891902017519199,14.657415865352215,14.17179102410687,-0.13175122316782772,-0.12552613033890303,-0.12863867675336582,0.06983782237200131,0.06405158781428177,-0.25576945089520287
GR,2015,0,C,Toscana,053,7.640702379764012,7.9734920084827055,7.807097194123359,2314542.0,46.032719359958875,0.2557438779597369,9.656569930883595,1563701.0,27.738926492540543,22.95798523700028,0.04917650703852673,14.253485175775598,14.307685758791632,7.799999999999999,27.54253998314373,12.16406536381666,9.715131217452159,0.2149825103200367,5.676269933242378,720.3711161138805,177.97147005573663,1.0849838808583416,14.51600418716716,14.654722385756736,-0.022032612267103957,-0.030388340553101578,-0.026210476410102324,0.008971144354822158,0.011365903961625179,-0.014171052679254004
GR,2016,0,C,Toscana,053,7.6073030736894625,7.938755063010781,7.773029068350122,2307219.0,45.14877822884859,0.2249447439070771,9.666488322980278,1563701.0,29.710420640493382,22.860296846706703,0.07120490015074393,14.262302861817254,14.324300731606442,7.1,27.327652885411553,12.359684629698421,9.222890442059054,0.21483166872063006,5.552534952902175,722.6991394392819,182.81996300287437,1.0874960208208981,14.571090137091872,14.651553461129012,-0.033399306074549884,-0.03473694547192441,-0.0340681257732367,0.016614972814810613,0.009918392096682993,-0.0031689246277242233
GR,2017,0,C,Toscana,053,7.5068665058882535,7.841841179825971,7.674353842857111,2362794.0,45.768940583026804,0.23082277950180327,9.673468685442408,1612224.0,33.09898023528138,23.420629505734112,0.10149029342852631,14.274589284506764,14.348991618246792,8.2,27.3959518342176,12.228821794544338,9.442410616900437,0.22286320313521255,5.633479916706498,759.54806321783,190.20169145808683,1.1062341338330528,14.615952632066215,14.675355375051911,-0.10043656780120891,-0.09691388318481042,-0.098675225493011,0.02469088664035013,0.006980362462130074,0.023801913922898876
GR,2018,0,C,Toscana,053,7.4961988142931,7.824467484996915,7.660333149645008,2347201.0,46.637262861822585,0.23133104846677896,9.669141611473766,1605983.0,32.29985202394693,22.768213023449203,0.10011504044724989,14.290499049859632,14.37197452698985,8.9,27.063619080977855,12.397145877278579,9.263165306673848,0.236415257300534,5.714713217661302,777.8963516230567,194.1939382583541,1.1191822638828661,14.60978053773192,14.6687341124103,-0.01066769159515335,-0.017373694829055708,-0.014020693212103197,0.022982908743058417,-0.004327073968642736,-0.00662126264161067
GR,2019,0,C,Toscana,053,7.482311544760972,7.80613482647793,7.64422318561945,2346322.0,46.4847707089806,0.2713152480396638,9.688366980879085,1605983.0,32.347822982053934,22.66978850064125,0.10265310174252008,14.298731536878895,14.390855927691584,7.1,27.656573484834603,12.606721924989623,10.496926092434279,0.3614988961084307,5.886441394818328,762.7581001663301,193.924936939312,1.169500747367479,14.631583527526258,14.668359553678926,-0.013887269532128599,-0.018332658518985134,-0.0161099640255582,0.018881400701733497,0.01922536940531927,-0.0003745587313748189
GR,2020,1,C,Toscana,053,7.469085290702136,7.782395238572908,7.625740264637522,2342084.0,46.27329735720798,0.2387713488106023,9.70067095129423,1605983.0,35.93726973907578,26.630904160964935,0.09907015434064835,14.303013979455953,14.405554007743989,6.4,27.11312355840028,12.583547661380871,10.39229700674386,0.3651180503607097,5.912645019477231,533.8498532471558,81.2337100993419,1.072482621420097,14.491113229758247,14.666551689277131,-0.013226254058835707,-0.02373958790502151,-0.01848292098192772,0.014698080052404805,0.01230397041514486,-0.0018078644017940348
GR,2021,1,C,Toscana,053,7.463066285405893,7.771768911670454,7.6174175985381725,2326865.0,47.37494485513152,0.2861636134272045,9.680340837495773,1605983.0,32.87387198940717,23.238426751132653,0.10351647322094117,14.21015037091353,14.328341310116054,8.0,26.952218668488683,12.69806810270289,10.86526374600289,0.4012160141898986,6.139278221306911,668.6831330732958,145.5047861378588,1.1634218007566808,14.452257213884273,14.66003242599043,-0.006019005296242774,-0.010626326902454686,-0.008322666099349618,-0.07721269762793526,-0.020330113798456395,-0.006519263286701715
GR,2022,1,C,Toscana,053,7.453870953665972,7.771301467351473,7.612586210508723,2231640.0,47.5094706473612,0.2650700070766048,9.723103294337548,1553143.0,37.5081498674936,25.934878367850477,0.12463998395606347,14.295695409344065,14.426637919319788,6.1,25.71032676977913,13.196525977529083,12.388199580456762,0.5314328089345444,7.061583450688435,808.3394061924926,213.9299472931737,1.2715430884540382,14.588913808049881,14.618247299152076,-0.009195331739920931,-0.00046744431898027017,-0.0048313880294497125,0.09829660920373406,0.04276245684177482,-0.041785126838354
GR,2023,1,C,Toscana,053,7.449743827767943,7.775227963237039,7.61248589550249,2230318.0,47.58211023047225,0.26033046513413105,9.773051020597064,1553143.0,40.46161093855464,27.142576913893258,0.14338366843547173,14.342781042569822,14.507693573866822,5.6,25.33907192453815,12.733846627310914,12.814608114259519,0.6004733712418335,7.345412895112611,853.0157373452299,244.54164447819457,1.301151001753107,14.645884731497905,14.61765473416662,-0.004127125898029327,0.003926495885565373,-0.00010031500623242096,0.08105565454703445,0.049947726259516045,-0.000592564985455013
GR,2024,1,C,Toscana,053,7.461114662694699,7.787795622318303,7.624455142506502,2236833.0,47.531672746003,0.2757701675806967,9.83228255079731,1575983.0,39.68047399888541,27.45594109810616,0.13342845151162577,14.352490699316045,14.577531396238827,5.2,24.335534554429437,13.761552212537367,14.410869794738435,0.8127844897792017,9.24732170265029,919.5711331970027,292.1074706521779,1.3696154995103462,14.657415865352215,14.620571584131685,0.011370834926756501,0.012567659081264004,0.011969247004011585,0.06983782237200487,0.059231530200245075,0.002916849965064472
IM,2015,0,NW,Liguria,008,7.642178019559823,7.977808421123466,7.809993220341644,2639427.0,47.882737461684826,0.2795071216123848,9.62973226350691,2160260.0,31.65793756847303,25.788623466360722,0.07527661170524441,14.253485175775596,14.307685758791632,11.0,46.02867231289766,10.588520421048232,6.038213458586816,0.04850593389983211,1.5584464058938199,530.5083001477145,222.56919735678028,0.656722652502332,14.51600418716716,14.78607240611018,-0.016850435271162034,-0.011752966983067381,-0.01430170112711604,0.008971144354822158,0.0115806656727937,-0.004979573897415435
IM,2016,0,NW,Liguria,008,7.634930885915553,7.9693402003381095,7.802135543126832,2614423.0,47.4745057012044,0.2883300282873057,9.64101440481674,2160260.0,31.0834265265329,27.474750536071703,0.04666046943222265,14.262302861817254,14.324300731606444,13.0,45.849754953063275,10.3895471755936,6.073791810164023,0.05213520993926311,1.5884339173626127,541.9646818842756,229.34762065851518,0.6661641594521805,14.57109013709187,14.776553981038743,-0.007247133644269432,-0.008468220785356806,-0.007857677214811787,0.01661497281481239,0.011282141309830962,-0.009518425071435743
IM,2017,0,NW,Liguria,008,7.625975435428408,7.964459736552708,7.795217585990558,2607866.0,49.425818836954114,0.29127611799812897,9.6509685409431,2160260.0,38.25204439616864,25.76603264185356,0.16131429928397628,14.274589284506764,14.348991618246792,14.4,46.156446030486066,10.6182629862677,7.070904311729259,0.07080524890056569,1.8142266526833326,563.994533362616,231.5642609432995,0.7215395160556659,14.615952632066215,14.774042820340567,-0.008955450487144745,-0.00488046378540119,-0.006917957136273856,0.024690886640348353,0.009954136126360424,-0.0025111606981766954
IM,2018,0,NW,Liguria,008,7.614146215417192,7.958456347744646,7.786301281580919,2594706.0,48.4276076065856,0.2817597576135531,9.643452050918551,2160260.0,37.10867004420652,27.664425582718888,0.12327465055586483,14.290499049859632,14.37197452698985,13.5,44.19917060765308,10.683283835266046,7.326119899965316,0.08069589908117114,1.9345891485234123,567.9795239402973,243.208537570322,0.7420041405597172,14.609780537731918,14.768983773366099,-0.011829220011216002,-0.006003388808061949,-0.008916304409638975,0.022982908743058417,-0.007516490024549682,-0.005059046974468018
IM,2019,0,NW,Liguria,008,7.6096461189762055,7.955064386353529,7.782355252664867,2589361.0,49.57232175666865,0.3172458549433695,9.66608457153992,2160260.0,39.371266520303536,27.210938006870485,0.15903298409373715,14.298731536878893,14.390855927691584,13.6,43.9488481402289,10.677052012539084,7.464457075690176,0.08645132592936591,2.052777556382149,605.9914705480176,250.28612971068247,0.7592036490773117,14.631583527526258,14.766921685089073,-0.004500096440986923,-0.003391961391117526,-0.0039460289160526685,0.018881400701733497,0.02263252062136978,-0.0020620882770252535
IM,2020,1,NW,Liguria,008,7.605213672040901,7.95256027317343,7.7788869726071646,2587815.0,48.44510586965396,0.285853416893583,9.674505816964889,2160260.0,41.699108343631764,31.0133801130193,0.14030745063585506,14.303013979455951,14.405554007743989,10.0,43.019498263235334,10.6312823755534,7.7643794735487495,0.08416290741724787,2.031281770314884,323.65038027095494,84.49866466528813,0.6321214676461748,14.491113229758247,14.76632444827659,-0.004432446935304313,-0.0025041131800991323,-0.0034682800577021666,0.014698080052404805,0.008421245424967694,-0.0005972368124833594
IM,2021,1,NW,Liguria,008,7.6026802892820795,7.95163064023915,7.777155464760615,2585407.0,48.65826336799303,0.2691360287882145,9.648562246897173,2160260.0,38.19380448651928,26.230340715613288,0.15879224561418798,14.210150370913528,14.328341310116052,11.1,42.879953783300905,10.478715310029722,7.539089756791049,0.08287351862498567,2.1292670325841745,410.9499332221256,131.78501517064848,0.6676693584812226,14.452257213884272,14.76539350033973,-0.002533382758821645,-0.0009296329342793896,-0.001731507846549185,-0.07721269762793703,-0.025943570067715527,-0.0009309479368599938
IM,2022,1,NW,Liguria,008,7.598519913024574,7.948845008310674,7.773682460667624,2597654.0,48.69014409072481,0.26655595874809795,9.6881685585718,2177826.0,43.42299650768665,28.637865794946713,0.19477891001597988,14.295695409344063,14.42663791931979,9.5,41.14688195806316,10.174270612718518,7.868258649673367,0.08696710350338016,2.1617607866995288,600.7125031498381,245.23572665185696,0.7380222133638907,14.588913808049881,14.770119287974778,-0.00416037625750576,-0.002785631928476029,-0.0034730040929913386,0.09829660920373762,0.03960631167462658,0.004725787635047496
IM,2023,1,NW,Liguria,008,7.599398900799903,7.950251095741765,7.774824998270834,2603004.0,48.093700444225874,0.29011321354793207,9.742092556427476,2177826.0,46.94127584545398,29.143930488943603,0.23511124326021793,14.342781042569822,14.507693573866824,8.4,40.85851547485524,10.128783839169424,8.35348418171058,0.10570378772663815,2.2410784365420344,624.3713630223733,271.0927689262554,0.7704117613934893,14.645884731497906,14.772176720663959,0.000878987775329243,0.001406087431091052,0.0011425376032097034,0.08105565454703445,0.053923997855676475,0.0020574326891811268
IM,2024,1,NW,Liguria,008,7.590259394995727,7.942861816335599,7.766560605665663,2659899.0,48.532742338797384,0.2597565985781445,9.780647966796234,2223077.0,47.790529153549365,30.830881760339924,0.2238954890970504,14.352490699316045,14.577531396238825,5.6,40.476127117436036,10.25645977936898,9.32288426475526,0.12882576049593614,2.3776708548053027,635.0577478822298,295.27996461854605,0.8400104131615603,14.657415865352215,14.793798710112194,-0.009139505804175663,-0.007389279406166516,-0.00826439260517109,0.06983782237200131,0.0385554103687582,0.021621989448235013
IS,2015,0,S,Molise,094,6.583654660827931,6.983826797922158,6.783740729375045,399037.0,50.9563861717938,0.33491664157333567,9.560330847094892,223376.0,13.297316957260476,12.474149717049112,0.011426554115351577,14.253485175775596,14.307685758791632,14.1,73.53189531557152,1.6299850985891795,7.810366090449417,0.04818362278984677,0.2809380357117196,13.730112660372217,1.7310722282112945,-0.08474703558289709,14.51600418716716,12.896809423402244,-0.000382299621676907,-0.0002528470737788169,-0.00031757334772830603,0.008971144354822158,-0.00016711083258336146,-0.005954116311240654
IS,2016,0,S,Molise,094,6.580610179458871,6.978047883097952,6.7793290312784125,397089.0,50.03982405617579,0.3115902007968756,9.584641901538792,223376.0,14.283941952915997,12.564383209691988,0.02375504267567436,14.262302861817254,14.324300731606444,11.2,73.53189531557152,1.6344999160281024,7.810366090449417,0.04818362278984677,0.28008931348548916,14.995560132225979,1.6341698193458845,-0.08368096115445953,14.57109013709187,12.891915715904643,-0.0030444813690602146,-0.005778914824206005,-0.004411698096632222,0.01661497281481239,0.02431105444389914,-0.004893707497600985
IS,2017,0,S,Molise,094,6.576782022782707,6.976698879687873,6.77674045123529,394748.0,51.29401997623406,0.3230914988598773,9.596155218255264,223376.0,15.934144179497329,14.468202914983577,0.02040006027969866,14.274589284506764,14.348991618246792,15.6,69.4956186562908,1.5205383145951115,7.625258101847406,0.04818362278984677,0.2820337916269389,30.451918232896983,5.743177615232147,0.15334621832464168,14.615952632066215,12.88600286560727,-0.003828156676163985,-0.0013490034100795967,-0.002588580043122235,0.024690886640348353,0.011513316716472488,-0.0059128502973724295
IS,2018,0,S,Molise,094,6.570232171694332,6.968290680231845,6.769261425963089,392500.0,51.0407556768226,0.3158678506425459,9.576273113353558,223376.0,18.12446780202684,14.229155894308812,0.055151112043690935,14.290499049859632,14.371974526989852,17.6,69.4956186562908,1.5328202499221424,7.625258101847406,0.04818362278984677,0.28661141000823326,25.49646881203117,2.571806481547062,0.041389857126763414,14.609780537731918,12.8802918162046,-0.006549851088374581,-0.008408199456027887,-0.007479025272201234,0.022982908743060193,-0.019882104901705944,-0.0057110494026701986
IS,2019,0,S,Molise,094,6.590030220884096,6.989460271656203,6.78974524627015,347944.0,52.11512539734108,0.3326931284677764,9.62936236051363,187178.0,10.558195461388369,9.927227605130101,0.004833478463931251,14.298731536878893,14.390855927691582,13.1,82.08169277336526,1.5970197616412163,5.436992648394531,0.024869367675936584,0.11428202587459547,28.87823750231586,2.4774712784013366,0.06692752595221595,14.631583527526258,12.759796826267443,0.019798049189764022,0.021169591424357925,0.020483820307060974,0.018881400701729945,0.053089247160071906,-0.12049498993715702
IS,2020,1,S,Molise,094,6.456023484719903,6.8544736217773465,6.655248553248626,411374.0,52.56998763370848,0.3476732018854494,9.64680410278383,222244.0,11.46157148160239,11.4195877032815,0.0003208646458928283,14.303013979455951,14.405554007743989,10.599999999999998,76.18881407347705,1.110346317339001,9.932539204051455,0.02499227354544328,0.14473342358622923,15.57488906481756,0.543197415230835,-0.003735125012453192,14.491113229758245,12.927258055370611,-0.134006736164193,-0.1349866498788561,-0.13449669302152412,0.014698080052406581,0.017441742270200677,0.16746122910316785
IS,2021,1,S,Molise,094,6.431343079251672,6.828610969718511,6.629977024485092,427295.0,51.573210122930895,0.33164506012376943,9.653916646313334,233853.0,7.981739823596468,9.889808975822243,-0.014586220850066832,14.210150370913528,14.328341310116052,12.1,75.3734740326919,1.0103626418539557,13.749134123192905,0.03363775197823951,0.19866814865708377,27.373025747925453,1.1404196304547125,0.0538776355989321,14.452257213884272,12.965229920182892,-0.02468040546823147,-0.025862652058835423,-0.025271528763533446,-0.07721269762793703,0.007112543529503412,0.0379718648122811
IS,2022,1,S,Molise,094,6.425881176153655,6.825773064993228,6.625827120573441,423808.0,53.22298780507576,0.3564089012246804,9.704882567473968,233853.0,9.092183737353357,10.857178414906096,-0.013551698631376289,14.295695409344065,14.426637919319788,10.1,75.3734740326919,1.0182289369718236,13.749134123192905,0.03363775197823951,0.2004130334450957,26.45993378058185,1.9552573865054141,0.06363019041642465,14.588913808049881,12.957035801466864,-0.005461903098017196,-0.0028379047252835576,-0.004149903911651265,0.09829660920373584,0.0509659211606337,-0.008194118716028598
IS,2023,1,S,Molise,094,6.421429117189041,6.816752118019938,6.619090617604489,421127.0,53.008854508991014,0.35052328226907326,9.754394567909866,233853.0,11.418345140387181,10.24031823342368,0.009148706436640234,14.342781042569822,14.507693573866824,11.7,74.99897687742993,1.025311857816908,14.189019670643502,0.03778523652885956,0.21085351961769636,28.254536683911173,3.8044450251592457,0.09475680374429712,14.645884731497906,12.950689729881312,-0.004452058964613315,-0.00902094697328959,-0.006736502968951896,0.08105565454703623,0.04951200043589843,-0.0063460715855523375
IS,2024,1,S,Molise,094,6.422185914501109,6.811556995648153,6.616871455074631,419644.0,52.855379259216186,0.3577559890684963,9.814911793721565,233853.0,11.0504714601262,9.64326856572099,0.011026741960443502,14.352490699316045,14.577531396238825,6.6,71.07946681618758,1.0296183761730417,16.94403761224138,0.04653808120337878,0.24994188889130473,29.30448758666792,3.332153258243383,0.12457281065606647,14.657415865352213,12.947162011779785,0.0007567973120679028,-0.00519512237178521,-0.0022191625298582096,0.06983782237200131,0.06051722581169905,-0.0035277181015267445
KR,2015,0,S,Calabria,101,6.3504757439442,6.603132948553296,6.4768043462487475,1801087.0,42.75146286903055,0.2054545694469067,9.238492912298124,1017749.0,26.723889100322392,23.0530747689585,0.046852149468189754,14.253485175775596,14.307685758791632,31.5,45.90204114612469,8.482573249337737,0.0,0.0,0.0,84.55846552572804,5.9134665255313985,-0.24776339902167893,14.51600418716716,14.403900929487763,-0.012776405194236062,-0.013072368491784836,-0.012924386843010893,0.008971144354822158,0.015431360461370502,-0.07621740702989044
KR,2016,0,S,Calabria,101,6.34730731606815,6.599246291716154,6.473276803892152,1816391.0,43.155481118178585,0.21038429628459032,9.243334414127022,1017749.0,28.281915124016923,22.990926845299335,0.067765206831019,14.262302861817256,14.324300731606442,28.300000000000004,44.914365289778814,8.476391701111398,0.04298209795620124,0.0008886084835451924,0.001675615500700093,88.32784961721852,7.883212270563971,-0.18561320969141287,14.571090137091872,14.4123621233379,-0.003168427876049762,-0.003886656837141622,-0.003527542356595248,0.016614972814810613,0.004841501828897421,0.00846119385013644
KR,2017,0,S,Calabria,101,6.3444308983616216,6.599570902129012,6.472000900245317,1841784.0,43.00485008658495,0.18994853240621576,9.25022893539909,1017749.0,33.20190211255988,24.25387175598346,0.11487512435245108,14.274589284506764,14.348991618246794,29.0,44.13611758366057,8.287611662510338,1.911240526869889,0.004100835976437784,0.20057512721645174,98.62461056690277,8.610864465027229,-0.10756752462582886,14.615952632066215,14.4262452250778,-0.002876417706528578,0.0003246104128580285,-0.0012759036468352747,0.024690886640351906,0.006894521272068133,0.013883101739899928
KR,2018,0,S,Calabria,101,6.3320493705023155,6.589583192077393,6.460816281289854,1847802.0,45.42228515551326,0.2375199124866162,9.246418599706157,1017749.0,27.892826677153746,26.022355800864407,0.02422083079320429,14.290499049859632,14.371974526989852,27.6,40.06925185138713,7.422756109590927,0.2335705804877732,0.002665825450635577,0.007313958791937172,102.02700983790785,7.450887472874057,-0.17427354107575807,14.609780537731918,14.429507382586417,-0.012381527859306019,-0.009987710051619025,-0.011184618955462966,0.022982908743058417,-0.0038103356929326537,0.003262157508617136
KR,2019,0,S,Calabria,101,6.324707977000581,6.583795181344608,6.4542515791725945,1857146.0,44.4773933981426,0.2252583066217108,9.259966881398258,1017749.0,27.888931954421125,26.01373679334601,0.02451941439567084,14.298731536878893,14.390855927691584,28.800000000000004,45.13963603202949,6.933967556187691,1.8615855153271605,0.0032122274928925915,0.20051068288152943,113.52389719086294,7.55077398787367,-0.11956796138134299,14.631583527526258,14.434551458676758,-0.007341393501734572,-0.0057880107327852315,-0.006564702117259458,0.01888140070173172,0.013548281692100872,0.005044076090340965
KR,2020,1,S,Calabria,101,6.3098992080095355,6.574540105858029,6.442219656933783,1815716.0,45.653628154706794,0.24602440701783637,9.275209074143024,1017749.0,27.776236936338083,40.4514597249537,-0.16659498618148913,14.303013979455951,14.405554007743989,30.1,44.75060391987567,6.727612694771767,2.0748497810531057,0.004100835976437784,0.20485534027514213,52.44665885346456,1.4185726090384763,-0.18825998683084616,14.491113229758248,14.41199043824835,-0.01480876899104544,-0.009255075486579223,-0.012031922238811887,0.014698080052404805,0.01524219274476657,-0.02256102042840702
KR,2021,1,S,Calabria,101,6.2632330652766095,6.525411514168636,6.394322289722623,1521979.0,44.95388301509355,0.243187558981256,9.267217239733961,894968.0,17.610520014079537,29.935878269947278,-0.16935569285533303,14.21015037091353,14.328341310116052,20.3,45.06364941477359,7.203068379817264,1.91347940490591,0.00289661298249526,0.20197857727863308,75.61792609831409,2.388786280017351,-0.17695387771138527,14.452257213884272,14.235522019673889,-0.04666614273292602,-0.0491285916893931,-0.04789736721116,-0.07721269762793703,-0.007991834409063259,-0.17646841857446205
KR,2022,1,S,Calabria,101,6.259541441338143,6.518641936286781,6.389091688812462,1513952.0,45.15376991209908,0.2415154404075444,9.324679913561315,894968.0,21.997128151896955,29.93413293381148,-0.10925187127536469,14.295695409344063,14.42663791931979,17.2,43.97642181421277,7.110636434059445,2.8768605427131897,0.00531364528800226,0.42331026308623493,90.06953584688439,4.782371432512683,-0.06486021873991876,14.588913808049883,14.230234008381833,-0.0036916239384661154,-0.006769577881854616,-0.00523060091016081,0.09829660920373762,0.05746267382735404,-0.005288011292055472
KR,2023,1,S,Calabria,101,6.285792658304288,6.543933048456025,6.414862853380156,1507201.0,45.33379999713014,0.22038884074598827,9.388689017887337,894968.0,25.567187924722624,28.701554381505908,-0.04329909781027344,14.342781042569822,14.507693573866824,13.0,36.30285840336637,7.527249372448471,3.2859010346306294,0.009248516949186453,0.45474940128299685,88.3824821539124,5.681458446731106,-0.08281311752151099,14.645884731497908,14.22576484628597,0.026251216966144852,0.025291112169243846,0.02577116456769435,0.08105565454703445,0.06400910432602203,-0.004469162095864121
KR,2024,1,S,Calabria,101,6.235398536869796,6.502476880296222,6.368937708583008,1692855.0,45.36676449447268,0.250336525758639,9.457340848662271,1016156.0,24.83354055118754,28.14257831498791,-0.04732269344320076,14.352490699316043,14.577531396238825,11.2,44.089157700744046,8.259891251799893,4.46538360020892,0.021532316426720762,0.48759945501632623,88.45380524194428,7.98090675085566,0.027990798032723134,14.657415865352213,14.341927010666515,-0.05039412143449251,-0.04145616815980269,-0.04592514479714804,0.06983782237200131,0.0686518307749342,0.11616216438054572
LC,2015,0,NW,Lombardia,097,7.043298476707579,7.281629389041966,7.162463932874773,2321763.0,43.84461982414903,0.21563350428413286,9.899742970972932,1298338.0,51.13847864526213,49.380820949299284,0.022130066237226343,14.253485175775596,14.307685758791632,6.2,33.44160854369682,0.671515396773639,5.566586566812971,0.020805145837428683,0.19322286775636802,53.5356652281502,26.933664633956727,-0.19228732409863872,14.516004187167159,14.657837368847302,0.012794381776619623,0.015055525076885345,0.013924953426752928,0.008971144354822158,0.01743819022304116,0.006989334438557648
LC,2016,0,NW,Lombardia,097,7.041839610499559,7.284315390186031,7.163077500342795,2314788.0,44.08271754721849,0.2334114755542758,9.923074229280267,1298338.0,51.80642525381319,49.95135711959899,0.023370013614282727,14.262302861817256,14.324300731606442,5.8,33.92500092943037,0.6402203249175987,5.829935180849488,0.0219167386387537,0.19846164786200085,61.63519334754905,31.167754963262244,-0.18371336986115622,14.57109013709187,14.654828664635206,-0.0014588662080203818,0.002686001144065031,0.0006135674680223246,0.016614972814810613,0.02333125830733529,-0.0030087042120960916
LC,2017,0,NW,Lombardia,097,7.036407385932399,7.2783975607000055,7.157402473316201,2318625.0,45.37435286638224,0.23551490523232005,9.930965086937453,1298338.0,62.202741520176986,47.86589523344943,0.1805516667014509,14.274589284506764,14.348991618246792,5.3,36.25993616585702,0.68072762179761,6.275486104602376,0.022031591106806248,0.17168055990395237,69.58925493534646,35.24139656114517,-0.15588488927254865,14.615952632066215,14.65648489552898,-0.005432224567160304,-0.005917829486025816,-0.0056750270265943925,0.02469088664035013,0.00789085765718589,0.00165623089377398
LC,2018,0,NW,Lombardia,097,7.038846599985106,7.276478875968319,7.157662737976713,2320926.0,43.68811353971883,0.20085718399985136,9.933058574750987,1298338.0,63.31217823344094,48.706476912417095,0.18367668243903373,14.290499049859632,14.371974526989854,5.6,29.530322639926396,0.5709331235219777,8.150834442599532,0.0711727945747105,0.3871590136480246,69.6338320137182,38.356613289822626,-0.11244385647123407,14.609780537731918,14.657476801939172,0.002439214052707861,-0.0019186847316863265,0.0002602646605120995,0.02298290874306197,0.002093487813533912,0.0009919064101922004
LC,2019,0,NW,Lombardia,097,7.036048163481268,7.273483399037611,7.15476578125944,2355491.0,45.99210551342149,0.23324637851742677,9.963887806699791,1313092.0,67.58184671730406,50.92223539136967,0.21678872927484039,14.298731536878895,14.390855927691586,5.3,27.90219255575269,0.5808905518800795,9.299637687641585,0.08331880121172328,0.47220097733619243,71.25006352719609,39.39260946032552,-0.12567865792078842,14.631583527526258,14.672259756270103,-0.0027984365038387082,-0.0029954769307085627,-0.0028969567172731914,0.01888140070173172,0.030829231948803937,0.01478295433093102
LC,2020,1,NW,Lombardia,097,7.0087502993957465,7.241590048177239,7.1251701737864925,2350774.0,46.01125869665263,0.23263852464841156,9.97387542468704,1313092.0,68.72184334741902,58.498315918432084,0.13318818131013593,14.303013979455951,14.40555400774399,5.3,27.15136871043543,0.5814453396768519,10.308641297679845,0.08841413326460039,0.5390312091144379,35.788611760668324,12.56460254296031,-0.1818517187195721,14.491113229758247,14.67025519359481,-0.027297864085521262,-0.03189335086037204,-0.029595607472947094,0.014698080052404805,0.009987617987249564,-0.002004562675292476
LC,2021,1,NW,Lombardia,097,7.003944971590612,7.2394365078411855,7.121690739715898,2336642.0,46.8415531193339,0.24482076892343174,9.951055156023529,1313092.0,61.31909635090847,51.19606658490762,0.1323844030240322,14.210150370913526,14.32834131011605,5.5,17.309906628019593,0.42695566757295333,11.199099485195928,0.0757261493595955,0.4938978021412307,50.04716578906639,21.268612841302982,-0.18424675965486306,14.452257213884272,14.66422541393887,-0.0048053278051343185,-0.0021535403360530836,-0.003479434070594145,-0.07721269762794059,-0.022820268663512167,-0.006029779655939649
LC,2022,1,NW,Lombardia,097,7.000175291315576,7.257509420825751,7.128842356070663,2305809.0,45.254954987427716,0.22273986513471958,9.999326554761248,1305214.0,68.8160342283182,54.946711678370335,0.17851128932647395,14.295695409344063,14.426637919319788,2.9,16.235271208635062,0.4716959056530989,15.290927914979912,0.11026777233975849,0.6963198280475309,76.30129250584255,42.912107432574444,-0.092357713113592,14.588913808049881,14.650942148973998,-0.0037696802750364355,0.01807291298456537,0.007151616354764911,0.09829660920373762,0.048271398737719906,-0.013283264964872643
LC,2023,1,NW,Lombardia,097,7.009630677082311,7.270195958830032,7.139913317956171,2298800.0,45.19773075166449,0.2617128099481079,10.041394160260673,1298338.0,73.47108570738811,52.63693364135539,0.2622578220532264,14.342781042569824,14.507693573866824,3.0,16.584389352557203,0.5770245775894076,27.652134283164152,0.17016280222071417,0.929296806813795,97.14614907578054,61.43103876513542,0.0679966987256036,14.645884731497905,14.647897805615724,0.009455385766734992,0.012686538004280656,0.01107096188550738,0.08105565454703623,0.04206760549942423,-0.003044343358274304
LC,2024,1,NW,Lombardia,097,7.007373146105392,7.274423226876158,7.140898186490776,2336090.0,45.67643207443132,0.2400482100673808,10.10762377796857,1313092.0,79.10155124940826,55.23054195469331,0.3119080116249298,14.352490699316043,14.577531396238825,3.1,17.070026571318042,0.5602350980581031,18.618174260703857,0.2264262895357892,1.084741146540381,95.50032723637167,63.73892030465518,0.01732056148716781,14.657415865352215,14.663989149585355,-0.002257530976918609,0.004227268046126831,0.000984868534604999,0.06983782237200131,0.06622961770789715,0.016091343969630856
LE,2015,0,S,Puglia,075,6.372276187774883,6.6400107132690005,6.506143450521941,7466305.0,43.932451498849154,0.24255959780537914,9.350218610036764,4774333.0,69.54401690528265,72.91252159289537,-0.044194185784536655,14.253485175775596,14.307685758791632,22.0,20.703313086127658,4.816781589083444,16.545536242487277,0.05307021625563637,1.9714904546017147,127.53240052785796,21.760263226143227,0.03094310972155107,14.51600418716716,15.825910789484025,-0.014280357557956869,-0.015715571977485965,-0.014997964767720973,0.008971144354822158,0.015329101346956975,-0.04211104902550922
LE,2016,0,S,Puglia,075,6.363398821933836,6.634050488273727,6.498724655103781,7498755.0,42.894296061629696,0.22280959387174853,9.3670937826264,4812745.0,74.5071745602487,69.74162173451073,0.06203048937240433,14.262302861817254,14.324300731606444,23.1,19.975666601150103,4.862776817143695,15.926440544514236,0.05949040591171648,2.059114488268454,139.68797857789468,25.602541994245648,0.055834021803269664,14.57109013709187,15.830247564727014,-0.008877365841047258,-0.005960224995273933,-0.007418795418160151,0.01661497281481239,0.016875172589635667,0.004336775242988367
LE,2017,0,S,Puglia,075,6.339591083326024,6.614577707275222,6.477084395300623,7234463.0,42.85513302328344,0.2099518811291477,9.376996403322238,4673606.0,81.4758313648422,75.98586602664989,0.07191560565748822,14.274589284506764,14.348991618246792,22.3,20.468788193732678,5.324795855798857,16.209460267786216,0.06658782649526875,2.0876738150317133,147.57353231921402,27.795991005359184,0.064947735942215,14.615952632066215,15.794366692763722,-0.023807738607811935,-0.01947278099850447,-0.0216402598031582,0.024690886640348353,0.009902620695838138,-0.03588087196329148
LE,2018,0,S,Puglia,075,6.336069058873666,6.611950671018395,6.474009864946031,7286374.0,44.916699614995274,0.222716961238745,9.369888198583842,4729802.0,83.42713110083814,74.92500309056165,0.11221527917154613,14.290499049859632,14.371974526989852,17.8,20.54880374683243,5.428061108965945,15.599918230521162,0.07410476963734283,1.8216689640810324,148.182195799955,30.814452436737316,0.07356018663908995,14.609780537731918,15.80151658655358,-0.0035220244523577193,-0.002627036256827253,-0.003074530354592042,0.022982908743060193,-0.007108204738395685,0.007149893789858197
LE,2019,0,S,Puglia,075,6.308386307629108,6.584276432094571,6.44633136986184,7537415.0,44.44889743063807,0.22464109637209043,9.39708783507405,4914693.0,79.53344587709317,76.74603341419765,0.03696740773660854,14.298731536878893,14.390855927691584,17.5,20.08625453054961,5.563043753064952,17.045910473312507,0.08506254731960666,1.9504533480418056,148.5078606147561,33.55571101208812,0.11435293815210844,14.631583527526258,15.835389843005402,-0.027682751244558546,-0.027674238923824035,-0.02767849508419129,0.01888140070173172,0.027199636490207624,0.033873256451821376
LE,2020,1,S,Puglia,075,6.27979617824125,6.557658859967876,6.4187275191045625,7507608.0,44.705911231216014,0.23357483834594472,9.410400693845538,4914693.0,79.2657001246652,88.72080980895723,-0.12626494947283903,14.303013979455951,14.405554007743989,16.3,19.283781546242903,5.779464501340926,18.11056253187999,0.11063806889261182,2.170934488969024,103.73794238785905,10.797531380764353,0.12946687451709232,14.491113229758247,15.831427464350536,-0.02859012938785721,-0.026617572126695244,-0.027603850757277115,0.014698080052404805,0.013312858771488578,-0.003962378654865262
LE,2021,1,S,Puglia,075,6.236009555694985,6.518239170564087,6.377124363129536,7301845.0,44.624017630258514,0.2253185443990905,9.413163532722974,4802664.0,75.5317665099669,72.12739648897852,0.0447351181070608,14.210150370913528,14.328341310116052,15.4,20.075106474500693,6.084457820939941,18.728361291938583,0.12117692154355963,2.4285562580775504,142.44487058646934,21.33434663061482,0.1703615209153949,14.452257213884272,15.803637613911343,-0.043786622546265086,-0.039419689403788816,-0.04160315597502695,-0.07721269762793703,0.0027628388774356694,-0.02778985043919313
LE,2022,1,S,Puglia,075,6.260276596569956,6.542710276623882,6.401493436596919,7299923.0,46.08467547717161,0.23254114580501445,9.465134672330066,4809035.0,88.58289814638943,72.58187038133515,0.21056175545025088,14.295695409344063,14.426637919319788,13.1,18.063448129266366,6.449999487939718,39.012181014590674,0.520283550921409,5.453794703977213,173.05086360334315,44.29418932543622,0.43020429065614413,14.588913808049881,15.803374358117784,0.024267040874971002,0.024471106059794856,0.024369073467383373,0.09829660920373584,0.0519711396070921,-0.0002632557935591251
LE,2023,1,S,Puglia,075,6.275191702226885,6.556610148763199,6.415900925495042,7273389.0,46.38030661700991,0.2520650094958447,9.528423266782363,4813319.0,89.44103095455256,83.82243885206123,0.07454504657838437,14.342781042569822,14.507693573866824,10.7,19.784875833319973,6.393681116164237,31.452594467698493,0.21392361201987353,3.366733119584567,186.55578900278832,51.82660256512557,0.38909127001889293,14.645884731497906,15.799732903200674,0.014915105656928773,0.013899872139317537,0.014407488898123155,0.08105565454703623,0.06328859445229718,-0.0036414549171102095
LE,2024,1,S,Puglia,075,6.317798591863602,6.596574964595616,6.45718677822961,7343005.0,45.77932370301236,0.2504442642718165,9.601154592876377,4882257.0,87.37655543238517,81.68188625797028,0.07607088789261816,14.352490699316045,14.577531396238825,10.1,20.73208234150965,7.222976934849359,34.11287353593672,0.2609488289139048,3.9288157701445376,207.01053068206642,64.75108200163308,0.46099914464699787,14.657415865352215,15.80925871735412,0.04260688963671733,0.03996481583241707,0.04128585273456764,0.06983782237200131,0.07273132609401323,0.009525814153446888
LI,2015,0,C,Toscana,049,7.43719033190516,7.728718495375399,7.58295441364028,3232398.0,46.03271935995887,0.2557438779597369,9.766109240189428,1821882.0,29.109733662159332,22.29693222415211,0.05679632525474644,14.253485175775596,14.307685758791632,8.6,27.96212549579221,10.057901524348821,12.384667712161496,0.17594487007760948,5.6820226790943495,484.85433450823496,182.03816556163494,0.9312279147622236,14.516004187167159,14.988734834605934,-0.1033410774393051,-0.09962877212078425,-0.10148492478004378,0.008971144354823934,0.007944613639102371,-0.003933599574708069
LI,2016,0,C,Toscana,049,7.379370951812634,7.668385410267467,7.52387818104005,3218771.0,45.14877822884859,0.22494474390707714,9.774490184414903,1821882.0,29.494646827183775,21.826581331910422,0.06417185367466732,14.262302861817256,14.324300731606442,10.2,27.385448620151355,10.158707080305868,13.143219420191297,0.17823671583609912,5.843686103957126,513.9329119554855,199.93697471670876,0.9486550405243148,14.571090137091872,14.984510167644745,-0.05781938009252663,-0.06033308510793223,-0.05907623260022987,0.016614972814810613,0.008380944225475417,-0.004224666961189172
LI,2017,0,C,Toscana,049,7.360679291605582,7.648026225952512,7.504352758779047,3210500.0,45.768940583026804,0.23082277950180327,9.782510997932746,1821882.0,33.42963604600597,23.597070246237173,0.08234314911682171,14.274589284506764,14.34899161824679,6.8,27.385448620151355,10.169168262017099,13.143219420191297,0.17823671583609912,5.849631331297973,554.1245502509469,218.17164517215355,0.9576201148440194,14.615952632066213,14.98193724621624,-0.018691660207052152,-0.020359184314955314,-0.019525422261003733,0.024690886640348353,0.00802081351784345,-0.0025729214285039603
LI,2018,0,C,Toscana,049,7.343597339014328,7.627494074291561,7.485545706652944,3196981.0,46.637262861822585,0.23133104846677896,9.78053232509928,1821882.0,33.040348094628214,23.185633849034385,0.08315350220016601,14.29049904985963,14.371974526989852,6.5,26.98930563036248,11.235621996192487,13.498413778679847,0.17618687798051177,6.252992609589069,565.5152376957901,224.24719339058868,0.966739017187275,14.609780537731918,14.977717484952688,-0.017081952591254,-0.02053215166095068,-0.01880705212610234,0.02298290874306197,-0.0019786728334665327,-0.004219761263552613
LI,2019,0,C,Toscana,049,7.32497109844688,7.604632869405344,7.464801983926112,3182381.0,46.4847707089806,0.2713152480396638,9.796344944552214,1821882.0,31.89560163849228,24.057830930637223,0.06676709569686021,14.298731536878895,14.390855927691582,5.8,25.44170679282403,10.112822993557396,14.892701680403142,0.33016975277381844,7.29747931422262,595.77280366566,225.89214645989478,1.0444415302817898,14.63158352752626,14.97314021672717,-0.018626240567447994,-0.022861204886217124,-0.02074372272683256,0.018881400701729945,0.015812619452933774,-0.004577268225517628
LI,2020,1,C,Toscana,049,7.3080195872396265,7.580708487661276,7.44436403745045,3171370.0,46.27329735720798,0.2387713488106023,9.808199153874915,1821882.0,34.772784600281675,27.02952097050685,0.06645069127491733,14.303013979455951,14.405554007743987,6.2,25.404107206159903,10.149307502381482,14.654803590434556,0.35172818805095923,7.230078193899237,426.7309510439627,97.06050019649061,0.9523693863939945,14.491113229758247,14.969674229148183,-0.016951511207253134,-0.023924381744067524,-0.02043794647566166,0.014698080052404805,0.011854209322700981,-0.0034659875789877503
LI,2021,1,C,Toscana,049,7.30808256399336,7.579857623433023,7.443970093713191,3142703.0,47.37494485513152,0.2861636134272045,9.79337246919523,1821882.0,29.26362237554072,23.611371812044275,0.04884341243815409,14.21015037091353,14.328341310116052,5.5,26.08128684746218,10.66735457299007,14.841714889902999,0.3754893674986395,7.171426313469189,554.8937214576853,165.51374468554482,1.0408201327468292,14.452257213884272,14.960593815609963,6.297675373367895e-05,-0.0008508642282532008,-0.00039394373725887277,-0.07721269762793526,-0.014826684679684732,-0.009080413538219645
LI,2022,1,C,Toscana,049,7.312777355699374,7.583222205481291,7.447999780590332,3125585.0,47.509470647361205,0.2650700070766048,9.830367414381513,1821882.0,32.562871554111304,25.37519284077472,0.06256008934365354,14.295695409344063,14.42663791931979,5.0,25.966914745182624,10.827775182624363,14.66555161995239,0.38728139188290434,7.348879366060058,661.692369720793,250.75313533310845,1.0907584444104792,14.588913808049883,14.955132023632906,0.00469479170601339,0.003364582048267728,0.004029686877141003,0.09829660920373762,0.03699494518628299,-0.0054617919770567624
LI,2023,1,C,Toscana,049,7.313911201986571,7.579342115350956,7.446626658668763,3089961.0,47.58211023047225,0.26033046513413105,9.875763837013558,1803820.0,40.68808964582836,25.797524041149256,0.13088503247736893,14.342781042569822,14.507693573866824,4.7,24.4337669951583,10.96565579450058,15.34860705274549,0.40712118270843156,7.253962538320029,671.2161753041937,259.8206241689934,1.1231551394088095,14.645884731497906,14.943669027435055,0.0011338462871970378,-0.0038800901303348567,-0.0013731219215689094,0.08105565454703445,0.04539642263204513,-0.011462996197851183
LI,2024,1,C,Toscana,049,7.319911929388947,7.587856522775816,7.453884226082382,3753469.0,47.53167274600299,0.2757701675806967,9.943628956822232,2171184.0,37.53537889478785,25.002811632105477,0.11137908895567789,14.352490699316045,14.577531396238825,4.8,24.048207977179032,10.882267021205411,18.920891060686536,0.509407092351919,8.15411041115185,673.2854841491411,265.13093862957334,1.1643967469659429,14.657415865352215,15.138191037002784,0.006000727402376782,0.008514407424859982,0.007257567413618382,0.06983782237200131,0.06786511980867438,0.19452200956772892
LO,2015,0,NW,Lombardia,098,6.950727229936257,7.210198089628261,7.08046265978226,2057590.0,43.844619824149035,0.2156335042841329,9.875158980412646,1126617.0,36.40833098469195,31.016575079762802,0.06038900755538309,14.253485175775596,14.307685758791632,8.0,64.57484705828526,0.752233713927594,4.285690565145638,0.006918456746051827,0.027514144309765124,26.87499912098618,11.190707765409217,-0.33312363152812247,14.51600418716716,14.537045952982524,0.0028316458482011697,-0.004969006076582794,-0.001068680114190812,0.008971144354822158,0.013056309379591013,0.01819880327622414
LO,2016,0,NW,Lombardia,098,6.9688349314947295,7.228121246339744,7.098478088917236,2103019.0,44.08271754721849,0.23341147555427577,9.890855951422024,1147832.0,38.952426884875095,33.79430370435753,0.061158561471258865,14.262302861817256,14.324300731606444,7.400000000000001,66.8599104236233,0.9424294475910026,2.0868568176283935,0.0060851419121711655,0.025309450143138682,25.51329275892082,8.76026268080883,-0.32085343954252293,14.57109013709187,14.55888448935634,0.0181077015584723,0.01792315671148259,0.018015429134976557,0.01661497281481239,0.015696971009377947,0.021838536373815387
LO,2017,0,NW,Lombardia,098,7.002738333531436,7.260743423777111,7.131740878654273,2140490.0,45.37435286638224,0.23551490523232005,9.902737775064978,1165307.0,44.59430769759915,38.916095571090096,0.06832037823951528,14.274589284506764,14.348991618246792,7.0,64.64086512772299,0.6984730153929765,5.268458797699631,0.01038380412344395,0.04084855458370192,28.238845349378977,9.462932004340624,-0.24064681023630166,14.615952632066215,14.576545332750571,0.03390340203670661,0.03262217743736695,0.033262789737036336,0.024690886640348353,0.011881823642953648,0.017660843394232018
LO,2018,0,NW,Lombardia,098,7.035324401775834,7.293496907594889,7.164410654685361,2214800.0,43.68811353971883,0.20085718399985136,9.90719002448019,1207258.0,46.90334628120994,35.54899540172956,0.1356051751889198,14.290499049859632,14.37197452698985,6.5,61.93501594401371,0.7093946066157767,8.250409634106747,0.018932836817588703,0.06477272256974313,22.893449673489123,9.685672532622867,-0.15042368406183676,14.609780537731918,14.610672663930949,0.032586068244397914,0.03275348381777832,0.03266977603108856,0.022982908743058417,0.004452249415212606,0.03412733118037714
LO,2019,0,NW,Lombardia,098,7.045669739375295,7.305935519531572,7.175802629453433,2246260.0,45.99210551342149,0.23324637851742677,9.931654761364886,1215194.0,47.982807600856034,34.72817668120684,0.15740504709561368,14.298731536878893,14.390855927691584,7.2,59.099322688401394,0.627866010797775,9.009571388425595,0.018394190269144548,0.06625889985727719,19.795799778452945,7.6189493206744014,-0.20803980579588022,14.631583527526258,14.624777168934214,0.010345337599461324,0.012438611936683053,0.011391974768072188,0.018881400701733497,0.024464736884695526,0.014104505003265544
LO,2020,1,NW,Lombardia,098,7.048655060429705,7.30768453147357,7.178169795951637,2256736.0,46.01125869665263,0.2326385246484116,9.948443834754983,1215194.0,52.046435794432135,41.855525289228645,0.12065416882390262,14.303013979455951,14.405554007743989,6.2,58.37265987107004,0.5678599624950712,9.416257876019111,0.012408807204628418,0.053499241404569305,7.4541503266869755,1.3358231646157546,-0.2896010711300826,14.491113229758247,14.62943007952977,0.0029853210544095177,0.0017490119419978356,0.0023671664982032325,0.014698080052404805,0.01678907339009683,0.004652910595556392
LO,2021,1,NW,Lombardia,098,7.049364665113868,7.3099866236994915,7.17967564440668,2256659.0,46.8415531193339,0.24482076892343174,9.931374684510129,1215194.0,41.040962310248354,34.09716313149421,0.08181486574879496,14.210150370913528,14.328341310116052,5.3,58.59482439609498,0.5658346958975985,7.887520037770403,0.012225492537352618,0.05167757206153093,10.479439354045455,2.0857752050959784,-0.24718723564086142,14.452257213884272,14.629395958873365,0.0007096046841628123,0.0023020922259213705,0.0015058484550429796,-0.07721269762793703,-0.017069150244854114,-3.4120656405178806e-05
LO,2022,1,NW,Lombardia,098,7.031734657728446,7.2994449797289285,7.165589818728687,2257451.0,45.254954987427716,0.22273986513471955,9.976754066702618,1215194.0,49.04394136070412,38.59124636108907,0.12328898219461068,14.295695409344063,14.42663791931979,5.2,57.1563246706694,0.6231492227103633,7.215241154368783,0.012225492537352618,0.05165198265868609,12.953452591614289,2.9567769180941643,-0.22515609580969795,14.588913808049881,14.629746858611355,-0.017630007385421642,-0.010541643970563008,-0.014085825677992325,0.09829660920373762,0.045379382192489714,0.00035089973798996255
LO,2023,1,NW,Lombardia,098,7.005824704024196,7.265566113681214,7.135695408852706,2267254.0,45.19773075166449,0.2617128099481079,10.020128541525086,1215194.0,53.00172884133369,38.29241500732277,0.17354390632280217,14.342781042569822,14.507693573866824,4.0,56.64091893234197,0.6078494679144996,7.41449128927938,0.009507773006008252,0.04839121481160732,13.87147050928591,4.368259453009584,-0.2739596195656604,14.645884731497906,14.634079965560105,-0.0259099537042502,-0.03387886604771406,-0.029894409875981687,0.08105565454703445,0.04337447482246759,0.004333106948749332
LO,2024,1,NW,Lombardia,098,7.030377390126803,7.283671820246676,7.157024605186739,2325744.0,45.67643207443132,0.2400482100673808,10.085170374801205,1240031.0,54.67046417596001,35.71270676335658,0.2217999388599686,14.352490699316045,14.577531396238825,2.5,54.33649494663925,0.6193449016590483,8.708835385824406,0.015897992642272422,0.0602041183575242,15.034576842136634,3.9494250393424872,-0.2576290208022076,14.657415865352215,14.659550545814513,0.024552686102607524,0.01810570656546151,0.021329196334033185,0.06983782237200131,0.06504183327611912,0.025470580254408404
LT,2015,0,C,Lazio,059,7.037173550114599,7.338221119003118,7.187697334558859,8257519.0,42.64955373004006,0.18572315599972766,9.478981918522226,4604716.0,48.60283385580058,38.4010182719618,0.0875668382328458,14.253485175775596,14.307685758791632,16.5,37.91193954069906,2.03898709536482,6.839378280883413,0.026379160204981565,0.22095491775545983,83.33640223531533,12.60671546643756,0.06370336208802542,14.51600418716716,15.926634737182976,-0.014702528856338937,-0.0339634786189027,-0.02433300373762126,0.008971144354822158,0.00567995037308755,0.0072112689333359015
LT,2016,0,C,Lazio,059,7.029233749935151,7.323520461043123,7.176377105489138,8457171.0,44.204509696160194,0.21527117827297085,9.489591448310337,4697754.0,50.34897863468925,36.13929294986382,0.12211641526432687,14.262302861817254,14.324300731606444,15.5,35.97506232185651,2.0204373442095096,6.7889589370526,0.03038446383693122,0.23126952483325755,100.39413152149662,13.125223045779581,0.08216649276214424,14.57109013709187,15.950525278496087,-0.007939800179448397,-0.014700657959995311,-0.011320229069720966,0.01661497281481239,0.010609529788110805,0.023890541313111413
LT,2017,0,C,Lazio,059,6.986756757585871,7.288009947327585,7.137383352456728,9033295.0,43.88151360277541,0.22234201292344857,9.500797180294882,5009189.0,50.73514263533211,41.30768178220724,0.0822216058881259,14.274589284506764,14.348991618246792,13.3,35.68371257189116,1.9949941034343615,6.833188699118422,0.03308745025362331,0.245028710937745,103.54867231165449,13.63866544392517,0.08031037297537774,14.615952632066215,16.01642775363038,-0.04247699234927982,-0.03551051371553804,-0.03899375303241026,0.024690886640348353,0.011205731984544443,0.06590247513429404
LT,2018,0,C,Lazio,059,6.97034756342556,7.283755230591771,7.127051397008665,8986901.0,43.63072779288965,0.2274396766256218,9.509518005955718,4973116.0,53.200157848027075,41.24069470063276,0.10456575860454814,14.290499049859632,14.371974526989852,16.0,35.183429974808384,1.9940749258498063,6.81020401920626,0.03483108189005546,0.25505130957187916,120.0924931133742,15.280492590283883,0.09759420702996202,14.609780537731918,16.011278630667963,-0.01640919416031128,-0.004254716735814235,-0.010331955448062757,0.022982908743060193,0.008720825660835985,-0.005149122962418318
LT,2019,0,C,Lazio,059,6.9671191108841795,7.281590135428683,7.124354623156431,8984526.0,46.418143833833085,0.23533623628905836,9.53267940011522,4973116.0,49.60134847548985,41.34858850122031,0.07229801584904709,14.298731536878893,14.390855927691584,13.6,33.10673701382909,2.0048212140268125,6.5420495889400065,0.03920786780270303,0.2764597656416549,114.19972203321089,14.686313106473824,0.13607400942980158,14.631583527526258,16.01101432221724,-0.0032284525413803777,-0.002165095163087827,-0.0026967738522341023,0.01888140070173172,0.023161394159503246,-0.0002643084507241156
LT,2020,1,C,Lazio,059,6.965245436552654,7.279088272343535,7.1221668544480945,8980072.0,45.115072570893176,0.22268050659775904,9.551057670040228,4973116.0,54.56019400532607,48.96050583766353,0.04898288008539035,14.303013979455951,14.405554007743989,11.7,33.014197584595465,2.034980214058473,6.355649607668123,0.04513988900396181,0.31005413224290257,47.124959006833734,2.485800126186255,0.029349961532333844,14.491113229758247,16.01051845806361,-0.001873674331525521,-0.002501863085147882,-0.0021877687083362574,0.014698080052404805,0.018378269925007018,-0.0004958641536276787
LT,2021,1,C,Lazio,059,6.964806236325265,7.277160535437938,7.120983385881601,9063019.0,45.817300418952705,0.2316467145538048,9.548759604362132,4973116.0,46.278373774042215,39.744890321938584,0.05693579449847912,14.210150370913528,14.328341310116052,10.9,32.49218924094732,2.025630579295178,6.294468366888167,0.051351390563020426,0.3342054399167255,56.566922451177895,4.1730886509930745,0.08674352555416506,14.452257213884272,16.01971284547078,-0.0004392002273885254,-0.0019277369055972216,-0.0011834685664933176,-0.07721269762793703,-0.00229806567809554,0.009194387407170268
LT,2022,1,C,Lazio,059,6.971910954114771,7.278357069605885,7.125134011860328,9089018.0,45.02707470708941,0.22682827438948816,9.600558365739829,4973116.0,55.63560887051138,43.24348071048012,0.10817510381260595,14.295695409344063,14.426637919319788,9.6,32.677136247105,2.029714556870808,6.534893049476407,0.05550026516251104,0.34619554526552687,74.3701536566737,8.47578506990152,0.12821964905720162,14.588913808049881,16.022577429514833,0.007104717789505166,0.001196534167947405,0.00415062597872673,0.09829660920373584,0.05179876137769668,0.0028645840440510995
LT,2023,1,C,Lazio,059,6.966223680803127,7.267667278547434,7.11694547967528,9088085.0,46.020427026167695,0.24969668949351864,9.665012847828555,4973116.0,59.81160150786222,47.08298362928978,0.11120237255443752,14.342781042569822,14.507693573866824,8.9,35.26573273389991,1.9862429982779073,7.198890502194647,0.05356066173986494,0.3320246696559296,82.11470556480755,10.460106804061454,0.17086751171860293,14.645884731497906,16.022474772892288,-0.005687273311643537,-0.010689791058450915,-0.00818853218504767,0.08105565454703623,0.06445448208872584,-0.00010265662254482777
LT,2024,1,C,Lazio,059,6.963365960427939,7.264872681330724,7.1141193208793325,9088896.0,46.764860828854154,0.24908675365456814,9.733628162879443,4973116.0,53.65545428517945,45.08002244194696,0.07517952262662389,14.352490699316045,14.577531396238825,9.4,30.981310719992127,2.330757774611036,9.199327335983595,0.1221759014419626,0.6905048389184684,85.29747298048687,11.03661639759935,0.3023251992230039,14.657415865352215,16.02256400663254,-0.0028577203751876112,-0.0027945972167104927,-0.0028261587959477197,0.06983782237200131,0.06861531505088792,8.923374025116004e-05
LU,2015,0,C,Toscana,046,7.358599599938982,7.627047610499359,7.4928236052191695,4034689.0,46.03271935995887,0.2557438779597369,9.715991565076804,2354665.0,40.25951212412651,32.774243682143386,0.09429481203679266,14.253485175775598,14.307685758791632,11.4,54.16953293044657,7.574917162421415,20.915530474471588,0.1699272679592575,1.314850444851604,257.3682544444976,112.86857819326531,0.7422248944590398,14.51600418716716,15.21043978112711,-0.015885392804139364,-0.009282483903958472,-0.012583938354049806,0.008971144354822158,0.012053350030196697,-0.0033801675352584937
LU,2016,0,C,Toscana,046,7.345079016535582,7.621471166334637,7.48327509143511,4007819.0,45.14877822884859,0.2249447439070771,9.730193261280112,2354665.0,40.073467173654876,33.19865628271134,0.08734755968665595,14.262302861817256,14.324300731606444,9.8,53.90688818466773,7.949936895996623,21.027483076988695,0.1813559185885867,1.437681786372014,263.88259925889565,118.99675788987645,0.7576593624408204,14.571090137091868,15.20375776104647,-0.01352058340340001,-0.005576444164721472,-0.00954851378405941,0.01661497281481239,0.014201696203308245,-0.006682020080640783
LU,2017,0,C,Toscana,046,7.315710505905484,7.6059006791191095,7.460805592512297,3995236.0,45.768940583026804,0.23082277950180324,9.744378067336145,2354665.0,45.87294917651141,32.81601997795137,0.16612175497804973,14.274589284506762,14.34899161824679,10.9,53.67687160546176,8.336583641429428,20.989903936992015,0.18223459460652128,1.422083364046264,271.7825584705603,121.33992236892891,0.7643362261150053,14.615952632066215,15.200613209280025,-0.029368510630098044,-0.015570487215527784,-0.022469498922813358,0.024690886640346577,0.014184806056032784,-0.003144551766444792
LU,2018,0,C,Toscana,046,7.251523791789274,7.566729342959249,7.409126567374262,3983543.0,46.637262861822585,0.23133104846677896,9.740450664837946,2354665.0,52.337661976601275,32.42956173973892,0.25498275903773066,14.290499049859632,14.371974526989852,9.2,53.003827791723914,8.145569745948311,22.30148399079345,0.20113792606881062,1.5179709362131784,280.4738090126702,125.01535810269455,0.7663817053488821,14.609780537731918,15.197682182271723,-0.06418671411621002,-0.03917133615986046,-0.051679025138034795,0.02298290874306197,-0.003927402498199228,-0.002931027008301612
LU,2019,0,C,Toscana,046,7.224621940876873,7.550102176553904,7.3873620587153885,3968558.0,46.4847707089806,0.2713152480396638,9.76259334736798,2354665.0,48.08170769282333,32.848665774399336,0.197237186878323,14.298731536878893,14.390855927691582,7.9,50.12286104580948,8.029830516586323,26.14238350704516,0.3038196126037847,2.2320107530749076,283.4976545197579,126.72988614543912,0.8595713936424743,14.631583527526256,15.193913362500131,-0.026901850912400604,-0.01662716640534523,-0.02176450865887336,0.018881400701729945,0.02214268253003482,-0.003768819771591936
LU,2020,1,C,Toscana,046,7.203417490023995,7.541578759548174,7.372498124786084,3965803.0,46.27329735720798,0.2387713488106023,9.773535848579918,2354665.0,57.34640303463657,35.92692891881818,0.2792244658740339,14.303013979455951,14.405554007743989,7.6,51.523713416237854,8.167264454941083,23.934480767978325,0.2968757953955914,2.1406717084232576,117.48709208620012,26.5169830925998,0.6712633134602206,14.491113229758248,15.193218914614356,-0.021204450852878587,-0.008523417005729783,-0.014863933929304629,0.014698080052406581,0.010942501211937739,-0.000694447885775773
LU,2021,1,C,Toscana,046,7.153282630919119,7.510567885753357,7.331925258336237,3993025.0,47.37494485513152,0.2861636134272045,9.761017311903272,2354665.0,51.07179935513475,33.268879065787004,0.23667993054109937,14.21015037091353,14.32834131011605,11.9,51.32022440529702,8.300863448486473,23.944574356402548,0.3078939092208245,2.1786813199965445,189.2563502828213,57.434989865441295,0.7693549681680101,14.452257213884273,15.200059646982433,-0.05013485910487603,-0.03101087379481715,-0.040572866449847034,-0.07721269762793881,-0.012518536676646264,0.0068407323680776955
LU,2022,1,C,Toscana,046,7.124359372672249,7.489337513904558,7.306848443288404,3980076.0,47.509470647361205,0.2650700070766048,9.804695961123288,2354665.0,51.969293097067414,36.551677242871115,0.20739753962030996,14.295695409344063,14.426637919319786,6.8,50.23570361394181,8.504705314900297,24.784871697285972,0.3369426487062439,2.381787409486879,256.4168933698176,105.24208581340159,0.835543065098916,14.588913808049881,15.19681147255569,-0.02892325824686992,-0.021230371848798946,-0.0250768150478331,0.09829660920373584,0.0436786492200163,-0.0032481744267425228
LU,2023,1,C,Toscana,046,7.107725843201274,7.473865858455829,7.290795850828552,3978679.0,47.58211023047225,0.26033046513413105,9.85469183930966,2354665.0,60.67843701411176,36.45128847451233,0.32640518265909724,14.342781042569822,14.507693573866824,6.7,50.6241981031856,8.587433467537632,24.44224249354676,0.32700738116694783,2.3003296255759778,276.1981330090906,122.56449897165885,0.8571807774083119,14.645884731497908,15.196460412618716,-0.016633529470974295,-0.01547165544872886,-0.016052592459852022,0.081055654547038,0.04999587818637252,-0.00035105993697470694
LU,2024,1,C,Toscana,046,7.091970842266954,7.4656506620554834,7.2788107521612195,4254974.0,47.531672746003,0.2757701675806967,9.91704465929604,2537992.0,58.399583124639584,35.10706430486683,0.3126882852472464,14.352490699316045,14.577531396238827,4.5,47.472147440159254,7.981067036850392,25.891427762473892,0.3966005618031102,2.584358025439118,290.421302821798,135.05615398694513,0.8956740436591791,14.657415865352213,15.263599209512659,-0.015755000934320584,-0.008215196400345626,-0.011985098667332217,0.06983782237200309,0.06235281998637987,0.06713879689394275
MB,2015,0,NW,Lombardia,108,7.244204394265903,7.457308506818075,7.35075645054199,9116928.0,43.84461982414903,0.2156335042841329,9.916040131156665,4630914.0,508.3383868124117,329.69955586035655,1.8694808932696538,14.253485175775596,14.307685758791632,8.8,55.44068942631435,0.6430032871733516,9.771817470556195,0.0068419996587807275,0.04667000000179507,31.96028289175468,9.859522853093072,-0.4239328478016499,14.51600418716716,16.025643463201206,-0.005202653377591737,-0.0035962688658983666,-0.00439946112174372,0.008971144354822158,0.011883699795058433,-0.0045849901119829894
MB,2016,0,NW,Lombardia,108,7.238240763425532,7.451394329698984,7.344817546562258,9131746.0,44.08271754721849,0.23341147555427577,9.936154098173034,4630914.0,464.2667671764646,328.51027283529385,1.4203152224797917,14.262302861817254,14.324300731606444,7.4,54.33101797431439,0.6549610926680706,13.165227745212396,0.00884901993972337,0.05856857214229754,25.424606927236272,8.377566317461685,-0.40738757730760133,14.57109013709187,16.02726747196554,-0.005963630840371437,-0.005914177119090702,-0.005938903979732402,0.01661497281481239,0.02011396701636947,0.0016240087643346612
MB,2017,0,NW,Lombardia,108,7.236445080397306,7.453099471094307,7.3447722757458065,9159018.0,45.37435286638223,0.23551490523232005,9.945822443410192,4630914.0,463.96005367029034,338.32855299130745,1.313603366078986,14.274589284506762,14.348991618246792,7.1,52.11462069307073,0.6422593508456168,15.101461476341456,0.011903816019132754,0.06696137227324145,30.706867517919086,11.38361341640591,-0.3346313182667254,14.615952632066215,16.030249525663248,-0.0017956830282255254,0.001705141395322407,-4.527081645111508e-05,0.024690886640348353,0.009668345237157538,0.002982053697706988
MB,2018,0,NW,Lombardia,108,7.230850200071438,7.450476399665849,7.340663299868643,9218484.0,43.68811353971883,0.20085718399985134,9.952321643897815,4646934.0,526.6550383204842,346.44444069324385,1.9540185658001932,14.290499049859632,14.371974526989852,6.0,52.68094169505222,0.6941422755650847,20.072292477093445,0.013430259615105508,0.07741340250018718,34.06467917105654,10.011801257296739,-0.3198054801720529,14.609780537731918,16.03672115685079,-0.005594880325868523,-0.002623071428457635,-0.004108975877163523,0.022982908743060193,0.006499200487622758,0.006471631187540794
MB,2019,0,NW,Lombardia,108,7.228187736446432,7.455309172637103,7.341748454541767,9234834.0,45.99210551342149,0.23324637851742674,9.97467446212364,4646934.0,517.7921431720109,354.21395899252224,1.7669805947909256,14.298731536878893,14.390855927691586,7.0,52.36903239037209,0.6931648625160911,19.459014611073037,0.014012952434126737,0.07783235412195644,38.65597622894814,10.67873250358224,-0.321342954308392,14.631583527526256,16.038493196359177,-0.002662463625005884,0.004832772971253618,0.001085154673123867,0.018881400701733497,0.022352818225824578,0.0017720395083884455
MB,2020,1,NW,Lombardia,108,7.206856846679941,7.453027552559712,7.329942199619826,9265500.0,46.01125869665263,0.2326385246484116,9.98670370860471,4646934.0,603.5013457860338,405.7104372172265,2.129022150524756,14.303013979455953,14.405554007743987,5.1,52.211375397469034,0.6916071448002343,20.77283486911682,0.018772365349281485,0.08359309109527958,18.950368299556008,3.075690489062189,-0.32609814723152186,14.491113229758248,16.0418083827862,-0.021330889766490557,-0.0022816200773903006,-0.011806254921940429,0.014698080052401252,0.012029246481070288,0.003315186427023775
MB,2021,1,NW,Lombardia,108,7.2146227855395795,7.459846523448585,7.337234654494082,9242606.0,46.8415531193339,0.24482076892343174,9.963725002460407,4646934.0,460.9708294442525,377.55734689190126,0.8962441092760841,14.210150370913528,14.32834131011605,6.6,52.114781727444104,0.6794167074858692,22.903477525646355,0.018846391829110874,0.07684947486150742,29.40259077813078,5.226490933455091,-0.28261543595511746,14.452257213884273,16.03933443848561,0.007765938859638055,0.0068189708888724,0.0072924548742552275,-0.07721269762793703,-0.022978706144302308,-0.002473944300589892
MB,2022,1,NW,Lombardia,108,7.248431659777301,7.4964254943526365,7.3724285770649685,9239258.0,45.25495498742772,0.22273986513471955,10.011840133613926,4646934.0,508.5941402728967,419.567661559641,0.9518438918509569,14.295695409344061,14.426637919319786,4.3,50.379030946964654,0.6785278393963927,25.3869328106984,0.021809584434703704,0.08367277786368447,42.47928502181062,10.430742927880521,-0.24415284647903576,14.588913808049883,16.038972137363103,0.03380887423772183,0.03657897090405182,0.035193922570886826,0.09829660920373584,0.048115131153519286,-0.0003623011225073469
MB,2023,1,NW,Lombardia,108,7.276543175297275,7.524413914237312,7.400478544767293,9275514.0,45.19773075166449,0.2617128099481079,10.060843252259819,4646934.0,585.5293879557544,418.82767835362034,1.7752974897658496,14.342781042569822,14.507693573866826,2.9,49.40211057940109,0.6435577790729161,24.46682479360675,0.021306536804412184,0.0827088244173016,49.24428796685943,14.169542491422698,-0.2185230778157028,14.645884731497905,16.04288858271202,0.028111515519973374,0.027988419884675153,0.028049967702324707,0.08105565454703978,0.04900311864589213,0.003916445348917108
MB,2024,1,NW,Lombardia,108,7.28649910783291,7.533752171935299,7.410125639884105,9384708.0,45.67643207443132,0.2400482100673808,10.11953950341412,4686589.0,668.3191996368362,436.6845246081419,2.4485780958804604,14.352490699316045,14.577531396238824,3.2999999999999994,48.66674205474884,0.6663060321317872,27.715566910170445,0.03726413496085375,0.11339298536715713,48.36859856345005,14.992471863231408,-0.12913246261656536,14.657415865352215,16.054592114039757,0.009955932535635093,0.009338257697987018,0.0096470951168115,0.06983782237199776,0.058696251154302104,0.011703531327736272
MC,2015,0,C,Marche,043,6.871684959204182,7.208055462573668,7.0398702108889255,2657453.0,45.33060119894768,0.23648236799355962,9.65995900951656,1421006.0,38.62418979797789,30.28592361247388,0.08890578549130027,14.253485175775596,14.307685758791632,9.0,37.67186701411215,1.736140938369255,4.62100496682996,0.03039778200787042,0.44767864435282867,110.55123483487854,18.410304092840416,0.2227686621494609,14.516004187167162,14.792878703246924,-0.03657367493943742,-0.016386670094047595,-0.026480172516742506,0.008971144354822158,0.017167134051012667,-0.009706067313778988
MC,2016,0,C,Marche,043,6.866783678555856,7.205506752749967,7.036145215652912,2660261.0,45.15627188138395,0.21333925258606376,9.678755081741018,1425447.0,37.070764868852834,31.85676726516733,0.055737815867200696,14.262302861817256,14.324300731606442,9.3,36.70851871587831,1.7094851986849848,4.767764062029812,0.03764808099446895,0.4797689030776028,111.66714250604444,17.616709157526508,0.2358342626370251,14.571090137091872,14.793934796245152,-0.004901280648326178,-0.002548709823701145,-0.0037249952360136618,0.016614972814810613,0.01879607222445756,0.0010560929982279532
MC,2017,0,C,Marche,043,6.845939350966645,7.18608033359407,7.016009842280357,2645005.0,46.61070866858987,0.2540126102737809,9.69553389713709,1421919.0,38.230781450152,33.36244223927122,0.052108721585226885,14.274589284506762,14.348991618246792,8.0,36.10476366245239,1.7281759732895148,4.5893841146338294,0.042247529920845246,0.48294804397285274,99.09203612634911,14.7529968164128,0.23333229085749316,14.615952632066213,14.788183513631918,-0.020844327589211176,-0.019426419155896824,-0.020135373372554888,0.02469088664035013,0.016778815396071067,-0.00575128261323421
MC,2018,0,C,Marche,043,6.833355292818762,7.175450496360623,7.004402894589694,2633078.0,45.86446948728184,0.2641504477280837,9.699501646626828,1421919.0,38.44348163446079,36.996456461779125,0.015549578337749973,14.290499049859632,14.371974526989852,7.5,32.12031327821658,1.7218342659808044,9.843198383547174,0.140266130940341,0.5700284938359816,112.14038177976515,16.661528640353705,0.31270953887276937,14.609780537731917,14.783664062042703,-0.012584058147882438,-0.010629837233446793,-0.011606947690663283,0.022982908743060193,0.003967749489738992,-0.004519451589214185
MC,2019,0,C,Marche,043,6.831585807560509,7.16938075956749,7.000483283564,2625633.0,46.521314937064986,0.2414946890054381,9.729732190328443,1421919.0,38.46640345009903,34.94393253031558,0.038117007826556255,14.298731536878893,14.390855927691584,7.6000000000000005,30.108254485034294,1.7458119233270863,10.39131314248692,0.25537981786203834,1.0227854162447017,118.80838120799054,16.67038489507677,0.36225808783367136,14.631583527526258,14.78083256779474,-0.0017694852582534892,-0.0060697367931332735,-0.0039196110256938255,0.01888140070173172,0.03023054370161482,-0.002831494247963917
MC,2020,1,C,Marche,043,6.829776819116096,7.1683150497826205,6.999045934449358,2616382.0,46.520653579871244,0.25688316965989294,9.742952275825244,1421919.0,42.83153123335858,40.08449396544488,0.0299350431364264,14.303013979455951,14.405554007743989,5.6,28.63113487066209,1.4649004150219425,9.848260096150236,0.2881879094202648,1.0803965784080194,86.35308342045137,7.396709763283887,0.268645718132064,14.491113229758248,14.777303005363525,-0.0018089884444130178,-0.0010657097848696395,-0.0014373491146422168,0.014698080052404805,0.013220085496801204,-0.0035295624312148277
MC,2021,1,C,Marche,043,6.818471088665597,7.162393324234506,6.990432206450052,2601190.0,45.702439844863065,0.24212290400750114,9.729810081808038,1421919.0,35.70646228660632,35.01631563694976,0.007590695081009229,14.210150370913528,14.328341310116054,7.3999999999999995,36.498256792504755,1.5069327736222058,16.30304569266288,0.12274878583940371,0.9810495718917288,104.25096329108655,10.914026625781025,0.3513814833524289,14.452257213884272,14.771479590590227,-0.01130573045049843,-0.005921725548114765,-0.00861372799930571,-0.07721269762793526,-0.013142194017206066,-0.005823414773297841
MC,2022,1,C,Marche,043,6.817705409114012,7.166479059811819,6.992092234462916,2582235.0,47.75755263598897,0.2743426155381647,9.775570617746455,1421919.0,41.27015361806928,34.43521866490839,0.0757230048467758,14.295695409344065,14.426637919319788,6.2,35.49680793230649,1.5116373018959557,17.547965181869237,0.1427286485073436,1.0653048418104845,121.94301008914566,17.098838710514176,0.4471545345195624,14.588913808049881,14.764165860964411,-0.00076567955158513,0.004085735577313621,0.0016600280128642453,0.09829660920373406,0.04576053593841678,-0.007313729625815668
MC,2023,1,C,Marche,043,6.821132248995592,7.17455723520329,6.997844742099441,2580510.0,47.276992635012206,0.26656745103836976,9.82299437825955,1421919.0,46.35800694163921,35.4163655516871,0.1219641706567387,14.342781042569824,14.507693573866826,5.5,33.35325701433024,1.4257321940943077,19.251914150898838,0.16172778995363216,1.14957488339994,120.33934855489049,18.355696857603316,0.4625757146703194,14.645884731497906,14.763497611781391,0.0034268398815795464,0.008078175391470488,0.005752507636525017,0.081055654547038,0.04742376051309449,-0.0006682491830201087
MC,2024,1,C,Marche,043,6.8313654393926715,7.200751376663938,7.016058408028305,2578767.0,47.41762470722174,0.26037142049121487,9.889640382540861,1421919.0,48.01616396549807,35.57465792341749,0.13926092888466202,14.352490699316045,14.577531396238825,5.9,30.782786977005653,1.4456572486763177,19.946356435910168,0.19364512736458836,1.3723359771110266,120.38038921051289,19.195612203164522,0.49295756269716423,14.657415865352213,14.76282193568712,0.010233190397079817,0.026194141460647913,0.01821366592886342,0.06983782237199954,0.06664600428131173,-0.0006756760942714379
ME,2015,0,I,Sicilia,083,6.79294558452369,7.184237323562229,6.98859145404296,5287358.0,42.62135095403836,0.20328067546135412,9.450036091063467,3246294.0,50.038499063575166,59.431530309391704,-0.12054528065705253,14.253485175775596,14.307685758791632,22.5,56.61081366302812,11.410818336594929,11.672263415120927,0.10068000439472606,1.5146647806943625,339.5781585753495,202.48999029838598,0.2724214902780839,14.516004187167162,15.480829246184085,0.018323942699639773,0.03265768289700155,0.02549081279832066,0.008971144354823934,0.01012757288962085,-0.03732992893506193
ME,2016,0,I,Sicilia,083,6.77176673991294,7.162660501145083,6.967213620529011,5242228.0,42.74720391116313,0.20844158497539708,9.460226077468661,3244916.0,47.60465000728573,60.46272857144374,-0.1665472298184348,14.262302861817254,14.324300731606444,22.4,50.937177487701156,11.02056358595417,16.182780286141597,0.11393309644842503,1.5350163523662346,326.49622785617754,196.44522839120162,0.2674690559507818,14.57109013709187,15.47225715676891,-0.021178844610750147,-0.021576822417146424,-0.02137783351394873,0.01661497281481239,0.010189986405194418,-0.008572089415174844
ME,2017,0,I,Sicilia,083,6.7377035364961735,7.124141633483693,6.9309225849899345,5196757.0,42.69233994157196,0.20769644867492132,9.477521354114069,3237941.0,52.466271154214304,65.78661649543173,-0.1737377344931175,14.274589284506765,14.348991618246792,24.8,50.950425313216705,11.205371639799065,16.257150363242065,0.12145642280165997,1.5781181452155733,368.4777370354194,215.88829548155755,0.3342849654195066,14.615952632066215,15.46354533515255,-0.03406320341676672,-0.03851886766138968,-0.036291035539076866,0.024690886640348353,0.017295276645407753,-0.008711821616360638
ME,2018,0,I,Sicilia,083,6.723524785043299,7.107137565928437,6.915331175485869,5116380.0,43.77377781654883,0.2184602585887333,9.48174898116819,3215441.0,49.84596108304545,66.29432685843946,-0.207221118668688,14.290499049859632,14.371974526989852,25.5,51.98087067930488,11.719948356726853,13.878622691396957,0.1343760818231059,1.6767384983068059,403.2640899411819,241.74160395867082,0.3607758330974471,14.609780537731918,15.44795771570122,-0.014178751452874394,-0.01700406755525563,-0.0155914095040659,0.022982908743060193,0.0042276270541208305,-0.01558761945132936
ME,2019,0,I,Sicilia,083,6.704158227444288,7.086275124021486,6.895216675732888,5076446.0,43.338953058870395,0.23105349728161415,9.501444263395044,3215441.0,54.558355138752134,68.64638256468037,-0.17862997611413933,14.298731536878895,14.390855927691582,25.899999999999995,51.18126671950514,11.958248752387632,15.768232023043906,0.15014436878739124,1.8966149549917075,402.284467813973,242.9552543095671,0.39783048293732864,14.63158352752626,15.440121968416765,-0.01936655759901118,-0.02086244190695119,-0.02011449975298074,0.018881400701729945,0.019695282226853905,-0.007835747284454797
ME,2020,1,I,Sicilia,083,6.66712548858653,7.05057869944746,6.858852094016996,5043536.0,43.75610535814634,0.21987776925390745,9.510699435712253,3215441.0,57.179177785976975,75.34173735522641,-0.23139036355404333,14.303013979455951,14.405554007743989,24.5,53.05088196107608,11.961371356430137,14.855670393454362,0.15543965397326787,1.8884206965449162,170.54622967627282,41.00541036819901,0.29329577097441684,14.491113229758248,15.43361798135182,-0.03703273885775804,-0.03569642457402633,-0.036364581715892186,0.014698080052406581,0.00925517231720896,-0.006503987064945704
ME,2021,1,I,Sicilia,083,6.64988389224371,7.026123590003388,6.838003741123548,4956018.0,43.97324815956593,0.23138952884351688,9.48710598509154,3215441.0,55.92603523114835,65.11220142824413,-0.11851554864340497,14.210150370913528,14.328341310116052,23.9,51.84387162411593,12.162894482948778,15.834947541836698,0.16450409748158687,1.9785098444786051,250.26746616010772,78.91081597974342,0.3612335758055446,14.452257213884272,15.416113153685833,-0.017241596342819854,-0.024455109444072143,-0.020848352893447775,-0.07721269762793703,-0.023593450620712275,-0.017504827665986156
ME,2022,1,I,Sicilia,083,6.651541206748926,7.029874337088701,6.840707771918813,4946408.0,44.89178061665652,0.2338871942068911,9.535649657685457,3215441.0,73.06857338322102,64.43319652884036,0.11135080470911318,14.295695409344063,14.426637919319788,21.5,52.46694135236713,12.07628167150002,16.09677876423164,0.17391686834356876,1.9970633395031192,384.36201612529857,196.95563291083968,0.42970959718878804,14.58891380804988,15.41417221456305,0.001657314505216334,0.0037507470853137548,0.0027040307952654885,0.09829660920373584,0.04854367259391701,-0.0019409391227824813
ME,2023,1,I,Sicilia,083,6.643153785468318,7.018367854537709,6.830760820003013,4916626.0,44.196541622216394,0.23024327249487972,9.612456882607392,3215441.0,81.1723422487243,71.71656259191376,0.12214451083702299,14.34278104256982,14.507693573866826,19.3,53.56558183311583,12.12646440634445,15.150144499899884,0.1890654913818306,2.060197855526902,427.56648408771446,254.73333802703874,0.4641047074158496,14.645884731497908,15.408133080861345,-0.008387421280608542,-0.011506482550992736,-0.00994695191580064,0.081055654547038,0.07680722492193404,-0.006039133701705168
ME,2024,1,I,Sicilia,083,6.640629590200491,7.009850693680188,6.82524014194034,5112667.0,44.61438488891594,0.24075714711733948,9.688828644200049,3348574.0,92.65570164631998,76.20758215037185,0.21296034311432563,14.352490699316045,14.577531396238825,15.9,42.42891994424611,9.014944061140367,16.85819040464599,0.16096945222687492,1.5870946016700977,434.1925002852505,263.8751498075916,0.3882533625442956,14.657415865352215,15.447231743836378,-0.0025241952678269897,-0.008517160857520523,-0.005520678062672424,0.06983782237199954,0.07637176159265735,0.03909866297503228
MI,2015,0,NW,Lombardia,015,7.298186107732995,7.49140774702227,7.394796927377634,47697778.0,43.84461982414903,0.2156335042841329,9.936336610672196,26900490.0,509.89967470208836,330.7121803977722,1.8990206053763241,14.253485175775598,14.307685758791632,8.0,64.28844106554295,1.5564739201979192,5.9565474262259555,0.009292416686613722,0.050465326744397576,112.24081150455119,42.511035354592664,-0.20908106206292282,14.51600418716716,17.680395371964334,0.006621210333735306,0.0022714220787971584,0.00444631620626712,0.008971144354822158,0.011162665527583826,0.028505433082532505
MI,2016,0,NW,Lombardia,015,7.2964214670607275,7.493325692226315,7.394873579643521,47967028.0,44.08271754721849,0.23341147555427577,9.955211054612224,26890786.0,461.75738524608073,326.73466062076494,1.413455797995178,14.262302861817252,14.324300731606444,7.5,62.520627769209796,1.5701108346428017,7.378500704049161,0.013691805764562255,0.07275175220900292,99.3079259010858,41.46351834007207,-0.1812592182851634,14.57109013709187,17.68602441617015,-0.001764640672267781,0.0019179452040445355,7.665226588748908e-05,0.01661497281481239,0.01887444394002813,0.005629044205814893
MI,2017,0,NW,Lombardia,015,7.292657025126625,7.49686387892641,7.394760452026517,48245128.0,45.37435286638224,0.23551490523232005,9.96206851480821,26890786.0,461.3535724103027,336.42785695915023,1.3055184394363757,14.274589284506764,14.348991618246792,6.5,61.661090345935975,1.5601389038736353,11.213798879052135,0.02020661009025069,0.09033055527988691,115.9307049693409,52.80976192382827,-0.11266375630421027,14.615952632066215,17.691805406557776,-0.0037644419341020807,0.0035381867000952028,-0.00011312761700388307,0.024690886640348353,0.00685746019598632,0.0057809903876275825
MI,2018,0,NW,Lombardia,015,7.2899366715333604,7.4968163749132914,7.393376523223326,48635274.0,43.68811353971883,0.20085718399985136,9.966543547055593,26890786.0,510.7056579438707,335.9526125288331,1.8284186794047084,14.290499049859632,14.371974526989852,6.4,61.85710185419096,1.5594194359549276,9.204522970142644,0.013763671580556618,0.07804618417352668,111.17893690805613,50.20979605160292,-0.16614110929834724,14.609780537731918,17.699859628072623,-0.002720353593264946,-4.7504013118704336e-05,-0.001383928803191381,0.022982908743060193,0.004475032247382771,0.008054221514846915
MI,2019,0,NW,Lombardia,015,7.282205266334795,7.502335521820832,7.392270394077814,49015278.0,45.99210551342149,0.23324637851742674,9.989581228027793,26900490.0,506.7265370294417,346.64414123437734,1.692267553201598,14.298731536878893,14.390855927691584,5.900000000000001,61.44476915401645,1.5826668228240497,8.081929720606619,0.0190895368846703,0.08987764710654159,117.82507869030329,52.835371533353666,-0.19501615874155365,14.63158352752626,17.707642603395023,-0.007731405198565078,0.005519146907540851,-0.0011061291455121136,0.01888140070173172,0.023037680972199936,0.007782975322399466
MI,2020,1,NW,Lombardia,015,7.271845341490306,7.504468539826539,7.388156940658423,49297924.0,46.01125869665263,0.2326385246484116,10.000599410821328,26900490.0,590.809516099074,397.1782147005122,2.043958368403296,14.303013979455951,14.405554007743989,5.900000000000001,61.42619112002299,1.5285554024437635,8.454521146854649,0.025085907456276587,0.0989730624178321,32.744947485132855,7.949022610566671,-0.264870396731368,14.491113229758248,17.71339252859282,-0.010359924844489221,0.002133018005706866,-0.004113453419391178,0.014698080052404805,0.011018182793534947,0.005749925197797268
MI,2021,1,NW,Lombardia,015,7.281725248282001,7.514519315805477,7.398122282043739,48685242.0,46.8415531193339,0.24482076892343174,9.978310695165257,26890786.0,446.6229729508168,365.80576027246553,0.8394321591724406,14.210150370913528,14.328341310116052,6.5,60.67124947378248,1.5602603237601846,9.89636307104649,0.0325471991275033,0.11438719264020245,41.2420401988551,9.920806860265607,-0.18965265069982817,14.452257213884272,17.700886503112844,0.009879906791694815,0.010050775978937665,0.009965341385316684,-0.07721269762793703,-0.022288715656070934,-0.012506025479975591
MI,2022,1,NW,Lombardia,015,7.308522426965152,7.547277353973231,7.427899890469193,48128624.0,45.254954987427716,0.22273986513471955,10.019443628523694,26900426.0,497.9871014656658,410.81732388167575,0.9142682793497059,14.295695409344063,14.426637919319788,5.5,60.65715836496709,1.544621912314247,10.567159715753766,0.04168168063050323,0.13352397057709484,78.00795403372092,27.719327539823155,-0.11647795360867977,14.588913808049881,17.68938765163313,0.026797178683151124,0.03275803816775458,0.029777608425453295,0.09829660920373584,0.04113293335843693,-0.011498851479714745
MI,2023,1,NW,Lombardia,015,7.339403882193666,7.576762232990604,7.458083057592134,48384490.0,45.19773075166449,0.2617128099481079,10.067445310434145,26910130.0,578.3443394557878,413.6882314804148,1.7402278896879768,14.342781042569822,14.507693573866824,4.7,57.26284247522368,1.5302248094522926,14.945739062864883,0.06331879971464173,0.1783758130261835,112.91585554224478,46.86592807685174,0.011595720039471943,14.645884731497906,17.694689865784877,0.030881455228513488,0.029484879017372734,0.030183167122941335,0.08105565454703623,0.048001681910450955,0.005302214151747364
MI,2024,1,NW,Lombardia,015,7.359016984099262,7.594350401550302,7.476683692824782,48960445.0,45.67643207443132,0.2400482100673808,10.124503658108859,27029922.0,655.7535898370866,428.47406567654633,2.3806110848335305,14.352490699316045,14.577531396238825,4.6,54.64947264354261,1.5655497763889894,18.31863060748646,0.09470693592028057,0.24541354342690044,114.07040617617459,51.529677700530854,0.08005114477876232,14.657415865352217,17.706523285179326,0.01961310190559651,0.017588168559697692,0.01860063523264799,0.06983782237200131,0.05705834767471352,0.011833419394449152
MN,2015,0,NW,Lombardia,020,6.430576496420373,6.743262774851101,6.586919635635737,4481282.0,43.84461982414903,0.2156335042841329,9.775619503466897,2300070.0,79.21581970795022,64.79988821738056,0.19065743802254484,14.253485175775596,14.307685758791633,8.0,36.83454471985009,0.5942209887021013,17.052877928153464,0.044180716673623145,0.21527258357507417,40.08543149626699,10.084237254715834,-0.07244706145799058,14.51600418716716,15.315419724169287,-0.028419682677621516,0.005632333320543914,-0.011393674678538801,0.008971144354823934,0.012987505426831802,-0.15394382986638888
MN,2016,0,NW,Lombardia,020,6.438575773134938,6.761890213512861,6.6002329933239,4546700.0,44.08271754721849,0.2334114755542758,9.796284183134686,2342880.0,77.25127523094312,68.78234507217707,0.11281336549076602,14.262302861817254,14.324300731606444,8.7,35.4424510297676,0.5632092934100009,14.906235824438227,0.04449162274282735,0.21985491502524657,48.81690406840495,11.922234181958533,-0.0659024390802712,14.57109013709187,15.329912253062906,0.007999276714564907,0.018627438661759754,0.013313357688162775,0.016614972814810613,0.020664679667788732,0.014492528893619294
MN,2017,0,NW,Lombardia,020,6.43410674821574,6.760053544591518,6.597080146403629,4622808.0,45.37435286638224,0.23551490523232008,9.813429007488375,2386366.0,91.29513734635589,72.89146188372668,0.2464655225422768,14.274589284506764,14.348991618246792,7.4,32.967661206054885,0.5477364267825126,14.730368202233853,0.043215182706648925,0.2153789471936577,51.58336065922348,12.97152011893498,-0.06240960069591726,14.615952632066215,15.346512870634838,-0.0044690249191976505,-0.0018366689213431542,-0.0031528469202708465,0.024690886640348353,0.01714482435368936,0.016600617571931764
MN,2018,0,NW,Lombardia,020,6.427826505703855,6.753253774296979,6.590540140000418,4606332.0,43.68811353971883,0.20085718399985136,9.813411262175023,2379825.0,92.87042619049375,69.61345823675906,0.31644287185019804,14.290499049859632,14.371974526989852,6.7,34.93451356813619,0.5941111280728332,15.877753135793425,0.04828481239127713,0.23875548207377303,49.334595171923965,12.452526681561702,-0.02970952563175226,14.60978053773192,15.342942436660925,-0.006280242511884637,-0.0067997702945383764,-0.006540006403210619,0.022982908743060193,-1.774531335207996e-05,-0.0035704339739126567
MN,2019,0,NW,Lombardia,020,6.3710053516180745,6.704220767721618,6.537613059669847,4210927.0,45.99210551342149,0.2332463785174268,9.84060904045658,2179783.0,100.44493898847793,68.97705988699839,0.4258507191895706,14.298731536878893,14.390855927691584,6.4,35.300015231214935,0.6642764372618003,15.99611808094748,0.06151213948453129,0.2883538096262942,59.121168614656895,14.214204865019697,0.0049742084576668705,14.63158352752626,15.253193371444052,-0.05682115408578081,-0.04903300657536125,-0.05292708033057103,0.01888140070173172,0.027197778281555784,-0.08974906521687309
MN,2020,1,NW,Lombardia,020,6.373357496852987,6.717104103848306,6.545230800350647,4207677.0,46.01125869665263,0.23263852464841156,9.856121948730815,2179783.0,104.00390818305455,79.06294962517583,0.33894825695394615,14.303013979455951,14.405554007743989,4.6,33.67373616132064,0.6182534034770886,16.162124983088727,0.06210380834471606,0.29067024838923383,22.775863884564554,3.4840332397846647,-0.09322923448996379,14.491113229758247,15.252421271898461,0.0023521452349122285,0.012883336126687794,0.007617740680800011,0.014698080052404805,0.01551290827423557,-0.0007720995455908763
MN,2021,1,NW,Lombardia,020,6.379001258144975,6.72929974845312,6.554150503299049,4201434.0,46.8415531193339,0.24482076892343177,9.849193259511898,2179783.0,87.92925639152409,72.2729081578017,0.2135566991540992,14.21015037091353,14.328341310116052,4.6,34.217547920104884,0.650102944964681,15.261440202101852,0.05977899451200563,0.28101035099045274,38.50030792744467,7.9928820827593485,-0.060662511910661056,14.452257213884272,15.250936453551555,0.005643761291988625,0.012195644604814149,0.008919702948401387,-0.07721269762793703,-0.0069286892189168725,-0.0014848183469062803
MN,2022,1,NW,Lombardia,020,6.393415455626974,6.737016876013705,6.565216165820339,4183810.0,45.254954987427716,0.22273986513471958,9.889550069822079,2179783.0,100.64205377764782,73.53966839055221,0.3715462154810001,14.295695409344061,14.426637919319786,4.4,34.08957437417955,0.6400459875388779,15.852120110526046,0.0687911116399163,0.3106923622293126,52.982202903325145,13.153601926515464,-0.019104007519327143,14.588913808049883,15.246732872605914,0.014414197481999125,0.007717127560584736,0.011065662521290598,0.09829660920373406,0.04035681031018079,-0.004203580945640439
MN,2023,1,NW,Lombardia,020,6.413448891442179,6.748134114448021,6.5807915029451,4208869.0,45.19773075166449,0.2617128099481079,9.933387981717601,2179783.0,114.0488182153312,67.57623561474756,0.6351688335790416,14.34278104256982,14.507693573866824,4.7,35.75306901786094,0.6307815432231682,20.151376630585787,0.07107003733224045,0.3184320109911392,54.80805190599348,14.361690679181274,0.05218830779340572,14.645884731497906,15.252704523485981,0.020033435815204115,0.011117238434316334,0.015575337124761113,0.081055654547038,0.04383791189552255,0.005971650880066903
MN,2024,1,NW,Lombardia,020,6.448895914715515,6.778755446814847,6.6138256807651805,4380575.0,45.67643207443132,0.2400482100673808,10.007050614860693,2254563.0,108.63419798718895,68.93498385293653,0.5402237636623395,14.352490699316045,14.577531396238824,3.5,33.11712940706887,0.653259005985335,19.498498787163115,0.09213924583284701,0.39087379430321145,57.79881051735991,15.672031484589976,0.12593800266864222,14.657415865352217,15.292690552275168,0.0354470232733366,0.030621332366825627,0.033034177820080224,0.06983782237199954,0.0736626331430923,0.03998602878918689
MO,2015,0,NE,Emilia Romagna,036,6.957334898946266,7.257727858166612,7.1075313785564385,6797387.0,45.17727986968235,0.2389416703214084,9.862781807208215,3447504.0,72.48331033418248,54.320395667217014,0.1749520220363371,14.253485175775598,14.307685758791632,7.4,68.99492111636624,1.5421882236246378,0.6105213745535406,0.0022156584370741548,0.016430771307541888,70.23222347072269,26.281078067551487,-0.12308837484907502,14.51600418716716,15.732048831591852,-0.011738332180359912,-0.004585576573154171,-0.008161954376757485,0.008971144354820382,0.018898083174789804,0.003429395079827202
MO,2016,0,NE,Emilia Romagna,036,6.941867947406049,7.243199304724045,7.092533626065047,6810819.0,46.9186989056738,0.2718688824740246,9.885031552680495,3447504.0,68.63866013839295,54.332970787345985,0.13754721692251112,14.262302861817254,14.324300731606442,6.6,67.25952279268377,1.5583459399939685,8.198196688588247,0.03951023927873649,0.15999710329981082,85.31009823995392,31.889189159885277,0.1841695104953041,14.571090137091872,15.734022935211703,-0.015466951540217266,-0.01452855344256676,-0.014997752491391125,0.016614972814810613,0.02224974547227987,0.001974103619851064
MO,2017,0,NE,Emilia Romagna,036,6.931255425113997,7.244868613385519,7.088062019249759,6830051.0,45.39548356991194,0.2431123526920267,9.902944437175195,3447504.0,72.26135671993009,54.57457669143466,0.16905860859010294,14.274589284506764,14.348991618246792,7.1,65.58684628175935,1.4659932251901195,9.126179884306445,0.04227983969800986,0.16634277994547883,95.64092017972366,34.32434788947738,0.2330479864596506,14.615952632066216,15.736842698576195,-0.01061252229205234,0.0016693086614738561,-0.004471606815288354,0.02469088664035013,0.01791288449470052,0.0028197633644921893
MO,2018,0,NE,Emilia Romagna,036,6.922222825800602,7.250675539841289,7.086449182820946,7037993.0,45.80809694420328,0.24886364470096234,9.908046531035728,3543306.0,82.69455390191807,54.21060068235296,0.2708210582927682,14.290499049859632,14.371974526989852,6.0,64.75230327982874,1.501601973122679,8.712923478036366,0.04268462081047366,0.16486282913501246,97.2699902998539,35.76761146333319,0.2402193283431356,14.609780537731918,15.766833602262434,-0.00903259931339484,0.0058069264557705225,-0.001612836428813047,0.022982908743060193,0.005102093860532619,0.029990903686238468
MO,2019,0,NE,Emilia Romagna,036,6.925750552558718,7.259201812928878,7.092476182743799,7246072.0,45.57860644980555,0.23634173735933547,9.935852218372512,3612484.0,88.30248547669666,51.85010623742996,0.34196339964830014,14.298731536878893,14.390855927691584,6.5,62.886496105762106,1.427407282532675,11.085532864043497,0.04689397558809529,0.1902640260638962,100.26819807249132,36.847771423000324,0.2565102175081535,14.631583527526256,15.795970086904491,0.0035277267581159677,0.008526273087588798,0.006026999922853271,0.01888140070173172,0.02780568733678379,0.029136484642057425
MO,2020,1,NE,Emilia Romagna,036,6.924100658470158,7.2597954361626575,7.091948047316407,7251573.0,45.93455298187041,0.22835420416460775,9.951875044086798,3612484.0,92.41699632291899,64.1059857500091,0.26490206563178703,14.303013979455953,14.405554007743989,6.1,61.765062277694454,1.408786861453522,12.695688761779795,0.05360761688697153,0.2077355653491068,42.09775186229489,9.367398267589675,0.1427641024326621,14.491113229758247,15.796728968814485,-0.0016498940885600888,0.0005936232337795389,-0.0005281354273920513,0.014698080052404805,0.016022825714285815,0.000758881909993292
MO,2021,1,NE,Emilia Romagna,036,6.925033343315653,7.26507218597127,7.095052764643462,7201455.0,45.53090246303498,0.2245318350724371,9.943185867972359,3612484.0,74.36378269356057,57.3193083272032,0.15990672307934256,14.21015037091353,14.328341310116052,4.4,63.707596212615286,1.4220844646250794,11.186542544618627,0.058985491723789134,0.18553184454301555,69.23979852704448,16.583036239640162,0.16402095437410877,14.452257213884272,15.789793646903531,0.0009326848454955794,0.005276749808612813,0.0031047173270550843,-0.07721269762793703,-0.008689176114438979,-0.006935321910953363
MO,2022,1,NE,Emilia Romagna,036,6.934324880665693,7.285366521601452,7.109845701133573,7249818.0,45.21694193113748,0.22452513098396487,9.98549524287814,3652738.0,80.68463369339396,59.51027279068515,0.1973393287404231,14.295695409344063,14.426637919319788,5.1,62.6555710299467,1.4419605425974258,11.664452760112821,0.0614650086737433,0.19852022653379367,105.5064074910074,35.97389017919118,0.23904155317172712,14.588913808049883,15.796486923067485,0.00929153735004018,0.020294335630181237,0.014792936490111153,0.09829660920373584,0.04230937490578057,0.006693276163954209
MO,2023,1,NE,Emilia Romagna,036,6.938974301860988,7.297605909862961,7.118290105861974,7270180.0,48.62855090575779,0.2633690663352165,10.033154730351598,3652738.0,93.19814104098624,57.42529936561801,0.33228042409289327,14.342781042569822,14.507693573866824,5.3,61.89100985166119,1.4720667004140642,13.74126742575953,0.07510311230885021,0.2304178322959513,119.4059879111774,44.50958873949622,0.30334036866301284,14.645884731497908,15.799291608487929,0.004649421195294323,0.012239388261509276,0.008444404728400912,0.08105565454703623,0.047659487473458384,0.0028046854204433203
MO,2024,1,NE,Emilia Romagna,036,6.950407105345786,7.308801542983306,7.1296043241645455,7343670.0,46.001576878137264,0.2382610638505664,10.0946114904626,3696118.0,92.90913417694895,58.26288488820326,0.32274660640435765,14.352490699316045,14.577531396238827,4.2,56.92329732838666,1.473152262572375,16.96055932300117,0.10859392369403603,0.3265337479230695,123.2696296296028,48.80745714268932,0.3792314234697466,14.657415865352215,15.80934927563235,0.011432803484797915,0.011195633120345327,0.011314218302571177,0.06983782237200309,0.061456760111003206,0.010057667144421245
MS,2015,0,C,Toscana,045,7.162080497296896,7.513171901720364,7.337626199508629,2648804.0,46.03271935995887,0.2557438779597369,9.73585637709852,1608320.0,18.75109674190572,16.898814489835726,0.018642172690983935,14.253485175775596,14.307685758791632,12.4,38.96731842905801,4.06506645066678,12.866552044437446,0.05267066945609793,0.5804243207494938,107.24985291088157,26.929344406678574,0.42413826559640266,14.516004187167159,14.789618775331823,-0.020079402843701466,-0.013599175457851942,-0.016839289150777148,0.008971144354823934,0.014039069572326923,-0.006695285312639854
MS,2016,0,C,Toscana,045,7.070221866976134,7.447242011149735,7.258731939062934,2341935.0,45.14877822884859,0.2249447439070771,9.746882231584861,1442469.0,18.289056348790176,17.194722386259723,0.011269906127741596,14.262302861817254,14.324300731606444,16.6,38.033830303644194,3.912516120376333,13.787851202750598,0.05698067596317057,0.5981548925947783,94.0992108743449,25.546563419448727,0.41144493768227974,14.57109013709187,14.666488068698287,-0.09185863032076202,-0.06592989057062937,-0.07889426044569525,0.01661497281481239,0.011025854486341302,-0.12313070663353542
MS,2017,0,C,Toscana,045,7.04951598135906,7.432286954752628,7.240901468055844,2324259.0,45.768940583026804,0.23082277950180324,9.755083133118907,1442469.0,21.503199348176235,18.87579878473348,0.027360806595480784,14.274589284506764,14.348991618246792,16.0,39.40713958445295,3.891526144034398,10.891187640551708,0.05438047253985869,0.49124296774431697,106.88434683062118,30.043229858689557,0.408697470510465,14.615952632066215,14.658911836527452,-0.020705885617073427,-0.014955056397107036,-0.01783047100709023,0.024690886640348353,0.008200901534046068,-0.007576232170835695
MS,2018,0,C,Toscana,045,7.020694062373567,7.408221888192592,7.2144579752830795,2313615.0,46.637262861822585,0.23133104846677896,9.752813845273037,1442469.0,25.270294404562836,17.99244961604874,0.07662029040563546,14.290499049859632,14.371974526989852,10.4,39.89203631291992,3.9050793356215987,12.121180192190657,0.05993326059701835,0.5637896540285586,114.578511204413,32.648606946622685,0.44401852793589597,14.609780537731918,14.654321794328055,-0.0288219189854928,-0.02406506656003593,-0.026443492772764365,0.022982908743060193,-0.002269287845869883,-0.004590042199396294
MS,2019,0,C,Toscana,045,7.005775349093232,7.3937587692024795,7.199767059147856,2300481.0,46.4847707089806,0.2713152480396638,9.77083819605435,1442469.0,23.565918609131593,19.673459531816846,0.04146739597094673,14.298731536878893,14.390855927691584,7.0,39.05507229982505,3.4016850454719734,12.953127224258276,0.08818929746555887,0.6989983089715668,113.29490576175147,31.208617432291287,0.4932488227558967,14.631583527526258,14.64862878946944,-0.014918713280335005,-0.0144631189901121,-0.014690916135223553,0.01888140070173172,0.018024350781313814,-0.00569300485861568
MS,2020,1,C,Toscana,045,6.998173384131912,7.388840335860246,7.193506859996079,2286981.0,46.27329735720798,0.2387713488106023,9.781564506807547,1442469.0,24.442988772308357,20.08223437259211,0.04705320778305954,14.303013979455951,14.405554007743989,7.5,38.277506732802856,3.4058590153045807,13.569505430903547,0.09824610496516042,0.778666877324046,73.21037396473822,10.45732080596745,0.4045726503799966,14.491113229758247,14.64274316514356,-0.007601964961320817,-0.004918433342233186,-0.006260199151777002,0.014698080052404805,0.010726310753195634,-0.005885624325879135
MS,2021,1,C,Toscana,045,6.968719554997914,7.359704639723966,7.164212097360941,2266272.0,47.37494485513152,0.2861636134272045,9.772786236402341,1442469.0,24.172573743720697,20.067933418927467,0.045205191879060504,14.210150370913528,14.328341310116052,11.3,37.93869269114884,3.493321025266944,15.014022713060964,0.10538248703003146,0.8412515998810484,96.49063593206081,18.723650726585443,0.46849743334783833,14.452257213884272,14.633646748670929,-0.02945382913399719,-0.02913569613628031,-0.029294762635138305,-0.07721269762793703,-0.00877827040520529,-0.00909641647263193
MS,2022,1,C,Toscana,045,6.928546621244854,7.318851471201033,7.123699046222944,2247837.0,47.509470647361205,0.2650700070766048,9.817461700369513,1442469.0,24.697890547454843,21.42520187067196,0.036315857589973445,14.295695409344063,14.426637919319788,8.9,37.60949905684888,3.39575302159229,14.896421593100621,0.10258430807029931,0.8010656348869667,120.39234756473272,32.36165892764457,0.5166721562606846,14.588913808049881,14.625478978470024,-0.04017293375306075,-0.04085316852293275,-0.04051305113799675,0.09829660920373584,0.044675463967172035,-0.0081677702009042
MS,2023,1,C,Toscana,045,6.91183465773995,7.298970472371443,7.105402565055697,2238762.0,47.58211023047225,0.26033046513413105,9.860348639772212,1442469.0,28.6257591456937,21.65102942309585,0.07833234814519756,14.342781042569822,14.507693573866824,6.1,34.45187194709865,3.339210928628884,17.80450599729656,0.12353540943390388,1.007870733868056,118.08102619156747,36.07198603390717,0.567756880386785,14.645884731497906,14.621433592476697,-0.016711963504903338,-0.01988099882959027,-0.018296481167246803,0.08105565454703623,0.04288693940269894,-0.004045385993327599
MS,2024,1,C,Toscana,045,6.94474022811169,7.333739592502399,7.139239910307044,2260323.0,47.531672746003,0.2757701675806967,9.931379391297995,1464711.0,29.209314999668802,19.8190058041231,0.10511331185782133,14.352490699316045,14.577531396238827,6.2,36.536464777611194,3.7868651791768237,20.92471907181798,0.14929112174961295,1.187349796415574,124.35322027326743,36.819307462690006,0.6182838016221328,14.657415865352213,14.63101828139031,0.03290557037173958,0.03476912013095568,0.03383734525134674,0.06983782237200309,0.07103075152578242,0.009584688913612638
MT,2015,0,S,Basilicata,077,6.445497526815625,6.7665894185817645,6.606043472698694,2046725.0,46.63168317876509,0.2483885094789939,9.344192220644295,1147145.0,23.228567484645644,23.76011365134234,-0.007295833803752562,14.253485175775596,14.307685758791632,14.5,49.241082379865695,11.046259051386931,11.450626178838787,0.07876318155781883,0.5347261503287477,217.9939665763427,20.1675930543964,0.2080572440163331,14.51600418716716,14.531751512677717,0.030518632150814184,0.03236074394789945,0.03143968804935593,0.008971144354822158,0.011793398781579256,-0.014186596213209057
MT,2016,0,S,Basilicata,077,6.50902024083547,6.827023217774682,6.668021729305076,1982520.0,46.27633697877153,0.23601647604460413,9.36712744078099,1109093.0,20.981984847094775,20.616651463874774,0.004669510973369503,14.262302861817252,14.324300731606444,12.8,44.5991470677428,11.820927428252975,15.672182972317698,0.16379370091919682,0.8296887703862325,256.89363387066976,25.86224101215289,0.37959674638408897,14.57109013709187,14.499879320712637,0.06352271401984488,0.0604337991929178,0.06197825660638223,0.01661497281481239,0.022935220136695023,-0.03187219196508018
MT,2017,0,S,Basilicata,077,6.509257810151627,6.825705569430207,6.667481689790916,1968128.0,47.01762484721495,0.2612005994994471,9.390936399844296,1100746.0,22.182223219481973,25.18170623343708,-0.038930910973074176,14.274589284506764,14.348991618246792,13.0,42.87273526644645,9.601467515599376,18.163377699547365,0.2188534302348974,0.8907926017302465,273.8875687206818,28.314451043511006,0.41610394708540704,14.615952632066215,14.49259339512969,0.00023756931615714905,-0.0013176483444752307,-0.000540039514159929,0.024690886640348353,0.023808959063305934,-0.007285925582946717
MT,2018,0,S,Basilicata,077,6.501179806857068,6.814381300466443,6.657780553661756,1920410.0,47.773682538154155,0.2654855327138799,9.393401816448439,1074749.0,24.412078956944068,24.695234802343585,-0.003737839585341071,14.290499049859632,14.371974526989852,12.0,41.63914464454801,9.500584552070277,18.94726398423038,0.2488924418818334,1.0059060494556153,330.1997655896312,35.64091261053592,0.4347834231129894,14.609780537731918,14.468049262873855,-0.008078003294559544,-0.011324268963764261,-0.009701136129160126,0.022982908743060193,0.0024654166041422343,-0.024544132255835294
MT,2019,0,S,Basilicata,077,6.534869889580571,6.844156904404298,6.689513396992435,1879770.0,47.99680159807871,0.2632883312571777,9.42343009612946,1046797.0,22.28863078364127,23.24506340456319,-0.011614805143431184,14.298731536878893,14.390855927691584,10.5,44.89194941489157,10.423245395383493,13.61382322767974,0.2915114275453685,1.1158315020191167,386.07919193626844,43.84247977980248,0.5048869089173267,14.631583527526258,14.4466599868964,0.03369008272350271,0.029775603937855166,0.03173284333067894,0.01888140070173172,0.030028279681021175,-0.021389275977455213
MT,2020,1,S,Basilicata,077,6.564127815471474,6.873677458298967,6.718902636885221,1845025.0,48.79745311745812,0.29716807795979255,9.438020325101094,1024867.0,22.050150394812057,25.82315663029522,-0.04202131477427354,14.303013979455953,14.405554007743989,8.6,49.04604939058176,11.180243015427472,14.379978714176774,0.3055642058129579,1.1941043099286222,175.26084683512198,8.476795489874895,0.3970042018474447,14.491113229758247,14.428003385500464,0.029257925890903813,0.029520553894668566,0.029389239892785746,0.014698080052404805,0.014590228971634644,-0.018656601395935724
MT,2021,1,S,Basilicata,077,6.550931018545231,6.863220494519325,6.707075756532277,1779829.0,49.58978711379051,0.28953089675960814,9.44298402727095,1000088.0,18.692551872394112,22.173720184320405,-0.038744556263069295,14.210150370913528,14.328341310116052,7.9,48.63939568399419,10.94657275128666,14.462407613664123,0.2836977832441659,1.167157505368494,229.33197456195992,16.615303031127375,0.4087917029911548,14.452257213884272,14.392027850237767,-0.013196796926242982,-0.010456963779641448,-0.011826880352943547,-0.07721269762793703,0.004963702169856532,-0.03597553526269692
MT,2022,1,S,Basilicata,077,6.550775008104983,6.864162223676216,6.7074686158906,1792824.0,48.522388610639446,0.2668662550560881,9.488703239235782,1008913.0,24.321092976434546,23.58008035038431,0.008262204976069604,14.295695409344063,14.426637919319788,7.799999999999999,49.17947355021467,12.095497351325717,14.612137595783018,0.2876554120536555,1.226364668854775,315.2658345853934,43.38369376949813,0.4922498775897019,14.58891380804988,14.399302588260108,-0.0001560104402482665,0.0009417291568905028,0.00039285935832289454,0.09829660920373584,0.04571921196483153,0.007274738022340799
MT,2023,1,S,Basilicata,077,6.54963023426866,6.866561120534954,6.708095677401807,1794146.0,49.371303495691514,0.302887846807549,9.55123338887622,1008913.0,30.623124824626988,24.756118772083934,0.06549170745037942,14.342781042569822,14.507693573866824,8.0,48.893887310586756,12.049230306826043,16.247328447911375,0.31816331462159525,1.3301890577552715,377.62594862107136,62.772859395567416,0.6559304068604233,14.645884731497906,14.400039700675242,-0.0011447738363230542,0.0023988968587387305,0.0006270615112065059,0.08105565454703623,0.06253014964043757,0.000737112415134078
MT,2024,1,S,Basilicata,077,6.550805427315272,6.869292053156101,6.7100487402356865,1789540.0,49.24296632709095,0.2856070836028508,9.63192479812179,1008913.0,28.494111282195878,27.358958389534482,0.012753404468376302,14.352490699316045,14.577531396238827,7.1,48.188795346820584,11.899515842722764,12.793085966460389,0.24644929232710017,1.2493401898528333,377.99966847724886,67.71411574524521,0.6325452066350657,14.657415865352215,14.397469161550863,0.0011751930466115112,0.0027309326211462093,0.0019530628338797484,0.06983782237200309,0.08069140924557061,-0.002570539124379323
NAP,2015,0,S,Campania,063,7.020118527178413,7.434228183633275,7.227173355405844,31324686.0,41.422463310964034,0.18279832661638196,9.486654467854757,14001774.0,179.4663251250144,201.58040512234197,-0.2043813876841739,14.253485175775596,14.30768575879163,22.1,62.4020923810812,4.615335346961782,5.222759419058432,0.04185083552367252,0.23898726943305407,171.50528802074595,92.76860535708627,-0.21894795771780645,14.516004187167159,17.259917034753627,-0.020492328442227148,-0.019095287473565037,-0.01979380795789698,0.008971144354820382,0.0037119431717531626,-0.07665248995897045
NAP,2016,0,S,Campania,063,7.002549604547221,7.416850071368924,7.209699837958072,31300778.0,41.337034052418055,0.18785705570516248,9.494402934842391,14012988.0,177.31891895390717,192.59523948286264,-0.14175493559398297,14.262302861817252,14.324300731606444,22.8,62.46971815335858,4.715525780249069,5.215297010381111,0.04231152957360412,0.24194813297232087,191.85108094323658,104.37127824920047,-0.20835865848754745,14.57109013709187,17.259153511431503,-0.017568922631191697,-0.017378112264350598,-0.01747351744777159,0.016614972814814166,0.007748466987633762,-0.0007635233221243709
NAP,2017,0,S,Campania,063,6.996814639037866,7.41110086374391,7.203957751390887,30283813.0,42.35562512592722,0.20334414238063106,9.5107673874897,13574064.0,161.52015941763872,197.55887245212634,-0.33510182211480855,14.274589284506762,14.348991618246792,23.9,61.48696802625985,4.698654284889249,4.495594791488795,0.07003944845303854,0.35134551071621006,195.64700699201504,110.07660722137767,-0.18140316403504167,14.615952632066215,17.226123903308448,-0.005734965509355483,-0.005749207625013852,-0.005742086567185112,0.024690886640348353,0.016364452647309236,-0.033029608123055
NAP,2018,0,S,Campania,063,6.996563867139537,7.411174958955801,7.203869413047669,30232201.0,42.814768048333335,0.2028544583434021,9.506439523933981,13574064.0,169.04054013388782,190.59935106955191,-0.2008083976505218,14.290499049859632,14.371974526989852,24.2,60.48946722987174,4.828102210784546,5.131669641441759,0.10555889268740665,0.505296088248876,210.52110097722266,124.30568900195304,-0.15773743283819808,14.609780537731918,17.224418172573642,-0.0002507718983286722,7.409521189050139e-05,-8.833834321819722e-05,0.022982908743060193,-0.004327863555719347,-0.0017057307348053996
NAP,2019,0,S,Campania,063,6.999098301479168,7.414219560683016,7.206658931081091,30112525.0,42.76615390779926,0.192407140859279,9.524044572505446,13574064.0,144.52630181795476,198.8946013430701,-0.5076734114943868,14.298731536878892,14.390855927691584,23.3,60.67682844965645,4.844538789301874,7.5787762182967136,0.13926251268862827,0.6690817843215959,212.659965058591,127.06811391433372,-0.12020764793035918,14.631583527526256,17.220451756124927,0.0025344343396307423,0.0030446017272147685,0.0027895180334223113,0.01888140070173172,0.01760504857146472,-0.003966416448715648
NAP,2020,1,S,Campania,063,6.95554720998923,7.374602762403827,7.165074986196529,29975749.0,43.0498712288792,0.19672556111430564,9.529035122043014,13574064.0,163.7323859402868,225.3617880780026,-0.5773481025182855,14.303013979455951,14.405554007743989,22.1,60.929479580079274,4.858046678400584,7.723599331821179,0.1452022120913768,0.6984600271797853,68.79509334839948,13.665253883138838,-0.182518318491429,14.491113229758247,17.215899246055244,-0.04355109148993819,-0.03961679827918907,-0.04158394488456274,0.014698080052404805,0.0049905495375686115,-0.004552510069682825
NAP,2021,1,S,Campania,063,6.963347179730841,7.384353990071953,7.1738505849013965,29497298.0,42.789618715440376,0.1859304659773027,9.485717229116483,13574064.0,135.72786556132513,198.25501226442623,-0.5956350784458357,14.210150370913528,14.328341310116054,23.7,60.44893450259768,4.939490110574711,7.8738315408701,0.15464442229992353,0.7490919636924789,110.03969192757064,33.94473694844949,-0.14128946298217382,14.452257213884272,17.199809223894793,0.0077999697416109015,0.009751227668126639,0.008775598704867882,-0.07721269762793526,-0.04331789292653099,-0.01609002216045141
NAP,2022,1,S,Campania,063,6.990619016589675,7.412933549435168,7.201776283012421,28114463.0,43.4477019372846,0.20476971138699945,9.552576902500666,12939734.0,145.318958016714,210.05961916581185,-0.6117763800701864,14.295695409344065,14.426637919319788,21.0,60.0421891316086,4.998339845108641,8.621587734918927,0.17848067349134764,0.8345846953855847,190.56552820829614,113.86715431910636,-0.08617296154671755,14.588913808049881,17.151794699401542,0.027271836858834497,0.02857955936321499,0.027925698111024744,0.09829660920373406,0.06685967338418308,-0.04801452449325083
NAP,2023,1,S,Campania,063,7.001473447151556,7.424776069246937,7.213124758199246,28040895.0,43.379683129132744,0.20388402733900293,9.63677688826603,12939734.0,160.30079572214578,216.62286127271344,-0.533141732323671,14.342781042569822,14.507693573866826,20.8,58.48178643910006,4.994111897295249,9.04109867248164,0.21115754837843792,0.9539924907833448,225.3346867194916,144.83643864197012,-0.017121859224700397,14.645884731497906,17.149174538308863,0.010854430561880513,0.011842519811768426,0.011348475186824913,0.081055654547038,0.08419998576536436,-0.002620161092679041
NAP,2024,1,S,Campania,063,6.996010757518234,7.421020152625746,7.208515455071989,32804450.0,44.173334617232044,0.21723264678043241,9.716016533794445,15232789.0,154.10421395283592,196.9456093125084,-0.3950492668323571,14.352490699316045,14.577531396238825,20.0,57.26284127468369,5.02801409068046,9.24423905441275,0.24043278476618463,1.0799765150765128,228.54739116207637,152.7088371414646,0.018111719988872833,14.657415865352217,17.306074734883637,-0.005462689633321638,-0.003755916621190458,-0.004609303127256936,0.06983782237199954,0.07923964552841412,0.1569001965747745
NO,2015,0,NW,Piemonte,003,6.654781120822436,6.989510094502089,6.822145607662263,2845369.0,45.94846739889146,0.2545785094413764,9.848537844732094,1553389.0,56.12042048735916,48.85268164208367,0.09515087661629393,14.253485175775596,14.307685758791632,9.1,59.60337248686481,1.4124211590488382,12.317935726799272,0.02485768034382904,0.14825565367939608,100.00900548311334,36.277617529040164,0.043876410805502225,14.51600418716716,14.86120331836232,-0.02283194634973551,-0.032998261737064105,-0.027915104043399808,0.008971144354822158,0.013207167852792523,-0.0011376935134670418
NO,2016,0,NW,Piemonte,003,6.6438202510136914,6.976080096616923,6.809950173815307,2841425.0,46.33253327992292,0.2524227468308138,9.864892643961108,1553389.0,60.49617008368092,50.77632364826149,0.12706153027508058,14.262302861817254,14.324300731606444,9.4,58.63923278505097,1.3901643224966376,12.512531522516818,0.027235128463759285,0.17540082406924903,90.16187887621624,31.613709680911413,0.04567742510055313,14.57109013709187,14.85981624486103,-0.010960869808744889,-0.013429997885165967,-0.012195433846955872,0.01661497281481239,0.016354799229013395,-0.0013870735012897484
NO,2017,0,NW,Piemonte,003,6.628055713229688,6.95781742397871,6.7929365686041985,2836968.0,46.24480946738219,0.24563717982495153,9.875584293739744,1553389.0,64.08966736149198,50.39000547414334,0.17988449040795224,14.274589284506764,14.348991618246792,11.2,58.47288298696859,1.4059740999016785,12.589427629308718,0.028424448058421804,0.16403010211563906,97.35794335551716,39.52193981668656,0.05451458995576744,14.615952632066215,14.858246434206754,-0.015764537784003885,-0.018262672638212685,-0.017013605211108285,0.024690886640348353,0.010691649778635792,-0.0015698106542760826
NO,2018,0,NW,Piemonte,003,6.616489187379227,6.953256944516615,6.784873065947921,2834651.0,46.878978339040856,0.258213347142958,9.879641094652575,1553389.0,69.18323491417044,51.78107968142774,0.2283998255887785,14.290499049859632,14.371974526989852,8.5,55.17082634168019,1.3550804193242323,1.8922607712059076,0.0057767220143467,0.06945322260496879,112.22413748855593,49.30507039377404,-0.10696680319461771,14.609780537731918,14.857429383509626,-0.011566525850460252,-0.004560479462095479,-0.008063502656277421,0.022982908743060193,0.004056800912831449,-0.0008170506971278968
NO,2019,0,NW,Piemonte,003,6.579030735787033,6.943554788377524,6.761292762082279,2842880.0,46.01780169572052,0.2702130467227311,9.899240591521917,1559727.0,70.30929534013723,53.250614398291596,0.2272292460640321,14.298731536878893,14.390855927691584,8.0,54.71491515326117,1.3095049065443924,2.583910618483052,0.00900725106798357,0.08577300696315468,111.98168578446969,43.1017938537406,-0.1109695308704978,14.631583527526258,14.860328180808091,-0.03745845159219474,-0.009702156139090867,-0.023580303865641916,0.01888140070173172,0.019599496869341593,0.0028987972984655386
NO,2020,1,NW,Piemonte,003,6.549182628241621,6.941652753996371,6.745417691118996,2843040.0,47.05912620620524,0.2704506587564488,9.912393734968903,1559727.0,73.20100002582473,59.04100015525586,0.1889674676241655,14.303013979455951,14.405554007743989,7.1,52.21614393558007,1.2961239697160456,6.853353318832483,0.014309050511084387,0.12991736652071148,48.426366076562424,9.928782872109409,-0.12264887137093983,14.491113229758247,14.860384460178901,-0.029848107545412006,-0.001902034381153328,-0.015875070963283555,0.014698080052404805,0.013153143446986704,5.627937080987522e-05
NO,2021,1,NW,Piemonte,003,6.548785871416213,6.93211144456523,6.740448657990721,2826130.0,46.25983196219524,0.24731558696791553,9.89506974829203,1559727.0,64.74338887950987,51.138607984408964,0.18161441043613605,14.210150370913528,14.328341310116052,7.699999999999999,51.81441283524847,1.2647801691600928,20.65612526895334,0.043743471984242006,0.26224761530711893,66.85025230374455,16.079418115417614,0.06292948105545196,14.452257213884272,14.854418842584005,-0.0003967568254079623,-0.009541309431140732,-0.004969033128274347,-0.07721269762793703,-0.01732398667687285,-0.005965617594895889
NO,2022,1,NW,Piemonte,003,6.59274074401715,6.975350486030632,6.78404561502389,2814500.0,47.645255061632916,0.24882389797948254,9.93567156893065,1559727.0,75.124314873471,57.340505048597535,0.23612455054361628,14.295695409344063,14.426637919319788,6.6,50.59400507081425,1.2641034471455794,21.11963592909085,0.03950968588620482,0.25593291900753623,95.15172946015949,37.015085379115476,0.11238417068372174,14.588913808049881,14.85029518388622,0.043954872600937556,0.04323904146540247,0.043596957033169126,0.09829660920373584,0.040601820638618946,-0.00412365869778597
NO,2023,1,NW,Piemonte,003,6.618502273178522,7.00300489697663,6.810753585077576,2836825.0,47.402080279373415,0.2724641834421395,9.98447301698006,1567195.0,82.71304353185427,55.57730876234388,0.36135764648668306,14.342781042569822,14.507693573866824,5.6,50.2496139861132,1.1909644309815761,21.81201741603481,0.04939741235989393,0.2836103392864168,107.78408591453257,45.56918996723556,0.16810714502978696,14.645884731497906,14.858196027010006,0.025761529161371755,0.0276544109459973,0.026707970053685415,0.08105565454703623,0.04880144804941011,0.007900843123787027
NO,2024,1,NW,Piemonte,003,6.652105700815696,7.0391927668049705,6.845649233810334,2846364.0,47.94899349206493,0.2893425599259938,10.055691099978453,1567195.0,87.4769493588869,53.85472242991887,0.4460357317213441,14.352490699316045,14.577531396238825,5.6,50.214052164014646,1.1661423954193757,21.78559507467379,0.05173456627747711,0.2822722213201058,106.07801357031126,50.1233016429327,0.1848619824977791,14.657415865352215,14.86155294825892,0.033603427637173944,0.03618786982834088,0.034895648732757856,0.06983782237200131,0.07121808299839394,0.0033569212489137357
NU,2015,0,I,Sardegna,114,7.021437530594335,7.226902373688402,7.124169952141369,909746.0,45.02744618722461,0.21981394934131826,9.511829347986895,535324.0,13.093933719249543,16.961944774170085,-0.04351139783697526,14.253485175775596,14.307685758791632,14.7,57.63386510807445,18.38932497243556,5.756905627138901,0.03440211198174165,0.510148619237828,380.5784185528554,170.3563797358995,0.48821764764500813,14.516004187167159,13.72092071865243,0.011713132599349585,0.012786194334976742,0.01224966346716272,0.008971144354820382,-0.006402770368801214,-0.3061958888832823
NU,2016,0,I,Sardegna,114,7.05179844952318,7.261459970381258,7.15662920995222,864938.0,45.54372104791934,0.23054809451516214,9.519959164486407,514739.0,11.914873545821452,17.877103107769113,-0.06692920295177031,14.262302861817254,14.324300731606444,12.7,52.60681772694836,16.628253138370855,7.641427073951569,0.08756682900005622,1.0103376056768927,434.89563553034225,209.66211964669577,0.6097724057550129,14.57109013709187,13.670413107044569,0.03036091892884496,0.03455759669285641,0.03245925781085113,0.01661497281481239,0.008129816499511833,-0.05050761160786088
NU,2017,0,I,Sardegna,114,7.058570765001165,7.263260264093688,7.160915514547426,781310.0,45.337299734941816,0.24358360292416417,9.5276159732028,468636.0,15.126946576603517,17.031312336409542,-0.021557990030917414,14.274589284506764,14.34899161824679,13.0,51.28480109058215,16.842082997606987,7.5079190085339915,0.09694576925540954,1.0727504741838045,459.56127894318263,230.80949177728732,0.6917763268402791,14.615952632066215,13.568727277083779,0.006772315477984847,0.0018002937124297347,0.004286304595206403,0.024690886640346577,0.007656808716392405,-0.10168582996078968
NU,2018,0,I,Sardegna,114,7.060535740567273,7.267909006634193,7.164222373600732,766929.0,45.37595294117647,0.2166124369747899,9.525065372687617,463561.0,20.761098508484817,22.427112586326192,-0.018990438933978913,14.290499049859632,14.371974526989852,13.0,50.18468887685109,17.611170262552058,8.644783036907324,0.1312316938880676,1.3484622344705017,501.44015607474034,266.46017603173846,0.7791869005927791,14.609780537731918,13.550149507616169,0.0019649755661079737,0.004648742540505069,0.003306859053306077,0.02298290874306197,-0.0025506005151818556,-0.01857776946761014
NU,2019,0,I,Sardegna,114,7.060663758700767,7.269725589615878,7.165194674158323,761192.0,46.692637684213224,0.2523325289780636,9.541772429984333,463561.0,18.4605335565347,25.165351806413454,-0.07667182519244516,14.298731536878893,14.390855927691584,11.3,48.904134191923156,17.85223380201768,9.577931344846025,0.16567433768318715,1.5740088364361862,539.1549389527745,283.0759923300713,0.8241050038790916,14.631583527526258,13.542640904627412,0.00012801813349394564,0.0018165829816849666,0.0009723005575903443,0.01888140070173172,0.016707057296715178,-0.007508602988757218
NU,2020,1,I,Sardegna,114,7.060912109454838,7.267913592570243,7.164412851012541,754733.0,47.42707658652712,0.2449303336407375,9.55660763400495,463561.0,19.706462515102036,26.667550994626943,-0.08018109020637366,14.303013979455951,14.405554007743987,9.7,48.74362893172269,17.91929641523547,10.371598356001039,0.18218945049412896,2.02825254059468,268.8897636507791,65.0670054618454,0.7084738265860029,14.491113229758247,13.53411932330084,0.00024835075407114715,-0.001811997045635394,-0.0007818231457816793,0.014698080052403029,0.014835204020616999,-0.008521581326570882
NU,2021,1,I,Sardegna,114,7.04732076367029,7.272881084830905,7.160100924250597,839085.0,47.13692312314369,0.25332590865550214,9.528237624151295,522843.0,18.863494659714544,23.993220726440825,-0.06110687290431781,14.210150370913528,14.328341310116052,7.3,50.628098255524804,20.577510755442503,11.589379990456633,0.21012556128145654,2.4635898341947073,490.4832152312516,189.23630114869667,0.8398520208558935,14.452257213884272,13.640067291402346,-0.013591345784548459,0.004967492260662176,-0.004311926761944029,-0.07721269762793526,-0.028370009853654565,0.1059479681015052
NU,2022,1,I,Sardegna,114,6.972771062639463,7.235518095095542,7.104144578867502,852048.0,48.0127840599455,0.2688358310626703,9.579648880473805,526001.0,20.211650548562584,25.726643678966216,-0.06485292526062884,14.295695409344063,14.42663791931979,7.8,50.75963413970971,19.06785099147651,12.575164152087531,0.23903412201734317,2.5958601670645316,619.565003212377,286.6803492525445,0.8897232890453689,14.588913808049881,13.655398142252695,-0.07454970103082648,-0.037362989735362895,-0.055956345383094686,0.09829660920373762,0.05141125632250976,0.01533085085034891
NU,2023,1,I,Sardegna,114,6.957334736499873,7.230332252276183,7.0938334943880275,948311.0,48.887141703179694,0.2709533484164478,9.658167254666408,579269.0,23.092710181276882,25.92712437754962,-0.03314112415244491,14.342781042569822,14.507693573866824,6.7,51.24882977993368,18.628344091592677,13.388263833738243,0.30180056921727505,2.828981223572215,573.3920562370757,291.17394249116313,0.8946940562733106,14.645884731497906,13.762437786509278,-0.015436326139590228,-0.005185842819359188,-0.010311084479474708,0.08105565454703445,0.07851837419260299,0.10703964425658263
NU,2024,1,I,Sardegna,114,6.971269320145829,7.229669522196024,7.100469421170926,941173.0,50.46281270809302,0.294928625230608,9.734887260759919,579269.0,24.453479822082116,24.990382572666753,-0.006306882313223504,14.352490699316045,14.577531396238825,9.3,49.745133749757215,18.90482905045557,16.376791312087256,0.43097754191110516,3.8235406278196638,623.8794358032382,324.3415216294765,0.965275335062198,14.657415865352215,13.75488224864104,0.013934583645956344,-0.0006627300801591574,0.0066359267828985935,0.06983782237200131,0.07672000609351137,-0.007555537868237039
OG,2015,0,I,Sardegna,116,7.018901681807189,7.210008783776801,7.114455232791996,120850.0,45.02744618722462,0.21981394934131826,9.600043065671827,79500.0,17.919619796570423,23.213161749605444,-0.07785831290175384,14.253485175775596,14.307685758791632,16.2,58.10780964395925,18.34179636767087,3.0032131217637983,0.06658545673714177,0.8612260528946486,449.3103219211031,235.5987071581588,0.8098640875255398,14.51600418716716,11.702305386131629,0.01106622387917966,0.02170678285054528,0.01638650336486247,0.008971144354822158,-0.002112351378057653,-0.2027702688794708
OG,2016,0,I,Sardegna,116,7.014766105193052,7.207181758884287,7.110973932038671,130032.0,45.54372104791934,0.23054809451516214,9.611356146177606,86964.0,16.101723044833168,24.159061527444774,-0.11745332884740065,14.262302861817254,14.324300731606444,12.2,57.20469397793549,19.22594485100392,3.045036402464919,0.07643724443733803,0.9622254569112232,531.3386382460985,285.54746005367167,0.8807911089743651,14.57109013709187,11.775535852992986,-0.00413557661413666,-0.002827024892513741,-0.0034813007533252005,0.01661497281481239,0.011313080505779283,0.07323046686135726
OG,2017,0,I,Sardegna,116,7.042822364357995,7.2260739516958,7.134448158026897,118416.0,45.337299734941816,0.24358360292416417,9.624088169243107,79500.0,20.579751870814068,23.1705837091904,-0.03897694587335987,14.274589284506764,14.34899161824679,13.0,57.42433181013708,18.57497143074421,3.071694561982175,0.07424125217428769,0.9312452693603263,603.8981087728197,321.72303992898895,0.8650621918020344,14.615952632066215,11.681959127437247,0.028056259164942254,0.018892192811512665,0.02347422598822657,0.024690886640346577,0.012732023065501252,-0.0935767255557387
OG,2018,0,I,Sardegna,116,7.045242262840085,7.234696156149495,7.139969209494789,118496.0,45.37595294117647,0.2166124369747899,9.615507858764213,79500.0,28.056906717199972,30.308386885864167,-0.03373545340536692,14.290499049859632,14.371974526989854,13.0,55.71814517627143,18.680362957130267,2.957797463312271,0.08955284304857954,0.9261418154078757,644.9812655301464,346.6385443548796,0.8794521647710024,14.609780537731918,11.68263448371334,0.0024198984820902325,0.00862220445369477,0.0055210514678920575,0.022982908743063746,-0.008580310478894404,0.000675356276092387
OG,2019,0,I,Sardegna,116,7.051451954651321,7.235139823495116,7.143295889073218,117150.0,46.69263768421323,0.2523325289780636,9.629396106933035,79500.0,25.238426023584157,34.40495736369492,-0.14019785072533175,14.298731536878893,14.390855927691584,11.3,55.976574969181236,18.95386306428485,3.356511483583354,0.10486443392287137,1.211509317077397,657.7425748322554,356.0975474387997,0.9262013888317405,14.631583527526258,11.671210443935943,0.0062096918112359845,0.00044366734562117927,0.003326679578428582,0.018881400701729945,0.01388824816882206,-0.011424039777397255
OG,2020,1,I,Sardegna,116,7.047214866091954,7.236565887297506,7.141890376694731,117226.0,47.42707658652712,0.2449303336407375,9.64224358973291,79500.0,26.83687284036656,36.31669938013167,-0.14592147261598526,14.303013979455951,14.405554007743989,9.7,55.31256645011386,18.789882210496735,3.8538769874542185,0.1661107974200387,1.5213734160032768,321.1835467018209,80.06112068901196,0.7963449920893056,14.491113229758247,11.671858974524941,-0.004237088559366775,0.0014260638023904093,-0.0014055123784872947,0.014698080052404805,0.012847482799875465,0.0006485305889984971
OG,2021,1,I,Sardegna,116,7.095408692175749,7.296735200955189,7.196071946565469,140614.0,47.13692312314369,0.25332590865550214,9.634031482250657,94428.0,23.94959426878861,30.46243084675821,-0.09694386573295244,14.210150370913528,14.328341310116052,7.3,55.51696182906058,20.06751405776741,3.181366554570468,0.22608520900321544,1.8973926520193272,597.1452262387036,238.59465016820076,0.8469759955974594,14.452257213884272,11.853773826659081,0.04819382608379463,0.06016931365768308,0.05418156987073797,-0.07721269762793703,-0.008212107482252762,0.18191485213414005
OG,2022,1,I,Sardegna,116,7.008399330014604,7.228221929181692,7.118310629598148,118738.0,48.0127840599455,0.2688358310626703,9.677846138516475,79500.0,27.516264936073476,35.02441038575838,-0.11723098946359176,14.295695409344063,14.426637919319788,7.8,56.71995702864841,18.643299251976053,4.690508329994921,0.2656361381029357,2.1854467232548416,614.6866883797205,294.59058080932425,0.9600441339147908,14.588913808049881,11.684674664159148,-0.08700936216114474,-0.06851327177349731,-0.07776131696732058,0.09829660920373584,0.04381465626581793,-0.16909916249993273
OG,2023,1,I,Sardegna,116,7.009373023423469,7.239338328507164,7.124355675965316,118174.0,48.887141703179694,0.2709533484164478,9.735407220356164,79500.0,32.56884894893945,36.56637055175169,-0.06291779140570151,14.342781042569822,14.507693573866826,6.7,54.10768333052907,18.44257842169433,5.253658099959696,0.30391511528866527,2.5889112627713398,612.4598787529521,312.97924877458473,0.957813326102184,14.645884731497906,11.679913393598978,0.000973693408864662,0.011116399325471704,0.006045046367168183,0.081055654547038,0.057561081839688555,-0.004761270560170061
OG,2024,1,I,Sardegna,116,7.018036965502177,7.234380532001654,7.126208748751916,118144.0,50.46281270809302,0.294928625230608,9.807074670716743,79500.0,34.38184506576226,35.13673587558938,-0.011936107297100712,14.352490699316045,14.577531396238825,9.3,56.538716395447565,18.871813218628507,5.934174512190157,0.39578466053441635,3.0689821325171645,606.8912234262552,298.1818078418397,1.0325194615478144,14.657415865352215,11.679659498422469,0.008663942078708686,-0.0049577965055096485,0.001853072786599519,0.06983782237199954,0.07166745036057875,-0.0002538951765096442
OR,2015,0,I,Sardegna,115,6.79515726066176,7.130839651559406,6.962998456110583,645782.0,45.02744618722462,0.21981394934131826,9.567823472850954,374806.0,12.122476320532039,13.79954114988922,-0.019013396516423087,14.253485175775596,14.307685758791632,19.7,40.69188409575416,3.6861323341531893,6.920970582171027,0.07336144157474371,0.7195234634916692,150.5079538624057,69.35786851697581,0.5040321793253432,14.51600418716716,13.378217264511552,-0.022459500385394016,-0.00947832782864566,-0.015968914107020282,0.008971144354822158,0.03101750295570227,0.05864207578474101
OR,2016,0,I,Sardegna,115,6.778855486805227,7.13807927040843,6.958467378606828,744519.0,45.54372104791934,0.23054809451516214,9.595865828271146,432689.0,11.584199867575316,13.557688541854882,-0.0242207012124614,14.262302861817256,14.324300731606444,19.8,43.016111261065696,3.68229027637762,6.324982342789185,0.07286212968860911,0.6942137452603055,171.91678924066755,71.79726115187985,0.5137483002829726,14.57109013709187,13.520493651264104,-0.016301773856532975,0.007239618849023799,-0.004531077503754588,0.01661497281481239,0.028042355420192067,0.1422763867525525
OR,2017,0,I,Sardegna,115,6.796859176889047,7.1449089979588045,6.970884087423925,735218.0,45.337299734941816,0.24358360292416412,9.611794839601627,426484.0,12.84876032584178,13.180836554589163,-0.005011234244463228,14.274589284506764,14.348991618246792,17.8,40.052699824345055,3.5903903327835707,8.077058088304911,0.11121147294480856,0.9045742977443765,204.97044832807757,89.37220983333647,0.6269594773646009,14.615952632066216,13.50792233285775,0.018003690083819635,0.006829727550374365,0.012416708817096556,0.024690886640348353,0.015929011330481302,-0.012571318406354948
OR,2018,0,I,Sardegna,115,6.812819092702652,7.156429837831207,6.98462446526693,734462.0,45.37595294117647,0.21661243697478993,9.60503381930464,426484.0,15.751267095512832,14.232812044021136,0.01041921150919827,14.290499049859633,14.37197452698985,13.3,38.207865019271956,3.4832539382685623,9.620655028065539,0.13684345585843355,1.0864960288242145,240.6164106445316,115.15757680295792,0.6856118304388472,14.609780537731918,13.506893537382977,0.015959915813605008,0.01152083987240271,0.013740377843005191,0.022982908743058417,-0.006761020296986331,-0.0010287954747720818
OR,2019,0,I,Sardegna,115,6.803403410577552,7.165801891132866,6.98460265085521,732938.0,46.692637684213224,0.2523325289780636,9.627074462562916,426484.0,13.169605719340245,15.210932408810523,-0.025109522144793776,14.298731536878892,14.390855927691584,17.0,37.61655171477471,3.5826509647544724,12.038257015143229,0.19910670673215553,1.4022251017222462,269.872317166584,125.31068396034219,0.7337397228234331,14.631583527526258,13.504816393389595,-0.009415682125100133,0.009372053301659022,-2.1814411719667248e-05,0.018881400701733497,0.022040643258275594,-0.0020771439933824354
OR,2020,1,I,Sardegna,115,6.80636240916448,7.167852500841917,6.987107455003199,727440.0,47.42707658652712,0.2449303336407375,9.644213421879895,426484.0,13.700118849894071,16.938921479874004,-0.03562699139014691,14.303013979455951,14.405554007743989,15.200000000000001,39.29753437884783,3.609497444647405,13.957107183596783,0.23723335178673124,1.6152888659975368,113.890103164915,24.796120671140876,0.602161396215176,14.491113229758247,13.497286800399795,0.0029589985869282742,0.00205060970905091,0.00250480414798826,0.014698080052404805,0.01713895931697884,-0.007529592989799383
OR,2021,1,I,Sardegna,115,6.812950215467488,7.169434642318083,6.991192428892786,738408.0,47.13692312314369,0.25332590865550214,9.624263051869496,438894.0,13.246626862887846,15.538794304238172,-0.027487432081751452,14.210150370913528,14.328341310116054,14.8,39.62320143402777,3.942649103566633,15.984659182885645,0.2813768721917219,2.0000387471913053,192.7507386625928,63.27566840441291,0.7276801362298071,14.452257213884272,13.512251796348275,0.006587806303008037,0.0015821414761658659,0.0040849738895873955,-0.07721269762793526,-0.0199503700103989,0.014964995948480109
OR,2022,1,I,Sardegna,115,6.8215287123487265,7.1531504109130095,6.987339561630868,746576.0,48.0127840599455,0.2688358310626703,9.667404980344061,444540.0,14.759648386597474,16.6384450256822,-0.02449615218507593,14.295695409344063,14.426637919319788,13.600000000000001,35.333152542092435,3.9702065042385235,19.350772597278304,0.36287288390738254,2.3808639582595257,263.57330742862064,118.85213517970767,0.8682799762721007,14.588913808049883,13.523252699218638,0.008578496881238351,-0.016284231405073513,-0.003852867261918469,0.09829660920373406,0.043141928474565105,0.011000902870362594
OR,2023,1,I,Sardegna,115,6.801008797419784,7.1352960241981185,6.96815241080895,726612.0,48.887141703179694,0.2709533484164478,9.719131090281191,432130.0,16.349263483458273,16.486449285921342,-0.004883180045862252,14.342781042569822,14.507693573866826,8.4,30.64191016047975,3.2840385279339386,21.66915789713861,0.31909244021258826,2.2353444701990415,277.9108883757338,129.05262771327543,0.8638571925853674,14.645884731497905,13.496147913909494,-0.020519914928942562,-0.017854386714891035,-0.019187150821917243,0.081055654547038,0.051726109937130005,-0.02710478530914351
OR,2024,1,I,Sardegna,115,6.822193573819034,7.132547530847357,6.977370552333196,723163.0,50.46281270809302,0.294928625230608,9.783462855300948,432130.0,16.954040838226483,16.54218404037357,0.002860017395514428,14.352490699316045,14.577531396238827,8.8,32.29072801040669,3.420025458651946,24.690717233096525,0.4053464914614815,2.648550167734373,277.65533335646415,134.65599577052137,0.9027997454447901,14.657415865352217,13.491389925246885,0.02118477639924965,-0.0027484933507615494,0.009218141524245382,0.06983782237200131,0.06433176501975701,-0.004757988662609236
OT,2015,0,I,Sardegna,113,7.487344009401549,7.806517496830216,7.646930753115882,1142345.0,45.02744618722462,0.21981394934131826,9.572163127326524,908845.0,19.25296846605092,19.5936648206836,-0.004083077707434056,14.253485175775598,14.307685758791632,15.5,68.68453042839741,34.00610644962915,10.270170901934112,0.080256677663705,5.318020165538213,568.5980355671661,312.89481887686065,1.0508249829218654,14.51600418716716,13.948593725150783,-0.04572066717016732,-0.023925821705514494,-0.034823244437840906,0.008971144354822158,0.004227263162771777,0.009547818960001564
OT,2016,0,I,Sardegna,113,7.451522218443943,7.777177559047921,7.614349888745932,1151803.0,45.54372104791934,0.23054809451516217,9.579732819127788,908845.0,23.044151485617576,19.32782023377167,0.044434682856104996,14.262302861817256,14.324300731606446,13.1,68.19875917760456,33.588881375190994,10.516091942981276,0.08735228771844115,5.320728842464421,638.0689225529394,352.17644647609046,1.0801828436171652,14.571090137091868,13.956839098670175,-0.0358217909576064,-0.02933993778229471,-0.03258086436995011,0.016614972814814166,0.007569691801263545,0.008245373519391919
OT,2017,0,I,Sardegna,113,7.430501100102411,7.766696299432047,7.59859869976723,1160581.0,45.337299734941816,0.24358360292416412,9.596241515341585,908845.0,23.484313661547223,20.401681650025346,0.0365680922768487,14.274589284506764,14.348991618246794,13.0,67.31697496963947,33.39703872780653,11.138328139087305,0.09909057532373447,5.460176594717964,679.4105536019349,391.64517431335497,1.1215264800554592,14.615952632066215,13.964431299761973,-0.02102111834153142,-0.010481259615874094,-0.01575118897870187,0.024690886640348353,0.01650869621379769,0.007592201091798145
OT,2018,0,I,Sardegna,113,7.420501891821661,7.7476881854601185,7.584095038640891,1165829.0,45.37595294117647,0.21661243697478988,9.590303569931423,908845.0,35.757710152798836,30.241664829107783,0.0642356318696326,14.29049904985963,14.37197452698985,13.0,66.27440626022394,33.02494080933787,12.373389022602638,0.1378143145984597,5.697585463078373,701.102526491624,411.358194317403,1.174093896417058,14.609780537731918,13.968942979906084,-0.009999208280750516,-0.019008113971928253,-0.01450366112633894,0.02298290874305664,-0.0059379454101620155,0.004511680144110741
OT,2019,0,I,Sardegna,113,7.41235605708512,7.731323864594271,7.571839960839696,1185010.0,46.692637684213224,0.2523325289780636,9.608363018459107,924720.0,37.80357580512834,30.109486875139204,0.0889598417565996,14.298731536878893,14.390855927691584,11.3,64.83452487773161,34.026098828319995,13.203314772780418,0.1647246833376445,6.379764931778783,737.8013701725517,440.2900020245998,1.2225065259836738,14.63158352752626,13.985261771334327,-0.008145834736541069,-0.016364320865847937,-0.012255077801195391,0.018881400701733497,0.018059448527683486,0.016318791428243884
OT,2020,1,I,Sardegna,113,7.3947123931429966,7.727166335143464,7.5609393641432305,1191550.0,47.42707658652712,0.2449303336407375,9.607986015290505,924720.0,35.929705528552454,36.21108274052304,-0.003287175518653241,14.303013979455951,14.405554007743989,9.7,60.942258210095346,32.91609311753416,15.374345621165048,0.19263351642599805,6.518805930410177,270.74501210385307,86.5372420568996,1.0394293131399646,14.491113229758245,13.99076553855151,-0.017643663942123133,-0.0041575294508069405,-0.010900596696465037,0.014698080052404805,-0.00037700316860167504,0.005503767217183153
OT,2021,1,I,Sardegna,113,7.362941379569845,7.699143161879009,7.531042270724427,1167176.0,47.13692312314369,0.25332590865550214,9.590815414980002,884579.0,23.020998927750707,22.086782692730154,0.006689101752970271,14.210150370913528,14.328341310116052,7.300000000000001,60.37884725071282,21.57947836462563,16.701394341342947,0.2018596608692113,4.566866137301497,421.90354157589735,194.59084763132827,1.0800614419873895,14.452257213884272,13.970097713950524,-0.031771013573151485,-0.02802317326445447,-0.029897093418803422,-0.07721269762793703,-0.01717060031050366,-0.02066782460098615
OT,2022,1,I,Sardegna,113,7.376023305380504,7.707452252477377,7.54173777892894,1207393.0,48.0127840599455,0.2688358310626703,9.613007966183451,940595.0,38.375376623499015,31.509920913808113,0.08319390582162571,14.295695409344061,14.426637919319788,7.799999999999999,60.657709358244944,35.14342818870834,17.04707769723621,0.266098729153158,6.975739942234538,727.8408067038599,419.13993014103323,1.2544033677083408,14.588913808049881,14.003974047746077,0.013081925810658923,0.008309090598367597,0.01069550820451326,0.09829660920373584,0.02219255120344954,0.03387633379555233
OT,2023,1,I,Sardegna,113,7.3731994948401125,7.713840422911075,7.543519958875594,1213776.0,48.8871417031797,0.2709533484164478,9.684671480686111,940595.0,41.876863755569225,34.88627854155378,0.0843667720284288,14.342781042569822,14.507693573866824,6.700000000000001,63.23562815985367,35.700490345210014,17.64624925232362,0.32612686930989443,8.025108661264689,752.3551206873317,450.68889358256473,1.32808239027934,14.645884731497906,14.009246719573483,-0.0028238105403914915,0.006388170433698548,0.0017821799466535282,0.08105565454703623,0.07166351450266006,0.005272671827405873
OT,2024,1,I,Sardegna,113,7.396008956964147,7.740837787790571,7.568423372377359,1257946.0,50.462812708093026,0.294928625230608,9.756923366163306,988220.0,45.104401439119684,34.430557877520286,0.12544822864173388,14.352490699316046,14.577531396238825,9.3,60.398491480959166,39.40876457904863,21.54998484698008,0.6330287439927328,11.408568209203006,854.405041860294,543.6699519749218,1.468797859605281,14.657415865352213,14.044990790042988,0.022809462124034674,0.02699736487949611,0.024903413501765392,0.06983782237200131,0.07225188547719519,0.03574407046950512
PA,2015,0,I,Sicilia,082,6.435987920453697,6.779206384204622,6.60759715232916,12486695.0,42.62135095403836,0.2032806754613541,9.354327260943323,6779484.0,89.68423369856986,109.04265727389088,-0.22961956052697952,14.253485175775596,14.307685758791633,23.9,57.59208375326544,4.138661273477386,15.211864456808588,0.01737746264982084,0.16543504322811955,96.45560370222519,46.007140030977574,-0.1411891059376331,14.51600418716716,16.34017423539656,-0.024188464362548068,-0.025337363965456383,-0.024762914164002225,0.00897114435482571,0.005662585740669357,-0.002250823470021146
PA,2016,0,I,Sicilia,082,6.407671663577522,6.751711636435241,6.5796916500063825,12450873.0,42.74720391116313,0.20844158497539705,9.354571011393034,6779484.0,83.46038410629927,115.02056908954225,-0.37607936800197844,14.262302861817256,14.324300731606444,25.1,56.11149956099997,3.960797376416188,14.00927694193709,0.02253859407607066,0.2313802891289433,94.28437719326833,45.05521809312358,-0.12775381067314898,14.571090137091868,16.33730129889859,-0.028316256876174783,-0.027494747769381433,-0.027905502322777664,0.016614972814810613,0.00024375044971058912,-0.0028729364979689365
PA,2017,0,I,Sicilia,082,6.376953605463427,6.7198325535119166,6.5483930794876715,12421158.0,42.69233994157196,0.20769644867492132,9.375244481690403,6779484.0,75.37993507726397,111.80445419158818,-0.43773719113417364,14.274589284506762,14.34899161824679,21.3,55.830880837202336,3.9922301041862607,13.643022673245703,0.026229266543034892,0.2833811457045072,105.87339143647036,51.88748623054638,-0.10771361110097613,14.615952632066216,16.33491186683831,-0.030718058114095115,-0.0318790829233242,-0.03129857051871099,0.024690886640346577,0.020673470297369434,-0.0023894320602799723
PA,2018,0,I,Sicilia,082,6.3542610950406395,6.694420144569669,6.524340619805155,12367974.0,43.77377781654883,0.21846025858873333,9.38775199632045,6783821.0,79.75611251617988,118.31159876125689,-0.46736638651814993,14.290499049859633,14.37197452698985,19.8,54.151015683084076,4.161280346592147,13.874905208790167,0.03160746821625626,0.3241928129228447,116.03293571796958,56.575729966421235,-0.0735009060157115,14.609780537731918,16.33062094760791,-0.02269251042278775,-0.02541240894224739,-0.024052459682516236,0.022982908743060193,0.012507514630046401,-0.004290919230403034
PA,2019,0,I,Sicilia,082,6.349073738603216,6.688142710789023,6.518608224696119,12309922.0,43.338953058870395,0.2310534972816142,9.411799127529914,6783821.0,83.16818647691893,125.73969034180044,-0.5201477967245887,14.298731536878892,14.390855927691584,19.1,51.00839893404758,4.276372969912217,16.76481492379158,0.0319707977544777,0.3224087652521044,112.73122509846647,56.108488268632776,-0.06217552063627121,14.631583527526258,16.32591616182862,-0.005187356437423851,-0.006277433780645936,-0.005732395109036226,0.018881400701733497,0.024047131209464112,-0.004704785779289011
PA,2020,1,I,Sicilia,082,6.328524477747974,6.664452167918756,6.496488322833366,12197425.0,43.75610535814634,0.21987776925390748,9.432277818872327,6761995.0,85.70800813750938,135.46352422638563,-0.5955901973896043,14.30301397945595,14.405554007743989,15.7,50.22701593371247,4.409357380278582,11.179360741392147,0.037916608162028166,0.3557431091560262,58.06005632972339,10.911787000385996,-0.12790329423563115,14.491113229758247,16.31673542185224,-0.020549260855241336,-0.023690542870267173,-0.022119901862753366,0.014698080052404805,0.020478691342413313,-0.00918073997637947
PA,2021,1,I,Sicilia,082,6.327040395836104,6.663793258672421,6.495416827254262,12068087.0,43.97324815956593,0.23138952884351685,9.417934428534657,6761995.0,79.47868636615013,110.66309691568894,-0.379458304041842,14.210150370913526,14.328341310116052,19.4,50.49101443302059,4.333450254288518,11.299699169302038,0.04147855449313981,0.39650251976011536,85.0925978215483,22.779669166245917,-0.06716416659868685,14.452257213884272,16.306075088383263,-0.0014840819118706605,-0.0006589092463347157,-0.0010714955791035763,-0.07721269762793703,-0.014343390337669959,-0.010660333468976546
PA,2022,1,I,Sicilia,082,6.3405188055977435,6.677294767784069,6.508906786690907,12039087.0,44.89178061665652,0.2338871942068911,9.481292206971647,6741093.0,79.37084118177371,105.89712618475255,-0.3112657836837023,14.295695409344065,14.426637919319788,18.0,48.06728164077809,4.008028652134315,10.972358312773624,0.05071157334910523,0.45585732078067454,132.51989123221065,53.880053569879934,0.009624977368428869,14.58891380804988,16.303669164404884,0.013478409761639831,0.013501509111647714,0.01348995943664466,0.09829660920373584,0.06335777843698942,-0.002405923978379576
PA,2023,1,I,Sicilia,082,6.357402928712204,6.696116671462124,6.526759800087164,12001107.0,44.196541622216394,0.23024327249487972,9.558369474216454,6741093.0,88.79075808111814,112.94359026705115,-0.28619134631108395,14.342781042569822,14.507693573866826,17.1,46.694836469348886,4.059654509965744,11.484784998429172,0.06316445767553944,0.5232289562050942,154.225986273669,68.5783006988593,0.07126304930001544,14.645884731497906,16.300509453497504,0.01688412311446008,0.01882190367805503,0.01785301339625711,0.081055654547038,0.07707726724480679,-0.0031597109073793206
PA,2024,1,I,Sicilia,082,6.361067814872723,6.700955967056411,6.531011890964567,11975942.0,44.61438488891594,0.24075714711733945,9.63665115513127,6741093.0,96.09962024109218,108.38612111792384,-0.1467941995258214,14.352490699316046,14.577531396238825,14.3,42.70423667045374,3.8440046562252315,12.403904454222976,0.06577474829644611,0.5124033441558122,161.29001046546816,74.95182652261475,0.029426911520483438,14.657415865352217,16.2984103620505,0.0036648861605197425,0.004839295594287307,0.004252090877403525,0.06983782237199954,0.07828168091481658,-0.0020990914470040423
PC,2015,0,NE,Emilia Romagna,033,6.98333169123451,7.213422887565022,7.098377289399766,3323497.0,45.17727986968235,0.23894167032140842,9.841214409236812,1837938.0,48.73648513022153,36.53867689947186,0.17148120647928594,14.253485175775596,14.307685758791632,8.8,51.96984566562029,1.2009000389193665,0.0165877491932322,0.00026928819540922376,0.00030348297757081465,74.35046698919687,30.00573009815629,-0.20382747326128592,14.516004187167162,15.01652809980051,-0.02575582195261017,-0.0157118133225973,-0.020733817637604623,0.008971144354822158,0.015063183326235574,0.02939459713129544
PC,2016,0,NE,Emilia Romagna,033,6.961948467290106,7.208309751353884,7.085129109321994,3322009.0,46.91869890567379,0.2718688824740246,9.857850753694693,1837938.0,51.429321683680676,37.46993436953878,0.19640051537526215,14.262302861817254,14.324300731606444,7.5,48.98183561632582,1.2025656043429538,5.47725269085872,0.023667531996201308,0.12879655509125923,76.59436096568868,29.746215630841025,-0.021268509276777217,14.57109013709187,15.016080278363026,-0.021383223944404506,-0.00511313621113807,-0.013248180077771288,0.01661497281481239,0.01663634445788098,-0.0004478214374845635
PC,2017,0,NE,Emilia Romagna,033,6.937608598470227,7.201799319548681,7.069703959009454,3328339.0,45.39548356991194,0.2431123526920267,9.868543342822472,1837938.0,56.23089782206704,37.58244772404559,0.26310418234707617,14.274589284506764,14.348991618246792,6.1,45.12676068996885,1.1166810821702113,8.997171213181698,0.03746825468108106,0.15731847373788313,79.96718789215227,25.36848421065062,0.04385968218564661,14.615952632066215,15.017983938716325,-0.024339868819878596,-0.006510431805202721,-0.015425150312540659,0.024690886640348353,0.010692589127778263,0.0019036603532995855
PC,2018,0,NE,Emilia Romagna,033,6.9320934711415285,7.199671715610729,7.065882593376129,3337724.0,45.80809694420328,0.24886364470096234,9.870178964916889,1834866.0,62.85786117616387,38.34077793837751,0.3454588912808019,14.290499049859632,14.371974526989852,5.6,46.564516990280765,1.1629350989601408,9.14671705653062,0.04048752366160596,0.15996506498774085,83.2081078582182,26.22290024249746,0.05819538484925935,14.609780537731917,15.020799695543326,-0.005515127328698632,-0.0021276039379518608,-0.0038213656333248025,0.022982908743060193,0.001635622094417144,0.0028157568270010813
PC,2019,0,NE,Emilia Romagna,033,6.9270678124842835,7.198113849303579,7.062590830893932,3352057.0,45.57860644980555,0.2363417373593355,9.8932408282944,1834866.0,61.24767697009716,39.21298380562691,0.311354615459984,14.298731536878893,14.390855927691584,5.7,47.69951407602671,1.1801927600793087,9.058723470477371,0.04781124890164348,0.16183512326038887,83.2037264736603,24.624285015841167,0.0684631843941304,14.631583527526258,15.025084745212801,-0.005025658657245025,-0.0015578663071504906,-0.0032917624821973135,0.01888140070173172,0.023061863377511926,0.004285049669475072
PC,2020,1,NE,Emilia Romagna,033,6.924108427736227,7.195443293027315,7.059775860381771,3360748.0,45.93455298187041,0.22835420416460772,9.911606770956194,1834866.0,64.39911793195337,42.501444083815976,0.30992617599542244,14.303013979455951,14.405554007743989,5.9,53.980473381936484,1.2062945902691635,8.767695382791523,0.044289681478509466,0.14487097729488918,38.32082218860344,7.5157847156426785,-0.0331687118670115,14.491113229758247,15.027674126211062,-0.0029593847480562374,-0.002670556276263447,-0.0028149705121602864,0.014698080052404805,0.018365942661793255,0.002589380998260893
PC,2021,1,NE,Emilia Romagna,033,6.877920646458936,7.166555886436584,7.0222382664477605,3325520.0,45.530902463034984,0.2245318350724371,9.899556177025863,1834866.0,56.417673918263596,38.94824189281142,0.24893806599859605,14.210150370913528,14.328341310116052,6.1,52.0358007804001,1.1539279520429995,9.517637086489449,0.050894789277257775,0.16381547318255713,62.29191100394784,14.925909666728282,0.03414670637856684,14.452257213884272,15.01713661082174,-0.046187781277291506,-0.02888740659073097,-0.03753759393401079,-0.07721269762793703,-0.012050593930331033,-0.010537515389321683
PC,2022,1,NE,Emilia Romagna,033,6.829110187535069,7.142988926020788,6.986049556777929,3319273.0,45.21694193113748,0.2245251309839649,9.944948303199313,1834866.0,67.08921894986207,40.32607213745804,0.3802588073272951,14.295695409344063,14.426637919319788,6.5,52.949541114556,1.2573536889348267,9.904118578069703,0.0633602691711795,0.20099623629981747,84.64941334389246,26.23778786950362,0.10315007674736289,14.588913808049881,15.015256341010334,-0.048810458923866484,-0.023566960415796423,-0.036188709669831454,0.09829660920373584,0.04539212617345001,-0.001880269811406876
PC,2023,1,NE,Emilia Romagna,033,6.787360186062433,7.12361329117374,6.955486738618086,3331356.0,48.628550905757784,0.2633690663352165,9.988967612751697,1834866.0,73.43325632682249,42.538225522256084,0.43832754163564613,14.342781042569822,14.507693573866824,6.4,51.877346971139374,1.2562534469203692,10.006294555232435,0.06656618083901121,0.21639531913657767,94.5150484136036,31.63044034720778,0.12154717050695538,14.645884731497908,15.018889986277479,-0.04175000147263663,-0.019375634847047962,-0.030562818159842742,0.08105565454703623,0.0440193095523842,0.003633645267145269
PC,2024,1,NE,Emilia Romagna,033,6.753545679567217,7.101010910685189,6.927278295126204,3435052.0,46.00157687813727,0.2382610638505664,10.060256697968656,1886961.0,79.07249768376151,42.94444870630593,0.5176197894515143,14.352490699316045,14.577531396238825,5.3,47.792121711795986,1.2003690427171307,12.442732265481014,0.08074436273245363,0.25382683213127855,84.90584771001598,29.13957754187632,0.14949366893773175,14.657415865352213,15.049542621806392,-0.033814506495216,-0.0226023804885509,-0.028208443491882562,0.06983782237200131,0.07128908521695898,0.030652635528912953
PD,2015,0,NE,Veneto,028,6.999629521360926,7.217684367867742,7.108656944614334,8996719.0,44.47418408423195,0.2344229343750507,9.808213368196594,4608492.0,109.19745610955543,85.50902518556185,0.2642592563146376,14.253485175775596,14.307685758791632,9.4,51.82486591200509,3.459078644721434,14.974071089376539,0.10253718237647462,0.2295182539985611,173.05074577296807,73.4035144781106,0.17146292138452632,14.51600418716716,16.012370513278405,-0.0060427310025668035,-0.004581726023413779,-0.005312228512989847,0.008971144354820382,0.01406263023313592,-0.020019743886500407
PD,2016,0,NE,Veneto,028,6.983236050977757,7.209159159480486,7.096197605229121,8984579.0,44.710021533247385,0.22893872488437292,9.828393074068673,4608492.0,104.23836031480673,88.22763217449926,0.17895653610561443,14.262302861817254,14.324300731606444,8.0,49.64627254355944,3.454492608969003,18.674687747247877,0.13033575996284302,0.30930534008523036,178.40347063440456,70.84079067237747,0.20819297467796113,14.57109013709187,16.01102022123113,-0.01639347038316874,-0.008525208387255567,-0.012459339385213042,0.01661497281481239,0.020179705872079623,-0.0013502920472738822
PD,2017,0,NE,Veneto,028,6.970365581405156,7.198886220625091,7.084625901015124,8947704.0,45.100184674436136,0.24198452808372728,9.844883465785246,4594541.0,113.15954462031178,93.24830467532729,0.22300449277889128,14.274589284506765,14.348991618246794,8.5,48.1394100303579,3.4612445410198314,22.641711715312965,0.16452043600800775,0.3877924803224485,189.20488153888508,77.12263580129539,0.2603035902629724,14.615952632066215,16.00690752102712,-0.01287046957260074,-0.01027293885539482,-0.011571704213997336,0.02469088664035013,0.016490391716573072,-0.0041127002040113325
PD,2018,0,NE,Veneto,028,6.9501040701525465,7.180986218412358,7.065545144282453,8948984.0,45.03334839860724,0.23953548369962657,9.848583782124763,4585601.0,128.17939462318066,91.73309828645785,0.40813889620392313,14.290499049859632,14.371974526989852,5.8,45.96531226908196,3.434428146962481,27.049445552408546,0.21874666088170666,0.4867449047359602,188.55119970200064,74.43599980267447,0.3086163042140303,14.609780537731918,16.007050564254133,-0.020261511252609665,-0.017900002212733135,-0.019080756732670956,0.022982908743058417,0.0037003163395166183,0.00014304322701264027
PD,2019,0,NE,Veneto,028,6.94777978928243,7.178301737404346,7.0630407633433885,8975095.0,44.39031208149985,0.23298366422075203,9.87275496765882,4585601.0,137.4537552812532,97.05223896808351,0.4515906049764973,14.298731536878892,14.390855927691584,5.7,45.027805202808615,3.346330621584781,30.224178983497744,0.2623179907194501,0.5843316287211306,191.21265313715907,72.18862394638471,0.33800394910624376,14.631583527526258,16.009964077240813,-0.0023242808701162687,-0.0026844810080124404,-0.0025043809390643545,0.01888140070173172,0.024171185534056505,0.002913512986680189
PD,2020,1,NE,Veneto,028,6.946164711645739,7.176185305560611,7.0611750086031755,8979859.0,45.538642381000486,0.22042258538098605,9.886245621196293,4585601.0,143.04888259189283,102.5108309036778,0.45381306284318634,14.303013979455951,14.405554007743989,6.6,44.059533517107425,3.3706964726269684,32.058533661692294,0.2761800361619295,0.6171404987877064,71.42992432352476,11.313850091607653,0.2178922180882622,14.491113229758247,16.01049473859609,-0.001615077636690998,-0.0021164318437350005,-0.0018657547402129993,0.014698080052404805,0.013490653537473918,0.000530661355277573
PD,2021,1,NE,Veneto,028,6.946889828383114,7.175815061332723,7.06135244485792,8978776.0,46.445267234856885,0.25124086011355223,9.868024774326676,4585601.0,121.48989071983034,96.59413051756988,0.2790635065923742,14.210150370913528,14.328341310116052,5.6,43.890619761861096,3.1526182595894383,32.01861823902094,0.26560406850606416,0.6038188181350632,119.53923701962765,22.173711117791076,0.25984510437141495,14.452257213884273,16.010374128092977,0.0007251167373745204,-0.0003702442278878948,0.000177436254744201,-0.07721269762793703,-0.018220846869617446,-0.00012061050311373833
PD,2022,1,NE,Veneto,028,6.94698824007131,7.175985793987042,7.061487017029177,8918862.0,45.88818149822524,0.2332011011467095,9.911696428988924,4585601.0,137.0955221596271,96.35968173524792,0.4567745709132026,14.295695409344061,14.426637919319788,4.6,44.16805211943626,3.344683655806627,31.14085230490613,0.22308182192580167,0.6178170905996377,164.80249955077912,43.97237053792761,0.30877146482648027,14.58891380804988,16.00367891794203,9.841168819590962e-05,0.0001707326543192167,0.00013457217125711907,0.09829660920373584,0.04367165466224776,-0.006695210150947872
PD,2023,1,NE,Veneto,028,6.947806686337317,7.177130244128961,7.062468465233139,8937669.0,46.74787769453359,0.23893539744438547,9.966123285274008,4585601.0,147.49851020031142,100.41697865778212,0.5281134002794755,14.342781042569822,14.507693573866824,3.8,41.25312001631878,3.251714184967355,35.127612675090106,0.2710574835600562,0.723498517305929,188.13787786523002,58.90382377040538,0.3902534437140253,14.645884731497906,16.005785374896533,0.0008184462660070224,0.0011444501419184405,0.0009814482039622874,0.08105565454703623,0.054426856285084924,0.0021064569545039546
PD,2024,1,NE,Veneto,028,6.948215520046017,7.177907659619698,7.063061589832857,8999504.0,46.3505369098334,0.25861867818461204,10.03553178722798,4606595.0,143.3099826886247,98.592891673605,0.4998807095329368,14.352490699316045,14.577531396238825,2.6,40.344217686029474,3.256620340095799,37.52182174243054,0.31027452943452655,0.8217883960328926,189.66686628073492,62.376768497358555,0.4286642909750582,14.657415865352215,16.012680022670708,0.0004088337087004845,0.0007774154907371766,0.0005931245997174983,0.06983782237200131,0.06940850195397097,0.0068946477741747
PE,2015,0,S,Abruzzo,068,6.687807373400842,7.032576239918342,6.860191806659592,4296692.0,46.15271404514641,0.2400193872183312,9.551951175464781,2277113.0,35.54704946921345,30.94712106459997,0.051850641082295465,14.253485175775596,14.307685758791632,13.0,55.53602659238959,2.1282375067883677,8.27864598739859,0.026393489300425385,0.2272428119141817,73.36771773897323,10.496129419525833,0.0014000090003763298,14.51600418716716,15.273355982273323,-0.01495697289589426,-0.01687518801627874,-0.015916080456086945,0.008971144354822158,0.009498278687621209,0.0008274902303764264
PE,2016,0,S,Abruzzo,068,6.6823796213289866,7.025104784365428,6.853742202847208,4290081.0,45.124416085303345,0.22505785673004414,9.568990053362578,2277113.0,35.969173083724954,31.59614108778468,0.04930039111909214,14.262302861817254,14.324300731606444,13.8,41.59431217218283,1.8985391010278665,8.942454060971329,0.02485412416741416,0.20352968820850326,83.43612576659577,12.151253957694129,-0.04007635615787384,14.57109013709187,15.271816171844835,-0.0054277520718555294,-0.0074714555529133975,-0.006449603812384019,0.01661497281481239,0.017038877897796567,-0.0015398104284880532
PE,2017,0,S,Abruzzo,068,6.674980172423065,7.017457024675201,6.846218598549133,4287830.0,46.44698920948555,0.23793416465969167,9.584021525704287,2277113.0,40.17871575039532,33.11389245047316,0.07982714375641774,14.274589284506764,14.348991618246792,12.3,41.68859676263875,1.8917218738572057,8.846883840286184,0.024580436531461098,0.19385790893136098,83.87383276383012,11.674408646133445,-0.06245993608794501,14.615952632066215,15.271291335424483,-0.007399448905921702,-0.0076477596902275735,-0.007523604298074638,0.024690886640348353,0.015031472341709318,-0.0005248364203520595
PE,2018,0,S,Abruzzo,068,6.653008930116023,7.002029960489038,6.8275194453025305,4266313.0,44.611137786329714,0.2223398311785905,9.581241312187641,2277113.0,36.80331528747175,34.47249132658636,0.02634717584783525,14.290499049859632,14.371974526989852,11.7,41.93251890051789,1.9149239704102796,9.104871878237558,0.025547116527635194,0.20542270919925287,89.49284090595572,12.581998366303043,-0.04185947714715715,14.609780537731918,15.266260546161119,-0.021971242307041727,-0.015427064186162909,-0.018699153246602762,0.022982908743060193,-0.002780213516645702,-0.005030789263363644
PE,2019,0,S,Abruzzo,068,6.632281230991482,6.974240359547097,6.80326079526929,4267575.0,46.595439526345515,0.2500891421938898,9.603987848682337,2277113.0,45.12135713411544,34.21281023931439,0.12322690031492399,14.298731536878893,14.390855927691584,12.0,40.354522331346686,1.889373067026158,10.30859327628888,0.03277930697872598,0.234830768744867,91.68614890726725,13.256995689852749,0.05947889939273173,14.631583527526258,15.266556308188742,-0.02072769912454131,-0.02778960094194094,-0.024258650033240237,0.01888140070173172,0.02274653649469549,0.00029576202762271464
PE,2020,1,S,Abruzzo,068,6.615006001763858,6.961846016155865,6.788426008959861,4259013.0,45.33742507764231,0.22937121267069768,9.621783471512368,2277113.0,47.85887803266002,40.02280135710327,0.08904815484056627,14.303013979455951,14.405554007743989,9.7,40.68286270759024,1.8933327880137507,10.743219979139049,0.034376013660582704,0.2467668473044311,51.5835164300331,3.981580434929058,-0.00581665086229555,14.491113229758247,15.264548001260401,-0.017275229227624145,-0.012394343391232354,-0.014834786309429582,0.014698080052404805,0.017795622830030666,-0.002008306928340531
PE,2021,1,S,Abruzzo,068,6.592331710649075,6.947332428712734,6.769832069680906,4237345.0,47.173183262088706,0.26547162122299767,9.606228261490065,2277113.0,40.92793995891762,34.147974157000306,0.07777280808000628,14.210150370913528,14.328341310116052,11.2,39.96373194592157,1.9088906950939963,10.959803692337351,0.038682854258220205,0.26087161661019176,68.19468935892147,6.763380928587872,0.041872172893038365,14.452257213884272,15.259447451830754,-0.022674291114782363,-0.014513587443130582,-0.01859393927895514,-0.07721269762793703,-0.015555210022302646,-0.0051005494296472165
PE,2022,1,S,Abruzzo,068,6.57731386439679,6.960328914943465,6.768821389670127,4241260.0,46.783726377012314,0.2514020231747897,9.663747369319472,2277113.0,46.44185953897608,35.59874720830574,0.12461085327272911,14.295695409344063,14.426637919319788,11.3,39.17375908043849,1.907206541103988,10.536890050877302,0.04068670404628962,0.2551915361386641,74.8317513304263,10.92437709424897,0.048921853719668194,14.588913808049881,15.26037095287326,-0.015017846252285416,0.012996486230730575,-0.0010106800107783087,0.09829660920373584,0.057519107829406835,0.0009235010425054924
PE,2023,1,S,Abruzzo,068,6.582021406283592,6.9747284059686665,6.778374906126129,4240885.0,45.3876794313853,0.22980869111679547,9.722057615152286,2277113.0,49.80190554749355,38.21035951097184,0.13351455042176338,14.342781042569822,14.507693573866824,9.3,38.58491998429425,1.9113558489210867,10.641015629019666,0.04359090112202163,0.2655712500041011,80.75522437991009,12.058035243484793,0.08063226320220812,14.645884731497906,15.260282531842908,0.0047075418868018915,0.014399491025201883,0.009553516456001887,0.08105565454703623,0.05831024583281419,-8.842103035178184e-05
PE,2024,1,S,Abruzzo,068,6.591892923338592,6.989151563407612,6.790522243373102,4232424.0,47.48946693579489,0.2535656985062716,9.797855829766705,2277113.0,46.789519579490786,38.10932897275841,0.09993236474826168,14.352490699316045,14.577531396238825,7.4,36.14926706710788,1.8941867614163852,11.983094281362765,0.06378658954666079,0.32532802454616944,89.50746525332421,14.112244193599876,0.1294564796760776,14.657415865352215,15.258285436537603,0.009871517055000112,0.014423157438945289,0.012147337246973144,0.06983782237200131,0.07579821461441938,-0.0019970953053043417
PG,2015,0,C,Umbria,054,6.711013254920405,7.025232107779035,6.86812268134972,5796605.0,47.02900544494185,0.2792732047692542,9.670229166371806,3129346.0,67.70647269715467,57.73364882613767,0.12636822191523192,14.253485175775596,14.307685758791632,10.2,30.81911403509611,4.1174868089224415,16.027993447597172,0.3010443212240807,1.9427174551452853,296.09509583181784,91.48474863272527,0.8364983501078344,14.51600418716716,15.572782959307897,-0.029135158595527066,-0.032034823533658496,-0.030584991064592337,0.008971144354822158,0.01348294845403153,-0.003905859830808822
PG,2016,0,C,Umbria,054,6.683439083171094,6.996972534828583,6.840205808999838,6377522.0,48.143153994768895,0.27094221576641364,9.689602022875015,3455599.0,67.25745953502081,57.633774721016486,0.12327573821487763,14.262302861817254,14.324300731606444,9.5,30.520735415496702,4.143224588257726,16.344900552844294,0.29939016633508103,1.9601975904689757,298.8222814879618,92.88906226306607,0.8375625603741382,14.57109013709187,15.66829017861975,-0.027574171749311205,-0.02825957295045267,-0.027916872349882382,0.01661497281481239,0.019372856503208524,0.09550721931185358
PG,2017,0,C,Umbria,054,6.67439498903818,6.987981363979484,6.831188176508832,6358396.0,47.72689124985317,0.29137331643835956,9.704216339943008,3455599.0,70.62470174697889,58.3492611188829,0.15845362722966025,14.274589284506764,14.348991618246792,10.1,30.30912526493664,4.129317764253968,15.704618678916491,0.2857868338366531,1.879097289738679,271.8200797681863,87.12779406714489,0.8140778653069666,14.615952632066215,15.665286702250357,-0.009044094132914182,-0.008991170849098395,-0.009017632491006289,0.024690886640348353,0.014614317067993099,-0.003003476369393354
PG,2018,0,C,Umbria,054,6.662739988178396,6.975680416692358,6.819210202435377,6280712.0,47.548017522911636,0.26475335555460483,9.711061669705584,3427059.0,74.46029429049815,56.83738359671507,0.21885964984445158,14.290499049859632,14.371974526989852,9.0,29.94426265839724,4.107873385899282,15.818542001489012,0.3044812853648284,1.8593513855360784,313.1664134833911,97.68799656133704,0.8351238490624961,14.609780537731918,15.65299390781401,-0.011655000859783549,-0.012300947287126718,-0.011977974073454689,0.022982908743060193,0.0068453297625765686,-0.012292794436348231
PG,2019,0,C,Umbria,054,6.647724664978974,6.962218038095863,6.804971351537419,6270558.0,47.30555426356589,0.2975232558139535,9.735985300913118,3427059.0,76.89293574541689,57.62136910659412,0.24111224256119637,14.298731536878893,14.390855927691584,7.800000000000001,29.773680565548798,4.059980691402025,16.80332815002791,0.3356392786776824,1.9734618020260777,311.17263453223666,93.64050738940381,0.8386971258813967,14.631583527526258,15.651375903864576,-0.015015323199421893,-0.01346237859649424,-0.014238850897958066,0.01888140070173172,0.024923631207533603,-0.0016180039494333442
PG,2020,1,C,Umbria,054,6.635990361011652,6.956181717469735,6.796086039240693,6252227.0,48.92716260701157,0.2945264185195111,9.751090201984395,3427059.0,83.3311212547855,64.74438542100317,0.2337076875499222,14.303013979455951,14.405554007743989,8.5,29.766567503784696,3.9410971172337046,17.477455338312925,0.3515057668116961,1.9983732140858985,147.644015412794,17.677794871035605,0.6911195731624764,14.491113229758247,15.64844827824569,-0.011734303967322113,-0.006036320626128244,-0.008885312296725623,0.014698080052404805,0.015104901071277155,-0.002927625618886154
PG,2021,1,C,Umbria,054,6.4908745359298905,6.81410604137003,6.652490288649961,6242922.0,47.634459365165974,0.26847492233360026,9.741978989351354,3427059.0,68.7019717879887,56.52302602431259,0.15290039035778483,14.210150370913528,14.328341310116052,6.5,29.956440957516875,4.014231021488968,17.570669257070595,0.37891058974640657,2.027103103900515,216.88024518780173,36.62817579800705,0.7773067695386374,14.452257213884272,15.646958899972558,-0.14511582508176168,-0.14207567609970528,-0.14359575059073215,-0.07721269762793703,-0.009111212633040822,-0.0014893782731313365
PG,2022,1,C,Umbria,054,6.487134393340975,6.810012879852688,6.648573636596831,6354554.0,49.869284137697115,0.304377597249832,9.759797928346613,3515863.0,73.79650448107635,54.40756311435942,0.24481118154065937,14.295695409344063,14.426637919319788,7.3,26.346225203991285,3.621222005422034,19.378551390445534,0.41134301199630446,2.0967537410737225,299.2162774986327,77.97472183606403,0.8425078457779227,14.588913808049881,15.664682279183019,-0.0037401425889154183,-0.004093161517341848,-0.003916652053129965,0.09829660920373584,0.01781893899525855,0.01772337921046052
PG,2023,1,C,Umbria,054,6.469810497645223,6.804261872244245,6.6370361849447335,6345751.0,50.05796653854121,0.30969772065672674,9.80062231214316,3515863.0,88.09542917893636,58.57356951651563,0.3745286970561562,14.342781042569822,14.507693573866824,5.8,25.842144095540167,3.633368183339389,21.219500205716248,0.4951451445447216,2.412514388398394,329.7546752762403,96.64842190367288,0.8957137846973097,14.645884731497906,15.66329601304063,-0.017323895695752434,-0.005751007608442826,-0.01153745165209763,0.08105565454703623,0.04082438379654718,-0.0013862661423882372
PG,2024,1,C,Umbria,054,6.465758614125974,6.797508473574827,6.6316335438504,6393902.0,49.19045520392317,0.3049818040997169,9.863235165844655,3549596.0,86.80045584326598,61.146298366528214,0.3265814177312149,14.352490699316045,14.577531396238825,4.7,25.49937647872019,3.63899949483084,21.250827276238894,0.5446704441794753,2.5519555201830513,342.9352516705002,107.87369199557804,0.9142522496658895,14.657415865352215,15.670855281615527,-0.004051883519248456,-0.006753398669418154,-0.005402641094333305,0.06983782237200131,0.06261285370149494,0.007559268574896194
PI,2015,0,C,Toscana,050,7.140224367904468,7.439063416161588,7.289643892033028,3389629.0,46.03271935995887,0.2557438779597369,9.785874660182508,1813025.0,65.12254734380707,46.146921378856085,0.22072760952320275,14.253485175775594,14.307685758791632,8.5,42.6005632169165,2.0072883176156258,23.10484910277425,0.15609111865913908,1.1753972810684892,131.0956462554792,72.95237213308593,0.4212678992750662,14.51600418716716,15.036231033839668,-0.03824992950551387,-0.050296577025926936,-0.04427325326571996,0.008971144354822158,0.01352655045329243,0.0030737866864551933
PI,2016,0,C,Toscana,050,7.110429595158551,7.389299185912608,7.2498643905355795,3382481.0,45.14877822884859,0.22494474390707714,9.801179235448549,1813025.0,56.15275805066497,47.4641809635088,0.10306650704600896,14.262302861817256,14.324300731606446,7.3,42.65293528537909,2.061110613534028,22.26469705265666,0.17273827143818749,1.248378078842108,130.63372021364756,72.86904453542842,0.44125509647030053,14.571090137091868,15.034120021864224,-0.02979477274591691,-0.04976423024897958,-0.039779501497448244,0.016614972814814166,0.015304575266041454,-0.002111011975443944
PI,2017,0,C,Toscana,050,7.086946395303669,7.376380343766652,7.23166336953516,3408567.0,45.768940583026804,0.23082277950180324,9.812072878429715,1815911.0,71.79617409146019,50.70623427148341,0.2479635164334286,14.274589284506762,14.348991618246794,7.1,41.564883678218756,1.9894121050804892,23.536029830463693,0.18409788287561313,1.3632245605132962,132.33489933892653,72.97921467987965,0.4449715386581638,14.615952632066216,15.041802526332287,-0.023483199854881676,-0.01291884214595651,-0.018201021000419537,0.024690886640348353,0.010893642981166352,0.007682504468062845
PI,2018,0,C,Toscana,050,7.079429696166761,7.376897121948972,7.228163409057866,3404209.0,46.637262861822585,0.23133104846677896,9.812521167222332,1815911.0,64.61539508036532,51.27178561922963,0.16135915402927245,14.290499049859633,14.371974526989852,6.2,40.382308783796965,1.9332864613734115,23.453772209552138,0.1921969064295862,1.312759308117125,173.800819435937,99.1664548321795,0.5010833693943878,14.609780537731917,15.040523165145476,-0.0075166991369082226,0.0005167781823205431,-0.0034999604772938397,0.022982908743058417,0.00044828879261693544,-0.0012793611868104904
PI,2019,0,C,Toscana,050,7.048752040834277,7.3456491730950475,7.197200606964662,3390033.0,46.4847707089806,0.2713152480396638,9.835829712071689,1815911.0,60.51399430007791,50.960756589582715,0.11757487130448949,14.298731536878893,14.390855927691584,6.1,38.73390765233151,1.9968708782901277,24.394337233438485,0.21474465744464988,1.581742071857119,179.0102630550933,101.01962531649718,0.524116572677428,14.631583527526258,15.036350213822526,-0.03067765533248412,-0.03124794885392479,-0.03096280209320401,0.01888140070173172,0.02330854484935685,-0.004172951322949814
PI,2020,1,C,Toscana,050,7.040334462239114,7.340384153356984,7.190359307798049,3390385.0,46.27329735720798,0.23877134881060227,9.849918455343092,1815911.0,78.75090750199354,54.81503285155382,0.28464860879111115,14.303013979455951,14.405554007743987,6.5,37.27369061318638,1.9624380767429583,23.00616261207659,0.20407678372378973,1.3808166100019952,65.54271705491591,21.20423612739244,0.36509090262585164,14.491113229758247,15.036454042229659,-0.008417578595162567,-0.005265019738063259,-0.006841299166612913,0.014698080052403029,0.014088743271402748,0.00010382840713241137
PI,2021,1,C,Toscana,050,7.028983241910927,7.335521277080967,7.182252259495947,3391158.0,47.37494485513152,0.2861636134272045,9.833343383290226,1815911.0,67.38627379217395,51.27555788995534,0.19294719302356209,14.210150370913528,14.328341310116052,6.8,35.23744580568808,1.871570460049236,24.365091752289274,0.21922215717615925,1.480329380617586,101.38175956759804,41.13167144120327,0.4158703802867414,14.452257213884272,15.036682013947408,-0.01135122032818714,-0.004862876276017225,-0.008107048302102626,-0.07721269762793526,-0.016575072052866346,0.0002279717177486873
PI,2022,1,C,Toscana,050,6.9906684583093535,7.302937313462161,7.146802885885758,3377089.0,47.509470647361205,0.2650700070766048,9.876571176097618,1815911.0,74.11402043567143,53.919871657356055,0.24408711332362415,14.295695409344063,14.426637919319788,6.7,34.96679734063991,1.8794700155658082,24.284425420543585,0.2226185037863763,1.4515443937812742,155.2767883989804,84.34032143753275,0.4713034585767178,14.588913808049883,15.032524653773164,-0.03831478360157359,-0.03258396361880589,-0.03544937361018885,0.09829660920373584,0.04322779280739297,-0.004157360174243507
PI,2023,1,C,Toscana,050,7.015817657778205,7.328095111320044,7.171956384549124,3379087.0,47.58211023047225,0.26033046513413105,9.925267460501047,1815911.0,81.97603636424715,54.89436870585683,0.32793297845092734,14.342781042569822,14.507693573866822,5.9,33.82122135334628,1.9240096088750085,26.127447144483007,0.24791932987940482,1.5965635842262682,171.72086288969248,101.17818784086498,0.5391362318911196,14.645884731497906,15.033116112627475,0.025149199468851968,0.02515779785788297,0.025153498663366136,0.08105565454703445,0.048696284403428436,0.000591458854311
PI,2024,1,C,Toscana,050,7.016409454541934,7.333054814302226,7.17473213442208,3469723.0,47.531672746003,0.2757701675806967,9.994091026021096,1857071.0,76.93279141420307,50.34079421730017,0.3222386360954283,14.352490699316046,14.577531396238824,4.7,33.185932900249036,1.8941475887278905,28.130652979756203,0.2987004272380221,1.7572823296759847,180.0988465283185,109.35383251683903,0.577379365772878,14.657415865352215,15.059585321647353,0.0005917967637287802,0.004959702982182179,0.002775749872956368,0.06983782237200131,0.06882356552004865,0.026469209019877482
PN,2015,0,NE,Friuli Venezia Giulia,093,6.6553510062291865,6.953316632381168,6.804333819305177,2641952.0,46.44845745498245,0.2382578033628926,9.816804014201743,1357313.0,39.769818606036196,37.972960663730305,0.020292036821621808,14.253485175775598,14.307685758791633,6.8,77.95150928805221,1.6580155155380285,4.664426111121832,0.018672869788377,0.14491596881741145,50.80587295293775,17.473414084229837,-0.0016253898364821599,14.516004187167159,14.787028595844863,-0.013831517639403046,-0.011380796756604639,-0.012606157198003842,0.00897114435482571,0.013852270230392705,-0.0021124913825243397
PN,2016,0,NE,Friuli Venezia Giulia,093,6.63032370057528,6.933997506020954,6.7821606032981165,2632223.0,47.70658120622252,0.2759703749660708,9.840106622460615,1357313.0,41.03508229412254,36.80693479605991,0.047877354442746815,14.262302861817254,14.324300731606444,7.4,76.36417006081712,1.6671750851096485,5.3260621537699855,0.02163585248344502,0.15496386468862808,55.00381045721325,18.909079927371543,0.0176592089209969,14.57109013709187,14.783339294282031,-0.025027305653906318,-0.019319126360214156,-0.02217321600706068,0.016614972814810613,0.02330260825887187,-0.0036893015628312043
PN,2017,0,NE,Friuli Venezia Giulia,093,6.604616568226573,6.903009836174242,6.7538132022004085,2625192.0,47.59202874871901,0.26660142717099533,9.853741962106056,1357313.0,43.548077180765475,38.917965526488686,0.052683995347572524,14.274589284506764,14.348991618246794,5.8,74.50485374495952,1.6992203980901206,6.817670020997478,0.02945861829320452,0.18501899887389317,58.89322208764914,19.016751924108732,0.0709446658902369,14.615952632066213,14.780664594190196,-0.025707132348706807,-0.030987669846711974,-0.028347401097708058,0.02469088664035013,0.013635339645441391,-0.002674700091835902
PN,2018,0,NE,Friuli Venezia Giulia,093,6.600723106950276,6.895504513515796,6.748113810233036,2630067.0,46.29328873645488,0.2342852085461967,9.857891784372729,1357313.0,55.985712863611234,37.37193107261516,0.21193506249506125,14.290499049859632,14.371974526989852,4.8,73.79318490486183,1.7039461173794408,6.1803339020786074,0.031278658262011864,0.17646331302329527,57.76696887823144,18.291969597406172,0.0513377100428786,14.609780537731918,14.782519879114629,-0.0038934612762977494,-0.007505322658445834,-0.005699391967372236,0.022982908743058417,0.004149822266672487,0.0018552849244333203
PN,2019,0,NE,Friuli Venezia Giulia,093,6.600445254242837,6.894953848092629,6.747699551167734,2639722.0,47.4939594664427,0.2471935319648296,9.885426983573817,1357313.0,57.86735190275898,35.579694325362254,0.2526629457429868,14.298731536878893,14.390855927691586,4.5,72.77238420239517,1.7080153348412883,8.13114794444458,0.04024531081040943,0.2271362328507452,56.04535525503316,17.13367249721716,0.06469305494286841,14.631583527526256,14.786184166547443,-0.00027785270743851953,-0.0005506654231668406,-0.0004142590653026801,0.018881400701733497,0.027535199201087934,0.003664287432814106
PN,2020,1,NE,Friuli Venezia Giulia,093,6.598236976308447,6.890778004446255,6.744507490377352,2641711.0,47.278492117839164,0.2501303249313864,9.901820051906698,1357313.0,57.157172212278546,43.63106276533523,0.15361573286254165,14.303013979455953,14.405554007743987,3.2,71.37970124009354,1.7271160216640618,8.41323233328879,0.04528794747792801,0.23816913017322164,27.89653153664681,6.4981056156371615,-0.009323173140408945,14.491113229758248,14.786937371253071,-0.002208277934389713,-0.004175843646374133,-0.003192060790381923,0.014698080052401252,0.016393068332881455,0.0007532047056280078
PN,2021,1,NE,Friuli Venezia Giulia,093,6.599297268186492,6.892968166881705,6.746132717534098,2644643.0,47.89687938170295,0.26280350047552636,9.88817219182554,1357313.0,48.997288045267325,40.356349206201784,0.09819911005499567,14.210150370913528,14.32834131011605,3.3,71.2754658705783,1.7358981221645082,8.678943348459857,0.05066782649863658,0.2419031696929344,37.1613577834091,8.175846446915662,0.0380538684980102,14.452257213884273,14.788046642520433,0.0010602918780442394,0.002190162435449672,0.0016252271567465115,-0.07721269762793703,-0.013647860081158925,0.0011092712673619332
PN,2022,1,NE,Friuli Venezia Giulia,093,6.605502874383944,6.897967427430286,6.751735150907115,2638202.0,47.256086189752544,0.2704020562465995,9.93481882589523,1357313.0,56.475193442389944,38.12244240734805,0.20998992593580515,14.295695409344061,14.426637919319786,3.1,69.47701142378622,1.7476781827130115,10.224110983997658,0.05846222669437127,0.2602735343912712,53.88230311694528,16.363083936864577,0.11765353634120018,14.588913808049883,14.785608182489309,0.0062056061974526955,0.004999260548581574,0.005602433373017135,0.09829660920373584,0.04664663406969005,-0.0024384600311240234
PN,2023,1,NE,Friuli Venezia Giulia,093,6.608095931563097,6.901469763700802,6.754782847631949,2644260.0,49.40531590894325,0.29425806235689944,9.978312063139779,1357313.0,62.392367024162354,39.57904436939455,0.26110325045984195,14.342781042569822,14.507693573866826,3.4,68.35150966219173,1.7435229737068698,11.494423714113987,0.06714907912811123,0.30037190579782375,59.84639993560001,18.9211146304271,0.17495112560494466,14.645884731497905,14.787901810973826,0.0025930571791530355,0.003502336270515549,0.0030476967248338482,0.08105565454703978,0.04349323724454912,0.0022936284845176402
PN,2024,1,NE,Friuli Venezia Giulia,093,6.607064582249635,6.902643057969421,6.7548538201095285,2684539.0,48.13453421087504,0.2773285039091833,10.045289275945185,1373369.0,61.86625513085023,39.60190701082673,0.2630391979675554,14.352490699316046,14.577531396238825,1.8,62.149585627319176,1.593562455426201,17.449632993661737,0.09880624932710019,0.4286112735824622,60.83101348185132,19.36297740111626,0.29758648907009877,14.657415865352217,14.80301957658427,-0.0010313493134619378,0.0011732942686188963,7.097247757936742e-05,0.06983782237199954,0.0669772128054067,0.015117765610442646
PO,2015,0,C,Toscana,100,7.454954300633946,7.7164145414831395,7.585684421058543,4570320.0,46.03271935995887,0.2557438779597369,9.732343509845691,2010921.0,37.633014413097875,28.397022157469824,0.09779943385232202,14.253485175775596,14.307685758791632,8.9,33.811447592212176,0.6413764492461436,40.54253804505284,0.08282196365179043,0.6595742480454757,69.28097573508322,40.364723315392524,0.2887777102155876,14.51600418716716,15.335093782300808,-0.02345445247386113,-0.04057489667414327,-0.03201467457400309,0.008971144354823934,0.00541571208817615,-0.008196159020794624
PO,2016,0,C,Toscana,100,7.425023567559682,7.678391266386169,7.551707416972926,4597232.0,45.14877822884859,0.22494474390707714,9.74730484688937,2015044.0,38.555742985396144,26.727411819157954,0.12498669980264572,14.262302861817256,14.324300731606446,7.9,33.662828131561554,0.6486528482989062,40.94256274622852,0.09106773847947108,0.6719803353386367,61.1212024813997,33.88599800355971,0.28530919572698693,14.571090137091868,15.340964941211237,-0.02993073307426375,-0.0380232750969709,-0.033977004085617324,0.016614972814814166,0.014961337043679634,0.005871158910428775
PO,2017,0,C,Toscana,100,7.370887347528953,7.622372831409736,7.4966300894693445,4615428.0,45.768940583026804,0.23082277950180324,9.7676368078999,2010850.0,40.82320021513161,28.092572480591237,0.13224939173591677,14.274589284506764,14.348991618246794,6.2,34.14564581619505,0.6572498931632308,40.32351183879258,0.09633516811155651,0.6643302479122508,65.73771156047809,37.633258506937956,0.29863239365587013,14.615952632066215,15.344915162680659,-0.054136220030729376,-0.05601843497643255,-0.05507732750358141,0.024690886640348353,0.020331961010528588,0.003950221469422033
PO,2018,0,C,Toscana,100,7.314499405162211,7.56069249821704,7.437595951689625,4180763.0,46.637262861822585,0.231331048466779,9.771673739494778,1820262.0,43.685586426501985,29.403360107093306,0.1495714651171893,14.290499049859632,14.371974526989854,6.7,33.91810236942228,0.6737128015356763,39.384154399213834,0.09378040983624276,0.6563488699213025,70.59398676572776,40.597019341451066,0.307265253290359,14.609780537731918,15.246004323728458,-0.05638794236674194,-0.0616803331926965,-0.059034137779719664,0.022982908743060193,0.004036931594878723,-0.09891083895220021
PO,2019,0,C,Toscana,100,7.254619268563831,7.5138389134233,7.384229090993565,3532445.0,46.4847707089806,0.2713152480396638,9.795092630334665,1533186.0,43.42628646503576,28.737145603667038,0.15646554480925493,14.298731536878893,14.390855927691584,6.2,31.688114291044318,0.5657088898986956,37.559750380484914,0.09069383638532169,0.5477788666354511,68.32042254129647,38.51536647479022,0.2761788244004421,14.631583527526258,15.077500823709773,-0.05988013659838032,-0.046853584793739245,-0.05336686069605978,0.018881400701729945,0.023418890839886686,-0.16850350001868541
PO,2020,1,C,Toscana,100,7.244372661155212,7.507384686048743,7.375878673601977,3540485.0,46.27329735720798,0.2387713488106023,9.806795016231721,1533186.0,51.09051103672406,33.13613083283066,0.19131724525134064,14.303013979455951,14.405554007743989,6.7,31.144819376018532,0.5451320585911421,32.02588369678583,0.09139361984864078,0.5370725295631372,26.22389897168815,8.843765040479784,0.15873431969883003,14.491113229758247,15.079774281375258,-0.010246607408618935,-0.006454227374557142,-0.008350417391588039,0.014698080052404805,0.011702385897056189,0.0022734576654848127
PO,2021,1,C,Toscana,100,7.2365807097461285,7.504593499894914,7.370587104820522,3660658.0,47.37494485513152,0.2861636134272045,9.77807448522438,1533186.0,37.823235760951256,30.260000977534755,0.08076326353406851,14.210150370913528,14.328341310116052,7.1,29.831577056316725,0.5225868628531788,34.12452125258543,0.1013615676036401,0.5781691200505725,38.92802947172799,11.763573210425816,0.21238486054540487,14.452257213884272,15.11315347063957,-0.007791951409083175,-0.0027911861538294502,-0.005291568781455425,-0.07721269762793703,-0.028720531007341066,0.033379189264312714
PO,2022,1,C,Toscana,100,7.2346178056517525,7.503981402877118,7.369299604264435,3557348.0,47.509470647361205,0.2650700070766048,9.825845849279599,1533186.0,48.02588246826706,31.359040667642393,0.17802354733811196,14.295695409344063,14.426637919319788,6.3,29.831577056316725,0.5326499431690322,34.12452125258543,0.1013615676036401,0.5891696268053751,58.76850787665019,26.954336698037274,0.29342087328356264,14.588913808049881,15.084525881399463,-0.00196290409437605,-0.000612097017795854,-0.0012875005560868402,0.09829660920373584,0.04777136405521887,-0.028627589240107554
PO,2023,1,C,Toscana,100,7.23286234406606,7.501378134392386,7.367120239229223,3573907.0,47.58211023047225,0.26033046513413105,9.87298469404652,1533186.0,49.84081529438693,32.561718673439096,0.1829198351109462,14.342781042569822,14.507693573866824,4.4,35.864175939861155,0.623650700678895,28.377845318915693,0.09228431550711505,0.5497501376333428,74.55591170352729,38.82128931201003,0.3469439851852058,14.645884731497906,15.089169953098262,-0.0017554615856925082,-0.002603268484731913,-0.0021793650352117666,0.08105565454703623,0.04713884476692165,0.0046440716987987685
PO,2024,1,C,Toscana,100,7.225689868754538,7.48883708077175,7.357263474763144,3584277.0,47.531672746003,0.2757701675806967,9.936682456470807,1533186.0,48.297215297828195,31.6405485628366,0.17667594061706346,14.352490699316045,14.577531396238825,2.5,36.2406064764521,0.6380871431617328,29.16038729414493,0.1065485497947726,0.5973637793250867,78.95933354227392,44.64158993293197,0.37390526872899593,14.657415865352215,15.092067338036827,-0.007172475311522319,-0.012541053620635623,-0.009856764466078971,0.06983782237200131,0.06369776242428671,0.002897384938565395
PR,2015,0,NE,Emilia Romagna,034,6.927972221673495,7.21206307783978,7.070017649756638,4193216.0,45.17727986968235,0.23894167032140842,9.868339447445472,2348963.0,78.51914213057427,51.78966815484996,0.36963916356783066,14.253485175775596,14.307685758791632,6.9,56.432817922159444,2.301392261957802,11.683834956963453,0.043796354971530775,0.3296327125403642,127.67844642561694,49.77918595580234,0.20962810815370064,14.51600418716716,15.248978539254887,-0.028524301554684328,-0.032103735421030066,-0.03031401848785631,0.008971144354822158,0.01453720719607432,0.014349039887262549
PR,2016,0,NE,Emilia Romagna,034,6.893344028156783,7.177967047178095,7.035655537667439,4268258.0,46.91869890567379,0.2718688824740246,9.890665537649244,2360928.0,86.30597811890924,47.22047458020283,0.5390823875145345,14.262302861817254,14.324300731606444,6.5,52.36825291406611,2.555809409483162,15.841399981783633,0.09373412405486804,0.5406423808610913,124.87497321526249,41.86735691031551,0.32013299762439507,14.57109013709187,15.266716339436181,-0.034628193516712535,-0.03409603066168465,-0.03436211208919904,0.01661497281481239,0.022326090203772964,0.017737800181294006
PR,2017,0,NE,Emilia Romagna,034,6.8391342844863265,7.125586715417974,6.98236049995215,4111994.0,45.39548356991194,0.2431123526920267,9.901498693244928,2253957.0,87.80442966833293,56.00989466460382,0.43966181168584473,14.274589284506764,14.348991618246792,5.2,55.325871360142,2.5300882465411143,13.759691596633258,0.17797996275591318,0.4245959359089521,121.46486665403259,39.09892575361691,0.25761329094304375,14.615952632066215,15.229418626972105,-0.054209743670456056,-0.052380331760121024,-0.053295037715288984,0.024690886640348353,0.010833155595683763,-0.03729771246407587
PR,2018,0,NE,Emilia Romagna,034,6.819825894086147,7.108170455103714,6.9639981745949315,4114972.0,45.80809694420328,0.2488636447009623,9.902730027504896,2237151.0,85.55912916576611,48.98415761555654,0.4817650838838144,14.290499049859632,14.371974526989852,4.799999999999999,55.59924622052646,2.62110337864541,13.96910185725674,0.18468765993086317,0.4609034099110208,132.32088287386932,43.9603771088048,0.2841441581343728,14.609780537731918,15.230142587695918,-0.019308390400179398,-0.0174162603142598,-0.018362325357218268,0.022982908743060193,0.001231334259967909,0.0007239607238123114
PR,2019,0,NE,Emilia Romagna,034,6.817479725956849,7.103839417486294,6.960659571721572,4170601.0,45.57860644980555,0.23634173735933547,9.931700524336625,2253957.0,85.46125642410223,50.08094775817917,0.48753964814552425,14.298731536878893,14.390855927691584,4.9,54.4835003478364,2.35789625406308,14.998134641054216,0.1848378706950412,0.4721909900425646,121.42920027570274,37.54772103192064,0.2838217102551632,14.631583527526258,15.243570708090257,-0.0023461681292982206,-0.0043310376174199305,-0.0033386028733595197,0.01888140070173172,0.02897049683172881,0.01342812039433916
PR,2020,1,NE,Emilia Romagna,034,6.814961981528838,7.105898028341162,6.960430004935,4204325.0,45.93455298187041,0.22835420416460775,9.946681176063185,2253957.0,111.20815730698658,57.80606502477733,0.7322689006489774,14.303013979455951,14.405554007743989,5.8,56.22551033897086,2.379728289981928,15.155430547267837,0.1889683965169696,0.47525748514365007,52.00079844432063,12.051360446626424,0.2064833710709147,14.491113229758247,15.251624315317278,-0.002517744428010893,0.002058610854867915,-0.00022956678657237717,0.014698080052404805,0.014980651726560268,0.008053607227020976
PR,2021,1,NE,Emilia Romagna,034,6.768565473598321,7.061666129679975,6.915115801639148,4133051.0,45.53090246303499,0.2245318350724371,9.93607975803236,2253957.0,86.83500093476715,57.03004046899322,0.409640564799883,14.210150370913528,14.328341310116052,5.8,53.22421655354344,2.1284843993694778,15.310495085245098,0.17972198863990133,0.4526972173469718,74.72743091037835,15.659866563108904,0.22258542121645813,14.452257213884272,15.23452643312255,-0.04639650793051686,-0.04423189866118715,-0.04531420329585156,-0.07721269762793703,-0.010601418030825371,-0.01709788219472763
PR,2022,1,NE,Emilia Romagna,034,6.772756695282832,7.063690646658723,6.918223670970779,4124466.0,45.21694193113748,0.2245251309839649,9.979148443682877,2253957.0,97.29863843688564,60.11718287389993,0.5106319249384645,14.295695409344063,14.426637919319788,5.4,53.87992978983962,2.179563799253429,15.362646993991925,0.18000616532487368,0.4414253632312647,104.47424336420477,29.331696578406792,0.2896882027111623,14.588913808049881,15.2324471148255,0.004191221684511248,0.002024516978748281,0.0031078693316306527,0.09829660920373584,0.04306868565051758,-0.0020793182970493262
PR,2023,1,NE,Emilia Romagna,034,6.795540825850373,7.086858533672607,6.94119967976149,4155965.0,48.628550905757784,0.2633690663352165,10.025366925293591,2253957.0,109.92677760947724,59.7477990951568,0.6857833198088346,14.342781042569822,14.507693573866824,4.0,51.730129375008374,1.9470385784068769,16.063053674146783,0.18473907897580136,0.444128522493697,109.52955673390765,33.4045353678466,0.3323067477259556,14.645884731497906,15.240055209606602,0.022784130567540473,0.023167887013883615,0.022976008790711155,0.08105565454703623,0.046218481610713624,0.007608094781101471
PR,2024,1,NE,Emilia Romagna,034,6.855811168903901,7.148928567384464,7.002369868144181,4550999.0,46.00157687813727,0.2382610638505664,10.087506550902845,2449112.0,102.80219678186508,57.88861566357451,0.6007232316851399,14.352490699316045,14.577531396238825,4.5,49.672019565667085,1.8730413289339947,18.535612796014657,0.19610478742213483,0.5068092128919451,111.64124163614804,34.06836638771402,0.3790859127703771,14.657415865352215,15.330857327266827,0.06027034305352785,0.06207003371185671,0.06117018838269139,0.06983782237200131,0.06213962560925346,0.09080211766022472
PT,2015,0,C,Toscana,047,7.269593940649433,7.44485275454069,7.3572233475950615,3027853.0,46.03271935995887,0.2557438779597369,9.692563705179232,1571484.0,42.7473147672377,31.771294883809382,0.1219820646667364,14.253485175775598,14.307685758791632,10.3,40.776696862239476,5.580179636451301,22.59018892670085,0.09040651238448345,0.5949156681411565,293.42488667973356,189.53298904752427,0.35604819091446216,14.51600418716716,14.923364345465398,-0.03849184226197977,-0.049757779727653606,-0.04412481099481713,0.008971144354822158,0.013588655802868388,-0.04424523819940873
PT,2016,0,C,Toscana,047,7.253825393341247,7.422449533645707,7.338137463493476,3021831.0,45.14877822884859,0.22494474390707714,9.706533452041265,1571484.0,41.421676587345424,31.12821293967817,0.11452975310066352,14.262302861817256,14.324300731606446,16.0,39.00765857670921,5.311451068617009,21.58000733084371,0.07917679788445754,0.538836424182705,287.84201344172675,188.78194427221783,0.3343958187318221,14.571090137091868,14.92137349702141,-0.015768547308186776,-0.02240322089498381,-0.019085884101585293,0.016614972814814166,0.013969746862033006,-0.0019908484439881136
PT,2017,0,C,Toscana,047,7.227401374590292,7.3916814759146146,7.309541425252453,3019965.0,45.768940583026804,0.23082277950180324,9.726792766644717,1571484.0,45.655252143337215,32.67301037740867,0.1449619807850445,14.274589284506764,14.348991618246794,11.7,37.93210266590561,5.611950623348727,20.740811265490787,0.08330405587035941,0.5456076709519956,301.46417382719454,196.97143815148075,0.3374134345223582,14.615952632066215,14.920755799879922,-0.026424018750955014,-0.030768057731092036,-0.02859603824102308,0.024690886640348353,0.020259314603451983,-0.0006176971414877386
PT,2018,0,C,Toscana,047,7.173173002298353,7.328389760552499,7.2507813814254245,3022364.0,46.637262861822585,0.23133104846677893,9.726989902258966,1571484.0,50.06420495353043,31.618560324681198,0.20707987178286538,14.29049904985963,14.37197452698985,7.9,38.83117836990955,5.592968355679245,21.101666166923945,0.08456209340604408,0.5446453521928667,322.4551095227919,210.083853158706,0.35719878937382016,14.609780537731918,14.92154986459439,-0.054228372291938776,-0.06329171536211575,-0.058760043827028596,0.02298290874305664,0.0001971356142487224,0.0007940647144675239
PT,2019,0,C,Toscana,047,7.1587163295490255,7.315344911374757,7.2370306204618915,3031899.0,46.4847707089806,0.2713152480396638,9.748242220654118,1571484.0,52.35726279113457,32.88356657953401,0.21908490383293583,14.298731536878893,14.390855927691584,8.5,36.664197868577574,5.330071368213001,22.197080699903175,0.0974280203512366,0.5653131599435072,315.3450945574445,207.05655748314376,0.3707796341476987,14.631583527526256,14.924699713843918,-0.014456672749327382,-0.01304484917774218,-0.013750760963533004,0.018881400701733497,0.021252318395152514,0.0031498492495281027
PT,2020,1,C,Toscana,047,7.114944322415463,7.286256142538927,7.200600232477195,3035216.0,46.27329735720798,0.2387713488106023,9.7635171732977,1571484.0,58.756466534075365,37.863693846594686,0.2356210952211712,14.303013979455951,14.40555400774399,8.6,35.79657608174415,4.751122297366971,21.820318004145147,0.09510889957549434,0.5532560306129165,69.35830207721897,19.623345159992557,0.22248572830622715,14.491113229758247,14.925793149630278,-0.043772007133562774,-0.02908876883582945,-0.03643038798469611,0.014698080052406581,0.015274952643581585,0.0010934357863607858
PT,2021,1,C,Toscana,047,7.079952720179652,7.272409680385076,7.176181200282363,3020290.0,47.37494485513152,0.2861636134272045,9.739804027708356,1571484.0,47.75362226247812,35.15906347406239,0.14296095214223628,14.210150370913528,14.328341310116054,9.8,33.36164105755861,4.333371104263797,22.09514424024502,0.10801519959394404,0.6058522961372603,115.62453581061189,38.70137313262964,0.31662097461878264,14.452257213884272,14.92086341123087,-0.034991602235810326,-0.013846462153851213,-0.024419032194832546,-0.07721269762793703,-0.02371314558934401,-0.0049297383994080235
PT,2022,1,C,Toscana,047,7.064518356572819,7.271731005325239,7.168124680949029,3012471.0,47.509470647361205,0.2650700070766048,9.784617807040073,1571484.0,53.192717492703835,36.14664509666111,0.19358545399893953,14.295695409344063,14.426637919319788,6.2,32.044993412236906,4.3537612142656545,21.597605575436354,0.10676673299986317,0.6057577910851953,218.24211935291868,113.67581517695706,0.37386985121949473,14.588913808049881,14.918271230178695,-0.015434363606833479,-0.0006786750598370972,-0.008056519333333512,0.09829660920373406,0.04481377933171693,-0.002592181052175846
PT,2023,1,C,Toscana,047,7.064964928798142,7.283624846363731,7.1742948875809365,3016261.0,47.58211023047225,0.26033046513413105,9.837743846373298,1571484.0,57.94007425313036,37.57984063374787,0.2315472984605748,14.342781042569822,14.507693573866822,7.1,31.554194059129635,4.372376806735785,23.415177534284357,0.1101705781451141,0.6420713036506878,291.12509288780365,178.02539405575155,0.42025873170551653,14.645884731497906,14.919528542827285,0.000446572225323294,0.011893841038491892,0.006170206631907149,0.08105565454703445,0.05312603933322535,0.001257312648590414
PT,2024,1,C,Toscana,047,7.049828598589851,7.282112641742973,7.165970620166413,3638172.0,47.531672746003004,0.2757701675806967,9.90764713301841,1896444.0,57.695073614604375,38.02875098443919,0.2244765548391565,14.352490699316045,14.577531396238824,6.5,33.12862178922554,4.4119571237952515,20.506062422980783,0.11647992718135061,0.641528414110952,295.3227219834601,189.1979214040865,0.4388573974954482,14.657415865352213,15.106991915667175,-0.015136330208290971,-0.001512204620757629,-0.008324267414523412,0.06983782237200131,0.06990328664511125,0.18746337283988979
PU,2015,0,C,Marche,041,7.097408839130486,7.415806960755906,7.256607899943195,3735580.0,45.33060119894768,0.23648236799355962,9.654603947203038,2052544.0,43.017190214008025,39.81641794054002,0.041606671206186746,14.253485175775598,14.307685758791633,11.6,32.04353971104263,8.883350827173006,6.7980803563373335,0.05130814925968932,0.3727100356872831,214.7434826859021,40.53415828789663,0.3074363642888364,14.51600418716716,15.133413652311088,-0.009540541744505582,-0.020785625785690875,-0.015163083765099117,0.008971144354823934,0.01672231168118543,0.02367577768447582
PU,2016,0,C,Marche,041,7.062795220118366,7.378707807356324,7.220751513737345,3598938.0,45.15627188138395,0.21333925258606373,9.674553600710105,1982892.0,43.47375707570787,39.16255925197263,0.05637638715752266,14.262302861817252,14.324300731606444,12.5,31.85471847504164,9.08674375585986,7.980982384848887,0.06054727626604821,0.43107659424682193,226.01209265256097,41.39648608044557,0.3557970010726871,14.57109013709187,15.09614935990528,-0.03461361901212001,-0.037099153399581475,-0.0358563862058503,0.016614972814810613,0.019949653507067566,-0.03726429240580842
PU,2017,0,C,Marche,041,7.071278926905704,7.387545302755143,7.2294121148304225,3563990.0,46.61070866858987,0.2540126102737809,9.70500742776549,1965444.0,49.49056669303703,39.29846926431757,0.1291149535759922,14.274589284506764,14.348991618246792,8.9,31.905828573319347,9.580509321989055,4.840922905462885,0.060959607997552484,0.43135516960748366,214.49648687837492,37.15130463537964,0.24803604908594762,14.615952632066215,15.08639126173276,0.008483706787338008,0.008837495398818618,0.008660601093077425,0.024690886640348353,0.030453827055385574,-0.009758098172518714
PU,2018,0,C,Marche,041,7.038092239385885,7.358155588353206,7.198123913869545,3619318.0,45.86446948728184,0.2641504477280837,9.704908114080961,2000434.0,56.17195447047902,39.54725358209598,0.217669758850778,14.290499049859632,14.37197452698985,8.0,27.789187624551538,11.36329541099875,11.771557517885116,0.6517258090480113,2.9518210897668875,245.58949517003114,44.56804578245375,0.5555415561775475,14.609780537731918,15.101796168262805,-0.03318668751981857,-0.02938971440193683,-0.031288200960877255,0.022982908743058417,-9.931368452953393e-05,0.015404906530044116
PU,2019,0,C,Marche,041,7.014155798867432,7.329667501407067,7.17191165013725,3616042.0,46.521314937064986,0.2414946890054381,9.732701157320156,2000434.0,52.750867015621004,40.94355630277729,0.15492790908336082,14.298731536878893,14.390855927691584,6.8,26.1126969503763,11.042005483226053,15.160762891107314,0.8419360203926929,3.5735065357784643,257.2586494939501,47.63390034847332,0.6450057024383867,14.631583527526258,15.100890615470998,-0.023936440518452784,-0.028488086946139468,-0.026212263732294794,0.018881400701733497,0.027793043239194404,-0.0009055527918064854
PU,2020,1,C,Marche,041,7.002615569929782,7.316187453773853,7.159401511851817,3669797.0,46.520653579871244,0.25688316965989294,9.751906981200705,2035260.0,55.19696126940885,45.59083207493617,0.12686004825516903,14.303013979455951,14.405554007743989,7.7,25.03951727042679,10.79391221439974,16.096087791604546,0.903571935505321,3.748147837649709,167.3128225583561,15.279971929266889,0.5778452329397318,14.491113229758245,15.115646905149415,-0.011540228937650276,-0.01348004763321331,-0.01251013828543357,0.014698080052404805,0.019205823880549033,0.014756289678416579
PU,2021,1,C,Marche,041,6.982557295812819,7.293427072701517,7.137992184257167,3641884.0,45.702439844863065,0.24212290400750114,9.733956203258922,2035260.0,52.36003840683736,39.818463990021776,0.16856817445891942,14.210150370913526,14.328341310116052,5.5,30.495977340091667,10.929539132069594,16.85090383396229,0.1425052794589024,1.1753513495586734,227.7031421619562,29.01085481352124,0.5262715283408114,14.452257213884273,15.108011688130928,-0.02005827411696348,-0.022760381072336244,-0.02140932759464942,-0.07721269762793703,-0.017950777941782903,-0.007635217018487239
PU,2022,1,C,Marche,041,6.958910189931228,7.2661510995028715,7.112530644717049,3631357.0,47.75755263598897,0.2743426155381647,9.784413121477984,2035260.0,56.49476194428499,39.23218557481637,0.2324612942032143,14.295695409344063,14.426637919319788,5.0,30.832004496771436,11.059098481012047,17.080006280972896,0.15253345044215416,1.2568329439708925,279.19570891303596,46.976383545163195,0.5754134828986658,14.588913808049883,15.10511696558541,-0.023647105881591024,-0.02727597319864561,-0.025461539540118316,0.09829660920373584,0.050456918219062175,-0.002894722545518036
PU,2023,1,C,Marche,041,6.927768522117572,7.233715448481101,7.080741985299337,3627891.0,47.276992635012206,0.26656745103836976,9.828780736573902,2035260.0,64.073734495826,40.94984782466701,0.31199799186369637,14.342781042569824,14.507693573866826,5.2,29.8718087399195,11.112472830543467,18.68931289682324,0.18183717962908738,1.428907657611589,277.5141848132269,50.046756612077154,0.6184607315852608,14.645884731497906,15.104162045664397,-0.031141667813655793,-0.03243565102177026,-0.03178865941771214,0.081055654547038,0.04436761509591847,-0.000954919921012376
PU,2024,1,C,Marche,041,6.939008722730202,7.238385270167823,7.088696996449012,3629562.0,47.41762470722174,0.26037142049121487,9.90256600832213,2035260.0,68.14088793359551,40.19203141922254,0.37651035206984457,14.352490699316046,14.577531396238825,3.6999999999999997,28.785400841915028,11.050341046401298,20.201835260239093,0.2548489378449129,1.794436767579598,279.0688468353074,53.46409559493335,0.6708622703215701,14.657415865352217,15.104622537803866,0.011240200612630424,0.004669821686722031,0.007955011149674895,0.06983782237199954,0.07378527174822835,0.00046049213946908196
PV,2015,0,NW,Lombardia,018,6.9468930864383545,7.11200056057054,7.029446823504447,3636881.0,43.84461982414903,0.21563350428413292,9.822690188350178,2148652.0,121.37612039951902,92.16813917478397,0.43327648773254196,14.253485175775598,14.307685758791633,7.599999999999999,63.09368284371543,0.8428107753478886,4.621675664873226,0.008398874533108062,0.05539799340987655,30.56504272782834,10.43433136574919,-0.3125953226178435,14.51600418716716,15.106637004159712,-0.0025058962871051804,-0.016305818378966386,-0.009405857333035783,0.008971144354823934,0.013708525991178888,0.013836453731629561
PV,2016,0,NW,Lombardia,018,6.948084888385532,7.121523170206163,7.034804029295847,3861303.0,44.08271754721849,0.23341147555427574,9.842490579090155,2272028.0,122.3835274066222,91.12501772177347,0.4637478610765684,14.262302861817254,14.324300731606444,6.9,61.01936610279649,0.9796079310783016,4.778263250636442,0.010717331561563027,0.06524924016823169,27.48876037787135,9.024834847264078,-0.2984089253853477,14.57109013709187,15.166515249245686,0.0011918019471774954,0.009522609635622459,0.005357205791399977,0.016614972814810613,0.019800390739977303,0.05987824508597406
PV,2017,0,NW,Lombardia,018,6.971049581812004,7.151985413185895,7.061517497498949,4195594.0,45.37435286638224,0.23551490523232008,9.855660323969529,2472059.0,124.76979182790875,93.88704834497939,0.45998890218405475,14.274589284506764,14.34899161824679,6.8,59.06107801896714,0.8701329294835899,6.934345731522799,0.017162558804638142,0.08907798797745634,45.8627601350014,12.309810078455245,-0.1824922813130192,14.615952632066215,15.249545484998967,0.022964693426471783,0.030462242979732324,0.026713468203102053,0.024690886640346577,0.013169744879373724,0.08303023575328083
PV,2018,0,NW,Lombardia,018,6.948259389586337,7.150056968692031,7.049158179139184,4395117.0,43.68811353971882,0.20085718399985136,9.854762198166558,2591349.0,128.8484566166002,95.22391461544629,0.49969526430419003,14.290499049859633,14.371974526989854,6.5,56.794554688445864,0.818640502953557,8.797022867084708,0.022681364482987534,0.11269524369394227,44.01346049655471,10.260689355410543,-0.1828935981679534,14.609780537731917,15.296004709907487,-0.022790192225667028,-0.001928444493864312,-0.012359318359765226,0.022982908743063746,-0.0008981258029709949,0.046459224908520724
PV,2019,0,NW,Lombardia,018,6.907325234020371,7.117908308535514,7.012616771277942,4800021.0,45.99210551342149,0.23324637851742677,9.877532383503327,2791823.0,137.98199938245853,93.21364614663514,0.6546571055008915,14.298731536878895,14.390855927691582,6.7,55.52213134150034,0.8490701795047513,9.58565042820985,0.028596644473836526,0.13047453597640668,30.38412640408528,8.812171323046782,-0.19316096197258084,14.631583527526258,15.38413085086855,-0.04093415556596547,-0.032148660156516407,-0.03654140786124138,0.018881400701728168,0.022770185336769444,0.0881261409610623
PV,2020,1,NW,Lombardia,018,6.894056756936019,7.099309441616912,6.996683099276465,4832278.0,46.01125869665263,0.23263852464841156,9.89802337103146,2821756.0,141.90028133133234,106.45480270045277,0.5198275551431836,14.303013979455951,14.405554007743989,5.599999999999999,54.555937726405624,0.8192845410091953,10.484423290579306,0.029394038707468033,0.1356334057012516,13.629057970397312,2.3858034778474497,-0.25577675587444393,14.491113229758247,15.390828550054405,-0.013268477084352526,-0.018598866918602575,-0.015933672001477106,0.014698080052406581,0.02049098752813272,0.006697699185854944
PV,2021,1,NW,Lombardia,018,6.879387620712513,7.091351548107884,6.985369584410199,4903254.0,46.8415531193339,0.24482076892343174,9.885497715110354,2894150.0,111.2448426849536,91.23948569046325,0.29462047586488715,14.210150370913528,14.328341310116052,7.0,54.44756752798679,0.8095347074904664,10.88490807591675,0.032113961616477116,0.14122351263408647,31.186642755468853,6.038137830477144,-0.17054402371759875,14.452257213884272,15.405409624308874,-0.014669136223505852,-0.007957893509027869,-0.011313514866266416,-0.07721269762793703,-0.012525655921105994,0.014581074254468973
PV,2022,1,NW,Lombardia,018,6.86985486135925,7.079572735508704,6.974713798433978,5017483.0,45.254954987427716,0.22273986513471955,9.927411505770852,2979610.0,132.66969265760824,95.82941155157846,0.5398814816333549,14.295695409344063,14.426637919319788,6.1,52.53549514785346,0.7971662124101737,13.928297492129575,0.03317721870081186,0.14055621144867014,35.70862292348399,9.046350295028237,-0.1281399276278326,14.588913808049881,15.428438971505386,-0.009532759353263032,-0.011778812599179567,-0.010655785976220855,0.09829660920373584,0.04191379066049805,0.023029347196512617
PV,2023,1,NW,Lombardia,018,6.873040987079898,7.085806128219864,6.979423557649881,5135301.0,45.19773075166449,0.2617128099481079,9.972745226890293,3033954.0,158.40003941087622,97.42429124326945,0.888652211573972,14.342781042569822,14.507693573866824,4.7,52.692277023324166,0.7389413347880985,16.84495728938787,0.039544656436962235,0.14252842091454412,40.24728314167068,11.599063842567393,-0.11488688055634934,14.645884731497906,15.451649016958902,0.0031861257206484694,0.006233392711159524,0.004709759215902665,0.08105565454703623,0.045333721119440895,0.02321004545351535
PV,2024,1,NW,Lombardia,018,6.88399594673409,7.09886244080034,6.991429193767215,5218050.0,45.676432074431325,0.2400482100673808,10.04476535628655,3061768.0,170.50092790107556,99.11325726484665,1.0633385034813643,14.352490699316046,14.577531396238825,3.5,47.064425049179206,0.7157011573818808,17.545111802197987,0.04676403744680848,0.19728474578804855,48.84187688151655,14.435453398860572,-0.06739410501839235,14.657415865352215,15.46763432684831,0.010954959654191576,0.013056312580475904,0.012005636117334184,0.06983782237200131,0.07202012939625746,0.01598530988940894
PZ,2015,0,S,Basilicata,076,6.471586036704624,6.685198647813986,6.578392342259305,2590537.0,46.63168317876509,0.2483885094789939,9.462984390209007,1239642.0,35.301718562083316,42.29770397597357,-0.10416423897038662,14.253485175775594,14.30768575879163,13.3,70.3872307912197,4.148977210675949,3.7998736473447314,0.02625905058080028,0.17672240217196902,131.79867575723782,17.36325364125519,0.026927851718157845,14.51600418716716,14.767375748091938,-0.003235635632694134,-0.0011453934731244786,-0.002190514552908418,0.008971144354820382,0.010961629536506479,-0.0031842251035190117
PZ,2016,0,S,Basilicata,076,6.464998475091201,6.678212816168612,6.571605645629906,2578409.0,46.276336978771525,0.23601647604460413,9.493032428979616,1239642.0,37.21992514409163,42.165816097923624,-0.07398892283680789,14.262302861817252,14.324300731606442,13.599999999999998,69.59116853364225,4.161225822310526,4.2825398132408194,0.02720594902649859,0.17768683333759608,134.4475388371149,19.85322711966183,0.027252908514160384,14.571090137091872,14.76268310001404,-0.006587561613422999,-0.006985831645374141,-0.006786696629399458,0.01661497281481239,0.030048038770608798,-0.004692648077897488
PZ,2017,0,S,Basilicata,076,6.46484594227318,6.677650676030804,6.571248309151992,2570769.0,47.01762484721495,0.2612005994994471,9.515167966103546,1239642.0,39.77905201195446,46.13357168770469,-0.09582456352945343,14.274589284506764,14.348991618246792,12.7,70.12559744185573,3.583652028365594,7.165461290558392,0.03258348411212647,2.1202684123570785,154.52093104860714,21.651077894820418,0.07772688908291224,14.615952632066215,14.759715633903374,-0.00015253281802074525,-0.0005621401378084201,-0.0003573364779141386,0.02469088664035013,0.022135537123929794,-0.00296746611066645
PZ,2018,0,S,Basilicata,076,6.476461574685989,6.693000788473742,6.584731181579865,2527008.0,47.773682538154155,0.2654855327138799,9.51776228125268,1219251.0,44.36720937686711,45.6891374029935,-0.01962469402391401,14.29049904985963,14.371974526989852,12.8,69.119647382923,3.7943430467435606,7.225002922439209,0.03927947997562065,2.272308458032909,181.23115920930624,28.031587187773354,0.10247169987039963,14.609780537731918,14.74254655217458,0.011615632412809163,0.015350112442938268,0.013482872427872827,0.022982908743060193,0.0025943151491336636,-0.0171690817287935
PZ,2019,0,S,Basilicata,076,6.462559479523901,6.6788148676122265,6.570687173568063,2509422.0,47.99680159807871,0.2632883312571777,9.543473347635974,1219251.0,37.26969654813256,47.280496547167836,-0.14986536476757836,14.298731536878893,14.390855927691584,10.9,66.85139562450101,3.693447097946867,9.265710227640733,0.045000973891458365,2.300571040634221,162.3715837289156,22.967215081425707,0.12645674095981094,14.631583527526258,14.73556300570525,-0.013902095162087846,-0.014185920861515378,-0.014044008011801168,0.01888140070173172,0.02571106638329468,-0.006983546469330193
PZ,2020,1,S,Basilicata,076,6.3238116486976015,6.560026940555362,6.441919294626482,2425108.0,48.797453117458126,0.29716807795979255,9.556989089379806,1151599.0,34.21743345416943,53.20827858235068,-0.2721744475181884,14.303013979455951,14.405554007743987,8.9,69.739626404918,1.737352708457913,7.324936159282125,0.02696553721176672,0.12027007594278817,36.466454298624306,1.7450362389900924,-0.06088788606004971,14.491113229758247,14.701386617444493,-0.1387478308262997,-0.11878792705686436,-0.1287678789415816,0.014698080052403029,0.013515741743832521,-0.03417638826075731
PZ,2021,1,S,Basilicata,076,6.286245928626435,6.5278383025297195,6.4070421155780775,2360102.0,49.58978711379051,0.28953089675960814,9.577566678965894,1119490.0,28.15610179067711,44.64202283915185,-0.23131165864495282,14.210150370913528,14.328341310116052,8.4,66.87633094086638,1.7530767892241814,7.8491556764068715,0.029612497714979764,0.13492178634670732,48.8025401935922,2.4825101463864416,-0.007895683502228296,14.452257213884272,14.674215396406805,-0.0375657200711661,-0.032188638025642646,-0.03487717904840437,-0.07721269762793526,0.020577589586087797,-0.027171221037688653
PZ,2022,1,S,Basilicata,076,6.268197150082753,6.530170707030223,6.3991839285564875,2344655.0,48.522388610639446,0.2668662550560881,9.62541733672965,1119490.0,35.413480093439944,45.9322258238545,-0.1484407290674333,14.295695409344063,14.426637919319788,7.0,67.0196972107037,1.7536275878517151,6.406857421505003,0.028050101624347727,0.12126296103041734,61.718236799058616,4.971136331930402,0.0005661966143649352,14.588913808049881,14.667648827503902,-0.018048778543682253,0.0023324045005033156,-0.007858187021589913,0.09829660920373584,0.04785065776375497,-0.0065665689029028584
PZ,2023,1,S,Basilicata,076,6.250551692091174,6.530056215360228,6.390303953725701,2326508.0,49.371303495691514,0.302887846807549,9.681069459256221,1116098.0,46.154094591157985,50.146279611056315,-0.05643419998653636,14.342781042569822,14.507693573866824,7.2,65.51977579018701,1.7632713010186594,6.24212120057093,0.034292126481937926,0.1356436338456353,79.15633135090577,7.649127233749337,0.08677520387403018,14.645884731497906,14.659878988902665,-0.017645457991578795,-0.00011449166999444316,-0.008879974830786175,0.08105565454703623,0.055652122526572256,-0.007769838601236145
PZ,2024,1,S,Basilicata,076,6.26816237478333,6.54676124003507,6.4074618074092005,2398858.0,49.24296632709095,0.2856070836028508,9.747856880155819,1155696.0,44.13457424362229,49.189912833314764,-0.06839039093255517,14.352490699316045,14.577531396238825,6.5,62.27566288402954,1.5877940251603306,8.306512168574336,0.04954260516686462,0.17839827430077126,55.51885894252642,6.538374635942099,0.08450721873234528,14.657415865352215,14.690503348740235,0.0176106826921556,0.016705024674841695,0.01715785368349909,0.06983782237200131,0.06678742089959755,0.03062435983756906
RA,2015,0,NE,Emilia Romagna,039,6.925888593087233,7.244495403972412,7.085191998529822,5098268.0,45.17727986968235,0.23894167032140842,9.757061180637898,3116752.0,42.446952457519025,32.73594542977097,0.10012385767590667,14.253485175775596,14.307685758791632,8.9,47.34179552457072,10.515796499850147,1.4196752798367196,0.021061640734970237,0.6042756050154322,301.8231926038343,42.73838730366769,0.09321429234485516,14.51600418716716,15.444411432171615,-0.013436499136649793,-0.01291125603103982,-0.013173877583844806,0.008971144354822158,0.019651163305059782,-0.0017087279291772006
RA,2016,0,NE,Emilia Romagna,039,6.909877597868726,7.225121319024126,7.0674994584464255,4762630.0,46.91869890567379,0.2718688824740246,9.775770362476756,2904638.0,47.30381464467262,32.41333409844967,0.15502730114925728,14.262302861817254,14.324300731606444,9.0,46.86302084924703,10.687105465764086,12.095088616681844,0.07154870657765919,0.8703623079504808,311.61810063091497,44.11936685310405,0.3227745740949705,14.57109013709187,15.376310594632475,-0.01601099521850724,-0.01937408494828574,-0.017692540083396935,0.01661497281481239,0.018709181838858058,-0.06810083753913965
RA,2017,0,NE,Emilia Romagna,039,6.8978178609388285,7.206447223334142,7.052132542136485,4699698.0,45.39548356991194,0.2431123526920267,9.788629077998856,2871430.0,50.95023516890795,34.3828819584512,0.173877362217516,14.274589284506764,14.348991618246792,7.2,51.1791438475695,10.664661018237833,12.44800768485831,0.1854925214608865,0.6587605452548346,348.9606118971337,50.31047142171661,0.39495178043540274,14.615952632066215,15.363008809296677,-0.012059736929897369,-0.018674095689983794,-0.015366916309940137,0.024690886640348353,0.012858715522099828,-0.0133017853357984
RA,2018,0,NE,Emilia Romagna,039,6.891862697010649,7.197543371596643,7.044703034303646,4700989.0,45.80809694420328,0.24886364470096237,9.787129536454849,2871430.0,53.99126471426653,33.506557415542794,0.21532518649775076,14.290499049859632,14.371974526989852,5.8,53.938497654358116,10.868744670310289,11.68788538729676,0.17880574209360883,0.8728067767426414,352.38380852083526,52.381409512106224,0.3796807927308504,14.609780537731918,15.363283470075855,-0.00595516392817963,-0.008903851737499302,-0.007429507832839022,0.022982908743060193,-0.0014995415440068882,0.0002746607791781486
RA,2019,0,NE,Emilia Romagna,039,6.893086879250748,7.197407329837655,7.045247104544202,4688517.0,45.57860644980555,0.23634173735933547,9.812735333791949,2871430.0,46.564039328301256,34.30803963677943,0.12966210497412395,14.298731536878893,14.390855927691584,4.6,53.24645304954765,10.870646686760688,11.36155566034969,0.18071264632235753,0.8548631212594607,353.9455838675174,52.98825923247239,0.35588576048825415,14.631583527526258,15.360626885728387,0.0012241822400991254,-0.00013604175898773718,0.0005440702405561382,0.01888140070173172,0.0256057973371,-0.0026565843474681827
RA,2020,1,NE,Emilia Romagna,039,6.892138627681642,7.196917585751091,7.044528106716366,4708070.0,45.93455298187041,0.22835420416460775,9.828215535910005,2888034.0,59.14326890562327,37.70027832940766,0.2272974626803593,14.303013979455951,14.405554007743989,6.9,51.38594683493668,10.22767633610596,11.577839961431357,0.19170911999502455,0.9080248257005802,204.71333977416592,16.554829212801767,0.2733410664871653,14.491113229758247,15.364788615561032,-0.0009482515691061622,-0.0004897440865638814,-0.000718997827836354,0.014698080052404805,0.015480202118055786,0.004161729832645733
RA,2021,1,NE,Emilia Romagna,039,6.884283615956661,7.191853701755864,7.038068658856262,4630540.0,45.530902463034984,0.2245318350724371,9.826814411052968,2857862.0,51.73505551214858,33.059495490190564,0.19879765151395026,14.210150370913528,14.328341310116052,6.2,48.9730683234096,10.942583169930238,11.460897479452992,0.2621992536842139,0.9566556597528428,276.2547852650623,31.2260018560276,0.2997018622803852,14.452257213884272,15.348184049931135,-0.007855011724981154,-0.005063883995227059,-0.006459447860104106,-0.07721269762793703,-0.0014011248570362511,-0.01660456562989765
RA,2022,1,NE,Emilia Romagna,039,6.88930007668165,7.194576960773629,7.041938518727639,4617365.0,45.21694193113748,0.2245251309839649,9.859331545919472,2857862.0,58.75142808909519,36.37800023874008,0.23791478018972512,14.295695409344063,14.426637919319788,5.5,49.43618252594577,11.060598151144656,11.661408730781599,0.2782392069590196,1.034900600308347,340.5089237323334,52.54545105879217,0.348282299902679,14.588913808049881,15.345334754028242,0.00501646072498918,0.002723259017765045,0.0038698598713766685,0.09829660920373584,0.032517134866504094,-0.0028492959028927345
RA,2023,1,NE,Emilia Romagna,039,6.897086689227816,7.202903436663102,7.049995062945459,4625867.0,48.628550905757784,0.2633690663352165,9.903288987057,2857862.0,64.24582526998492,36.39176264435444,0.2957802767512523,14.342781042569822,14.507693573866824,4.6,47.38004064178977,10.89068774379102,12.028436730376816,0.2708319199939848,1.0275611974944443,340.7268960548903,56.16568783708033,0.35290134014691676,14.645884731497906,15.347174370819793,0.007786612546166083,0.008326475889472995,0.008056544217819983,0.08105565454703623,0.0439574411375272,0.001839616791551535
RA,2024,1,NE,Emilia Romagna,039,6.913238300246795,7.2180610414748685,7.065649670860831,4812580.0,46.00157687813727,0.2382610638505664,9.976517258073239,2948378.0,60.27445390104349,36.06102388873034,0.2552049516637611,14.352490699316045,14.577531396238825,4.1,45.78277335141526,10.667790803063488,16.939567300899906,0.4698918416709319,1.797009127784867,349.95561257267906,62.140214159614075,0.4389084954241903,14.657415865352215,15.386743880816633,0.016151611018979217,0.015157604811766312,0.015654607915372765,0.06983782237200131,0.07322827101623908,0.039569509996839614
RC,2015,0,S,Calabria,080,6.278728034258389,6.639677649540544,6.459202841899467,4478184.0,42.751462869030554,0.2054545694469067,9.294451645648993,2665910.0,68.62988392344046,71.04966764186425,-0.0322397603958367,14.253485175775596,14.307685758791632,22.1,50.225853382026756,1.6432310953288713,4.7629962033022535,0.007695959830626413,0.052577026716202895,37.626438486315315,5.140594767969531,-0.2786891783039768,14.51600418716716,15.314728165068896,-0.005052094950178443,-0.009507935537797607,-0.007280015243987137,0.008971144354822158,0.003873940482636229,-0.019720596633785448
RC,2016,0,S,Calabria,080,6.261386937492166,6.620490805943592,6.440938871717879,4481419.0,43.155481118178585,0.21038429628459032,9.313214627257269,2697659.0,63.83732935806663,71.07811168329457,-0.09856769231708214,14.262302861817254,14.324300731606444,24.0,49.656408995294754,1.6255146449265665,4.497075252615618,0.008092413136801872,0.05263071082931681,37.55759975871514,5.287094873970546,-0.24842176632578755,14.57109013709187,15.315450295310733,-0.01734109676622353,-0.019186843596951775,-0.018263970181587652,0.01661497281481239,0.018762981608276164,0.0007221302418365383
RC,2017,0,S,Calabria,080,6.247641738443214,6.603338670852688,6.42549020464795,4464409.0,43.00485008658495,0.18994853240621576,9.32194710488502,2697659.0,68.82640051040977,77.23876571639815,-0.11512237332093797,14.274589284506764,14.348991618246792,22.2,51.21624780286255,1.6787180157489692,3.429354585673231,0.009684064022349989,0.06911585212703227,45.22105166914605,6.250039229196282,-0.1780462044833253,14.615952632066215,15.311647400710056,-0.013745199048951662,-0.017152135090904075,-0.0154486670699292,0.024690886640348353,0.008732477627750868,-0.0038028946006765096
RC,2018,0,S,Calabria,080,6.209866628760819,6.565096255822992,6.387481442291905,4334206.0,45.42228515551326,0.2375199124866162,9.324917950263323,2611511.0,66.12802160656372,75.1020134152409,-0.11397894400813945,14.290499049859632,14.371974526989852,19.8,54.7732966242004,1.8932862181299266,3.347431768246056,0.010159514679850419,0.07059283230007479,47.22597328775936,6.963501570041614,-0.16467344685822494,14.609780537731918,15.282048991097927,-0.037775109682394614,-0.038242415029696275,-0.038008762356045445,0.022982908743060193,0.0029708453783037214,-0.029598409612129117
RC,2019,0,S,Calabria,080,6.200677799651784,6.557965704266089,6.379321751958936,4310345.0,44.4773933981426,0.2252583066217108,9.344715101504528,2611511.0,62.81793791172206,79.53629630349342,-0.21367360447449796,14.298731536878893,14.390855927691584,18.9,54.59026494553979,1.8779129751806969,3.7937076848815567,0.011381064057849723,0.07719621898494791,59.97469519869778,9.137145394115171,-0.11205690281296353,14.631583527526258,15.276528505280101,-0.009188829109035623,-0.007130551556902454,-0.008159690332968594,0.01888140070173172,0.019797151241204958,-0.0055204858178257155
RC,2020,1,S,Calabria,080,6.159784715220459,6.514625694309665,6.337205204765062,4278266.0,45.653628154706794,0.24602440701783637,9.358012592771884,2611511.0,70.38396224524121,107.56271632968071,-0.4799068675635071,14.303013979455951,14.405554007743989,15.8,54.71313747637498,1.8956603698909664,5.565836247499889,0.01460575915440905,0.09731377283950923,19.370892640171263,1.3101197999371064,-0.18162968491353645,14.491113229758247,15.269058345279605,-0.04089308443132467,-0.04334000995642384,-0.042116547193874254,0.014698080052404805,0.013297491267355355,-0.007470160000496051
RC,2021,1,S,Calabria,080,6.214073484540356,6.568977938052353,6.391525711296356,4169631.0,44.95388301509355,0.24318755898125596,9.370219666003232,2565287.0,51.754876671723345,75.24140871769258,-0.2911657778380555,14.210150370913528,14.32834131011605,16.6,52.37452836192137,2.016056446945462,5.321018313212179,0.01428275448071377,0.0957203791602308,26.752471624230296,2.1189239503062836,-0.1413098586738351,14.452257213884272,15.24333810065095,0.054288769319897234,0.05435224374268799,0.054320506531293944,-0.07721269762793881,0.012207073231348176,-0.025720244628654854
RC,2022,1,S,Calabria,080,6.21902999506132,6.571770371867773,6.395400183464547,4166509.0,45.15376991209908,0.24151544040754444,9.411763841184287,2565287.0,63.24874877720814,74.45999652396645,-0.1390176597709858,14.295695409344063,14.426637919319788,14.0,50.04290897315678,1.9806205843291584,6.117862152516708,0.017885394657075015,0.11301090010784155,37.885185054461445,4.740765562585909,-0.05052419666848174,14.588913808049881,15.24258907288847,0.00495651052096413,0.0027924338154194928,0.0038744721681913674,0.09829660920373762,0.041544175181055465,-0.0007490277624810915
RC,2023,1,S,Calabria,080,6.2150480152918215,6.563789622239575,6.389418818765699,4145512.0,45.33379999713015,0.22038884074598827,9.472283059049508,2565287.0,69.08585770672015,80.31941452455185,-0.13962800893105143,14.342781042569822,14.507693573866824,15.9,52.828930499937314,1.6437753061194744,6.036928786845341,0.014818858024865844,0.10731595663874713,43.13801465372188,6.756970946624574,-0.07825139915797776,14.645884731497906,15.237536861239322,-0.003981979769498878,-0.007980749628197614,-0.005981364698848246,0.08105565454703623,0.0605192178652203,-0.005052211649147154
RC,2024,1,S,Calabria,080,6.219578301768461,6.568154508819858,6.393866405294159,4123741.0,45.36676449447268,0.250336525758639,9.539342078406378,2565287.0,70.99872451849734,85.78666143152745,-0.1853070144031827,14.352490699316046,14.577531396238825,10.7,48.76236776350139,1.9212452337140986,12.093770371060684,0.04498208778087791,0.3047445131014656,44.191087654782855,8.074235739121315,0.10599718308421807,14.657415865352217,15.232271319043008,0.004530286476639667,0.0043648865802827785,0.004447586528460334,0.06983782237200131,0.06705901935687031,-0.0052655421963141436
RE,2015,0,NE,Emilia Romagna,035,6.7208708094566,6.972632126781511,6.846751468119056,6266204.0,45.17727986968235,0.2389416703214084,9.857005441821883,3067547.0,90.89489664713184,74.1049413936293,0.20726190970581107,14.253485175775598,14.307685758791632,5.4,65.27539812242259,0.9143004731443011,4.889319537933098,0.014570935132539795,0.05417800507519789,27.634384779425393,8.102207414466529,-0.22532789183392218,14.516004187167159,15.650681306619282,-0.0068133740932028175,-0.003843963878071399,-0.00532866898563622,0.008971144354822158,0.020482520203470855,-0.0021328283465518183
RE,2016,0,NE,Emilia Romagna,035,6.717194111044895,6.9811206898312035,6.84915740043805,6291355.0,46.91869890567379,0.2718688824740246,9.876069924036363,3072787.0,96.24031473196997,71.93648683479775,0.30119708928638333,14.262302861817256,14.324300731606446,4.7,63.92373201344998,0.8990745342759883,4.891965903247359,0.017213326834544036,0.05902890546139382,30.34184401802927,8.36902144600133,-0.19749379664540107,14.571090137091868,15.654687026780442,-0.003676698411704926,0.008488563049692921,0.0024059323189939974,0.016614972814814166,0.019064482214480094,0.004005720161160298
RE,2017,0,NE,Emilia Romagna,035,6.711721996132901,6.985558277489757,6.848640136811329,6295374.0,45.39548356991194,0.2431123526920267,9.893288732348646,3072787.0,94.74698480998737,74.49564323653757,0.25139687571679237,14.274589284506764,14.348991618246794,4.9,62.09897106786243,0.8798319097049614,6.783268074761262,0.018231212669268533,0.06868218579020845,43.68325996842152,12.920276959425602,-0.11347070668151407,14.615952632066215,15.655325635927678,-0.005472114911993842,0.004437587658553177,-0.0005172636267207764,0.024690886640348353,0.01721880831228262,0.0006386091472361244
RE,2018,0,NE,Emilia Romagna,035,6.710068095845487,6.984838042174637,6.847453069010062,6345767.0,45.80809694420328,0.24886364470096234,9.898867205166768,3093416.0,100.0699320872575,71.22469293751129,0.3571048855415125,14.290499049859632,14.371974526989852,4.2,60.097636459266134,0.8710136011449828,9.267282918501282,0.01976795864109439,0.0835881289459177,47.13937889786793,14.856906281507161,-0.08868477062810971,14.609780537731918,15.663298534409627,-0.0016539002874145226,-0.0007202353151196661,-0.0011870678012666502,0.022982908743058417,0.005578472818122293,0.007972898481948931
RE,2019,0,NE,Emilia Romagna,035,6.709866651778695,6.984129610493575,6.846998131136135,6355756.0,45.57860644980555,0.2363417373593355,9.923613370518304,3093416.0,101.66693453294779,73.26223311093963,0.350432366033473,14.298731536878892,14.390855927691582,4.0,62.73915833475962,0.9197587269127457,10.121629674710798,0.022202392355002584,0.09402622877101162,47.467452937259985,16.07695044724065,-0.09715339673103206,14.631583527526258,15.664871416978018,-0.0002014440667919004,-0.0007084316810619384,-0.0004549378739273635,0.018881400701729945,0.02474616535153551,0.0015728825683911651
RE,2020,1,NE,Emilia Romagna,035,6.710507229153867,6.9833729811923595,6.846940105173114,6356417.0,45.93455298187041,0.22835420416460775,9.940690972480713,3093416.0,109.25905286605189,81.32626273699911,0.34410432511754907,14.303013979455951,14.40555400774399,4.8,63.07611785322252,0.9153819194714065,10.418767378884448,0.021637721023798392,0.09363499772489965,21.732298278590605,4.350769603970276,-0.14875155978755877,14.491113229758245,15.664975411786868,0.0006405773751723132,-0.0007566293012155612,-5.8025963021179905e-05,0.014698080052408358,0.01707760196240926,0.00010399480884970558
RE,2021,1,NE,Emilia Romagna,035,6.696373313969561,6.981279099868267,6.838826206918914,6390199.0,45.530902463034984,0.22453183507243707,9.930178232763234,3124148.0,88.33860352258468,75.5863657472862,0.15972819724264772,14.210150370913528,14.32834131011605,5.1,62.50652852301041,0.9166403581789676,11.308024628451378,0.023396028456640773,0.10211271098923043,31.06499333193176,6.837260251944331,-0.11497778061442623,14.452257213884273,15.670275968278819,-0.01413391518430629,-0.0020938813240922727,-0.008113898254199725,-0.07721269762794059,-0.01051273971747868,0.005300556491951269
RE,2022,1,NE,Emilia Romagna,035,6.694522503789582,6.997225983563672,6.845874243676627,6399190.0,45.21694193113748,0.22452513098396493,9.976214982939272,3137986.0,93.74799950485401,77.32521975779869,0.207365853174884,14.295695409344063,14.426637919319788,4.4,61.37235685855485,0.9290062243866503,11.297197330353017,0.02704279093146469,0.1115177406279274,42.873666577152925,10.773327452709074,-0.0601486680517624,14.588913808049881,15.67168197782019,-0.0018508101799792342,0.015946883695404424,0.007048036757712595,0.09829660920373762,0.0460367501760377,0.001406009541371489
RE,2023,1,NE,Emilia Romagna,035,6.697479170822362,7.0162064041106555,6.856842787466508,6425096.0,48.628550905757784,0.2633690663352165,10.02225130196073,3142224.0,116.00300337347079,73.35179189367877,0.5372418195635961,14.342781042569822,14.507693573866824,5.0,62.85896204683358,0.9147887911728667,10.725631696338343,0.02784229638401035,0.11514352207327327,47.477912068284745,14.105953996785953,-0.03158751228092057,14.645884731497906,15.675722130268174,0.0029566670327803024,0.0189804205469839,0.010968543789881657,0.08105565454703623,0.04603631902145899,0.004040152447982948
RE,2024,1,NE,Emilia Romagna,035,6.714664683130271,7.043581434771982,6.8791230589511265,7361579.0,46.00157687813727,0.2382610638505664,10.084708616144836,3586475.0,113.88434746673921,69.63379348093036,0.5536940213649307,14.352490699316045,14.577531396238825,3.5,60.964222976838606,0.9522432178800443,13.236701756968108,0.040520419200606485,0.14957424297492425,52.67245568652657,17.301284766875696,0.05068031544198612,14.657415865352213,15.811785005738543,0.017185512307909434,0.027375030661326072,0.022280271484618197,0.06983782237200131,0.06245731418410472,0.136062875470369
RG,2015,0,I,Sicilia,088,6.437410654413461,6.815457087644891,6.6264338710291755,3348109.0,42.62135095403836,0.2032806754613541,9.243399567554771,2217608.0,16.593329876887676,11.199368698280404,0.04050441903020343,14.253485175775596,14.307685758791632,19.5,43.56578792473651,2.8795540074031445,6.8109901806148265,0.1357899599149984,0.42092870908783053,52.0280499260858,18.02264773117889,0.2586727193173014,14.51600418716716,15.023906266811842,-0.02595994003059232,-0.023093272884548988,-0.02452660645757021,0.008971144354822158,0.008295414682851998,-0.0005703086151136461
RG,2016,0,I,Sicilia,088,6.415555027887205,6.792475351820324,6.604015189853764,3350778.0,42.747203911163126,0.20844158497539705,9.254128948794678,2217608.0,20.210685053485975,12.086488691245194,0.06054842752361148,14.262302861817254,14.324300731606444,19.4,47.23188176533347,3.052546903525735,9.089966126457101,0.07250859320693841,0.4920998760058475,58.687078081978306,18.061945544507484,0.2500677463613046,14.57109013709187,15.024703115643963,-0.021855626526256167,-0.022981735824567195,-0.022418681175411237,0.01661497281481239,0.010729381239906743,0.0007968488321203893
RG,2017,0,I,Sicilia,088,6.407086035593296,6.784909188088337,6.595997611840816,3352588.0,42.69233994157196,0.20769644867492132,9.276301808472105,2217608.0,19.69242421399278,13.486870200175126,0.046212360277533136,14.274589284506764,14.348991618246794,18.8,46.745865366800324,3.1431650568738445,11.479976076295745,0.09558550453148239,0.6270892998465225,74.18931772805908,23.50611952720665,0.3411139947278998,14.615952632066215,15.02524314286133,-0.008468992293908961,-0.007566163731986819,-0.008017578012948334,0.02469088664035013,0.022172859677427326,0.0005400272173670118
RG,2018,0,I,Sicilia,088,6.39652394264037,6.776425015060133,6.586474478850251,3344382.0,43.77377781654883,0.21846025858873336,9.279757210230802,2217608.0,19.496329327318023,14.466146485245451,0.03762527520487136,14.290499049859632,14.371974526989852,18.7,46.507829889164185,3.1505641036184313,11.378978511126894,0.09558550453148239,0.6287696253566095,82.20961421939286,27.35216811600417,0.3294808066725764,14.609780537731917,15.022792481112232,-0.01056209295292554,-0.008484173028203479,-0.009523132990564953,0.022982908743058417,0.003455401758696297,-0.0024506617490978044
RG,2019,0,I,Sicilia,088,6.396065695723932,6.7757835956502435,6.585924645687086,3332768.0,43.338953058870395,0.23105349728161417,9.304065299880762,2217608.0,19.586071947306667,15.168085828036675,0.0330557373222457,14.298731536878893,14.390855927691584,16.5,46.507829889164185,3.1620769950743006,11.378978511126894,0.09558550453148239,0.6308305502890813,82.50934294656369,25.333300454927336,0.35178660289098224,14.631583527526258,15.019313747906503,-0.00045824691643847615,-0.0006414194098898207,-0.0005498331631645925,0.01888140070173172,0.024308089649959896,-0.003478733205728446
RG,2020,1,I,Sicilia,088,6.398030327191949,6.778178685472916,6.588104506332433,3335043.0,43.756105358146336,0.21987776925390745,9.327261889845813,2217608.0,21.188666198601794,18.13889586942731,0.02283440546113724,14.30301397945595,14.405554007743989,14.3,44.775385652317894,3.2094975256160607,15.56568527493247,0.13530420225012815,1.1861142231628705,42.9806135752803,5.823418839993686,0.31441428320227927,14.491113229758247,15.019996130801964,0.001964631468017508,0.00239508982267278,0.0021798606453469205,0.014698080052404805,0.023196589965051473,0.0006823828954605204
RG,2021,1,I,Sicilia,088,6.3598704231562015,6.7365572008902035,6.548213812023202,3331457.0,43.97324815956592,0.23138952884351688,9.332442758121708,2217608.0,18.661053836043408,16.22416339164894,0.01839782677915369,14.210150370913528,14.328341310116052,15.0,44.775385652317894,3.1982956019463993,15.56568527493247,0.13530420225012815,1.1819898883656512,58.71721901293059,9.820571655261082,0.35208694031287313,14.452257213884272,15.018920303802528,-0.03815990403574787,-0.04162148458271275,-0.0398906943092312,-0.07721269762793703,0.005180868275894923,-0.0010758269994362024
RG,2022,1,I,Sicilia,088,6.368169364926247,6.747304278768149,6.5577368218471985,3344397.0,44.89178061665652,0.2338871942068911,9.383188500774589,2217608.0,23.29826563039592,16.180740514025505,0.0533849361739146,14.295695409344063,14.426637919319788,9.9,44.775385652317894,3.1869940644554084,15.56568527493247,0.13530420225012815,1.1773330331048586,82.00755438102529,23.20338562241592,0.4191007964538687,14.588913808049881,15.02279696623575,0.008298941770045865,0.010747077877945266,0.009523009823996453,0.09829660920373584,0.050745742652880566,0.0038766624332229327
RG,2023,1,I,Sicilia,088,6.373711322080683,6.743664927929566,6.5586881250051245,3361854.0,44.19654162221639,0.23024327249487972,9.448891038943906,2217608.0,29.4128157041291,18.690484754481357,0.0802712193541341,14.342781042569822,14.507693573866824,9.5,45.16617534269367,3.401390805345596,14.921848054546297,0.15363470139622928,1.0527820787306936,92.43874430591703,29.128222177262938,0.46750367949113747,14.645884731497906,15.028003165475912,0.005541957154435728,-0.0036393508385828,0.00095130315792602,0.08105565454703623,0.06570253816931704,0.005206199240161524
RG,2024,1,I,Sicilia,088,6.367423549973585,6.723395264758214,6.5454094073658995,3375698.0,44.61438488891595,0.24075714711733945,9.522532322518222,2217608.0,31.554610842697272,20.210927957474457,0.08524105467519293,14.352490699316045,14.577531396238827,5.700000000000001,43.01924600991252,2.638416647968962,16.824328988719373,0.12736159046865256,0.8909723521785698,94.76254828124235,32.24690461045385,0.45221861507817346,14.657415865352215,15.032112675720347,-0.006287772107097744,-0.02026966317135237,-0.013278717639225057,0.06983782237200309,0.07364128357431632,0.004109510244434844
RI,2015,0,C,Lazio,057,7.16744993911309,7.443190383684351,7.30532016139872,678578.0,42.64955373004006,0.1857231559997277,9.747466391278097,392524.0,26.367800416745567,23.854919371072924,0.0321791010973025,14.253485175775596,14.307685758791632,12.4,39.84242852061935,1.213976796177268,4.335976048584104,0.011965064347807293,0.09571904001127442,28.07107555400399,4.173800229149591,-0.1163679583080878,14.51600418716716,13.427754711119146,-0.006170770540336434,0.003050961531013918,-0.0015599045046617022,0.008971144354822158,0.013630343564642544,-0.03955914652735615
RI,2016,0,C,Lazio,057,7.109296201207942,7.4049166706631135,7.257106435935528,678597.0,44.20450969616019,0.21527117827297085,9.746121529186633,392524.0,25.499380936443153,22.551778078536934,0.037723078888023905,14.262302861817254,14.324300731606444,12.0,38.05191886063464,1.1758209668219703,4.271834869616286,0.011965064347807293,0.09570588914894305,27.541640797616513,3.9806999837802186,-0.11962924351031488,14.57109013709187,13.427782710456006,-0.05815373790514755,-0.03827371302123783,-0.04821372546319225,0.01661497281481239,-0.0013448620914644493,2.799933685970757e-05
RI,2017,0,C,Lazio,057,6.908766602099588,7.226164691937876,7.067465647018732,678776.0,43.88151360277541,0.22234201292344857,9.755865875799042,392524.0,26.13639358261624,23.975064603460243,0.02767440800818904,14.274589284506764,14.348991618246792,11.8,37.97299863284216,1.1665885113601693,4.2788442319531175,0.011965064347807293,0.09579768212799493,34.552179252886134,3.6715809791980125,-0.1076137686610342,14.615952632066215,13.428046455205662,-0.20052959910835444,-0.17875197872523785,-0.1896407889167957,0.024690886640348353,0.009744346612409416,0.00026374474965606964
RI,2018,0,C,Lazio,057,6.8372402012240645,7.1631437846597725,7.000191992941918,745638.0,43.63072779288965,0.2274396766256218,9.749179874751292,430701.0,27.170059268919317,23.146800492560107,0.051478375370730786,14.290499049859632,14.371974526989852,10.8,36.53118482376147,1.1304590286380083,4.365707038623648,0.01731413608548851,0.10098783442341405,36.60384281643967,4.597025633631547,-0.09928010985437595,14.609780537731918,13.52199550672005,-0.07152640087552342,-0.06302090727810317,-0.06727365407681418,0.022982908743060193,-0.006686001047750523,0.0939490515143877
RI,2019,0,C,Lazio,057,6.822725477806217,7.145364351639674,6.984044914722945,741937.0,46.418143833833085,0.23533623628905836,9.7740357909166,430701.0,24.446224240439175,23.704636424437275,0.009500237972231896,14.298731536878893,14.390855927691584,10.3,34.8734080953926,1.135844256064573,3.6783941182721023,0.02033930549497544,0.10449749017077892,31.08504447787016,4.552894502305605,0.0017849302662478542,14.631583527526258,13.51701961288445,-0.014514723417847541,-0.017779433020098878,-0.016147078218972766,0.01888140070173172,0.02485591616530769,-0.0049758938355992655
RI,2020,1,C,Lazio,057,6.800991631528782,7.133945284609281,6.967468458069031,736893.0,45.115072570893176,0.22268050659775904,9.789665921537429,430701.0,28.365699915927408,26.580200045250425,0.023098209221815456,14.303013979455951,14.405554007743989,7.0,37.85317952257148,1.4978102642514757,3.6144003002062743,0.027176881164146183,0.11593252979049593,16.40971351444686,1.3784243436704597,-0.062245719423711314,14.491113229758247,13.510197977456343,-0.02173384627743502,-0.01141906703039286,-0.016576456653914384,0.014698080052404805,0.01563013062082952,-0.006821635428106987
RI,2021,1,C,Lazio,057,6.702729022482662,7.0825158543055755,6.892622438394119,735284.0,45.817300418952705,0.2316467145538048,9.774658813759885,434225.0,28.878248226775703,23.489093515275624,0.07128742059409654,14.210150370913528,14.328341310116052,10.4,37.12875775172984,1.4900805817429987,3.839746651145188,0.02853931897061402,0.12115537474289276,18.024583297853173,1.6761159419141862,-0.1670503764550117,14.452257213884272,13.508012098121643,-0.09826260904612028,-0.05142943030370528,-0.07484601967491233,-0.07721269762793703,-0.015007107777543993,-0.002185879334700047
RI,2022,1,C,Lazio,057,6.706784504453754,7.070325212999201,6.8885548587264775,745310.0,45.02707470708941,0.22682827438948816,9.810567089890098,441456.0,35.43730613224718,27.509112898068413,0.10413451239086545,14.295695409344063,14.426637919319788,10.1,36.32302722409639,1.457222523605919,5.202269212336198,0.030073563370442122,0.13851975959395615,27.500658497319815,4.806261835394648,-0.06146650025440899,14.588913808049881,13.521555518195578,0.004055481971092512,-0.012190641306374594,-0.004067579667641041,0.09829660920373584,0.03590827613021297,0.013543420073935053
RI,2023,1,C,Lazio,057,6.715952278117804,7.080038240524121,6.897995259320962,743394.0,46.020427026167695,0.24969668949351864,9.86198729690197,441456.0,35.691314998024836,28.08778859722827,0.09995371361451444,14.342781042569822,14.507693573866824,8.3,37.512049754927,1.4311080894714818,5.5975268769640705,0.02749941723616608,0.13563426283217073,26.94504603053259,4.420542801657876,0.029690094010293062,14.645884731497906,13.518981465787698,0.00916777366404986,0.00971302752491976,0.009440400594484366,0.08105565454703623,0.051420207011872776,-0.00257405240787989
RI,2024,1,C,Lazio,057,6.6797299385088476,7.047843118719271,6.863786528614059,865282.0,46.764860828854154,0.24908675365456814,9.943073207258339,516707.0,37.777165719598074,28.236550773414972,0.1263807204141953,14.352490699316045,14.577531396238825,7.2,32.737387327699494,1.6553360076675017,11.097646866935118,0.11515242575031437,0.3683761075998149,27.27159927643201,4.499101048269893,0.23070652073002157,14.657415865352215,13.670810744344488,-0.03622233960895649,-0.032195121804849514,-0.03420873070690256,0.06983782237200131,0.08108591035636792,0.1518292785567894
RM,2015,0,C,Lazio,058,7.205712064155924,7.568025319387408,7.386868691771666,48076486.0,42.64955373004006,0.18572315599972763,9.729491112510983,25090436.0,443.90468249736415,247.29675837167937,1.9735762731663984,14.253485175775598,14.307685758791633,10.699999999999998,49.74907463439292,1.5397253058768672,6.61096847131745,0.028821940200897175,0.15290894859379156,61.53117977922806,32.732564246872016,-0.016273578330679214,14.51600418716716,17.688303758997815,-0.05954032697110456,-0.06599414646405766,-0.06276723671757978,0.008971144354822158,-0.0004181853096429933,0.003670556767421118
RM,2016,0,C,Lazio,058,7.165614736203889,7.52504416646295,7.345329451333419,45578374.0,44.20450969616019,0.21527117827297082,9.731545855184464,23681218.0,423.5719918611897,258.46079344468217,1.6625128041422759,14.262302861817254,14.324300731606444,9.8,48.06637569204633,1.5599295155200814,7.398366654854573,0.0339141032215716,0.1742105986364422,62.88873820828199,33.56124269319787,0.0031148336304448613,14.57109013709187,17.63494390760447,-0.04009732795203558,-0.042981152924457255,-0.041539240438247305,0.016614972814810613,0.002054742673481158,-0.053359851393345537
RM,2017,0,C,Lazio,058,7.13510604437251,7.4913660321799185,7.313236038276215,45797981.0,43.88151360277541,0.22234201292344857,9.742395142624177,23681218.0,421.10638595985364,273.1031825999148,1.4890794557579061,14.274589284506765,14.348991618246792,9.5,47.46400844817156,1.5547849732914305,7.766431434177055,0.03886615503964636,0.18901592499769274,65.95782677556276,34.193825978341245,0.061514847620346466,14.615952632066215,17.6397505651433,-0.030508691831379053,-0.0336781342830319,-0.032093413057204145,0.024690886640348353,0.010849287439713251,0.004806657538829029
RM,2018,0,C,Lazio,058,7.109088526394086,7.463801611056686,7.286445068725387,45873877.0,43.63072779288965,0.2274396766256218,9.74045183131817,23681218.0,389.281596705931,263.84535063736786,1.2670622818105568,14.290499049859632,14.371974526989852,9.8,46.743949083815124,1.590697947627977,7.750366264903095,0.04496981406836167,0.20089502144961935,69.11390134299613,35.2699269442303,0.06667541000282276,14.609780537731917,17.641406384475346,-0.02601751797842322,-0.027564421123232208,-0.02679096955082816,0.022982908743060193,-0.0019433113060074447,0.0016558193320470593
RM,2019,0,C,Lazio,058,7.070243503525566,7.444402580084647,7.2573230418051065,45908463.0,46.418143833833085,0.23533623628905836,9.75645835935786,23664833.0,374.66894777172257,266.3668844528954,1.0572203991257185,14.298731536878895,14.390855927691584,9.1,46.01139597094442,1.6154968347388152,7.21121095841283,0.04916556289511781,0.21582751572641792,72.30481073971787,37.33800128933456,0.08564054112351836,14.631583527526256,17.642160037120007,-0.03884502286852065,-0.0193990309720391,-0.02912202692028032,0.01888140070173172,0.016006528039689272,0.0007536526446614289
RM,2020,1,C,Lazio,058,7.045048575644526,7.423791879874472,7.234420227759499,45803866.0,45.115072570893176,0.22268050659775904,9.763773541694604,23688532.0,407.8983253387088,285.80917712658965,1.1955244375613296,14.30301397945595,14.405554007743989,9.0,45.298150209689794,1.628812237085619,7.499995415303206,0.0563966432860764,0.22974643798117658,22.199041071011873,4.90950634317377,-0.029196773974809187,14.491113229758247,17.6398790560024,-0.025194927881039497,-0.02061070021017475,-0.022902814045607123,0.014698080052404805,0.007315182336744996,-0.002280981117607439
RM,2021,1,C,Lazio,058,7.037764491785602,7.416936403336301,7.227350447560951,45398857.0,45.817300418952705,0.2316467145538048,9.743818134214202,23688532.0,320.24494333615706,253.7625963683943,0.6531029686122087,14.210150370913528,14.328341310116052,9.8,44.505993593037054,1.6233917184350801,7.516518698739649,0.05893370284322294,0.23730137382368172,25.172056925366604,4.784831534652383,-0.016538713704900534,14.452257213884272,17.630997486483196,-0.007284083858924539,-0.006855476538171423,-0.007069780198547981,-0.07721269762793703,-0.019955407480402698,-0.008881569519203936
RM,2022,1,C,Lazio,058,7.03568093499128,7.4113891925408755,7.223535063766078,45161022.0,45.02707470708941,0.22682827438948816,9.791140057430685,23688532.0,359.2649574896562,260.82252527400453,0.9613668833974056,14.295695409344063,14.426637919319788,7.5,44.50334315940869,1.6244173872600067,7.707208950552544,0.06225256979244261,0.24525221366612124,44.32147854855762,15.725805793692501,0.047003601791102995,14.588913808049881,17.625744927636255,-0.002083556794321595,-0.005547210795425528,-0.0038153837948735614,0.09829660920373584,0.047321923216482986,-0.005252558846940758
RM,2023,1,C,Lazio,058,7.0358081506804035,7.414779219710328,7.225293685195366,45264714.0,46.020427026167695,0.24969668949351864,9.844177266062076,23688532.0,421.50466788301554,259.03060688945027,1.5875363771379678,14.34278104256982,14.507693573866826,6.5,46.951365909723286,1.6045576128800394,8.186931121998356,0.062008854137807365,0.24086161568991873,57.86618378972802,25.86468577418056,0.10550299573976565,14.645884731497906,17.628038346524207,0.00012721568912343884,0.003390027169452914,0.0017586214292881763,0.081055654547038,0.05303720863139105,0.002293418887951759
RM,2024,1,C,Lazio,058,7.036052022197279,7.415320331357905,7.225686176777593,45227238.0,46.764860828854154,0.24908675365456814,9.908521832144627,23688532.0,426.18362523536234,268.8124622286836,1.537729739672824,14.352490699316043,14.577531396238825,5.900000000000001,42.33421341637256,1.9780950957958128,9.85380221627235,0.12390811812096951,0.4348672583416942,59.81181082165983,28.397410360919192,0.24112870842505335,14.657415865352215,17.62721007392506,0.00024387151687577102,0.000541111647576642,0.0003924915822270947,0.06983782237199954,0.06434456608255168,-0.0008282725991470841
RN,2015,0,NE,Emilia Romagna,099,7.414417707557863,7.7545284459172406,7.5844730767375514,3710639.0,45.187501291633374,0.23877771683288518,9.64919850341725,2083641.0,55.257498396950915,41.44808021528035,0.178421277756909,14.253485175775596,14.307685758791632,9.5,56.770672893341356,26.617435192559274,11.267903455728362,0.08637827643732478,1.3023156214945568,585.5621830900941,104.39518360664358,0.5926859039103459,14.51600418716716,15.126714656949261,-0.004431460584059188,-0.00708922232054654,-0.005760341452304196,0.008971144354822158,0.011076220897257016,0.0037530193046180216
RN,2016,0,NE,Emilia Romagna,099,7.409791773837524,7.741841209474113,7.575816491655819,3717185.0,46.80120377072114,0.2679669071481605,9.66258127162731,2083641.0,53.551218366236384,37.84430483497828,0.20262018634438364,14.262302861817254,14.324300731606444,9.1,56.00084272879442,26.64155014642828,11.085430872644526,0.08604550391326904,1.3159607568976952,600.329037650287,110.40824375689692,0.6291074450737727,14.57109013709187,15.128477219361796,-0.004625933720339148,-0.012687236443127858,-0.008656585081732615,0.01661497281481239,0.013382768210060902,0.0017625624125354733
RN,2017,0,NE,Emilia Romagna,099,7.402063814298259,7.730535354457325,7.566299584377792,3736573.0,45.476498576490464,0.2438390365308103,9.67706203133472,2083641.0,64.66364596916115,41.596795298544436,0.2978129617231829,14.274589284506764,14.348991618246792,10.2,53.96238596625757,26.57434742865962,11.764019841725624,0.4888198952223226,1.3557693256800676,620.3041641652857,112.66402386825457,0.7329636430093724,14.615952632066215,15.133679439161503,-0.0077279595392649725,-0.01130585501678727,-0.009516907278026565,0.024690886640348353,0.014480759707410584,0.005202219799706143
RN,2018,0,NE,Emilia Romagna,099,7.395199100403914,7.7230165773612764,7.559107838882595,3746293.0,45.80809694420328,0.24886364470096234,9.672130683763255,2083641.0,62.45641434058727,41.44304129141772,0.2723849466303908,14.290499049859632,14.371974526989852,8.2,52.73531872634468,26.489438846645136,12.14676164913952,0.5232194466432852,1.4626478406311922,635.2447667287437,114.5331988744103,0.7372421978886394,14.609780537731918,15.136277375691948,-0.006864713894344732,-0.007518777096048979,-0.007191745495196855,0.022982908743060193,-0.0049313475714658495,0.0025979365304458213
RN,2019,0,NE,Emilia Romagna,099,7.392842689257499,7.720527608489348,7.556685148873425,3770001.0,45.57860644980555,0.23634173735933547,9.696723166278872,2083641.0,67.35218561103963,41.92174825127191,0.32645150755546365,14.298731536878893,14.390855927691584,8.0,52.726764532345676,26.453052188741673,12.458294932675617,0.5384911016263558,1.5060264562932386,645.0063750978853,118.12337426785992,0.7464454458403244,14.631583527526258,15.142585824676148,-0.0023564111464153825,-0.0024889688719280656,-0.002422690009170836,0.01888140070173172,0.024592482515616965,0.006308448984199799
RN,2020,1,NE,Emilia Romagna,099,7.388916663066205,7.717602311345317,7.55325948720576,3775795.0,45.93455298187041,0.22835420416460775,9.706268918954573,2083641.0,67.81925012156026,45.01319727019734,0.29326491228930834,14.303013979455951,14.405554007743989,10.0,52.9417169503627,25.12452646107087,13.508459784784925,0.5567701393005596,1.5885678095187281,365.3551642759836,39.16339229700815,0.6635194720403728,14.491113229758247,15.144121514519522,-0.003926026191294341,-0.002925297144031447,-0.00342566166766467,0.014698080052404805,0.00954575267570057,0.001535689843374044
RN,2021,1,NE,Emilia Romagna,099,7.371829219572985,7.696744685047556,7.5342869523102705,3791964.0,45.530902463034984,0.2245318350724371,9.671499090857427,2083641.0,56.7245616373325,42.481784710004945,0.18274095169662158,14.210150370913528,14.328341310116052,7.4,56.09117297367958,26.052447336683937,13.574274696836126,0.5605113509090539,1.533713978045437,492.62561755842916,61.87453976312994,0.7094412396961914,14.452257213884272,15.148394648641098,-0.01708744349322,-0.020857626297760667,-0.018972534895489446,-0.07721269762793703,-0.03476982809714535,0.004273134121575595
RN,2022,1,NE,Emilia Romagna,099,7.3578211658883745,7.681933143876746,7.51987715488256,3769884.0,45.21694193113748,0.2245251309839649,9.726558918137398,2083641.0,61.36870475276224,43.0655908255704,0.2355671733112434,14.295695409344063,14.426637919319788,6.7,55.20967526751002,25.982834661377915,15.12693450627124,0.5976953271702748,1.6658825180463757,597.1321622147744,103.56518817503151,0.7816939465512974,14.588913808049881,15.142554789720041,-0.014008053684610111,-0.014811541170810294,-0.014409797427710203,0.09829660920373584,0.05505982727997072,-0.005839858921056873
RN,2023,1,NE,Emilia Romagna,099,7.356290376239961,7.678035720833111,7.517163048536537,3777069.0,48.628550905757784,0.2633690663352165,9.777104138326186,2083641.0,69.39956231516967,45.40113851965135,0.3086106045389448,14.342781042569822,14.507693573866824,7.4,54.76813363376582,25.86671358011283,16.095746054398518,0.5996580499164502,1.744333630424664,632.2349417001905,121.40473202289367,0.8094607709906205,14.645884731497906,15.144458869994764,-0.0015307896484131334,-0.003897423043635051,-0.002714106346023648,0.08105565454703623,0.05054522018878771,0.0019040802747234409
RN,2024,1,NE,Emilia Romagna,099,7.313130435979224,7.646810873057778,7.479970654518501,3786082.0,46.00157687813727,0.2382610638505664,9.837370048075922,2083641.0,68.68042549717885,43.12161738642106,0.3266976607952498,14.352490699316045,14.577531396238825,4.7,51.47278897154015,25.673787263957365,16.651331058967187,0.5951751555834637,1.8292549805804839,643.5854723582673,130.49086823613666,0.8329860613980976,14.657415865352215,15.146842269259594,-0.043159940260736995,-0.03122484777533252,-0.0371923940180352,0.06983782237200131,0.060265909749736224,0.0023833992648292224
RO,2015,0,NE,Veneto,029,6.895778427828007,7.177182567026212,7.03648049742711,2116589.0,44.47418408423194,0.23442293437505068,9.680622477807919,1227303.0,30.059829398854742,29.004140567408434,0.012712524484151206,14.253485175775596,14.307685758791632,8.5,38.582825074452494,4.005596344924985,19.040075253768592,2.6918745361277714,20.52923312919591,396.27737739494626,192.5913740167844,0.5361776977548016,14.51600418716716,14.565316388614178,-0.007520248472776991,-0.003769468879040616,-0.00564485867590836,0.008971144354822158,0.020032507295026036,0.007216793556228396
RO,2016,0,NE,Veneto,029,6.887403056962755,7.1726509112160866,7.030026984089421,2103226.0,44.71002153324738,0.22893872488437292,9.700154991156559,1227303.0,28.452809261366735,27.58395137649697,0.010518567004111922,14.262302861817254,14.324300731606442,8.7,38.13568084423922,4.001766375045451,22.414126139464184,3.738800937167187,27.410746143616137,395.4067782295102,182.8258547345577,0.5954521417784923,14.571090137091872,14.558982914436271,-0.00837537086525142,-0.004531655810125379,-0.006453513337689287,0.016614972814810613,0.019532513348639924,-0.006333474177907306
RO,2017,0,NE,Veneto,029,6.87569997753638,7.171524953820241,7.02361246567831,2091857.0,45.100184674436136,0.24198452808372728,9.710071261632757,1227303.0,29.234047494493982,29.711788056943288,-0.0058103328365385655,14.274589284506764,14.348991618246792,8.3,35.74192163159525,4.007938638242095,24.705969242895325,3.3963572287964627,26.91004560171133,413.5134872359715,198.84722305162515,0.6131983484774456,14.615952632066215,14.553562746190062,-0.011703079426375496,-0.0011259573958453117,-0.006414518411110848,0.02469088664035013,0.009916270476198363,-0.005420168246208945
RO,2018,0,NE,Veneto,029,6.868197913475863,7.169075568625749,7.0186367410508055,2076474.0,45.03334839860723,0.23953548369962657,9.718284276558464,1227303.0,30.176186257656024,30.684047409483156,-0.006201370049581565,14.290499049859632,14.371974526989852,6.8,39.14062463356981,4.0493564509531526,23.971153770385833,4.001697734615352,24.68654945905193,406.28789942574804,190.14054410362607,0.6186679852657273,14.609780537731918,14.54618182090545,-0.007502064060516567,-0.0024493851944926703,-0.0049757246275046185,0.022982908743060193,0.008213014925706474,-0.0073809252846128715
RO,2019,0,NE,Veneto,029,6.868471125709995,7.173680122617386,7.02107562416369,2024513.0,44.39031208149985,0.23298366422075206,9.738923065392793,1205298.0,31.593271757405237,27.083539678476075,0.04846329762092585,14.298731536878893,14.390855927691584,8.2,38.50840496777725,4.42569097239923,23.8932471764881,3.2115435149091973,23.381235840153,452.9265301516801,207.31133216866846,0.714344533760507,14.631583527526256,14.520839735772338,0.00027321223413157014,0.0046045539916370615,0.00243888311288476,0.01888140070173172,0.020638788834329347,-0.025342085133111425
RO,2020,1,NE,Veneto,029,6.866111008256268,7.169386064258169,7.017748536257217,2012583.0,45.538642381000486,0.22042258538098605,9.757885128022945,1205298.0,34.55398790519778,31.568780433211774,0.03243446294240165,14.303013979455951,14.405554007743989,7.599999999999999,37.46307797265575,4.216009931975684,26.69895375082303,4.204789430748005,30.396662912973103,282.997293383587,61.96617594372341,0.6126565540338271,14.491113229758247,14.514929529660442,-0.0023601174537271064,-0.0042940583592168124,-0.0033270879064728476,0.014698080052404805,0.018962062630151877,-0.005910206111895633
RO,2021,1,NE,Veneto,029,6.857970215628318,7.161018510620936,7.0094943631246265,2020534.0,46.445267234856885,0.25124086011355223,9.751847583162244,1205298.0,31.514912209251694,27.382504496299198,0.0451006555324681,14.210150370913528,14.328341310116052,9.1,36.48983007970896,4.081894868956388,27.367631033386278,3.624675627289577,25.844115824536452,369.47319850095363,109.11678473091168,0.6181634589872478,14.452257213884272,14.518872390877025,-0.008140792627949978,-0.008367553637232739,-0.008254173132590914,-0.07721269762793703,-0.006037544860701516,0.003942861216582827
RO,2022,1,NE,Veneto,029,6.843697789886806,7.152915057433266,6.998306423660036,2006278.0,45.888181498225244,0.23320110114670953,9.791119387312905,1205298.0,35.31552424722765,28.430322741047398,0.07585005916558839,14.295695409344063,14.426637919319788,8.2,35.43429297438409,4.2503903089118396,27.961381556919598,2.9465397953397203,23.481205719206276,429.0195434919974,165.12188047081662,0.7074013360482188,14.588913808049883,14.511791822149366,-0.01427242574151144,-0.008103453187669807,-0.01118793946459018,0.09829660920373584,0.03927180415066189,-0.007080568727658942
RO,2023,1,NE,Veneto,029,6.841287097510963,7.153149874163242,6.997218485837102,2002336.0,46.74787769453359,0.2389353974443855,9.837186837793677,1205298.0,39.051683340211795,28.502501380194083,0.11650716596891052,14.34278104256982,14.507693573866824,7.900000000000001,34.193684247670674,4.273796896284368,31.026633085303207,3.3198479314901803,25.96558487432059,461.7629059316969,191.4419440414989,0.7645429173730681,14.645884731497906,14.509825056942892,-0.0024106923758431265,0.0002348167299759396,-0.0010879378229340375,0.08105565454703623,0.046067450480771654,-0.001966765206473653
RO,2024,1,NE,Veneto,029,6.841974170269689,7.153162767481776,6.997568468875731,2050059.0,46.350536909833416,0.25861867818461204,9.902748230029216,1232865.0,38.377266352050995,27.473276490352198,0.12071405816570031,14.352490699316045,14.577531396238825,6.4,30.76739948151265,4.234098476989519,37.60320512720598,3.3565384656935495,27.780309983999125,415.6935311821876,177.15900697411584,0.7927381946686004,14.657415865352215,14.533379131188246,0.0006870727587253711,1.2893318533713227e-05,0.0003499830386290981,0.06983782237200131,0.06556139223553892,0.023554074245353718
SA,2015,0,S,Campania,065,6.694660211149585,7.011003066870243,6.8528316390099135,10685414.0,41.422463310964034,0.18279832661638196,9.3688465619214,5258881.0,111.60904730061606,100.08817718673889,0.15567217435463773,14.253485175775596,14.307685758791632,16.6,49.578559018342034,4.449950445683486,7.657817375953604,0.0467953391123382,0.3549012136340689,134.65824200639207,48.009170315441835,-0.11973837957378916,14.51600418716716,16.184390191890255,-0.01634354571983554,-0.011060422181652818,-0.013701983950744179,0.008971144354822158,0.0007917701588908699,-0.04442350748321999
SA,2016,0,S,Campania,065,6.701116782026266,7.023124521275255,6.86212065165076,10519219.0,41.337034052418055,0.18785705570516248,9.38197096070107,5197456.0,109.83633978511934,100.16820598007997,0.1311773604101197,14.262302861817254,14.324300731606444,17.5,49.68035118319398,4.533983355869644,7.709104240085365,0.04721159533861943,0.35963279770993867,135.18041637948897,47.642824809160494,-0.1209497703495336,14.57109013709187,16.16871452297422,0.006456570876681056,0.012121454405011889,0.009289012640846472,0.01661497281481239,0.013124398779670088,-0.015675668916035335
SA,2017,0,S,Campania,065,6.714287093258084,7.041684240006267,6.877985666632176,10374398.0,42.35562512592722,0.2033441423806311,9.410700634100046,5115207.0,108.6070122624563,99.78472805944675,0.11600474874102232,14.274589284506764,14.348991618246792,15.900000000000002,45.51565022653278,4.6283097433017195,12.634831990570746,0.9158839202334984,4.265571973358243,146.55046316385997,48.104210862182356,0.08597409188988855,14.615952632066215,16.15485159830119,0.013170311231817777,0.018559718731012254,0.015865014981415904,0.024690886640348353,0.02872967339897592,-0.013862924673031074
SA,2018,0,S,Campania,065,6.715637284170053,7.043860085288822,6.879748684729438,10481100.0,42.814768048333335,0.20285445834340213,9.40767712662921,5178458.0,111.9541795125472,102.5239345716017,0.12447479127727533,14.290499049859632,14.371974526989852,15.0,51.35258279471699,5.451966671908315,0.0,0.0,0.0,164.74230337394883,57.95093921147367,-0.30392159931956736,14.609780537731918,16.165084193181123,0.0013501909119693067,0.002175845282554434,0.0017630180972618703,0.022982908743060193,-0.0030235074708357956,0.010232594879933998
SA,2019,0,S,Campania,065,6.68963714453328,7.013812002397671,6.851724573465475,10392043.0,42.76615390779926,0.192407140859279,9.422560767271104,5141212.0,107.22793364166156,106.6924984933852,0.006917784115289379,14.298731536878893,14.390855927691584,17.2,45.64217521895481,4.965338179982771,10.503357249945486,0.07016353449255502,1.2513534094077687,132.90000196211324,25.32784424760732,0.002718363216284981,14.631583527526258,16.156550975122318,-0.026000139636773056,-0.030048082891150685,-0.02802411126396276,0.01888140070173172,0.014883640641894402,-0.008533218058804692
SA,2020,1,S,Campania,065,6.676176656272798,7.000414413273622,6.838295534773209,10343987.0,43.0498712288792,0.19672556111430567,9.43565759503207,5141212.0,107.6093893026868,126.914947576359,-0.2504402543467223,14.303013979455951,14.405554007743989,13.0,45.49587237847306,4.981581136487982,10.569306655503306,0.07369553204499064,1.2566542054641503,65.38820519038033,3.438481036427577,-0.04591201950203007,14.491113229758247,16.151915942665834,-0.013460488260482073,-0.013397589124049425,-0.013429038692265749,0.014698080052404805,0.013096827760966434,-0.004635032456484112
SA,2021,1,S,Campania,065,6.677383903067866,7.005599042603023,6.841491472835444,10089915.0,42.789618715440376,0.1859304659773027,9.44221766079753,5035860.0,86.84874115521775,95.76024001374775,-0.11055712475783852,14.210150370913528,14.328341310116052,15.1,45.985979204475235,4.268393011897159,11.096583507069711,0.07733111888109002,1.232645197946119,75.6859891283457,6.811185858884623,-0.03578141120079672,14.452257213884272,16.127046968111948,0.0012072467950678956,0.005184629329400892,0.0031959380622348377,-0.07721269762793703,0.0065600657654592,-0.024868974553886147
SA,2022,1,S,Campania,065,6.676863439375507,7.006037685182812,6.841450562279159,10117568.0,43.4477019372846,0.20476971138699945,9.491080798736474,5095161.0,99.96472260783867,104.44116738692367,-0.05675839899708627,14.295695409344063,14.426637919319788,14.5,45.5083440663898,5.250622533633651,12.509145418472245,0.08856089662984076,1.518662133808951,110.10969902628098,20.340554386369945,0.04208620052045032,14.588913808049881,16.129783876737495,-0.00052046369235903,0.00043864257978931676,-4.0910556284856625e-05,0.09829660920373584,0.04886313793894459,0.0027369086255468744
SA,2023,1,S,Campania,065,6.694852618570569,7.023208632196018,6.8590306253832924,10046876.0,43.379683129132744,0.2038840273390029,9.5628271493705,5035860.0,113.74323113555293,112.52310112337179,0.015171683897946183,14.342781042569822,14.507693573866824,15.1,44.50730739090745,4.343708316917505,13.97235307470317,0.09268945281717506,1.4002422396978635,109.14433609824546,27.255874465129047,0.09491010435333436,14.645884731497906,16.122772298375654,0.017989179195062377,0.017170947013205762,0.01758006310413318,0.08105565454703623,0.0717463506340259,-0.00701157836184052
SA,2024,1,S,Campania,065,6.728893868694304,7.048920121706048,6.888906995200176,10276653.0,44.173334617232044,0.21723264678043241,9.642674571369513,5162362.0,118.1071407780056,109.42557627382888,0.10810756475319307,14.352490699316045,14.577531396238825,12.4,43.22975553546204,4.327732018155605,15.015121068266957,0.10987836250924957,1.4757077002935468,114.78720304810872,37.20934931761582,0.12615428846805615,14.657415865352215,16.14538518131984,0.03404125012373527,0.025711489510030106,0.029876369816883575,0.06983782237200131,0.07984742199901262,0.022612882944184065
SI,2015,0,C,Toscana,052,7.095342720339456,7.449655808564497,7.272499264451977,2352339.0,46.03271935995887,0.2557438779597369,9.770986019253552,1333213.0,46.95063243715532,38.79430563810806,0.10313928249861401,14.253485175775596,14.307685758791632,9.9,39.03023997970767,14.430746830825381,21.623079947504028,0.5905724314895714,4.261462655728636,680.1071344830852,344.2962046739016,1.1858543461623212,14.516004187167159,14.670920710267604,-0.09028290817544793,-0.08757864041460639,-0.08893077429502672,0.008971144354822158,0.012615859698307474,-0.024735962379436316
SI,2016,0,C,Toscana,052,7.064087652710353,7.417153823226321,7.240620737968338,2353824.0,45.14877822884859,0.22494474390707714,9.788063147579637,1337390.0,49.36883703264313,37.78269889507099,0.14766738088654452,14.262302861817256,14.324300731606442,9.1,38.945478735408166,14.372471901227115,21.547315953592843,0.5969128785722981,4.310625137371072,672.9691610099236,326.5564514064201,1.1878942461991777,14.571090137091872,14.671551797652075,-0.03125506762910302,-0.032501985338176276,-0.03187852648363876,0.016614972814810613,0.017077128326084434,0.0006310873844714848
SI,2017,0,C,Toscana,052,7.01697925043966,7.368042929792015,7.192511090115837,2420968.0,45.768940583026804,0.23082277950180327,9.801876473356517,1388593.0,50.419801964260934,41.70592186837963,0.11292424579123818,14.274589284506765,14.348991618246792,9.4,37.59910261508146,14.240858410748904,21.846630903263957,0.6327092695258925,4.63804289278975,746.7265012510272,365.34625563416154,1.218003236476524,14.615952632066213,14.699678018154197,-0.047108402270692906,-0.04911089343430586,-0.048109647852500714,0.02469088664035013,0.013813325776879992,0.028126220502121768
SI,2018,0,C,Toscana,052,6.97238021539505,7.325187106071149,7.148783660733099,2278970.0,46.637262861822585,0.23133104846677896,9.80318314968022,1305925.0,58.6713109452791,39.42797668993597,0.24950902787999316,14.290499049859632,14.371974526989852,7.5,37.51386495597353,14.586139734704947,21.36483122337444,0.6340440812736008,4.6116573568804045,821.3804891697463,416.3736426779621,1.2368577490507855,14.609780537731918,14.639234144472903,-0.0445990350446106,-0.04285582372086605,-0.04372742938273788,0.022982908743060193,0.0013066763237041812,-0.06044387368129378
SI,2019,0,C,Toscana,052,6.965029040505031,7.319326924675338,7.142177982590185,2276161.0,46.4847707089806,0.2713152480396638,9.827357074572339,1305925.0,57.217298447400104,42.4110206168569,0.1927091103167929,14.298731536878893,14.390855927691584,7.0,36.80617407064208,14.390127024451056,22.089974665971475,0.7146891286020092,4.9179135255423025,833.0087162208196,416.5297505208045,1.259704712802166,14.631583527526258,14.638000809863618,-0.007351174890018797,-0.005860181395810571,-0.006605678142913796,0.01888140070173172,0.024173924892117782,-0.0012333346092852082
SI,2020,1,C,Toscana,052,6.9295265015921155,7.283738459263685,7.106632480427901,2271005.0,46.27329735720798,0.2387713488106023,9.841437156083275,1305925.0,63.064654833342665,46.69977604747526,0.21413816673070912,14.303013979455951,14.405554007743989,6.9,36.01033289999467,14.24789054250701,22.00519831336185,0.6948694325870834,4.801371931340618,350.24616005274925,78.08618928471732,1.0710491362707255,14.491113229758248,14.635733022758544,-0.03550253891291533,-0.03558846541165295,-0.03554550216228414,0.014698080052404805,0.014080081510936537,-0.002267787105074248
SI,2021,1,C,Toscana,052,6.920949810751929,7.274690688863384,7.097820249807655,2315607.0,47.37494485513152,0.2861636134272045,9.819722990318045,1338200.0,51.620592689035355,40.53661556310283,0.14660065310307904,14.21015037091353,14.328341310116052,5.9,35.28753301473542,14.506386014452056,22.0013858899113,0.678154382574292,4.9920923532424455,549.9478828707938,178.8957020942023,1.161314502917222,14.452257213884272,14.655182414157025,-0.00857669084018653,-0.00904777040030158,-0.008812230620246275,-0.07721269762793703,-0.02171416576523022,0.019449391398481453
SI,2022,1,C,Toscana,052,6.942927634325072,7.295995007925325,7.119461321125199,2290589.0,47.509470647361205,0.2650700070766048,9.859434417078694,1338200.0,56.918757286373626,45.43237081691937,0.15355459497070054,14.295695409344061,14.426637919319786,4.5,37.20649352766002,14.705672504517922,20.971354424841675,0.6786821698794212,4.992109247001826,793.3126375452122,384.074262388394,1.2554408417788188,14.588913808049883,14.644319547699,0.021977823573142707,0.02130431906194108,0.02164107131754367,0.09829660920373406,0.03971142676064865,-0.010862866458024811
SI,2023,1,C,Toscana,052,6.949669261121517,7.302799714317023,7.12623448771927,2285996.0,47.58211023047225,0.26033046513413105,9.916125599517578,1338200.0,66.74071017865755,46.91392632712114,0.264757960028731,14.34278104256982,14.507693573866824,3.5,36.91410660947119,14.641171057590467,21.179219286615496,0.7069912340271134,5.104484112163858,872.1406593100572,474.9823538135508,1.2911369259893661,14.645884731497906,14.642312373554084,0.006741626796445743,0.0068047063916978345,0.006773166594070901,0.081055654547038,0.05669118243888427,-0.002007174144916135
SI,2024,1,C,Toscana,052,6.906261283407586,7.263779185893432,7.085020234650509,2509541.0,47.531672746003,0.2757701675806967,9.982047367995754,1469248.0,69.22206944177034,48.211396441335566,0.2806248302762006,14.352490699316045,14.577531396238825,3.0,35.96179322532237,15.618738592454138,21.470633095331845,0.7933108526147035,5.153263342865723,926.4399130815822,532.2529151440766,1.3144416070196376,14.657415865352213,14.735610425859583,-0.043407977713931345,-0.03902052842359094,-0.0412142530687607,0.06983782237200131,0.06592176847817655,0.09329805230549937
SO,2015,0,NW,Lombardia,014,7.191716046482241,7.411550753169516,7.301633399825878,1493607.0,43.84461982414903,0.2156335042841329,9.808964747519274,1025046.0,20.400320668232528,19.528124837330864,0.011634126638456583,14.253485175775596,14.307685758791632,7.4,78.09129550738264,9.616563854579804,7.003795130656607,0.330819775429156,5.581198710015055,482.6111285282621,239.04617846513744,0.23630027091802697,14.51600418716716,14.216704557861764,-0.010981632840552535,-0.008816483248087259,-0.009899058044320341,0.008971144354822158,0.013713679871678153,0.010666572153551712
SO,2016,0,NW,Lombardia,014,7.188093794204564,7.40925084607763,7.298672320141097,1493838.0,44.08271754721849,0.23341147555427577,9.821198910507169,1025046.0,23.278055316312177,19.860470141044175,0.04556569993703801,14.262302861817254,14.324300731606444,7.2,76.76456241815681,9.59136465701151,8.276115354273648,0.346178199209688,5.862437284677196,494.0748614180297,235.79558459950448,0.2663999945568756,14.57109013709187,14.216859205060597,-0.003622252277676985,-0.0022999070918858777,-0.0029610796847814314,0.01661497281481239,0.012234162987894592,0.00015464719883340194
SO,2017,0,NW,Lombardia,014,7.169880328541833,7.39343824696687,7.2816592877543505,1492204.0,45.37435286638224,0.23551490523232005,9.828374340544153,1025046.0,26.414970848071675,21.502396107194727,0.06520458380525503,14.274589284506764,14.348991618246792,6.3,75.28911354263003,10.156380442332544,8.16725529892947,0.3651647138527292,6.008904319241561,493.25817710230274,238.38569831018648,0.25618412921029776,14.615952632066215,14.215764779621775,-0.018213465662730854,-0.015812599110760495,-0.01701303238674612,0.024690886640348353,0.007175430036983954,-0.0010944254388220997
SO,2018,0,NW,Lombardia,014,7.1639139486110635,7.387014775732327,7.275464362171695,1495501.0,43.68811353971883,0.20085718399985136,9.822573340994033,1025046.0,29.46314221320213,20.917702115350014,0.11354794707725253,14.290499049859632,14.371974526989852,6.7,77.28065109463267,10.258171994692283,5.606896553067242,0.2853887765724681,2.6247549457158112,632.693165784424,290.75935714082846,0.347819786614167,14.609780537731918,14.2179718257246,-0.005966379930769428,-0.006423471234542788,-0.006194925582655664,0.022982908743060193,-0.005800999550119812,0.002207046102824961
SO,2019,0,NW,Lombardia,014,7.164815669965708,7.388073727782142,7.276444698873925,1497492.0,45.99210551342149,0.23324637851742677,9.842503696993417,1025046.0,28.387463602733675,20.379589559490263,0.10578000789148374,14.298731536878893,14.390855927691584,5.4,61.460688546898304,10.483058593005257,13.047485150913902,0.47017087619560266,4.373027095565556,695.9418586867839,334.67039608095314,0.5329573852678154,14.631583527526258,14.21930226672041,0.0009017213546442804,0.0010589520498154315,0.000980336702229856,0.01888140070173172,0.01993035599938331,0.0013304409958099228
SO,2020,1,NW,Lombardia,014,7.167555020801774,7.391956501993589,7.279755761397681,1493532.0,46.01125869665263,0.2326385246484116,9.85227576273015,1025046.0,32.701515028657674,22.454814869729773,0.13583068013527488,14.303013979455951,14.405554007743989,5.6,59.80729636998407,10.399475854012904,13.706296106424336,0.47042208850060285,4.369176305960317,377.95001486673544,144.40086670647827,0.4473059577407781,14.491113229758247,14.216654342588878,0.0027393508360660235,0.0038827742114468933,0.0033110625237560143,0.014698080052404805,0.009772065736733282,-0.002647924131531809
SO,2021,1,NW,Lombardia,014,7.167668485657473,7.392166217303718,7.279917351480596,1475596.0,46.8415531193339,0.24482076892343177,9.820509375456133,1025046.0,28.296176066161905,21.10840143842303,0.09587195587620109,14.210150370913528,14.328341310116052,6.5,54.845877914430154,10.688328535046942,16.87835747557167,0.7598248596238549,5.217521785199983,440.91798516489183,122.13820370339357,0.6596107513658227,14.452257213884272,14.20457253393926,0.00011346485569951881,0.00020971531012836664,0.000161590082915275,-0.07721269762793703,-0.031766387274016594,-0.012081808649618608
SO,2022,1,NW,Lombardia,014,7.170135774472336,7.394096061010373,7.282115917741355,1477347.0,45.254954987427716,0.22273986513471955,9.846385603310072,1025046.0,31.118365852988795,22.829194162891348,0.10975082042939521,14.295695409344063,14.426637919319788,6.6,55.33098417352395,10.800694742486936,17.325715829089493,0.7837118061857595,5.429717484871438,725.8649392947249,316.95325639440443,0.7719043646708101,14.588913808049881,14.205758469600886,0.0024672888148629113,0.0019298437066552765,0.002198566260759094,0.09829660920373584,0.025876227853938616,0.0011859356616259475
SO,2023,1,NW,Lombardia,014,7.182764782430907,7.4045283409134806,7.293646561672194,1477823.0,45.19773075166449,0.2617128099481079,9.91222911061786,1025046.0,35.170047039764846,22.881989499859852,0.16201301276982943,14.342781042569822,14.507693573866824,6.3,52.99532118554662,10.937728537654365,18.55969164193458,0.8442517043745845,5.956222769721229,797.9693125190946,381.2008031378815,0.8068161613686516,14.645884731497906,14.206080616891306,0.012629007958571137,0.010432279903107577,0.011530643930838913,0.08105565454703623,0.06584350730778787,0.0003221472904204603
SO,2024,1,NW,Lombardia,014,7.257424142311547,7.476747909761545,7.367086026036546,1523952.0,45.67643207443132,0.2400482100673808,9.972209137264299,1061364.0,34.74710119162984,22.536499227838814,0.16179322752410777,14.352490699316045,14.577531396238825,6.6,48.32807528623097,14.93067099262448,26.07153799440713,2.1918951170820185,14.018520932904577,1111.209037421667,560.6566746534381,0.9733477602401769,14.657415865352215,14.236817518669724,0.07465935988063954,0.07221956884806424,0.07343946436435189,0.06983782237200131,0.0599800266464392,0.030736901778418257
SP,2015,0,NW,Liguria,011,7.205264368976185,7.562986858051633,7.384125613513909,2502602.0,47.88273746168483,0.2795071216123848,9.8030584291172,1506012.0,40.584315801185525,29.55619338342566,0.13891521365357284,14.253485175775596,14.307685758791632,10.6,31.777872695726845,3.0308047679032324,16.99265877261052,0.17363770438795523,1.0730060705309772,301.2935432489531,174.714366173306,0.49987881178722166,14.51600418716716,14.732841548581638,0.0009517208583833536,-0.004789548542703415,-0.0019189138421591423,0.008971144354822158,0.008534105852728402,-0.03670320997544785
SP,2016,0,NW,Liguria,011,7.178819954808776,7.535289412678565,7.35705468374367,2498215.0,47.4745057012044,0.2883300282873057,9.816840567464741,1506012.0,42.301471567697284,29.497657577081263,0.16291939750830342,14.262302861817254,14.324300731606444,10.2,31.761167218867772,3.0224768576644823,19.395623266874736,0.20264246955786777,1.2005600963077314,333.75987715715405,193.50715592467174,0.5509487093039876,14.57109013709187,14.731087034819033,-0.02644441416740939,-0.027697445373068064,-0.027070929770238727,0.01661497281481239,0.013782138347540496,-0.0017545137626040486
SP,2017,0,NW,Liguria,011,7.162735695258751,7.522011275295186,7.342373485276967,2495113.0,49.425818836954114,0.29127611799812897,9.826760125549296,1506012.0,44.36727152568935,29.77920451126653,0.18593234475758075,14.274589284506764,14.348991618246792,9.5,32.511880696337826,3.152049616573038,20.721417778565623,0.2552686191142908,1.4222653337322877,359.65557070654006,208.23253830511263,0.6097866221277308,14.615952632066215,14.72984457672333,-0.016084259550025237,-0.013278137383379018,-0.014681198466703016,0.024690886640348353,0.00991955808455458,-0.001242458095703114
SP,2018,0,NW,Liguria,011,7.1454276124153395,7.510952177345175,7.328189894880256,2490703.0,48.4276076065856,0.2817597576135531,9.823607786466452,1506012.0,44.87668590335621,30.77793575286986,0.18014373671115946,14.290499049859632,14.371974526989852,10.0,32.22293107266376,3.2163184961233595,21.71590797838203,0.29910357520817465,1.6351534697647854,372.5035080579307,220.37337863287482,0.6259157703624819,14.609780537731918,14.728075557910737,-0.01730808284341112,-0.011059097950011143,-0.014183590396711132,0.022982908743060193,-0.003152339082843625,-0.0017690188125936146
SP,2019,0,NW,Liguria,011,7.139124236167298,7.508190638062659,7.323657437114978,2489468.0,49.57232175666865,0.3172458549433695,9.847533836728495,1506012.0,48.28974229349828,30.99363171109732,0.22110049411475205,14.298731536878893,14.390855927691584,9.0,32.42456825450865,3.142607081262026,22.708677098806106,0.3524250972203678,1.894084755736853,367.51006302159624,213.61076671291963,0.6309001620332516,14.631583527526258,14.727579590995017,-0.006303376248041559,-0.00276153928251599,-0.0045324577652783304,0.01888140070173172,0.023926050262042864,-0.0004959669157198476
SP,2020,1,NW,Liguria,011,7.138587242916759,7.507077560941562,7.322832401929161,2484369.0,48.44510586965396,0.285853416893583,9.857719944188895,1506012.0,49.36075708787892,35.18910632142235,0.18200267851625246,14.303013979455951,14.405554007743989,10.0,32.30855600398746,3.1225729319599704,23.183134106229414,0.36030700054291676,2.014390764540839,201.7420355121539,81.95972851358707,0.5358458149336899,14.491113229758247,14.725529261727578,-0.0005369932505390196,-0.0011130771210963175,-0.0008250351858167804,0.014698080052404805,0.010186107460400606,-0.002050329267438755
SP,2021,1,NW,Liguria,011,7.135396558658884,7.5049032187495195,7.320149888704202,2471077.0,48.65826336799303,0.2691360287882145,9.839123289999925,1506012.0,42.645713316654096,34.040643567299554,0.11174632959585606,14.210150370913528,14.328341310116052,9.8,31.514231343931336,3.154139127187823,24.11314188741393,0.3807581612153271,2.1457173772336393,299.85801816157993,143.77511284287553,0.6069203942837716,14.452257213884272,14.720164645958326,-0.003190684257875276,-0.002174342192042822,-0.002682513224959493,-0.07721269762793703,-0.018596654188970163,-0.005364615769252623
SP,2022,1,NW,Liguria,011,7.138993960956939,7.506655403142364,7.322824682049651,2463332.0,48.6901440907248,0.26655595874809795,9.881157784605932,1506012.0,49.147701743551096,34.650135769209044,0.18932112710642457,14.295695409344063,14.426637919319788,8.2,31.955483225824953,3.1725829842066235,23.51843514693402,0.392079468514289,2.179544085116481,419.98717733414264,248.03413913256986,0.6799629689681804,14.588913808049881,14.71702546298414,0.0035974022980553855,0.0017521843928447467,0.002674793345449622,0.09829660920373584,0.042034494606006945,-0.0031391829741860278
SP,2023,1,NW,Liguria,011,7.130590671202945,7.496754849378493,7.31367276029072,2466085.0,48.093700444225874,0.29011321354793207,9.929481138250814,1506012.0,55.98734905503516,36.668520436235006,0.2542524750239087,14.342781042569822,14.507693573866824,5.0,29.50436871590408,3.1653791438026553,25.393967308235876,0.4282813171665086,2.3275905458260326,462.9240442758709,293.9312890884585,0.711211021667983,14.645884731497906,14.718142430887736,-0.008403289753993626,-0.009900553763871223,-0.009151921758931536,0.08105565454703623,0.04832335364488216,0.0011169679035969438
SP,2024,1,NW,Liguria,011,7.131806110828436,7.496310262291535,7.314058186559985,2536367.0,48.53274233879738,0.2597565985781445,10.004860957543407,1543950.0,54.91283042843394,33.93147151721305,0.2790792520773933,14.352490699316045,14.577531396238825,5.2,28.280885552167806,3.018600233279497,30.403198026199142,0.4744326510388497,2.5592546369634617,437.0694217944608,278.84516060715424,0.7065740481543991,14.657415865352215,14.746243300157218,0.0012154396254908661,-0.00044458708695760407,0.00038542626926574286,0.06983782237200131,0.07537981929259274,0.02810086926948152
SR,2015,0,I,Sicilia,089,6.339096070472579,6.659575405610695,6.499335738041637,4320381.0,42.62135095403836,0.2032806754613541,9.408058734422253,2589789.0,24.63758257429094,23.79668850038016,0.0069739891363212675,14.253485175775596,14.307685758791632,25.7,44.64193706303424,1.800827142678393,4.115557878177442,0.017500691592140433,0.1449620502763719,59.764174743626334,22.909210784076052,-0.19278555077562118,14.51600418716716,15.278854150775835,-0.007729576570682184,-0.007508487300716737,-0.007619031935700349,0.008971144354822158,0.00656005734172993,0.07158319771123978
SR,2016,0,I,Sicilia,089,6.34002994700282,6.658707588338244,6.499368767670532,4298545.0,42.74720391116313,0.20844158497539708,9.411065438077136,2589789.0,24.526932145392568,24.841617312541,-0.002621152951927776,14.262302861817256,14.324300731606444,24.0,48.68573394958045,1.9898309744027391,7.246739309697511,0.030834890089699647,0.23066736766551615,58.829187388580124,22.61456586154356,-0.1304627715890959,14.57109013709187,15.273787151310014,0.0009338765302402408,-0.0008678172724509992,3.302962889506489e-05,0.01661497281481239,0.0030067036548828696,-0.0050669994658214534
SR,2017,0,I,Sicilia,089,6.335482539015166,6.656903351044328,6.496192945029747,4276293.0,42.69233994157196,0.20769644867492132,9.429742567664986,2589789.0,26.82435919174386,27.846298528303024,-0.008523341471967351,14.274589284506764,14.348991618246792,22.0,47.09642124622679,1.988824405450068,8.59264127273687,0.0363077569539796,0.2672736364543049,71.12663880571537,28.87292059166078,-0.05691669046978976,14.615952632066215,15.268597070762711,-0.004547407987653962,-0.001804237293915989,-0.0031758226407854195,0.024690886640348353,0.01867712958785006,-0.0051900805473028555
SR,2018,0,I,Sicilia,089,6.328719644873069,6.655745284959678,6.492232464916373,4243416.0,43.77377781654883,0.21846025858873333,9.436898652145588,2589789.0,25.5546740514208,28.713046639763313,-0.026652264882345688,14.290499049859632,14.371974526989852,22.2,46.58851557591803,2.0335225473813665,8.48881873617354,0.03960846643420218,0.2967264908033456,65.5158835153766,29.43413311955109,-0.06173462500723787,14.609780537731918,15.260879163215387,-0.0067628941420965205,-0.0011580660846499669,-0.003960480113373244,0.022982908743060193,0.007156084480602232,-0.007717907547323932
SR,2019,0,I,Sicilia,089,6.328696495979659,6.653691005711816,6.4911937508457385,4215434.0,43.338953058870395,0.2310534972816142,9.455139052703327,2589789.0,27.23320379952779,29.070214069732373,-0.015694066900710586,14.298731536878892,14.390855927691586,24.1,44.91753596880725,2.0115397475807217,8.626772893422071,0.046224852935848736,0.3429651177610313,66.09656860757521,31.25855632423859,-0.0635295659710765,14.631583527526258,15.25426310971655,-2.3148893410152027e-05,-0.0020542792478615013,-0.0010387140706349385,0.018881400701733497,0.018240400557738567,-0.006616053498836649
SR,2020,1,I,Sicilia,089,6.3241538024989605,6.651986122227881,6.4880699623634195,4195085.0,43.75610535814634,0.21987776925390742,9.476752128165296,2589789.0,27.8755913459155,33.03066645783138,-0.044577658628940586,14.303013979455951,14.405554007743989,23.8,44.74717085427983,2.0102295214766803,8.783081608873053,0.04728354054794023,0.34550641060620113,25.267021779953396,4.458195193968692,-0.1741993094950734,14.491113229758245,15.249424159895092,-0.004542693480698468,-0.001704883483935049,-0.0031237884823189788,0.014698080052403029,0.021613075461969444,-0.004838949821458272
SR,2021,1,I,Sicilia,089,6.302935867484469,6.662682619014766,6.482809243249617,4159029.0,43.97324815956593,0.23138952884351688,9.480295723552416,2589789.0,24.530930002064018,26.979524272639438,-0.02150663987614087,14.210150370913526,14.328341310116052,21.4,44.80843574964288,2.0530071221583763,9.060882496930175,0.04864444468509945,0.3535766627484555,32.324104129600435,8.133031784402759,-0.09067351160080894,14.452257213884272,15.240792191530746,-0.02121793501449165,0.01069649678688478,-0.005260719113802104,-0.07721269762793703,0.00354359538711968,-0.00863196836434632
SR,2022,1,I,Sicilia,089,6.293722834375377,6.664824184687948,6.479273509531661,4158908.0,44.89178061665652,0.23388719420689108,9.525439123062547,2589789.0,28.91715046918661,27.026636295750794,0.016625179123554747,14.295695409344063,14.426637919319788,14.8,43.80467230681796,2.1457667756645065,10.058192442837264,0.07608721566337155,0.5096972014875027,63.67351553917251,25.777968310843324,0.03186946339870614,14.58891380804988,15.24076309777829,-0.009213033109092272,0.002141565673182022,-0.0035357337179560133,0.09829660920373584,0.04514339951013113,-2.9093752456077482e-05
SR,2023,1,I,Sicilia,089,6.297659494500968,6.6677849048687765,6.482722199684872,4150949.0,44.196541622216394,0.2302432724948797,9.587906239688733,2589789.0,33.94253944359047,30.026838148556045,0.034720386703966315,14.342781042569822,14.507693573866826,16.3,42.54874218251504,2.1430843097938848,10.726351370014143,0.09648351654113958,0.6106475596652404,64.21715536443321,29.833157862434927,0.06951196407040809,14.645884731497905,15.238847540763603,0.003936660125591018,0.002960720180828602,0.0034486901532106984,0.081055654547038,0.06246711662618587,-0.0019155570146871526
SR,2024,1,I,Sicilia,089,6.282644165537347,6.639058728223277,6.460851446880312,4141431.0,44.61438488891594,0.24075714711733945,9.66526200673902,2589789.0,32.963086868727395,29.87320318430159,0.027581921268765255,14.352490699316045,14.577531396238827,15.0,29.555442480037737,1.3387069464993373,14.046124391865556,0.10077742243027359,0.6021597476819586,69.8608902993526,35.743866438184305,0.10811145206055195,14.657415865352217,15.23655193825146,-0.015015328963620789,-0.028726176645499812,-0.021870752804559856,0.06983782237200131,0.07735576705028713,-0.0022956025121434465
SS,2015,0,I,Sardegna,112,6.980890966466746,7.30315273961209,7.1420218530394175,3569767.0,45.02744618722462,0.21981394934131826,9.631524998917222,1942638.0,14.086836772745693,14.336114381299552,-0.002609562797917806,14.253485175775596,14.307685758791632,16.7,50.74011468080709,5.668505485715694,8.114481357644895,0.057932409750017407,0.7496779922944631,176.99410590909784,97.04839057934619,0.3320219227383322,14.51600418716716,15.088010885519454,-0.011973970766100628,-0.0009601696774881319,-0.00646707022179438,0.008971144354822158,0.0039123019463538355,0.002026553953269783
SS,2016,0,I,Sardegna,112,6.969909878853216,7.296728454166757,7.133319166509987,3567768.0,45.54372104791934,0.23054809451516214,9.638765533345511,1942638.0,16.849708433305036,14.13235526565792,0.02826151416959077,14.262302861817254,14.324300731606444,21.9,47.79359999448208,5.401988353412847,9.458028995817562,0.07505713346189707,0.8567478204800292,180.13761153080037,97.48628075064185,0.35540823255757403,14.57109013709187,15.087450748146463,-0.010981087613529894,-0.006424285445332245,-0.008702686529430181,0.01661497281481239,0.007240534428289536,-0.0005601373729913206
SS,2017,0,I,Sardegna,112,6.968755925092952,7.295702477282375,7.132229201187664,3694632.0,45.337299734941816,0.24358360292416414,9.647432853636621,2007562.0,17.045332495205272,14.807903360421177,0.023269018626258568,14.274589284506764,14.348991618246792,16.9,46.529424135810174,5.293386891070745,10.382790620027642,0.08656262609651412,0.9523107201516978,186.6470083262651,103.02113358330182,0.3621116486142397,14.615952632066215,15.122391513358615,-0.0011539537602640593,-0.0010259768843825512,-0.0010899653223237493,0.024690886640348353,0.008667320291110059,0.03494076521215206
SS,2018,0,I,Sardegna,112,6.9732428133898665,7.2971360101278915,7.135189411758879,3680255.0,45.37595294117647,0.2166124369747899,9.641228620727546,2007562.0,26.21737456523563,22.173037672519207,0.042102734537449366,14.290499049859632,14.371974526989852,14.5,44.0544093308721,5.297626077635377,10.246962443965803,0.10175184394744147,1.0115360336893726,211.16892555821244,129.08565693673418,0.40975554412484505,14.609780537731918,15.118492601222693,0.004486888296914238,0.0014335328455166163,0.002960210571215427,0.022982908743060193,-0.006204232909075458,-0.0038989121359218615
SS,2019,0,I,Sardegna,112,6.968785710962184,7.292166620081615,7.1304761655219,3681915.0,46.692637684213224,0.2523325289780636,9.657489802461384,2007562.0,27.871806825318004,22.19911169565825,0.05972932313696128,14.298731536878893,14.390855927691584,13.4,42.50071969887991,5.591473238938803,11.980574100487926,0.14763163073174312,1.321581247953566,214.47568134477174,130.2543394814429,0.46524291458677286,14.631583527526258,15.118943555228952,-0.004457102427682713,-0.0049693900462761675,-0.004713246236978996,0.01888140070173172,0.016261181733838725,0.00045095400625960735
SS,2020,1,I,Sardegna,112,6.96520145192494,7.2833317461995115,7.124266599062225,3661085.0,47.42707658652712,0.2449303336407375,9.666782578403206,2007562.0,26.5045998544374,26.71216599787577,-0.002201142682312792,14.303013979455951,14.405554007743989,14.8,43.40149535341131,5.462557770466466,15.23591747753008,0.17259795004445339,1.4705891309375216,82.84216980079715,27.52892717519563,0.36731706465972097,14.491113229758247,15.113270109532928,-0.0035842590372441308,-0.0088348738821038,-0.006209566459674853,0.014698080052404805,0.009292775941821318,-0.005673445696023904
SS,2021,1,I,Sardegna,112,6.958213437762857,7.286136542982756,7.122174990372807,3588849.0,47.13692312314369,0.25332590865550214,9.652343037084375,2007562.0,23.616353869626995,22.65797750784365,0.010449184282156954,14.210150370913528,14.328341310116052,13.0,43.21924305107887,5.47244757933561,19.783188741016595,0.19343795836934574,1.6672495430786327,139.4767339082488,61.048067142171085,0.4618264990036016,14.452257213884272,15.093342096243815,-0.006988014162082834,0.002804796783244079,-0.0020916086894180452,-0.07721269762793703,-0.014439541318830962,-0.019928013289113977
SS,2022,1,I,Sardegna,112,6.949448897877604,7.283691210588396,7.116570054233,3582215.0,48.0127840599455,0.2688358310626703,9.692535404260672,2007562.0,28.234907747950018,23.18360856429435,0.05520621580839027,14.295695409344063,14.426637919319788,10.3,43.16593851678363,5.58582398172851,22.840986834496633,0.20919412276494703,1.7561498013088992,215.13201025824347,116.89726771096265,0.5444412583482888,14.588913808049881,15.091491882135418,-0.008764539885253164,-0.002445332394359845,-0.005604936139807393,0.09829660920373584,0.040192367176297594,-0.001850214108396031
SS,2023,1,I,Sardegna,112,6.945078034419792,7.285891859227675,7.115484946823733,3562633.0,48.887141703179694,0.2709533484164478,9.748107504939009,2007562.0,31.045927950799953,25.86337163151522,0.05706673564480519,14.342781042569822,14.507693573866824,9.6,42.03077141022769,5.680592105043605,23.753574060033145,0.2403096059069982,1.9647121173763296,220.35196199513115,127.08543078112075,0.5815472654209112,14.645884731497906,15.086010436195505,-0.00437086345781168,0.002200648639279379,-0.0010851074092670387,0.08105565454703623,0.05557210067833651,-0.005481445939913954
SS,2024,1,I,Sardegna,112,6.936137404557669,7.279885686750674,7.108011545654171,3550910.0,50.46281270809302,0.294928625230608,9.815709281459908,2007562.0,33.63726802429501,25.677092846811885,0.08834748166497541,14.352490699316045,14.577531396238825,7.5,39.55080589813973,5.47070592413307,29.82383783331649,0.3863206185011318,2.6902658884892086,251.06387522842692,153.11114414969302,0.6504170847393589,14.657415865352215,15.082714466630788,-0.008940629862123295,-0.0060061724770008595,-0.007473401169561633,0.06983782237200131,0.06760177652089894,-0.003295969564716117
SV,2015,0,NW,Liguria,009,7.768448433289728,8.10297257849013,7.935710505889928,2703906.0,47.88273746168483,0.2795071216123848,9.767701144681123,2286445.0,47.33127111150161,36.70376774035393,0.13776136873026593,14.253485175775596,14.307685758791632,9.4,47.220478346511776,13.15141619955538,7.616489533599685,0.07720712393070299,1.3154350845092124,615.7959102571954,170.4943855338203,0.7640013278107153,14.516004187167159,14.810207952227124,-0.0219872550582485,-0.014308703831266811,-0.018147979444758988,0.008971144354822158,0.023042329819942253,-0.003570296491204772
SV,2016,0,NW,Liguria,009,7.774050127219404,8.10894603052082,7.941498078870111,2700417.0,47.4745057012044,0.2883300282873057,9.781447046167909,2300798.0,46.344650157897526,36.8731319755602,0.1235667438911646,14.262302861817254,14.324300731606444,6.4,47.44982714000363,13.011163403753605,7.630076727842362,0.08475032508488188,1.33893908747287,647.7498102697609,181.30337871189414,0.7668617271078483,14.571090137091872,14.808916763493686,0.0056016939296759105,0.00597345203068933,0.005787572980182176,0.01661497281481239,0.013745901486785783,-0.0012911887334379202
SV,2017,0,NW,Liguria,009,7.757242628820173,8.098060655253015,7.927651642036595,2761200.0,49.42581883695411,0.29127611799812897,9.790999835398724,2349960.0,51.81555270294141,38.22100178268839,0.17748907359754185,14.274589284506765,14.348991618246792,6.7,45.58537046402947,12.88164134144571,7.9872983014525865,0.0920238531031565,1.4345469546638625,669.4147631156629,185.93373796779778,0.7869701940189119,14.615952632066215,14.831175925811458,-0.016807498399231235,-0.01088537526780442,-0.013846436833516051,0.024690886640348353,0.00955278923081515,0.022259162317771697
SV,2018,0,NW,Liguria,009,7.728236162920147,8.081908499255052,7.905072331087599,2804235.0,48.42760760658561,0.2817597576135531,9.788334905082046,2385934.0,53.012800037938746,37.669732468956084,0.20117616091567445,14.290499049859632,14.371974526989852,7.8,46.074050660985975,12.961708297016786,8.710689536962333,0.10255728835070767,1.5451298462840648,652.5588364441262,177.31360979112907,0.7955182799455938,14.60978053773192,14.84664133246936,-0.02900646590002598,-0.016152155997962936,-0.02257931094899579,0.022982908743060193,-0.002664930316678138,0.015465406657902747
SV,2019,0,NW,Liguria,009,7.715266967379176,8.075474005368145,7.895370486373661,2789044.0,49.57232175666865,0.3172458549433695,9.809220488272127,2385934.0,51.69016182469884,37.23372632250665,0.19107713792280803,14.298731536878893,14.390855927691582,5.6,46.63429672269749,12.720154173917367,9.377657373550207,0.11130395592449617,1.5908748610063332,659.032477423475,178.983114177859,0.8040858033561846,14.631583527526258,14.841209442749076,-0.01296919554097098,-0.006434493886906978,-0.009701844713937646,0.018881400701729945,0.020885583190080936,-0.005431889720284744
SV,2020,1,NW,Liguria,009,7.712163684117224,8.072297712746048,7.892230698431636,2766201.0,48.44510586965396,0.285853416893583,9.816646130397935,2385934.0,53.323680427087425,41.05413930970823,0.16404428934161105,14.303013979455953,14.405554007743989,6.4,46.55731561384636,12.516594095570388,8.393373298072712,0.11367901546726569,1.6002254089482784,378.4597346998095,67.31116927443377,0.6890232325596406,14.491113229758247,14.83298545667944,-0.0031032832619519723,-0.0031762926220970655,-0.003139787942025407,0.014698080052406581,0.007425642125808096,-0.008223986069635814
SV,2021,1,NW,Liguria,009,7.679070508492027,8.04223940023448,7.860654954363254,2695171.0,48.65826336799303,0.2691360287882145,9.784187272883365,2327292.0,43.70469176120619,35.24734114657793,0.10644178901930341,14.210150370913528,14.328341310116054,7.6,43.97176401446502,12.159536672934863,8.872274718704116,0.13776695068975178,1.8440963930357557,506.121164101508,118.42996941437929,0.749185771067538,14.452257213884272,14.806972211147196,-0.0330931756251962,-0.03005831251156721,-0.03157574406838215,-0.07721269762793526,-0.03245885751456967,-0.026013245532244156
SV,2022,1,NW,Liguria,009,7.68471420606802,8.04843173425326,7.86657297016064,2684833.0,48.6901440907248,0.26655595874809795,9.823334268128438,2341233.0,53.40818843913975,37.62964650686405,0.19943908327680168,14.295695409344061,14.426637919319788,5.1,43.07163932919295,11.955930835250031,8.703507927620029,0.1262541951425483,1.7334214933164744,677.2869879120091,197.7594127178011,0.8030114580608899,14.588913808049881,14.80312908659784,0.00564369757599259,0.0061923340187792775,0.005918015797386822,0.09829660920373406,0.0391469952450727,-0.0038431245493555366
SV,2023,1,NW,Liguria,009,7.683283509909426,8.046708069519315,7.86499578971437,2677785.0,48.093700444225874,0.29011321354793207,9.876357540457049,2341233.0,59.433806370311025,37.399065839179464,0.2802302649770873,14.342781042569822,14.507693573866824,6.1,42.26726982806465,11.778630391667658,9.342232451171583,0.13761412458833935,1.8458178954398603,702.3667157528334,214.79569534966328,0.8528303353125002,14.645884731497906,14.800500518216463,-0.0014306961585939248,-0.0017236647339444744,-0.0015771804462705319,0.08105565454703623,0.053023272328610815,-0.00262856838137715
SV,2024,1,NW,Liguria,009,7.635452182203937,8.003223168917053,7.8193376755604955,2775352.0,48.53274233879738,0.2597565985781445,9.941771451909412,2405401.0,64.69528367020814,36.17403747260569,0.36154325731320713,14.352490699316043,14.577531396238824,5.8,40.28405782921964,10.933853007024133,9.598655360551803,0.13929572872388177,1.8324688822508002,675.06701890876,215.77000126596758,0.7955072775705595,14.657415865352215,14.836288143965138,-0.047831327705488924,-0.0434849006022624,-0.04565811415387433,0.06983782237199954,0.06541391145236375,0.03578762574867511
TA,2015,0,S,Puglia,073,6.480923581102724,6.797862294380688,6.6393929377417065,6883935.0,43.932451498849154,0.24255959780537914,9.461696035547144,3950812.0,31.497962854346497,41.38694800361397,-0.11200303504643082,14.253485175775598,14.30768575879163,18.800000000000004,46.76760775537407,2.898124963439499,13.193042268295766,0.03067496787534365,0.35831318905837894,52.584723316074054,7.173858150122802,0.053711331894922436,14.51600418716716,15.744700994084214,-0.011131480643010505,-0.007365167517305871,-0.009248324080157744,0.008971144354820382,0.016497021536780565,-0.03076137996141881
TA,2016,0,S,Puglia,073,6.477319595463799,6.801331576969754,6.639325586216777,6850318.0,42.89429606162969,0.22280959387174853,9.476843616572225,3950812.0,33.05794307011186,42.16130521253928,-0.1035386406899908,14.262302861817254,14.324300731606444,16.5,43.49550986545188,2.863217973673347,16.901922333461087,0.04056199379638731,0.501907030620201,54.42472021898345,8.501186090654528,0.10055653570452693,14.57109013709187,15.739805632518541,-0.0036039856389251668,0.0034692825890658696,-6.735152492964858e-05,0.016614972814814166,0.01514758102508118,-0.004895361565672829
TA,2017,0,S,Puglia,073,6.469464895540455,6.7956184807332605,6.632541688136857,6810025.0,42.85513302328344,0.2099518811291477,9.493114917989688,3950812.0,35.946829091501726,44.831947499553344,-0.10189690822808585,14.274589284506764,14.348991618246792,16.8,39.24239286820997,2.7876071010114623,18.3692983428775,0.04877306109334719,0.5475450096611684,56.794899921911465,7.917802451986984,0.107975943450378,14.615952632066215,15.73390634919091,-0.0078546999233442,-0.00571309623649352,-0.006783898079920192,0.024690886640348353,0.016271301417463135,-0.005899283327631011
TA,2018,0,S,Puglia,073,6.46322997287204,6.795115849161266,6.629172911016653,6798737.0,44.916699614995274,0.222716961238745,9.492839831880072,3976064.0,36.32004161613134,44.63275483668096,-0.09603625864583837,14.290499049859632,14.371974526989852,16.7,38.940261520260066,3.8622261366845336,18.304858220621362,0.05644898763811875,0.680179082840007,58.12788479843796,9.153338040596978,0.15203535003558152,14.609780537731918,15.73224741760128,-0.006234922668414633,-0.000502631571994705,-0.003368777120203781,0.022982908743060193,-0.00027508610961568536,-0.0016589315896293755
TA,2019,0,S,Puglia,073,6.452886718379974,6.794002300032807,6.62344450920639,6749232.0,44.44889743063806,0.22464109637209043,9.513236186887683,3976064.0,36.736740435915465,47.23069425370332,-0.12194383086699379,14.298731536878893,14.390855927691584,15.4,37.47883561872087,3.559342799538476,18.85814426712376,0.0728512421566927,0.7339106583561646,63.86230118876887,11.445590935096037,0.19385092600909137,14.631583527526258,15.724939278597752,-0.0103432544920663,-0.001113549128458402,-0.005728401810262795,0.01888140070173172,0.020396355007610723,-0.00730813900352878
TA,2020,1,S,Puglia,073,6.4522758891741105,6.792269165003009,6.62227252708856,6696782.0,44.705911231216014,0.23357483834594472,9.531322852411057,3976064.0,39.87631594757909,53.58727898978617,-0.16022349390450405,14.303013979455951,14.405554007743989,11.7,36.59680824260703,2.9289502868895876,18.68472808053587,0.07548507051671229,0.6428804107421543,33.90962556404689,2.574317504904937,0.10709097913602306,14.491113229758245,15.717137670473457,-0.0006108292058630838,-0.0017331350297986603,-0.0011719821178299838,0.014698080052404805,0.01808666552337357,-0.0078016081242946456
TA,2021,1,S,Puglia,073,6.452171995873577,6.790537579086465,6.621354787480021,6678724.0,44.62401763025851,0.2253185443990905,9.53162311647083,3976064.0,36.36739469808519,44.33800197748526,-0.09376155687207267,14.210150370913528,14.32834131011605,15.0,36.59418620143418,2.990126213827056,19.23977197262613,0.08115516906663299,0.6965963418544576,48.67182202962862,5.1662936033922255,0.17260589499873646,14.452257213884272,15.7144375093025,-0.00010389330053328649,-0.0017315859165440983,-0.0009177396085391365,-0.07721269762793881,0.0003002640597724593,-0.0027001611709565054
TA,2022,1,S,Puglia,073,6.477158434199958,6.813487311926753,6.645322873063356,6620125.0,46.08467547717161,0.23254114580501445,9.57291381122574,3959156.0,40.3734563246687,43.644702216629526,-0.036463548489134606,14.295695409344063,14.426637919319788,13.599999999999998,37.1129587608359,3.1296438265523423,31.544917444036862,0.1653167035056133,1.2201296308710678,62.91608062317054,10.810125284459913,0.362090303963703,14.588913808049881,15.705624809910152,0.0249864383263807,0.02294973284028856,0.023968085583335075,0.09829660920373762,0.04129069475491143,-0.008812699392349188
TA,2023,1,S,Puglia,073,6.495591890087247,6.818899813569804,6.657245851828525,6582538.0,46.38030661700991,0.2520650094958447,9.63245905534733,3959156.0,43.32179339900972,47.72792174613518,-0.049397581067307746,14.342781042569822,14.507693573866826,13.5,37.5057665545984,3.154284864294215,30.155769945912944,0.14377144259311186,1.1432323166717184,65.25302191709373,13.629148072909473,0.3549918405185931,14.645884731497906,15.699930943218583,0.01843345588728873,0.005412501643050405,0.01192297876516868,0.081055654547038,0.05954524412158868,-0.005693866691569127
TA,2024,1,S,Puglia,073,6.501769172958406,6.825246541212013,6.663507857085209,6544930.0,45.77932370301236,0.2504442642718165,9.695217059180006,3959156.0,41.81928150569548,46.9943982240735,-0.05839952836889463,14.352490699316045,14.577531396238824,10.5,37.55431533283194,3.60998117156565,30.790399644635325,0.17869440299130077,1.3718883396840496,70.8929190702651,17.14642726230397,0.4361281925837759,14.657415865352215,15.694201262081778,0.006177282871159484,0.006346727642209338,0.006262005256684411,0.06983782237199776,0.06275800383267693,-0.005729681136804388
TE,2015,0,S,Abruzzo,067,6.597611231683929,6.963589311061157,6.780600271372543,3469014.0,46.15271404514641,0.2400193872183312,9.497611746952773,2185575.0,40.974335343625235,35.41763862338465,0.07122352301592773,14.253485175775596,14.307685758791632,11.5,45.99444665355446,7.629718867821218,13.032851197301683,0.054873175281678156,1.002699473022249,192.76494417270712,26.161944323904773,0.351707939571238,14.51600418716716,15.059380961688914,-0.037952107095195586,-0.023160868098950793,-0.030556487597073634,0.008971144354822158,0.011964876979604355,0.013117313856243484
TE,2016,0,S,Abruzzo,067,6.575386267418968,6.947337201715334,6.761361734567151,3458897.0,45.124416085303345,0.22505785673004414,9.52056049310523,2185575.0,43.65102406153719,37.37606263699202,0.08105642842132744,14.262302861817254,14.324300731606444,11.1,46.00726997101592,7.590902849645236,9.253141733241467,0.04792021043677995,0.942076934503416,191.00614506522072,27.623708430210193,0.32446267775860804,14.57109013709187,15.05646031008364,-0.02222496426496079,-0.016252109345822774,-0.01923853680539178,0.01661497281481239,0.022948746152456678,-0.002920651605274216
TE,2017,0,S,Abruzzo,067,6.559460851171458,6.935264958757118,6.747362904964287,3440385.0,46.446989209485544,0.23793416465969167,9.5424466600539,2176985.0,49.412531433047555,42.43902956106053,0.09033231733849975,14.274589284506764,14.348991618246792,10.2,45.27337697397571,7.6483252573010265,10.340627946130734,0.051808591137009925,0.9731020726716535,202.82636320928296,28.450610535899063,0.3673016393353823,14.615952632066216,15.051093941691812,-0.01592541624750954,-0.012072242958216073,-0.013998829602863694,0.024690886640348353,0.021886166948670294,-0.005366368391827692
TE,2018,0,S,Abruzzo,067,6.565060044628134,6.942324243371507,6.75369214399982,3380177.0,44.611137786329714,0.2223398311785905,9.552378108863625,2144549.0,39.37817099018475,37.4229489946443,0.024255903142366895,14.290499049859632,14.371974526989852,10.1,44.59091373776032,7.857059507980284,12.010894425554891,0.06236594181324986,1.0994241891379388,214.13881228172937,29.59025327823974,0.38221789335325973,14.609780537731918,15.033438632952011,0.0055991934566756996,0.007059284614388872,0.00632923903553273,0.022982908743060193,0.009931448809725296,-0.017655308739801256
TE,2019,0,S,Abruzzo,067,6.557781877710698,6.93561337246034,6.7466976250855195,3381727.0,46.595439526345515,0.2500891421938898,9.58981645435896,2144549.0,48.66810122675146,37.85840236131219,0.13421701623445664,14.298731536878893,14.390855927691584,9.3,44.03985036169159,8.007061555722304,14.17457464158795,0.07175099774938995,1.2278580667406342,210.6125895692544,26.67797092296865,0.4169390069061791,14.631583527526258,15.033897083715923,-0.007278166917435769,-0.006710870911167177,-0.006994518914300585,0.01888140070173172,0.03743834549533531,0.0004584507639115998
TE,2020,1,S,Abruzzo,067,6.548551329661541,6.928559442616221,6.738555386138881,3372372.0,45.33742507764231,0.22937121267069768,9.611390563427427,2144549.0,45.11506912214347,41.41437698571002,0.046112616820829795,14.303013979455951,14.405554007743989,9.4,43.899446126557855,7.985022567458956,14.21269234909955,0.07417594357772787,1.2708298201734363,138.14369874348995,8.012352500414565,0.3422139725297775,14.491113229758247,15.031126912303746,-0.009230548049156795,-0.007053929844119011,-0.008142238946638791,0.014698080052404805,0.02157410906846735,-0.002770171412176836
TE,2021,1,S,Abruzzo,067,6.549208974808451,6.929518928399175,6.7393639516038135,3344852.0,47.173183262088706,0.26547162122299767,9.601612168272535,2144549.0,38.00479363936263,35.38241358538845,0.03281894087241475,14.210150370913528,14.328341310116052,6.9,43.55542669320794,7.951121719990114,14.695302793798756,0.08779056139567397,1.4229676097280528,191.6406661829721,17.774387002113222,0.4408605039151201,14.452257213884272,15.022933005423617,0.0006576451469095801,0.0009594857829542391,0.0008085654649327978,-0.07721269762793703,-0.00977839515489265,-0.008193906880128665
TE,2022,1,S,Abruzzo,067,6.5546636526845505,6.935325263375581,6.744994458030066,3332506.0,46.783726377012314,0.2514020231747897,9.6569473620329,2144549.0,43.57257435838724,37.36774461581436,0.07831081262704845,14.295695409344063,14.426637919319788,6.3,42.79192916349212,7.921447716057831,15.428426747934589,0.09533732995964085,1.4906544784140918,204.91283233981827,27.281134060932224,0.46583632360416405,14.588913808049881,15.019235131483493,0.005454677876099545,0.005806334976405481,0.005630506426252069,0.09829660920373584,0.05533519376036544,-0.003697873940124552
TE,2023,1,S,Abruzzo,067,6.5679173702829745,6.9511974003583035,6.7595573853206385,3330118.0,45.3876794313853,0.22980869111679547,9.713320033326443,2144549.0,51.02266601750652,39.699746169354405,0.1433406113601454,14.342781042569822,14.507693573866824,6.7,41.99443684166045,7.940694741943425,15.626253808957989,0.10333939841704753,1.5472104859949427,217.07701950943826,28.301827579261623,0.5135506984248918,14.645884731497906,15.018518296764242,0.013253717598423975,0.01587213698272283,0.014562927290572958,0.08105565454703623,0.056372671293543064,-0.0007168347192507696
TE,2024,1,S,Abruzzo,067,6.588244871466711,6.972029114370049,6.780136992918379,3337569.0,47.48946693579488,0.2535656985062716,9.781730403164932,2144549.0,55.15587049489085,37.944461266718974,0.21783104854253005,14.352490699316045,14.577531396238825,9.2,41.012639303279826,7.937320139787797,17.34305416390594,0.29526930968086396,2.4340709829572535,221.01395011771956,28.971312955942327,0.6171180086614995,14.657415865352215,15.020753255634238,0.020327501183736274,0.020831714011745106,0.02057960759774069,0.06983782237200131,0.0684103698384888,0.002234958869996362
TN,2015,0,NE,Trentino Alto Adige,022,7.484423190548588,7.643294829150222,7.563859009849405,2684535.0,41.81016906721318,0.1999709346113618,9.759680141914748,1562905.0,72.0067383435054,48.46353151362917,0.3421181853791116,14.253485175775596,14.307685758791632,6.8,43.834930183003536,8.752509188382506,10.412595249189849,0.09995166953729537,3.0669987155606475,476.90633970803736,270.0628392728176,0.5817131923621404,14.51600418716716,14.803018086569418,-0.02181833943620859,-0.020158044452582402,-0.020988191944395496,0.008971144354822158,-0.01911645114181937,-0.07701284544182307
TN,2016,0,NE,Trentino Alto Adige,022,7.484648084717312,7.645597222708765,7.565122653713038,2707584.0,43.979153970536856,0.21900925497078874,9.775465104892417,1570765.0,75.220867546632,49.55189624108521,0.36975868090453234,14.262302861817254,14.324300731606444,6.8,39.00806197918453,12.616782363092941,11.13764826367419,0.1136556961688092,3.599415571278895,669.7202254126987,327.0070915452346,0.7499542561036115,14.57109013709187,14.811567282306767,0.00022489416872417678,0.002302393558542448,0.0012636438636333125,0.01661497281481239,0.01578496297766918,0.00854919573734847
TN,2017,0,NE,Trentino Alto Adige,022,7.472795978018021,7.635149519033096,7.553972748525559,2505167.0,43.45942325706283,0.21343333221455008,9.786379875654054,1453175.0,73.64564946696063,53.04087995733086,0.2986709848581004,14.274589284506764,14.348991618246792,5.7,36.369081538819444,12.465617822995174,10.766724802115103,0.11567683802535612,3.6860860051800914,703.6843044444435,330.4204077395765,0.7488160392850121,14.615952632066215,14.733865956945646,-0.011852106699291376,-0.01044770367566894,-0.01114990518747927,0.024690886640348353,0.010914770761637271,-0.07770132536112051
TN,2018,0,NE,Trentino Alto Adige,022,7.467183911614392,7.62943766965988,7.548310790637135,2526475.0,43.123710354202366,0.2091230612070474,9.822535293699136,1457630.0,88.13286343565541,55.27398098384602,0.48560401248364354,14.290499049859632,14.371974526989852,4.8,36.962167986302674,12.428675872953958,10.029322797268664,0.12034878822966612,3.6751291963492343,695.7767126807178,314.9638605600708,0.7098236256972197,14.609780537731918,14.74233560855333,-0.005612066403628546,-0.005711849373216005,-0.005661957888423608,0.022982908743060193,0.036155418045082044,0.008469651607683204
TN,2019,0,NE,Trentino Alto Adige,022,7.476900752133852,7.644156765701796,7.560528758917824,2535579.0,43.74380937917269,0.21613180623134925,9.851313858260179,1458140.0,88.78170894423499,54.418634674665064,0.5139196164594221,14.298731536878893,14.390855927691584,5.0,38.31580922890321,12.612483208557938,10.553529591916437,0.1398542113012287,3.892442582970444,733.9775833556512,344.00825641372484,0.7865014278483641,14.631583527526258,14.745932571294436,0.009716840519459424,0.014719096041916124,0.012217968280689107,0.01888140070173172,0.02877856456104233,0.0035969627411063243
TN,2020,1,NE,Trentino Alto Adige,022,7.4670262076192095,7.63941578643121,7.55322099702521,2549970.0,43.082150235762796,0.18862308597186664,9.866630258555343,1458140.0,95.47121727732421,59.65816678486787,0.5337722437517989,14.303013979455951,14.405554007743989,5.4,39.09923324626615,12.422841049190131,11.21273433518155,0.14766367880916131,3.9796078643524644,425.5226706836269,132.30132761071408,0.6702853918978321,14.491113229758247,14.751592152359521,-0.009874544514642203,-0.004740979270585477,-0.00730776189261384,0.014698080052404805,0.015316400295164456,0.005659581065085462
TN,2021,1,NE,Trentino Alto Adige,022,7.467823993934794,7.637555716018108,7.5526898549764505,2526996.0,44.22986337913516,0.2131226645482096,9.85690020928634,1458140.0,86.5612649219667,54.43109013974721,0.4815031738376604,14.210150370913528,14.328341310116052,4.8,37.85143239325972,12.228499044039841,12.366422795528482,0.15168067314200154,4.040460804947163,552.5742732690139,225.45548864296308,0.7633105043060281,14.452257213884272,14.742541803464448,0.000797786315584581,-0.0018600704131026546,-0.000531142048759925,-0.07721269762793703,-0.00973004926900245,-0.009050348895073057
TN,2022,1,NE,Trentino Alto Adige,022,7.495170242774269,7.663087078881801,7.579128660828035,2518769.0,44.45386854196522,0.23077498879647002,9.892157167522313,1458140.0,89.25952621756666,58.58153873540171,0.4591671760056294,14.295695409344063,14.426637919319788,3.8,36.96533238256345,12.299244330486802,11.972671684991422,0.15482885443541858,3.9699318961913175,745.0282950170321,340.89041364923213,0.8151865148579095,14.588913808049881,14.739280848072996,0.027346248839474896,0.02553136286369284,0.026438805851584313,0.09829660920373584,0.035256958235972746,-0.003260955391452214
TN,2023,1,NE,Trentino Alto Adige,022,7.557336479780718,7.711991255354597,7.634663867567657,2529797.0,44.82088263617546,0.23705212357349215,9.950599467231077,1458140.0,104.97867919412981,60.24183780705324,0.6677660433478894,14.342781042569822,14.507693573866824,3.8,36.29385176602271,12.349943594730021,10.980031966519466,0.1633717191325613,3.962605552173881,789.483703395987,374.56304733648085,0.8447415147324027,14.645884731497906,14.74364962033038,0.06216623700644863,0.04890417647279666,0.055535206739621756,0.08105565454703623,0.05844229970876391,0.004368772257384634
TN,2024,1,NE,Trentino Alto Adige,022,7.567967050057257,7.724567744597735,7.646267397327495,2537733.0,44.32471272756557,0.2299810246679317,10.022598541032334,1458140.0,99.6597403781199,59.27143773391572,0.598183346345911,14.352490699316045,14.577531396238825,2.7,35.95892730795721,12.282003366018994,10.172702958109491,0.17717789124010716,3.8727647808872376,792.4581352695764,385.9888973098081,0.8544676247052779,14.657415865352215,14.746781720776836,0.010630570276539686,0.0125764892431377,0.011603529759838693,0.06983782237200131,0.07199907380125659,0.0031321004464555102
TO,2015,0,NW,Piemonte,001,6.983546188465075,7.3236660807967535,7.153606134630914,24308838.0,45.94846739889146,0.2545785094413764,9.868234012113398,13372945.0,203.76097155402013,155.90458619507692,0.5506915095359519,14.253485175775596,14.307685758791632,11.9,58.62253152866218,0.9650354613187889,6.1933477413624995,0.01304674228160286,0.08556547714711091,43.55566995329681,7.63592076889422,-0.2263659335302053,14.51600418716716,17.00635054589032,-0.06005919137945259,-0.057147101688063806,-0.0586031465337582,0.008971144354823934,0.01675156144543344,-0.014707690487721692
TO,2016,0,NW,Piemonte,001,6.948364085602377,7.291318092770889,7.119841089186633,24275887.0,46.33253327992292,0.2524227468308138,9.88834413171862,13388653.0,204.86164778087158,157.96753621853145,0.5425372592856377,14.262302861817256,14.324300731606444,10.4,57.26048628159862,0.944247839354254,5.965404995991991,0.01313601354985325,0.08448255430882806,40.378236965043946,8.115271154370948,-0.23606955806432597,14.57109013709187,17.004994111123953,-0.03518210286269774,-0.03234798802586436,-0.03376504544428105,0.01661497281481239,0.020110119605222465,-0.001356434766368153
TO,2017,0,NW,Piemonte,001,6.9233500489972855,7.270652736961909,7.097001392979597,24134459.0,46.24480946738218,0.24563717982495153,9.896529186538197,13358883.0,221.31806455164136,160.33388383620348,0.7078320725164778,14.274589284506764,14.348991618246794,9.4,57.00574869461808,0.9161327918935113,6.152379264141841,0.013494683999172467,0.08557037408399751,57.80785768605459,10.966310089740723,-0.16866718685759463,14.615952632066216,16.999151211246463,-0.02501403660509194,-0.02066535580897977,-0.022839696207036297,0.02469088664035013,0.00818505481957743,-0.005842899877489316
TO,2018,0,NW,Piemonte,001,6.911997241380977,7.2682546597814355,7.090125950581206,23843074.0,46.878978339040856,0.258213347142958,9.900185907657468,13316439.0,221.60911164319702,154.70366914180514,0.7535753924161558,14.290499049859632,14.371974526989854,9.2,57.302933656014666,0.8805835396729775,3.978849232840416,0.005018283049991337,0.047779386160666834,53.823161753549805,10.129096379627915,-0.2561738335790206,14.60978053773192,16.987004334802016,-0.011352807616308525,-0.002398077180473912,-0.006875442398390774,0.022982908743060193,0.0036567211192704008,-0.01214687644444723
TO,2019,0,NW,Piemonte,001,6.868222277013648,7.258681159268031,7.063451718140839,23798767.0,46.01780169572052,0.2702130467227311,9.920758108634187,13378333.0,203.39813865885924,155.47149011246165,0.5467825285946004,14.298731536878893,14.390855927691584,8.3,58.382608606459854,0.8931051164090559,4.284312960173577,0.005741079340677157,0.05268223737316238,49.50276843176525,11.248912788711609,-0.2516923913117612,14.631583527526258,16.985144330577,-0.04377496436732908,-0.009573500513404554,-0.026674232440367263,0.018881400701729945,0.0205722009767193,-0.0018600042250156434
TO,2020,1,NW,Piemonte,001,6.851179616662563,7.248901432247768,7.050040524455166,24607578.0,47.05912620620525,0.2704506587564488,9.930700124589556,13891651.0,241.7350079556929,159.2253391781749,0.9370791891946468,14.303013979455951,14.405554007743989,8.3,55.215157228274826,0.8755362865890068,4.862070968640104,0.007360362146138448,0.0715854906833069,21.93823268412863,3.9932417950187538,-0.30163935601470515,14.491113229758245,17.018565002245793,-0.017042660351084926,-0.00977972702026264,-0.01341119368567334,0.014698080052404805,0.009942015955369143,0.033420671668793034
TO,2021,1,NW,Piemonte,001,6.850217030334474,7.244524436103769,7.047370733219121,24602259.0,46.25983196219524,0.24731558696791553,9.915480097494727,13917101.0,210.98559672345056,170.45266748903109,0.48460493161493384,14.210150370913528,14.32834131011605,8.3,55.50134695183568,0.895665682679886,9.14375289956086,0.01918633133533875,0.12961692172182654,33.689370853292786,6.257896728359399,-0.17844852691077437,14.452257213884272,17.018348825954835,-0.0009625863280886549,-0.004376996143999001,-0.0026697912360447162,-0.07721269762793881,-0.015220027094828836,-0.00021617629095871393
TO,2022,1,NW,Piemonte,001,6.8539138598200084,7.24767463626523,7.050794248042619,24424545.0,47.645255061632916,0.24882389797948257,9.959670207526806,13926356.0,211.00777405666977,175.83572574173596,0.41989603011389465,14.295695409344063,14.426637919319788,7.400000000000001,56.052359589035014,0.9121157247812618,10.254441393574831,0.020482254653916888,0.1326617675849608,54.512973466249484,15.15632157576348,-0.1114249968599685,14.588913808049881,17.011099127265155,0.003696829485534181,0.0031502001614605035,0.0034235148234982304,0.09829660920373762,0.04419011003207807,-0.007249698689680173
TO,2023,1,NW,Piemonte,001,6.86028556214879,7.255518852171805,7.057902207160298,24381475.0,47.402080279373415,0.2724641834421395,10.006404278452711,13926356.0,260.51039721653615,180.65282097572683,0.9545286015534169,14.342781042569822,14.507693573866824,7.0,56.27338476244575,0.9170752441884007,10.20919626065809,0.021898578381353326,0.13857210139889464,61.89949106822477,18.773513062767492,-0.0728760352940405,14.645884731497908,17.009334180597495,0.006371702328781481,0.007844215906574803,0.00710795911767903,0.08105565454703623,0.04673407092590587,-0.0017649466676594727
TO,2024,1,NW,Piemonte,001,6.865423533109687,7.26415195672975,7.064787744919718,24843613.0,47.94899349206493,0.2893425599259938,10.074941310184713,14144132.0,309.7065089342253,181.19500866818706,1.528309864492828,14.352490699316045,14.577531396238825,6.3,55.95092582735747,0.9205590577464353,10.088666012718944,0.023119941280155078,0.14319432341839425,62.731630088197065,19.224457653636605,-0.05145999978967703,14.657415865352215,17.028111255338267,0.005137970960896965,0.008633104557945082,0.006885537759419691,0.06983782237200131,0.0685370317320011,0.018777074740771837
TP,2015,0,I,Sicilia,081,6.464432961663145,6.7875171554275395,6.625975058545342,3704634.0,42.62135095403836,0.2032806754613541,9.299672650740673,2364740.0,38.58714680863397,31.837140022320707,0.0800484233209331,14.253485175775596,14.307685758791632,16.7,47.2677703554126,3.5386253700153008,8.311911704019165,0.04008196384441451,0.6524312718950058,87.4103051174447,29.65768766224651,0.16158367854694053,14.51600418716716,15.125095026407621,0.007902388206227684,0.049069112694914985,0.02848575045057178,0.008971144354822158,0.0038802967732411986,-0.02396053874861437
TP,2016,0,I,Sicilia,081,6.455432359647187,6.785024549934259,6.620228454790723,3694675.0,42.74720391116313,0.20844158497539705,9.30067137530211,2364740.0,41.342757822658626,30.22953549760886,0.13217249737054756,14.262302861817254,14.324300731606444,21.2,47.52564501636356,3.7764111067088755,8.439979675267884,0.04030960999697001,0.701429401880925,103.66536889151192,35.36954574325861,0.161227845657901,14.57109013709187,15.122403151797782,-0.009000602015958314,-0.002492605493280564,-0.005746603754618995,0.01661497281481239,0.0009987245614375695,-0.0026918746098392177
TP,2017,0,I,Sicilia,081,6.497297983534647,6.834362294551383,6.665830139043015,3639295.0,42.69233994157196,0.20769644867492132,9.324275496998272,2336972.0,34.55366315883188,31.029533334174896,0.037293458412002246,14.274589284506764,14.348991618246792,24.4,50.367127101520886,3.984765604731,8.786026043355642,0.04946203270617354,0.744477522438436,155.05548287957072,48.10509848187394,0.33679852349386064,14.615952632066215,15.107300539535593,0.0418656238874604,0.049337744617123924,0.04560168425229172,0.024690886640348353,0.02360412169616133,-0.01510261226218823
TP,2018,0,I,Sicilia,081,6.484859745774184,6.829915782077617,6.6573877639259,3618344.0,43.77377781654883,0.21846025858873333,9.326917649579404,2336972.0,37.55923957015568,31.659129139594825,0.06267151933660495,14.290499049859632,14.371974526989852,23.6,49.856734269429595,3.827489584219593,9.806042466329684,0.05460942091640353,0.8100445928842728,156.01048293548627,48.98016205390561,0.33465668039343927,14.609780537731918,15.101527020572327,-0.012438237760463267,-0.004446512473766262,-0.008442375117114764,0.022982908743060193,0.0026421525811315405,-0.005773518963266611
TP,2019,0,I,Sicilia,081,6.47599264898601,6.823215838607906,6.649604243796958,3594372.0,43.338953058870395,0.23105349728161417,9.352085315678837,2336972.0,35.057736563533624,34.84707051290319,0.002262857411033587,14.298731536878893,14.390855927691584,17.8,52.040812239003294,4.077280335142589,11.414275880562588,0.057430320597613035,0.850634912502549,143.91333798025107,45.21142607077657,0.34979128207524857,14.631583527526258,15.094879846812352,-0.008867096788174322,-0.00669994346971059,-0.007783520128942456,0.01888140070173172,0.025167666099433106,-0.0066471737599744785
TP,2020,1,I,Sicilia,081,6.4629534467105945,6.819456280209388,6.641204863459992,3616684.0,43.75610535814634,0.21987776925390745,9.368781495095053,2370005.0,37.03514557703661,41.33002660575773,-0.046529150656427536,14.303013979455951,14.405554007743989,17.6,46.64338933614592,3.917388846568804,11.369541453945681,0.06291518809615539,0.9221343994224634,68.25271367860944,9.133748462276676,0.23770256187159702,14.491113229758247,15.101068141897876,-0.013039202275415107,-0.003759558398518159,-0.008399380336966189,0.014698080052404805,0.016696179416216594,0.006188295085523876
TP,2021,1,I,Sicilia,081,6.464300957826186,6.830036845306616,6.647168901566401,3592850.0,43.97324815956593,0.23138952884351688,9.369194485111658,2370005.0,33.79295505338165,34.74455758599161,-0.010452019680261753,14.210150370913528,14.328341310116052,15.7,48.738018359566105,3.8602032872889924,14.963056798416135,0.06536679506091235,0.9061632934430176,85.99438819627538,17.53718251748591,0.29804873428612555,14.452257213884272,15.094456317381162,0.0013475111155916153,0.010580565097227712,0.00596403810640922,-0.07721269762793703,0.00041299001660455303,-0.006611824516713938
TP,2022,1,I,Sicilia,081,6.464228228854011,6.835451297663724,6.649839763258868,3461599.0,44.89178061665652,0.2338871942068911,9.42467797533338,2336972.0,36.77947113034214,36.60093000835019,0.001963516770230567,14.295695409344063,14.426637919319788,13.4,49.31933129344396,4.026243160492319,15.554361555089603,0.07862717456350957,1.134473934929708,117.51358041650542,38.05992611251421,0.3905692459228672,14.588913808049881,15.057241179009017,-7.272897217536212e-05,0.005414452357108246,0.002670861692466886,0.09829660920373584,0.05548349022172161,-0.03721513837214552
TP,2023,1,I,Sicilia,081,6.47549119616478,6.8491419041155535,6.662316550140167,3444375.0,44.196541622216394,0.23024327249487972,9.500683226339211,2336972.0,38.25763767621924,40.834615816148634,-0.028572475922639427,14.342781042569822,14.507693573866824,12.5,49.09560923120642,4.06935180005452,16.964519970130496,0.0897995975186578,1.21171217611911,125.4243532517732,47.73001689584999,0.4472073177897646,14.645884731497906,15.052253023619636,0.01126296731076959,0.013690606451829623,0.012476786881299162,0.08105565454703623,0.07600525100583155,-0.004988155389380466
TP,2024,1,I,Sicilia,081,6.488362144584155,6.864227489580577,6.676294817082365,3428459.0,44.61438488891594,0.24075714711733945,9.582242717758714,2336972.0,41.513911406219904,41.92105837605933,-0.0045481458734685926,14.352490699316045,14.577531396238825,8.1,50.86286415586114,4.030573287823859,15.879933603880014,0.0933010094593464,1.0283378530000693,148.21754696292786,57.974958231312414,0.4978938889447343,14.657415865352215,15.047621447052581,0.012870948419374528,0.015085585465023144,0.013978266942197948,0.06983782237200131,0.0815594914195028,-0.004631576567055262
TR,2015,0,C,Umbria,055,6.86906177949832,7.233854891696305,7.051458335597313,3380643.0,47.02900544494185,0.2792732047692542,9.732064645231743,1847307.0,21.712715865991502,19.2379175440213,0.03446905488058143,14.253485175775594,14.307685758791632,11.2,33.62793367535871,1.9736274998950947,12.912007202281067,0.09997121340782551,0.6617432089180338,185.20432402141873,64.42980306078375,0.47760709934483864,14.51600418716716,15.033576486052889,-0.016815410932037977,-0.018235738939030632,-0.01752557493553475,0.008971144354822158,0.014406926789959584,-0.0028058803320760717
TR,2016,0,C,Umbria,055,6.835564933276578,7.210045882691494,7.022805407984036,3267147.0,48.143153994768895,0.27094221576641364,9.75197675398639,1791637.0,12.813233298429706,10.733517012301602,0.012328670534783367,14.262302861817254,14.324300731606444,9.7,34.892641878769545,2.2554856656922917,10.621019435482859,0.1140160075987178,0.6936570633462141,209.90487058597145,72.52372362826812,0.5296452392765819,14.57109013709187,14.999427684979576,-0.03349684622174198,-0.023809009004811088,-0.02865292761327698,0.01661497281481239,0.01991210875464766,-0.03414880107331264
TR,2017,0,C,Umbria,055,6.819712683553182,7.195044745283953,7.007378714418568,3522214.0,47.72689124985317,0.29137331643835956,9.768427404619139,1932237.0,18.671226893082892,15.57079644698886,0.03626735532974853,14.274589284506764,14.348991618246792,11.7,34.72441467408614,1.9790370531167998,12.01881794412138,0.13972098487282486,0.7747066108472921,193.10730278637578,59.061034701639436,0.5170241452668666,14.615952632066215,15.074600327123706,-0.015852249723396383,-0.015001137407541165,-0.015426693565467886,0.024690886640348353,0.01645065063274842,0.07517264214413011
TR,2018,0,C,Umbria,055,6.801981560344344,7.174806187619678,6.988393873982011,3693148.0,47.548017522911636,0.26475335555460483,9.765639347536409,2031621.0,11.821229365095483,9.885479564451868,0.011504818742695733,14.290499049859632,14.371974526989852,9.8,31.890229006445853,2.0331258492186604,15.128502632645757,0.24654907904849924,1.1501333157442137,214.90294294053052,69.19256109732054,0.5918023479394243,14.609780537731918,15.121989768850803,-0.017731123208838184,-0.020238557664274737,-0.01898484043655735,0.022982908743060193,-0.002788057082730333,0.04738944172709658
TR,2019,0,C,Umbria,055,6.733641800653003,7.118870426401584,6.926256113527294,3723089.0,47.30555426356589,0.2975232558139535,9.780767827202311,2054589.0,18.504306249987255,15.638869109359474,0.03336537444045463,14.298731536878893,14.390855927691584,10.4,28.274209980285868,1.7734878363628916,18.09410673086768,0.29408404588099496,1.2800582200369173,196.91687571285289,62.73665953969745,0.5753729587414137,14.631583527526258,15.130064258021715,-0.06833975969134087,-0.055935761218094626,-0.06213776045471686,0.01888140070173172,0.015128479665902361,0.008074489170912358
TR,2020,1,C,Umbria,055,6.705285224260088,7.112355648004054,6.90882043613207,3664041.0,48.92716260701157,0.2945264185195111,9.800909132631197,2031621.0,14.09739511181255,11.650959527870947,0.014675513397171311,14.303013979455951,14.405554007743989,7.6,30.268104950005576,1.9564336000621803,17.119856846696127,0.3142981289894806,1.3254423197069953,120.66632177607842,13.30633652965418,0.5056007382777825,14.491113229758247,15.114077194669882,-0.028356576392915223,-0.006514778397529675,-0.017435677395223337,0.014698080052404805,0.02014130542888637,-0.015987063351833086
TR,2021,1,C,Umbria,055,6.595587504399199,7.034082486306675,6.814834995352936,3601874.0,47.634459365165974,0.26847492233360026,9.791812042287711,2031621.0,12.5166669137675,10.265879507756276,0.013405971502503463,14.210150370913528,14.328341310116052,7.2,33.65798807673661,1.9391373980788706,19.6176818810562,0.3256716044454933,1.3595747140499286,175.29617283540603,24.79925490457318,0.5789159265293498,14.452257213884272,15.096964823539851,-0.10969771986088883,-0.0782731616973793,-0.09398544077913407,-0.07721269762793703,-0.009097090343486158,-0.017112371130030724
TR,2022,1,C,Umbria,055,6.559995257510706,7.008806387393867,6.7844008224522865,3096702.0,49.869284137697115,0.304377597249832,9.805912412491528,1762159.0,13.944607896446504,11.392858149468362,0.015342972908561077,14.295695409344063,14.426637919319788,6.7,32.542276609549425,2.0197709270139304,20.12096107968581,0.346565066689538,1.4453192331443023,243.36401134487195,65.84383783495859,0.6669072479908635,14.58891380804988,14.945848232175223,-0.03559224688849305,-0.025276098912807576,-0.03043417290064987,0.09829660920373584,0.014100370203816937,-0.1511165913646284
TR,2023,1,C,Umbria,055,6.412354277244319,6.869886639715929,6.641120458480125,2440892.0,50.057966538541216,0.30969772065672674,9.835593780991333,1395466.0,16.507151061994534,12.155302481698591,0.026928438005075127,14.342781042569822,14.507693573866824,6.5,28.93808552242766,1.8784122717923415,21.292158527933886,0.3931615064337295,1.5923528139224106,240.33746726243453,70.81757704079382,0.7003275071431316,14.645884731497908,14.707874104234067,-0.14764098026638717,-0.1389197476779378,-0.1432803639721616,0.08105565454703623,0.02968136849980496,-0.2379741279411558
TR,2024,1,C,Umbria,055,6.432932099853416,6.889282748195568,6.661107424024492,2431187.0,49.19045520392317,0.3049818040997169,9.893300552102865,1395466.0,15.923198234040065,11.817522790374035,0.025544092808416744,14.352490699316043,14.577531396238824,5.1,27.617853467221767,1.8738116671912641,22.138480538551065,0.4438108323724535,1.7279506071033333,243.40553195429658,73.51726125397417,0.7169386017597156,14.657415865352215,14.703890173416756,0.020577822609097574,0.019396108479639018,0.019986965544367408,0.06983782237199954,0.05770677111153155,-0.003983930817311077
TS,2015,0,NE,Friuli Venezia Giulia,032,7.401006036955932,7.670058590581565,7.535532313768749,4574117.0,46.44845745498246,0.2382578033628926,9.889077802461328,2825218.0,27.129698037095512,19.681689424864594,0.09980184329416007,14.253485175775596,14.307685758791632,8.1,37.61867624014314,2.76350560281495,20.191705311868645,0.16201539361871806,1.5138206476233,248.5289791637551,122.14862996482697,0.8349893296166756,14.51600418716716,15.335924232599327,-0.009697038566284455,-0.0010689433137427429,-0.005382990940013599,0.008971144354822158,0.006475378932096376,0.03862505974439756
TS,2016,0,NE,Friuli Venezia Giulia,032,7.367715625809629,7.649707639276573,7.508711632543101,4557428.0,47.70658120622252,0.2759703749660708,9.904072722786665,2825218.0,27.798245492908865,19.027632143890653,0.11804603653658954,14.262302861817254,14.324300731606444,8.1,36.784081050434374,2.8855917513333704,21.882753039424493,0.2120838618841746,1.703731867664873,272.647818162581,139.77336234380158,0.8880252802209575,14.57109013709187,15.33226898727522,-0.03329041114630371,-0.02035095130499176,-0.02682068122564729,0.01661497281481239,0.014994920325337446,-0.0036552453241061045
TS,2017,0,NE,Friuli Venezia Giulia,032,7.319274302330809,7.625913679584625,7.472593990957717,4559411.0,47.59202874871902,0.26660142717099533,9.914282445060836,2825218.0,34.55601844640056,20.301046398809994,0.19110129041738616,14.274589284506764,14.348991618246792,6.0,37.69382789369705,3.2143412056186857,23.74853981611033,0.27170549822553103,2.0544063387839415,283.4809860734011,146.73475616207412,0.9534369518782956,14.615952632066215,15.332704006481169,-0.04844132347881924,-0.02379395969194853,-0.036117641585384774,0.024690886640348353,0.01020972227417083,0.0004350192059483504
TS,2018,0,NE,Friuli Venezia Giulia,032,7.302093319726393,7.61306998067559,7.457581650200991,4568137.0,46.29328873645489,0.23428520854619667,9.916146269980674,2825218.0,37.64664139286325,20.879927477217702,0.22690170457934927,14.290499049859632,14.371974526989852,7.3,37.5254587933669,3.5344599946752466,25.326129183576363,0.35368392844550633,2.3368360623859887,344.7021962590922,169.4843244541872,1.0265621726749237,14.609780537731918,15.334616021111687,-0.01718098260441625,-0.012843698909034806,-0.015012340756725528,0.022982908743060193,0.0018638249198374979,0.001912014630518044
TS,2019,0,NE,Friuli Venezia Giulia,032,7.288007087741233,7.60149882002222,7.444752953881727,4571831.0,47.4939594664427,0.24719353196482963,9.936645773309921,2825218.0,36.536745906940716,21.22421967483974,0.20733938899304535,14.298731536878893,14.390855927691586,5.8,36.30607348749911,3.5808123384395993,27.422498658770003,0.47103874955059266,2.6855108370421497,384.26112456335056,189.0465571793595,1.0909221470182815,14.631583527526258,15.335424339084165,-0.014086231985159792,-0.011571160653369716,-0.01282869631926431,0.018881400701733497,0.02049950332924766,0.0008083179724778233
TS,2020,1,NE,Friuli Venezia Giulia,032,7.28366226077758,7.600436400620293,7.442049330698937,4554093.0,47.27849211783916,0.2501303249313864,9.954495853802072,2825218.0,34.97179328812995,25.066728443064083,0.13520651085418517,14.303013979455951,14.405554007743989,4.5,36.89442369445607,3.612577192894763,26.542163827358838,0.48366984569179666,2.6187911390837364,159.96386416592034,67.12344153275194,0.9456665891921642,14.491113229758247,15.331536947004683,-0.004344826963653681,-0.001062419401927528,-0.0027036231827901602,0.014698080052403029,0.017850080492150866,-0.00388739207948241
TS,2021,1,NE,Friuli Venezia Giulia,032,7.293133382445417,7.623164317633006,7.458148850039211,4535487.0,47.896879381702945,0.26280350047552636,9.947268806349989,2825218.0,33.48053946864838,20.121268861477986,0.17951458564361616,14.210150370913528,14.328341310116052,5.6,36.31390448786153,3.6016057985388668,28.081349499301897,0.4792443757656729,3.3846400491906308,242.41853663752994,115.74036371793115,1.0310775419736673,14.452257213884272,15.327443022755881,0.009471121667837146,0.022727917012713483,0.016099519340274426,-0.07721269762793703,-0.007227047452083468,-0.004093924248801173
TS,2022,1,NE,Friuli Venezia Giulia,032,7.3341718796907,7.671144577312839,7.50265822850177,4499426.0,47.25608618975254,0.2704020562465995,9.975799714426728,2825218.0,38.105345518807596,23.59577778129798,0.1985558582867316,14.295695409344061,14.426637919319788,6.3,35.598170415427454,3.28930179205606,28.105103592160418,0.5442260762051883,3.424177886098253,297.4649245705445,175.12326480490685,1.076873940825815,14.588913808049881,15.319460391049091,0.04103849724528352,0.047980259679833104,0.04450937846255876,0.09829660920373584,0.02853090807673908,-0.007982631706790144
TS,2023,1,NE,Friuli Venezia Giulia,032,7.374181159416683,7.693525384056579,7.533853271736631,4498008.0,49.40531590894325,0.29425806235689944,10.022381885358891,2825218.0,43.936473434431164,26.621813579068498,0.2378883791417979,14.342781042569822,14.507693573866824,3.3,36.31880474011636,3.9182695908123235,30.12738748793211,0.6610528362014589,3.8796057515688527,345.05300653492924,197.49978342264492,1.155862316718178,14.645884731497905,15.319145190068069,0.04000927972598234,0.022380806743739434,0.03119504323486133,0.08105565454703623,0.046582170932163436,-0.00031520098102255645
TS,2024,1,NE,Friuli Venezia Giulia,032,7.288169321587179,7.613071007164244,7.450620164375712,2806075.0,48.13453421087504,0.2773285039091833,10.088765343730259,1765220.0,44.23886464418804,25.795103807906212,0.25072109862396597,14.352490699316045,14.577531396238827,5.9,34.09526063637341,4.1255909957777845,30.448353679338698,0.8129674927319704,4.212059963965919,376.0654556468093,230.301595759392,1.2159673088802974,14.657415865352217,14.847297267726404,-0.08601183782950361,-0.0804543768923347,-0.08323310736091916,0.06983782237200309,0.06638345837136761,-0.4718479223416647
TV,2015,0,NE,Veneto,026,7.03369853569197,7.199064641082114,7.116381588387043,8613869.0,44.47418408423194,0.2344229343750507,9.790669831586586,4264512.0,101.63657640184218,93.33324823905473,0.10083602826507478,14.253485175775596,14.307685758791632,7.7,46.64546800981148,0.9106561104202257,14.636885493342222,0.0926445854434952,0.225403291350663,84.48244023650496,44.8540712505894,0.14278830067447465,14.51600418716716,15.9688841366793,-0.06416169626060331,-0.059364900115841834,-0.06176329818822168,0.008971144354822158,0.012198005112637134,-0.06338866707160307
TV,2016,0,NE,Veneto,026,6.983071167929434,7.14908890720529,7.066080037567362,8521818.0,44.71002153324738,0.22893872488437292,9.812240319016752,4230132.0,105.67599839218059,94.44188631447437,0.13728254320807132,14.262302861817254,14.324300731606444,7.0,45.89648635438716,0.9408940978921839,19.12633278241442,0.12572918129976282,0.3230190091108466,84.89142122319117,43.35562881702627,0.20731889803293868,14.57109013709187,15.958140256324855,-0.0506273677625364,-0.04997573387682408,-0.050301550819680685,0.01661497281481239,0.021570487430166096,-0.010743880354445068
TV,2017,0,NE,Veneto,026,6.980805753766124,7.14992689064562,7.065366322205872,8400374.0,45.100184674436136,0.24198452808372728,9.827288185728865,4165938.0,121.02143227638238,95.18996689974279,0.3181794941330247,14.274589284506764,14.348991618246792,5.6,42.10605765446038,0.9412080447440583,26.127036101550647,0.1903179579762353,0.5181790096938445,99.63536370396633,51.87078117234587,0.3352287549985786,14.615952632066215,15.943786786631911,-0.002265414163309387,0.0008379834403298148,-0.0007137153614902303,0.024690886640348353,0.015047866712112778,-0.014353469692943932
TV,2018,0,NE,Veneto,026,6.97876282970063,7.1494486556503265,7.064105742675478,8385072.0,45.03334839860723,0.23953548369962657,9.832483892473158,4145526.0,140.16654339563348,99.67980486811379,0.49933354391982404,14.290499049859632,14.371974526989852,8.0,41.64468235884624,0.952095086005802,29.264160375843808,0.2394788855637714,0.6115396933213801,100.54785881529553,54.49986965987205,0.37986951583304407,14.609780537731918,15.941963539964656,-0.0020429240654946668,-0.0004782349952936471,-0.0012605795303937128,0.022982908743060193,0.005195706744293815,-0.0018232466672554182
TV,2019,0,NE,Veneto,026,6.978640005964377,7.148868734255611,7.063754370109994,8397785.0,44.39031208149985,0.23298366422075203,9.85719837715185,4145526.0,137.0078830487833,103.1144194770263,0.4178512068078137,14.298731536878893,14.390855927691584,7.0,39.896470825965245,0.9546995115392463,32.04536188738676,0.27961350120270734,0.7177835600263637,99.56965915229414,53.39424793216972,0.4048698517243152,14.631583527526258,15.943478538564905,-0.00012282373625271958,-0.0005799213947152992,-0.0003513725654844535,0.01888140070173172,0.024714484678691306,0.0015149986002498395
TV,2020,1,NE,Veneto,026,6.97724538344006,7.15120197138609,7.064223677413075,8399619.0,45.53864238100048,0.22042258538098605,9.872859655252947,4145526.0,148.31554314793053,117.70551249235908,0.37824374755297235,14.303013979455951,14.405554007743989,5.5,39.467554685509576,0.9641828712943624,33.27505781723732,0.286559589395768,0.7226306176330585,33.618348211583985,9.840951874313154,0.27305768912060924,14.491113229758247,15.94369690564202,-0.0013946225243168797,0.002333237130478949,0.0004693073030814787,0.014698080052404805,0.01566127810109741,0.00021836707711386794
TV,2021,1,NE,Veneto,026,6.974589713564628,7.153953569567503,7.064271641566065,8363343.0,46.445267234856885,0.25124086011355223,9.857356030425342,4145526.0,119.1117174762128,104.77788511287643,0.17742115476122663,14.210150370913528,14.328341310116052,4.9,37.233653419782094,0.8889150062646526,34.646127325060135,0.2801978555085571,0.7560235534053023,51.49803559630364,16.439020194939616,0.31022038953320796,14.452257213884272,15.939368785512807,-0.0026556698754323094,0.0027515981814127954,4.796415298979895e-05,-0.07721269762793703,-0.015503624827605478,-0.004328120129212465
TV,2022,1,NE,Veneto,026,6.989754550085625,7.16998717052915,7.079870860307387,8331105.0,45.88818149822524,0.23320110114670953,9.904047538859908,4145526.0,126.24688061103184,102.43737554016512,0.29528152758779985,14.295695409344063,14.426637919319788,5.2,38.118624709069074,0.9307140511945049,34.53773501073991,0.28164172370788076,0.7535724921637449,77.35274617374473,33.07828734101821,0.3961007726614713,14.588913808049881,15.935506658406611,0.015164836520996872,0.016033600961646854,0.015599218741321863,0.09829660920373584,0.04669150843456649,-0.003862127106195601
TV,2023,1,NE,Veneto,026,7.0079857373080685,7.1879327328707925,7.097959235089431,8346512.0,46.74787769453359,0.2389353974443855,9.9531374647268,4145526.0,145.15013602061748,103.71622828093363,0.5140199989774054,14.342781042569822,14.507693573866824,5.7,34.973463431984854,0.901132274222808,39.1472489381292,0.33999733940120647,0.8895054856592943,98.78596035982815,48.727077565492415,0.48958307935005263,14.645884731497906,15.937354285004936,0.01823118722244388,0.017945562341642685,0.01808837478204417,0.08105565454703623,0.04908992586689109,0.0018476265983249363
TV,2024,1,NE,Veneto,026,7.0110380611822904,7.192490808543371,7.10176443486283,8545240.0,46.35053690983341,0.25861867818461204,10.019499656904264,4235183.0,141.64408262562,102.5464815836996,0.4843188661027532,14.352490699316045,14.577531396238825,2.4,34.01450838838463,0.9014818880307978,41.63195460793543,0.3862332213742956,1.0289979986687203,102.14573677119284,51.600645390907495,0.5177495072454001,14.657415865352215,15.960884960737758,0.0030523238742219405,0.00455807567257871,0.003805199773399437,0.06983782237200131,0.06636219217746486,0.02353067573282175
UD,2015,0,NE,Friuli Venezia Giulia,030,6.679991093630545,7.009503153143251,6.844747123386898,2306763.0,46.44845745498246,0.2382578033628926,9.810985250499588,1403901.0,75.1964677651005,64.34440762555309,0.15632842654501705,14.253485175775596,14.307685758791632,8.5,42.77144196865939,7.764780961911629,16.584719723668115,0.48945586698105137,19.280914460403636,372.9685720931842,212.53154941922253,0.2266765096076529,14.51600418716716,14.651355801059474,-0.006808012361831928,0.003584969797729265,-0.0016115212820517755,0.008971144354822158,0.013831048988730998,-0.011827832604218713
UD,2016,0,NE,Friuli Venezia Giulia,030,6.68871857777391,7.018439163839557,6.853578870806733,2272956.0,47.70658120622252,0.2759703749660708,9.829150994068947,1388325.0,72.73473272181025,64.04316088712852,0.12279972949007308,14.262302861817252,14.324300731606446,6.900000000000001,42.510830813595526,8.009011961977727,18.32365877257767,0.5463921955633322,20.38319801328697,398.15649234116796,233.89571263840992,0.293518145289057,14.57109013709187,14.63659174497024,0.008727484143364883,0.00893601069630634,0.008831747419835168,0.016614972814814166,0.01816574356935874,-0.014764056089234145
UD,2017,0,NE,Friuli Venezia Giulia,030,6.681505206288327,7.010395614482912,6.84595041038562,2238491.0,47.59202874871902,0.26660142717099533,9.839850554149443,1324275.0,75.98569095487096,64.51224179111396,0.15994691940615213,14.274589284506765,14.348991618246792,6.9,44.082401992980095,5.9582684611017624,16.866922428974636,0.4511623674859742,14.667936878659118,311.65063455280887,182.0285698525606,0.280378837623598,14.615952632066213,14.6213125361056,-0.007213371485582876,-0.008043549356645308,-0.0076284604211132034,0.024690886640346577,0.01069956008049644,-0.01527920886463896
UD,2018,0,NE,Friuli Venezia Giulia,030,6.679107587252263,7.008579328864539,6.8438434580584016,2258363.0,46.29328873645488,0.23428520854619667,9.845802202015811,1334215.0,85.60620209083405,67.1219162855481,0.26272971444339926,14.290499049859632,14.371974526989852,7.1000000000000005,42.513401757406974,5.8348014561326,19.140237330860078,0.48633434440361,14.793848617096577,321.7487970067468,189.09239032291396,0.2797417162447659,14.609780537731918,14.630150772507012,-0.002397619036064391,-0.0018162856183723264,-0.002106952327218359,0.022982908743060193,0.005951647866368148,0.008838236401411237
UD,2019,0,NE,Friuli Venezia Giulia,030,6.678815862986269,7.008416600101294,6.843616231543783,2256304.0,47.4939594664427,0.24719353196482963,9.872907481630081,1334215.0,90.02367931693325,66.31097440011806,0.3377957000451099,14.298731536878895,14.390855927691584,6.8,40.186213923728225,6.0195077356125175,22.378264279479545,0.5385740999034186,15.554426910451205,325.25584160911023,187.47593600674378,0.36265428984984543,14.631583527526258,14.629238634294932,-0.00029172426599366474,-0.00016272876324485708,-0.00022722651461837273,0.01888140070173172,0.027105279614270117,-0.0009121382120795829
UD,2020,1,NE,Friuli Venezia Giulia,030,6.678522754634067,7.0078182058720495,6.8431704802530575,2249897.0,47.278492117839164,0.2501303249313864,9.88631301039617,1334215.0,92.60648293232302,80.79392294579957,0.16837809645025018,14.303013979455951,14.405554007743989,6.8999999999999995,40.87764822802486,6.108338127186162,24.1250093304066,0.5738219353829317,16.022492378586424,169.10607182063887,68.22796617287786,0.27982392854357957,14.491113229758245,14.62639499535499,-0.0002931083522019762,-0.0005983942292449029,-0.00044575129072566,0.014698080052404805,0.013405528766089247,-0.0028436389399413287
UD,2021,1,NE,Friuli Venezia Giulia,030,6.676234627157679,7.005361916638531,6.840798271898106,2224618.0,47.896879381702945,0.26280350047552636,9.872667282853705,1334215.0,83.19012552433125,63.59684283955118,0.28012948275103183,14.210150370913526,14.328341310116052,6.7,40.92655211927696,6.046113861569472,24.140672587242157,0.625053748285068,16.588462252735965,254.21043073798887,137.39573912702733,0.3540472277855601,14.452257213884273,14.615095773449594,-0.002288127476388624,-0.0024562892335184827,-0.002372208354951333,-0.07721269762793703,-0.013645727542465735,-0.01129922190539645
UD,2022,1,NE,Friuli Venezia Giulia,030,6.677908627901349,7.006992067147208,6.842450347524279,2229652.0,47.25608618975254,0.2704020562465995,9.911351033892434,1342036.0,93.03058736450119,67.33499263299655,0.36847597779307506,14.295695409344061,14.426637919319788,6.299999999999999,40.81652046868406,6.051792731250954,25.167711221754466,0.6535106692133117,15.861891372722411,327.1028409167194,190.6413572094404,0.4256393700446091,14.588913808049881,14.61735607744698,0.0016740007436704119,0.0016301505086770973,0.0016520756261728664,0.09829660920373584,0.038683751038728786,0.0022603039973851935
UD,2023,1,NE,Friuli Venezia Giulia,030,6.645983009807324,6.982157246164811,6.814070127986069,2013366.0,49.40531590894326,0.29425806235689944,9.956774224305482,1219311.0,108.79384279058118,70.28456071078969,0.5607481914721599,14.342781042569822,14.507693573866826,5.4,38.48527594700463,6.4522930388918445,27.752382219992022,0.7164109660104077,17.35291664605418,382.55159711101487,228.69790574716748,0.5194500193901102,14.645884731497905,14.515318506276824,-0.031925618094025054,-0.024834820982396977,-0.028380219538210127,0.081055654547038,0.04542319041304843,-0.10203757117015577
UD,2024,1,NE,Friuli Venezia Giulia,030,6.652328918858982,6.989710888992414,6.821019903925698,2059410.0,48.13453421087504,0.2773285039091833,10.030077085715154,1242023.0,109.31784069712762,67.78114597171272,0.6017687294020447,14.352490699316045,14.577531396238827,4.7,37.89266089701731,6.25083059000164,29.24514862998389,0.7531852373795014,17.031021841263282,372.30984736936324,229.60927763099866,0.5337059513172059,14.657415865352213,14.537930091976236,0.00634590905165755,0.007553642827603291,0.006949775939628644,0.06983782237200131,0.07330286140967246,0.022611585699412018
VA,2015,0,NW,Lombardia,012,6.939369636567992,7.188507089148968,7.06393836285848,5635079.0,43.84461982414903,0.2156335042841329,9.844998906159798,3021521.0,146.5161774528894,122.87916395601422,0.31641147593682506,14.253485175775596,14.307685758791633,9.0,49.74141524985478,1.8413796347771336,6.608421837379613,0.01175992971319597,0.0749994564927671,179.07893730479913,105.47648529459717,-0.19489956758676658,14.516004187167162,15.544521724878592,0.014957888687665566,0.050455131371174744,0.0327065100294206,0.00897114435482571,0.01261786702572465,-0.0017728481294891907
VA,2016,0,NW,Lombardia,012,6.94015404309687,7.191137326515351,7.065645684806111,5682867.0,44.08271754721849,0.2334114755542758,9.861643558861036,3043292.0,148.443262470134,121.57287608320172,0.3602870156838127,14.262302861817252,14.324300731606444,8.2,49.186700334725664,1.7827978425126194,6.596961954981036,0.010999006990878763,0.07145864842752608,188.15446657781317,113.60116658294072,-0.19982366144456268,14.57109013709187,15.552966416873252,0.0007844065288775681,0.002630237366383348,0.001707321947630902,0.016614972814810613,0.01664465270123827,0.008444691994659692
VA,2017,0,NW,Lombardia,012,6.9356327750259,7.18929230786032,7.06246254144311,5720096.0,45.37435286638224,0.23551490523232005,9.870003654210544,3064146.0,156.89241918508526,128.94540426823804,0.374900891993672,14.274589284506764,14.348991618246792,6.5,49.03714800950976,1.741269430693491,6.65616915518489,0.011816575194294583,0.07751269520678128,209.23611502726493,127.85391481437111,-0.14699985143159985,14.615952632066215,15.559496146431927,-0.00452126807096942,-0.001845018655030728,-0.003183143363001406,0.024690886640348353,0.008360095349507546,0.006529729558675257
VA,2018,0,NW,Lombardia,012,6.92914720883968,7.181961304008521,7.0555542564241005,5688010.0,43.68811353971883,0.20085718399985134,9.869473638517551,3047241.0,161.17155409540445,122.89369308282409,0.5041029042059564,14.290499049859632,14.371974526989852,5.9,49.08087670464115,1.7742513883502755,7.851138272445764,0.021629993477634894,0.10264768886234267,188.9274155505632,115.91721018079969,-0.10024137141405984,14.609780537731917,15.55387100855087,-0.006485566186220204,-0.007331003851799522,-0.006908285019009419,0.022982908743060193,-0.0005300156929930466,-0.005625137881057896
VA,2019,0,NW,Lombardia,012,6.925482768680615,7.1755210472115545,7.050501907946085,5699282.0,45.99210551342149,0.23324637851742677,9.891299799423122,3049890.0,166.55294044732355,125.20666983313988,0.5462178175256895,14.298731536878895,14.390855927691584,5.4,45.71217785172565,1.7805457458368503,11.013990218070443,0.03459304696256342,0.15802089061337563,188.18393440128185,117.57685766725854,-0.09036276851119003,14.631583527526256,15.555850759958252,-0.0036644401590653075,-0.006440256796966359,-0.005052348478015389,0.01888140070173172,0.021826160905570546,0.0019797514073829348
VA,2020,1,NW,Lombardia,012,6.9318292712349265,7.1837747243969945,7.05780199781596,5665858.0,46.01125869665263,0.23263852464841162,9.900168636383457,3032985.0,179.2271658144642,135.38887147704793,0.5667939324432731,14.303013979455951,14.40555400774399,5.3,45.87388823658798,1.750845810042274,12.871561410948729,0.03885745662004732,0.156191177256548,69.60988741227833,29.435972964191524,-0.12304812166810587,14.491113229758245,15.549968897286574,0.006346502554311684,0.008253677185440011,0.0073000898698749594,0.014698080052406581,0.008868836960335358,-0.005881862671678562
VA,2021,1,NW,Lombardia,012,6.939758071696542,7.190965151459508,7.065361611578025,5647055.0,46.8415531193339,0.24482076892343174,9.874705166544276,3042677.0,150.66490860804382,129.79671265969375,0.2746166100264111,14.210150370913528,14.328341310116052,6.6,44.95441665663539,1.7841797553161671,12.891605155318556,0.04751461744161576,0.1828640433853173,85.22215552267076,38.49558906428755,-0.09876091401609506,14.452257213884272,15.546644728292332,0.007928800461615815,0.007190427062513827,0.007559613762064821,-0.07721269762793881,-0.02546346983918113,-0.0033241689942418162
VA,2022,1,NW,Lombardia,012,6.947309167810094,7.1973147374654225,7.072311952637759,5627862.0,45.254954987427716,0.22273986513471955,9.915936554971903,3042677.0,171.9280003316136,134.26612314410073,0.49568659868930726,14.295695409344061,14.426637919319788,4.8,44.66404745657131,1.7303212487087773,12.164066663865619,0.05015298209047226,0.19062514892307172,145.86082069274642,86.25885760296919,-0.0595237798210186,14.588913808049881,15.543240176659927,0.0075510961135520915,0.006349586005914176,0.006950341059734022,0.09829660920373584,0.041231388427627635,-0.0034045516324052727
VA,2023,1,NW,Lombardia,012,6.961061723725949,7.213135711796288,7.087098717761118,5645650.0,45.19773075166449,0.2617128099481079,9.964310444077062,3042677.0,195.42343862208645,136.76994068790256,0.7701609947979694,14.342781042569824,14.507693573866826,3.6,43.92706311770689,1.6971544819491704,18.270598641305916,0.07622079082784318,0.2604641325079177,186.24891327940364,119.62504831193266,0.07568731888342482,14.645884731497905,15.546395895084123,0.013752555915854892,0.01582097433086549,0.014786765123359302,0.081055654547038,0.04837388910515905,0.0031557184241961522
VA,2024,1,NW,Lombardia,012,7.002744357022501,7.25314945318713,7.127946905104816,5671997.0,45.67643207443132,0.2400482100673808,10.031683986237333,3054463.0,192.16313412873484,140.44452637382236,0.6794272251055324,14.352490699316045,14.577531396238827,3.6,38.829588375148376,1.7146366230152204,24.537580905983493,0.11292039669003695,0.33542455028267826,213.65038868880174,139.87887695115842,0.17474833600591058,14.657415865352215,15.551051818279998,0.04168263329655186,0.04001374139084213,0.04084818734369744,0.06983782237200131,0.06737354216027036,0.004655923195874934
VB,2015,0,NW,Piemonte,103,6.9670851372971745,7.34479913283621,7.1559421350666925,931123.0,45.94846739889146,0.2545785094413764,9.700260862898645,570126.0,20.07601598986058,17.37782963032105,0.03409906313940546,14.253485175775596,14.307685758791632,5.8,53.55743644944991,3.6152882229289953,2.9661408089560783,0.06599959081993582,0.9294820793851628,306.90706361112933,250.23437502822333,0.27784668431827036,14.516004187167159,13.74414666353695,0.017405342669048807,0.01894830495485067,0.018176823811950626,0.008971144354822158,0.008998213493169871,-0.016057294333197802
VB,2016,0,NW,Piemonte,103,6.948966132817174,7.326357877257547,7.1376620050373605,944729.0,46.33253327992292,0.2524227468308138,9.7159373274173,580953.0,21.898846266157985,17.96707240050338,0.0498824936085803,14.262302861817254,14.324300731606444,6.3,45.30316341389972,3.525442452105758,3.6708112478189,0.07448950843535619,0.9642669854941043,327.17108707655177,266.10225681052503,0.28942539540235157,14.57109013709187,13.758653392862016,-0.01811900448000081,-0.018441255578662386,-0.018280130029332042,0.01661497281481239,0.015676464518655564,0.014506729325065137
VB,2017,0,NW,Piemonte,103,6.949665309865695,7.329067498972612,7.139366404419154,924566.0,46.24480946738219,0.24563717982495153,9.730385227448377,567437.0,23.79836144362191,17.7182158083392,0.07615805515210126,14.274589284506764,14.348991618246792,6.8,39.920749175345215,3.3338741585423084,6.827321265685853,0.0947406406867317,1.0599739561864865,343.7151486171653,280.8570871153521,0.3629108643508135,14.615952632066215,13.737079717201684,0.0006991770485216264,0.002709621715064614,0.0017043993817935643,0.024690886640348353,0.014447900031075989,-0.021573675660331304
VB,2018,0,NW,Piemonte,103,6.941247838049874,7.319408330906905,7.130328084478389,921963.0,46.878978339040856,0.258213347142958,9.72189954992796,567437.0,26.22497951465217,18.42181284072261,0.09745288246081314,14.290499049859632,14.371974526989852,5.7,43.29106756394821,3.3745768003077505,4.023685723023771,0.05696982746437815,0.8235106955239941,337.9935603535222,268.6374332882731,0.3413227217451206,14.609780537731918,13.734260371581652,-0.008417471815821642,-0.009659168065707213,-0.009038319940764872,0.022982908743060193,-0.008485677520416957,-0.0028193456200327205
VB,2019,0,NW,Piemonte,103,6.936161214664197,7.311145269557546,7.123653242110872,916214.0,46.01780169572052,0.2702130467227311,9.74426041427867,567437.0,23.769513685729244,17.890727899009054,0.07443054811101792,14.298731536878893,14.390855927691584,5.9,36.306250048164834,3.3706740996930504,6.064547602915474,0.058970997379097514,0.8784375349247907,343.0749956339519,277.3400629753832,0.3611937899703566,14.631583527526258,13.728005240824473,-0.005086623385676781,-0.008263061349358836,-0.006674842367517364,0.01888140070173172,0.02236086435071094,-0.006255130757178762
VB,2020,1,NW,Piemonte,103,6.926522024756599,7.30421219550891,7.1153671101327545,911348.0,47.05912620620524,0.2704506587564488,9.751430133682478,567437.0,24.995121556825243,19.92035445286375,0.06452760607586062,14.303013979455951,14.405554007743989,6.2,37.687854433793255,3.4279985563565227,5.4511964505171955,0.05714190753420434,0.8677533197133315,178.69660671754522,126.02866896444549,0.2665077555182991,14.491113229758247,13.72268010110412,-0.009639189907598045,-0.006933074048635746,-0.00828613197811734,0.014698080052404805,0.007169719403806951,-0.005325139720353533
VB,2021,1,NW,Piemonte,103,6.9068947100604,7.274152931988903,7.090523821024651,899773.0,46.25983196219524,0.24731558696791553,9.728640500949037,567437.0,22.979122747027425,17.818190536590905,0.06669308080859622,14.210150370913528,14.328341310116052,5.8,40.13284078469316,3.460558325720368,17.498490621240386,0.125842646219031,1.1821844097580403,249.8549719964772,185.29994795317106,0.4901763409192574,14.452257213884272,13.709897788270851,-0.019627314696198717,-0.030059263520007207,-0.024843289108103406,-0.07721269762793703,-0.022789632733440257,-0.01278231283326825
VB,2022,1,NW,Piemonte,103,6.869339473887492,7.226045022522648,7.04769224820507,861206.0,47.645255061632916,0.24882389797948257,9.831914211560612,536609.0,22.058587850684248,17.137380587408234,0.05272915306173965,14.295695409344063,14.426637919319788,5.900000000000001,42.57643585371268,1.8527908902145507,20.893325443067518,0.08964797650391089,0.5968125476264147,210.86615294868594,137.94140090434385,0.4376029888180978,14.588913808049883,13.666089011470834,-0.037555236172908124,-0.048107909466255094,-0.04283157281958072,0.09829660920373584,0.10327371061157464,-0.0438087768000166
VB,2023,1,NW,Piemonte,103,6.928886429044129,7.280023513583318,7.104454971313724,896386.0,47.402080279373415,0.2724641834421396,9.804052019993748,567437.0,30.65003661634762,19.278456880254012,0.1478884200162611,14.342781042569822,14.507693573866824,5.5,38.309217033608675,3.513953370758075,22.047166253925482,0.15557551462846264,1.2680639247277439,386.41915797879943,312.7533891712985,0.6076966953008953,14.645884731497906,13.70612640275928,0.05954695515663744,0.05397849106067021,0.05676272310865382,0.08105565454703623,-0.027862191566864425,0.04003739128844508
VB,2024,1,NW,Piemonte,103,6.942961478589985,7.29480315893241,7.118882318761198,895440.0,47.94899349206493,0.2893425599259938,9.864859408436423,567437.0,30.25975408156467,19.019864590392615,0.14560724948027248,14.352490699316045,14.577531396238824,2.8,37.597736713205855,3.6112750371276525,24.428079879735694,0.16870632796259416,1.3377061002214836,371.79497193051157,299.13475051054377,0.6242391558895442,14.657415865352215,13.705070496563149,0.014075049545855478,0.014779645349092263,0.01442734744747387,0.06983782237199954,0.06080738844267586,-0.001055906196130607
VC,2015,0,NW,Piemonte,002,6.8005420418925375,7.1946040431307985,6.997573042511667,886157.0,45.94846739889146,0.2545785094413764,9.81335936259962,530658.0,29.285806056378387,28.162487629911737,0.014087413264800614,14.253485175775598,14.307685758791632,9.6,61.16120768272406,0.9093257630091687,15.02943077107184,0.022049227844131006,0.21023462488547598,28.786619160926897,6.789590606706667,-0.17060821466478907,14.516004187167162,13.694649414791927,-0.006195099388705216,0.018387325867737836,0.0060961132395149775,0.008971144354822158,0.012586152955863739,0.0189631511466537
VC,2016,0,NW,Piemonte,002,6.736970639784705,7.129720805021178,6.933345722402941,861600.0,46.33253327992292,0.2524227468308138,9.832915783541377,517011.0,30.84795639477718,28.52908951316523,0.029651273437509576,14.262302861817254,14.324300731606444,9.0,58.95985269069859,0.9226427840232988,15.288978494623656,0.024629296016530664,0.22174366367077528,27.83834865281501,6.545712166183951,-0.16062206266307685,14.57109013709187,13.666546404824317,-0.06357140210783285,-0.06488323810962005,-0.064227320108726,0.01661497281481239,0.01955642094175758,-0.028103009967610504
VC,2017,0,NW,Piemonte,002,6.666659960226166,7.05209171384953,6.859375837037849,844755.0,46.24480946738219,0.24563717982495153,9.843781211177768,507666.0,33.228091690308624,28.814027849529616,0.05228520153957808,14.274589284506762,14.348991618246792,9.6,63.20042282063996,0.9886068862974683,12.469926369114887,0.024131067168836562,0.23450688180713355,41.221295019401666,10.29239741172282,-0.021500953570343682,14.615952632066215,13.64680192346994,-0.07031067955853842,-0.07762909117164885,-0.0739698853650923,0.024690886640348353,0.01086542763639109,-0.01974448135437612
VC,2018,0,NW,Piemonte,002,6.573060194370573,6.948574543262536,6.7608173688165545,840387.0,46.878978339040856,0.258213347142958,9.839246800728668,507666.0,33.422760463899,27.656929246146255,0.06910927102728939,14.290499049859632,14.371974526989852,7.2,51.16105283695519,0.9312663056204351,8.220865770848436,0.009089466221880421,0.19387862993426702,34.01579745499742,8.580049222159403,-0.17096184435267958,14.60978053773192,13.64161777900897,-0.09359976585559338,-0.1035171705869935,-0.09855846822129433,0.022982908743060193,-0.004534410449100079,-0.005184144460971041
VC,2019,0,NW,Piemonte,002,6.489895030613536,6.861075405766366,6.6754852181899516,836118.0,46.01780169572052,0.2702130467227311,9.861454937931226,507666.0,33.13162636571952,29.61271306048059,0.04258743938774652,14.298731536878893,14.390855927691584,7.9,49.89979127771122,0.9385142984100681,8.654264678248689,0.010098420692809919,0.20823285345590412,31.574421426962722,8.43426688449325,-0.19145978865354674,14.63158352752626,13.63652503043171,-0.08316516375703653,-0.08749913749617022,-0.08533215062660293,0.01888140070173172,0.022208137202557765,-0.005092748577260053
VC,2020,1,NW,Piemonte,002,6.466268085402565,6.836547066788517,6.651407576095541,834207.0,47.05912620620524,0.2704506587564488,9.874700797765799,507666.0,38.40958730871161,32.42530979950132,0.07283794556384808,14.303013979455953,14.40555400774399,8.2,49.80916306613637,1.029193710586995,8.279972183386397,0.009085028230122956,0.19665347178696754,15.773279525754901,2.249176352495262,-0.2556290849713022,14.491113229758248,13.634236851982852,-0.023626945210970973,-0.024528338977848563,-0.024077642094410656,0.014698080052406581,0.013245859834572826,-0.0022881784488575363
VC,2021,1,NW,Piemonte,002,6.42837835717252,6.801174572464404,6.614776464818462,817809.0,46.25983196219524,0.24731558696791553,9.863498856797026,507666.0,32.0415542998058,29.717704633317126,0.028789967774994787,14.210150370913528,14.328341310116052,8.2,51.3143080388528,1.049775482199587,14.59511812248011,0.0267847897299765,0.3064120708133684,30.2248416194388,5.540810486064952,-0.07396372892578858,14.452257213884272,13.614384091987853,-0.037889728230044994,-0.035372494324112935,-0.036631111277078965,-0.07721269762793881,-0.011201940968772917,-0.019852759994998692
VC,2022,1,NW,Piemonte,002,6.40800084289561,6.783217945883353,6.5956093943894825,814182.0,47.645255061632916,0.24882389797948257,9.900343847522022,507666.0,39.11829615032841,29.583026384691962,0.11840989181225983,14.295695409344063,14.42663791931979,5.5,52.003964570011135,1.0520791999565164,18.135892527363776,0.02466249376921684,0.28847899521704234,41.05198723428992,11.30122367226068,-0.0010087456506653178,14.588913808049883,13.609939207216366,-0.020377514276910702,-0.017956626581051793,-0.01916707042897947,0.09829660920373762,0.036844990724995696,-0.004444884771487523
VC,2023,1,NW,Piemonte,002,6.394958710797875,6.771164083159119,6.583061396978498,815745.0,47.402080279373415,0.2724641834421395,9.94274431631122,507666.0,43.35707802886508,29.891531986559418,0.16782904961134223,14.342781042569822,14.507693573866826,6.6,50.01443446841316,1.052793441029912,22.62507839446318,0.03647691561786231,0.34161072300360007,49.88374595205167,15.165057107520706,0.12940569089913959,14.645884731497906,13.611857085107944,-0.01304213209773497,-0.012053862724233255,-0.012547997410984557,0.08105565454703623,0.04240046878919834,0.001917877891578712
VC,2024,1,NW,Piemonte,002,6.3953160113034375,6.7708362009419005,6.583076106122669,817176.0,47.94899349206493,0.2893425599259938,10.01373001952826,507666.0,43.87327090981201,29.912236868880676,0.1750512596692259,14.352490699316046,14.577531396238825,6.8,46.49534658494967,1.0191863540390498,27.789299508689812,0.051163131921659916,0.39817716239704143,53.43323929366363,16.91959351869538,0.19792317826985173,14.657415865352213,13.613609772918714,0.00035730050556281867,-0.00032788221721880006,1.4709144171121125e-05,0.06983782237199954,0.07098570321704045,0.0017526878107698707
VE,2015,0,NE,Veneto,027,7.177006158849007,7.404594187827036,7.290800173338022,7169584.0,44.47418408423194,0.2344229343750507,9.781557367831502,4203656.0,88.69500649807723,69.60252101233755,0.1837128003785465,14.253485175775596,14.307685758791632,7.1,50.844071288625315,11.315785764847245,21.121990617135268,2.886449078817439,22.455647805942764,776.7266638154899,521.9830873332407,0.6687745274075506,14.51600418716716,15.785358191366804,-0.003992532534573989,-0.0051880908182582175,-0.004590311676414771,0.008971144354822158,0.011369366106837475,0.0030624630833742117
VE,2016,0,NE,Veneto,027,7.15678389712196,7.387689925685655,7.272236911403807,7254690.0,44.71002153324738,0.22893872488437292,9.8006501522174,4279438.0,86.10060197759803,71.13960015839024,0.14386926318906815,14.262302861817254,14.324300731606444,7.0,50.73061554343499,11.664369117281476,21.675269848731528,2.8271938094449265,21.897273400982044,791.1125449782722,535.7551955582254,0.6910694168721133,14.57109013709187,15.7971587142352,-0.020222261727047552,-0.016904262141380855,-0.018563261934215092,0.01661497281481239,0.01909278438589901,0.011800522868396612
VE,2017,0,NE,Veneto,027,7.149948539820108,7.382010053298106,7.265979296559106,7243326.0,45.100184674436136,0.24198452808372728,9.813480801046186,4279438.0,95.78056776020318,75.1731670518967,0.19848631349752427,14.274589284506764,14.348991618246792,4.8,48.28448164180951,11.768153339483439,26.846754491679196,3.2195385889602472,24.39920139770622,851.9115955934061,583.4628149247274,0.7796623738707998,14.615952632066215,15.795591051138771,-0.006835357301851808,-0.005679872387549523,-0.006257614844701109,0.024690886640348353,0.012830648828785485,-0.0015676630964289728
VE,2018,0,NE,Veneto,027,7.142657997314014,7.378501091534211,7.260579544424112,7275508.0,45.03334839860723,0.23953548369962657,9.814908975713356,4306587.0,99.6253957521394,74.99840106874271,0.23616768757197018,14.290499049859632,14.371974526989852,6.4,44.098467981353714,11.899082908493606,31.045969304668127,4.233298455455566,31.149155445348164,880.4929753947888,602.3221527355818,0.8287706144695303,14.609780537731918,15.800024196762651,-0.007290542506093622,-0.0035089617638943693,-0.005399752134993996,0.022982908743060193,0.0014281746671702678,0.004433145623879753
VE,2019,0,NE,Veneto,027,7.135253214316747,7.376667001212264,7.255960107764506,7276004.0,44.39031208149985,0.23298366422075203,9.838554856865407,4306587.0,109.83924644032342,78.1879318634795,0.3030830334624066,14.298731536878893,14.390855927691584,6.1,42.83118966449157,11.886950250923746,34.057699305349175,3.1412291249949087,29.754870715701426,895.2860625113499,616.4046970276271,0.8411878452374363,14.631583527526258,15.80009236837261,-0.007404782997267212,-0.001834090321946924,-0.00461943665960618,0.01888140070173172,0.023645881152051018,6.817160995886695e-05
VE,2020,1,NE,Veneto,027,7.136535529353703,7.377294779736967,7.256915154545335,7255189.0,45.53864238100048,0.22042258538098605,9.851637304010906,4306587.0,109.37591288031771,85.29917824868403,0.2315555800607631,14.303013979455951,14.405554007743989,6.2,42.62728669696316,11.909713434958356,33.86432447038066,3.48313072661313,27.01964903236442,436.04807191532865,192.27318208916154,0.6712927733764454,14.491113229758247,15.797227494960415,0.0012823150369563052,0.0006277785247021939,0.0009550467808292495,0.014698080052404805,0.013082447145498222,-0.0028648734121947683
VE,2021,1,NE,Veneto,027,7.000161665961686,7.259802439726827,7.129982052844256,11195314.0,46.445267234856885,0.25124086011355223,9.820668441964642,6650725.0,98.44334269160561,82.40932879773179,0.15973760044092258,14.210150370913528,14.32834131011605,6.0,42.90518310170136,10.880942678854732,33.150645598523326,2.9535919626522644,22.77222166889577,591.0270810524979,332.3671257724051,0.6642160263814761,14.452257213884272,16.231005855857468,-0.1363738633920173,-0.11749234001013953,-0.12693310170107885,-0.07721269762793881,-0.030968862046263368,0.4337783608970529
VE,2022,1,NE,Veneto,027,7.006290190860954,7.26258810852133,7.134439149691142,11101483.0,45.888181498225244,0.23320110114670953,9.867476063588828,6650725.0,109.206222030068,85.2713471033937,0.23895598132188706,14.295695409344063,14.426637919319788,4.3,42.84092684439876,11.150576170400425,32.649955921729585,2.467217789371616,21.6427336000393,775.6708773462503,514.8677281988588,0.7179540669141941,14.588913808049881,16.222589260962,0.006128524899267518,0.0027856687945027048,0.004457096846885555,0.09829660920373762,0.04680762162418617,-0.008416594895468421
VE,2023,1,NE,Veneto,027,7.004529413128634,7.264174884023485,7.134352148576059,11086346.0,46.74787769453359,0.2389353974443855,9.924446225248914,6650725.0,120.91306592406409,83.9910551813781,0.3688313023093356,14.342781042569822,14.507693573866826,4.4,39.742524567880366,11.11303902039345,36.52211014395092,2.703062076001423,22.916974447846375,866.4875365317912,600.8781971599307,0.8125799260242467,14.645884731497906,16.221224819010658,-0.0017607777323194185,0.0015867755021554686,-8.700111508286312e-05,0.081055654547038,0.05697016166008595,-0.0013644419513418882
VE,2024,1,NE,Veneto,027,7.008253607842002,7.2688015285623,7.138527568202151,11076951.0,46.35053690983341,0.25861867818461204,9.995004832332166,6650725.0,113.4018237085902,81.06815077808166,0.3230152304293652,14.352490699316045,14.577531396238825,3.9,38.59252026920013,11.273500988012687,38.493538616743415,2.841226280722021,23.32892611000401,881.8854654208023,623.4244795538303,0.8556962485573779,14.657415865352215,16.220377020908895,0.0037241947133681563,0.004626644538815228,0.004175419626092136,0.06983782237199954,0.07055860708325135,-0.0008477981017627201
VI,2015,0,NE,Veneto,024,7.074789369036059,7.343758045954093,7.2092737074950755,7279536.0,44.449061066510254,0.23400047905318194,9.812503912402969,3668832.0,95.85448483424986,85.73239807371117,0.1295256009855285,14.253485175775596,14.307685758791632,4.8,50.81520255907727,1.4202111128364534,13.60638420103893,0.1652734339194213,0.6825133944631839,61.864809510921575,20.892894376660795,0.01041983255077263,14.51600418716716,15.80057768187789,-0.002998636301466462,-0.005217941426891137,-0.004108288864180132,0.008971144354822158,0.014592093416952778,-0.03196709068708792
VI,2016,0,NE,Veneto,024,7.069657371831023,7.324422571254561,7.197039971542791,7404741.0,44.69392898236675,0.22874665005414743,9.833836384704723,3746081.0,95.10774966506067,87.76710389995317,0.09410344171371574,14.262302861817254,14.324300731606444,6.2,51.25721463414689,1.4556902724743184,14.83454429643051,0.1732569159072484,0.7139779215265828,63.162460075400475,21.804998077591385,0.05225024580107139,14.57109013709187,15.81763102870503,-0.005131997205035432,-0.019335474699532007,-0.012233735952284164,0.01661497281481239,0.02133247230175428,0.017053346827140103
VI,2017,0,NE,Veneto,024,7.05841636412096,7.3039459631061785,7.181181163613569,7552487.0,45.07442236392977,0.24134474125162675,9.851206199372957,3834772.0,101.20619644079609,92.16531784918948,0.1138525138094192,14.274589284506764,14.348991618246792,6.2,46.98860725430614,1.4231659144855238,19.91999234407032,0.1921508555833847,0.7597666898745341,72.49839854729399,27.099622320791887,0.13449524615745692,14.615952632066215,15.83738747095714,-0.011241007710062867,-0.020476608148382702,-0.015858807929221896,0.024690886640348353,0.01736981466823373,0.019756442252109707
VI,2018,0,NE,Veneto,024,7.044503972876717,7.283246873498957,7.163875423187837,7773708.0,45.03716150406709,0.23951572319753825,9.853038925865125,3952305.0,109.94432904625911,92.80755155546744,0.21780629739330395,14.290499049859632,14.371974526989852,5.3,47.85411085318244,1.4624216302206454,20.92454781556874,0.18614602870949004,0.6071550369265293,68.3704092186148,26.177915990540658,0.16721250026328768,14.609780537731918,15.866257828587763,-0.013912391244243594,-0.020699089607221666,-0.01730574042573263,0.022982908743060193,0.0018327264921680353,0.02887035763062329
VI,2019,0,NE,Veneto,024,7.033175877737047,7.269417480140526,7.151296678938786,8129618.0,44.39115589270763,0.23290880610448225,9.877246186890993,4147353.0,121.15060301192742,90.62001196970324,0.3874835555446459,14.298731536878893,14.390855927691584,4.7,44.88361727185303,1.4245600116548698,26.401899911720847,0.208638781158101,0.7013659482569569,72.67630384529745,27.86224707822315,0.23178950055768785,14.631583527526258,15.91102449395023,-0.011328095139669259,-0.013829393358430586,-0.012578744249050366,0.01888140070173172,0.02420726102586812,0.04476666536246654
VI,2020,1,NE,Veneto,024,7.024615471394847,7.262233396619313,7.14342443400708,8137575.0,45.53975014375295,0.22066923106149522,9.892676112640046,4156406.0,131.64734817145387,104.43641988404434,0.3468144998160772,14.303013979455951,14.405554007743989,6.9,43.5529683118438,1.361393761317682,28.97849892508953,0.24818918293291994,0.8029508483066504,35.31231190638747,6.127132834465422,0.1878193644601225,14.491113229758247,15.91200278204635,-0.008560406342200011,-0.00718408352121358,-0.007872244931706796,0.014698080052404805,0.015429925749053552,0.000978288096121105
VI,2021,1,NE,Veneto,024,6.986090328979271,7.213620090744901,7.099855209862086,9265173.0,46.445267234856885,0.25124086011355223,9.878761818659376,4724108.0,103.06370640247727,92.23768682238511,0.13474660625659282,14.210150370913528,14.328341310116052,4.6,44.03963130664355,1.23718327356968,28.86714163208752,0.24616221991930903,0.7404214231003481,50.794475115556985,10.195573867075796,0.20375047494880963,14.452257213884272,16.041773089950368,-0.03852514241557614,-0.048613305874411594,-0.04356922414499387,-0.07721269762793703,-0.013914293980670678,0.12977030790401756
VI,2022,1,NE,Veneto,024,6.992157244377129,7.216793395503702,7.104475319940415,9259784.0,45.88818149822524,0.23320110114670953,9.922287228771294,4740071.0,118.81924497864304,92.12011193255124,0.33388776939213544,14.295695409344063,14.426637919319788,3.5,44.46282860000258,1.3079856758100776,29.49333453611005,0.24184192096920332,0.8999345524595628,75.04224139385609,21.849447726559827,0.2606808672050547,14.588913808049883,16.041191280216395,0.006066915397857642,0.0031733047588007324,0.004620110078329631,0.09829660920373584,0.04352541011191846,-0.0005818097339727046
VI,2023,1,NE,Veneto,024,6.994900002504829,7.221700681667695,7.108300342086262,9641820.0,46.74787769453359,0.23893539744438547,9.970654609894034,4940748.0,130.35875752229464,89.92110424472837,0.5081209189257201,14.342781042569822,14.507693573866826,3.6,41.757245171072185,1.262157316316772,33.82995753463311,0.31031236170477056,1.1382961162700713,87.6203622452245,29.074914834899957,0.3380509668818799,14.645884731497906,16.081620445447374,0.0027427581276997515,0.004907286163993163,0.0038250221458469014,0.081055654547038,0.04836738112273942,0.040429165230978725
VI,2024,1,NE,Veneto,024,7.0107200758785755,7.229222217459128,7.119971146668851,10276687.0,46.35053690983341,0.25861867818461204,10.03918539180691,5262826.0,130.43139959971688,86.2659915154532,0.5489676301411944,14.352490699316043,14.577531396238824,2.9,40.26547954760328,1.244397324854816,36.82283203891856,0.35826515570574,1.280089842472975,89.70630613893853,32.043722207106974,0.3981282626973338,14.657415865352215,16.145388489784548,0.0158200733737468,0.007521535791433109,0.011670804582588623,0.06983782237199776,0.06853078191287665,0.06376804433717354
VR,2015,0,NE,Veneto,023,6.925396419927294,7.275891886787846,7.100644153357571,6982883.0,44.47418408423194,0.23442293437505068,9.743060853635154,3669500.0,112.81230108154624,81.30479126450706,0.37559206575570914,14.253485175775596,14.307685758791632,6.2,45.5112812404739,5.800974934054341,13.191720127282027,0.6690686503608833,2.4586489293863054,816.8785354353638,556.8265005272144,0.5661954126089316,14.516004187167162,15.758972426711434,-0.05141385960661626,-0.014393269673094622,-0.032903564639855,0.008971144354822158,0.009514303987227635,0.00163992215807518
VR,2016,0,NE,Veneto,023,6.914479178255195,7.266954583953843,7.09071688110452,6985241.0,44.71002153324738,0.22893872488437292,9.765314924491834,3669500.0,109.99894643105736,79.45373721775744,0.36525644217130826,14.262302861817256,14.324300731606444,5.3,44.44478049447241,5.948610491009062,17.301266431387543,0.949990664439626,3.307976513051795,866.3114912726311,597.2919139375051,0.6367559686906048,14.57109013709187,15.75931005258337,-0.010917241672099287,-0.008937302834003624,-0.009927272253051456,0.01661497281481239,0.02225407085668074,0.00033762587193564286
VR,2017,0,NE,Veneto,023,6.90794411979085,7.257242769920499,7.082593444855674,6989398.0,45.100184674436136,0.24198452808372728,9.782325565535535,3669500.0,114.8266569310774,83.04240997111637,0.38006548293321213,14.274589284506765,14.34899161824679,6.0,43.27407411156277,6.035194072557758,20.294985488693357,1.250732780783577,4.168896999780669,903.8519385710244,628.1253876901666,0.6995350677752905,14.615952632066215,15.759904987468287,-0.006535058464344878,-0.00971181403334409,-0.008123436248845373,0.024690886640346577,0.017010641043700758,0.000594934884917464
VR,2018,0,NE,Veneto,023,6.9059780502187085,7.253492583420381,7.079735316819544,7021716.0,45.03334839860723,0.23953548369962657,9.785649294521976,3678760.0,128.22652541812462,82.02761658308958,0.5620055735030488,14.290499049859632,14.37197452698985,7.0,41.00348213861513,5.960954425699344,25.08815591191959,1.5211524117408912,4.865053534725453,917.4708487912262,621.0166409166203,0.7419694035294901,14.609780537731917,15.764518190574764,-0.0019660695721412935,-0.0037501865001177137,-0.0028581280361299477,0.022982908743060193,0.0033237289864409547,0.0046132031064765044
VR,2019,0,NE,Veneto,023,6.921476102498751,7.268683747459918,7.095079924979335,7051908.0,44.39031208149985,0.23298366422075203,9.80892833389176,3678760.0,148.72054968413113,85.20607703002389,0.768776262280938,14.298731536878893,14.390855927691584,4.6,39.24114970967467,6.275309037714955,28.52404321232696,1.6742449154437384,5.815950283997394,943.1999765846648,642.072211337641,0.7800175980929422,14.631583527526258,15.768808776470387,0.015498052280042529,0.015191164039537242,0.015344608159790774,0.018881400701733497,0.02327903936978437,0.0042905858956228116
VR,2020,1,NE,Veneto,023,6.925118486646547,7.271055869726242,7.098087178186394,7044035.0,45.53864238100048,0.22042258538098605,9.825704306294957,3666055.0,143.89276540546942,88.04410391090927,0.6617766134988445,14.303013979455951,14.405554007743989,4.7,40.231423079508524,6.398045570413961,29.183945559035912,1.7705063026584196,6.145909078680808,421.5883878906317,240.11591709962656,0.6491025449178125,14.491113229758248,15.767691717353635,0.0036423841477963848,0.002372122266323551,0.0030072532070590796,0.014698080052404805,0.01677597240319706,-0.0011170591167513066
VR,2021,1,NE,Veneto,023,6.950495525355285,7.295018066695093,7.122756796025189,7055530.0,46.445267234856885,0.25124086011355223,9.807251432768647,3666055.0,119.94864466134565,85.32958598506123,0.4070970991877525,14.210150370913528,14.328341310116052,4.7,39.60223093272209,6.340546846231108,29.505404425642134,1.6745881249584915,5.878014149017064,683.6694198307175,435.25990057458324,0.7218736580815214,14.452257213884273,15.769322264472898,0.02537703870873731,0.023962196968851046,0.024669617838794622,-0.07721269762793703,-0.018452873526310754,0.00163054711926236
VR,2022,1,NE,Veneto,023,6.971269086706576,7.3144854763243545,7.142877281515466,7020604.0,45.88818149822524,0.2332011011467095,9.852464892880384,3666055.0,130.9103730460889,88.02319407307701,0.5071106957240287,14.295695409344063,14.426637919319788,3.2,40.011228056466884,6.461012390019234,30.061596465480285,1.3878193713908027,6.246577037151825,941.4457927021651,633.3475423191798,0.8012802520084833,14.588913808049881,15.764359812186814,0.020773561351290937,0.019467409629261745,0.020120485490277673,0.09829660920373584,0.04521346011173755,-0.004962452286083163
VR,2023,1,NE,Veneto,023,6.999410355583792,7.340746346373652,7.170078350978721,7054861.0,46.74787769453359,0.2389353974443855,9.90036861303083,3679700.0,147.29212853408876,92.16831376161437,0.6664598235873804,14.34278104256982,14.507693573866824,3.0,37.17744958158799,6.390191113724419,34.2285189070921,1.6959001378793612,7.4026766589937845,1028.72200323194,719.0582718458737,0.87565129602001,14.645884731497906,15.769227440736191,0.02814126887721624,0.026260870049297225,0.027201069463254512,0.08105565454703623,0.04790372015044575,0.0048676285493769456
VR,2024,1,NE,Veneto,023,7.037009345491218,7.375974357172745,7.2064918513319824,7154908.0,46.35053690983341,0.25861867818461204,9.968839909826098,3726746.0,137.5835169504197,91.87643112864353,0.5491675772779027,14.352490699316046,14.577531396238825,2.5,35.744538411495036,6.446261360062594,36.12374264947073,1.9022303388637882,8.174947381874988,1068.9530244456225,755.9369985054426,0.9090679105288073,14.657415865352215,15.783309112748862,0.03759898990742627,0.03522801079909321,0.03641350035326152,0.06983782237200131,0.06847129679526809,0.01408167201267041
VS,2015,0,I,Sardegna,117,6.505999616975554,6.7708856686379715,6.638442642806763,298281.0,45.02744618722462,0.21981394934131826,9.44747311480598,160822.0,65.42915073624202,58.440401670492406,0.09101165217513008,14.253485175775596,14.307685758791632,21.7,46.54657965677193,1.3697607670280865,6.788632372872567,0.023451969103273792,0.22772365145914186,53.03285714912379,27.04621130095259,-0.1729487537694129,14.51600418716716,12.605791274206759,-0.013527913628205823,-0.009310716985734935,-0.011419315306969935,0.008971144354822158,0.008712935845057501,-0.004348836516923527
VS,2016,0,I,Sardegna,117,6.469804031508628,6.737989029619243,6.603896530563935,295436.0,45.54372104791934,0.23054809451516214,9.46463870353687,160822.0,65.60395869024613,57.86580629280612,0.10182367872875528,14.262302861817254,14.324300731606444,27.8,49.211539258721665,1.3126654133147375,4.029069700427631,0.01600937070851814,0.20094809775927996,63.40791726716788,34.47112703800505,-0.24151006407247644,14.57109013709187,12.59620751030671,-0.036195585466926694,-0.032896639018728635,-0.03454611224282811,0.01661497281481239,0.017165588730890136,-0.009583763900048226
VS,2017,0,I,Sardegna,117,6.448597842563219,6.723525830151702,6.586061836357461,293146.0,45.337299734941816,0.24358360292416417,9.477337013227476,160822.0,67.84489852323054,60.989276998558466,0.09094788407257114,14.274589284506764,14.348991618246792,21.4,48.70135979535055,1.525268848768684,4.704176619010629,0.02466830970167294,0.4756076426720304,59.815687709382686,32.422107142755664,-0.174504212065171,14.615952632066215,12.588426057407576,-0.021206188945408933,-0.014463199467541266,-0.01783469420647421,0.024690886640348353,0.012698309690605925,-0.007781452899134678
VS,2018,0,I,Sardegna,117,6.436398705624001,6.713352579753726,6.5748756426888635,290726.0,45.37595294117647,0.2166124369747899,9.477304530819548,160822.0,77.85119243828964,59.49683876448353,0.24630809443913088,14.290499049859632,14.371974526989852,17.7,48.070173746550864,1.5393188851111812,4.690480776285861,0.02466830970167294,0.4802969043992791,63.10885544043706,33.76300922471277,-0.23974376678134948,14.609780537731918,12.580136521832,-0.012199136939218036,-0.010173250397975231,-0.011186193668597078,0.022982908743060193,-3.24824079278585e-05,-0.008289535575576323
VS,2019,0,I,Sardegna,117,6.443033057770094,6.718175438841313,6.580604248305703,277533.0,46.692637684213224,0.2523325289780636,9.520540496747154,156138.0,66.60155359924605,56.891083182879,0.12489506616807863,14.298731536878893,14.390855927691584,16.1,43.784455375075076,1.4546004371429953,4.133338961967994,0.026106031432219044,0.25322784651276214,70.02709623908018,35.03002973383678,-0.15773234277433118,14.631583527526258,12.533695124017251,0.006634352146093647,0.004822859087586728,0.005728605616839744,0.01888140070173172,0.04323596592760559,-0.04644139781474799
VS,2020,1,I,Sardegna,117,6.429046519757821,6.707310805085371,6.568178662421595,274816.0,47.42707658652712,0.2449303336407375,9.545326295925664,156138.0,72.11147642035183,58.779125179342124,0.1735576838276629,14.303013979455951,14.405554007743989,12.1,42.680517958989455,1.474232711173877,5.176927273378445,0.028782604989813554,0.27203580370440017,33.520054158101054,8.965255084389524,-0.21301914667421057,14.491113229758247,12.523857061798399,-0.013986538012273009,-0.01086463375594171,-0.012425585884107804,0.014698080052404805,0.02478579917850965,-0.009838062218852528
VS,2021,1,I,Sardegna,117,6.418142009498306,6.700859324472034,6.55950066698517,270463.0,47.13692312314369,0.25332590865550214,9.541485870731638,156138.0,65.64570058896274,60.13506959655216,0.07278902437563332,14.210150370913528,14.328341310116052,13.1,41.675584173729426,1.4371117725589542,5.1938610481360605,0.028782604989813554,0.27459907951867973,54.08144331661434,22.360060635925983,-0.13294914631252633,14.452257213884272,12.5078905841791,-0.010904510259515554,-0.006451480613337779,-0.008677995436425334,-0.07721269762793703,-0.0038404251940260536,-0.01596647761929937
VS,2022,1,I,Sardegna,117,6.422048537337339,6.7097581882687,6.56590336280302,268848.0,48.0127840599455,0.2688358310626703,9.582173829280244,156138.0,73.4106270485426,59.727065459948925,0.18252086793662417,14.295695409344065,14.426637919319788,12.3,41.69016079678478,1.5409300836322768,5.204606583577282,0.028782604989813554,0.29282397530519927,63.354694758974986,30.86485533980995,-0.1124463755961916,14.588913808049881,12.501901443117724,0.003906527839033558,0.00889886379666649,0.006402695817850024,0.09829660920373584,0.04068795854860596,-0.005989141061375491
VS,2023,1,I,Sardegna,117,6.420550679388462,6.708586742752841,6.564568711070652,266174.0,48.887141703179694,0.2709533484164478,9.629231765583903,156138.0,79.04282876723526,63.20152263545544,0.21404871734536107,14.342781042569822,14.507693573866824,11.4,31.697442594539986,1.2982079103926378,8.310453753615805,0.03180403688868874,0.27495201348536974,65.23847856178547,31.183998174027014,-0.06130079548586128,14.645884731497906,12.491905509248916,-0.0014978579488769128,-0.0011714455158591264,-0.0013346517323684637,0.08105565454703623,0.047057936303659176,-0.009995933868808038
VS,2024,1,I,Sardegna,117,6.415729803369987,6.707843519285687,6.561786661327837,263188.0,50.46281270809302,0.294928625230608,9.701057730509643,156138.0,78.13551006557506,67.93837987757179,0.1395681977229162,14.352490699316045,14.577531396238825,8.1,32.49819660394721,1.3029516518352475,16.742166440297055,0.05929435309595737,0.41699917563249894,88.40359002085945,44.92001935773801,0.0750150358094332,14.657415865352215,12.480623884688754,-0.00482087601847514,-0.0007432234671540527,-0.0027820497428150404,0.06983782237200131,0.07182596492573978,-0.011281624560162129
VT,2015,0,C,Lazio,056,6.999639032482062,7.280982853655547,7.140310943068805,2391497.0,42.64955373004006,0.18572315599972766,9.604992740285862,1464340.0,55.31662259612387,46.14688596630819,0.1203752294299432,14.253485175775596,14.307685758791632,13.7,31.82474304182859,2.1795652725069887,1.4018777013526826,0.015465356993671731,0.12467281478513062,52.91939611586361,9.565620419799057,-0.09433539663814461,14.516004187167159,14.687430087658884,-0.01810247114083907,-0.015533868241944582,-0.016818169691390494,0.008971144354823934,0.006091741975311038,-0.04899330379122979
VT,2016,0,C,Lazio,056,6.9945221002386075,7.281863131820626,7.138192616029617,2385117.0,44.20450969616019,0.21527117827297085,9.613094157843712,1464340.0,54.48656629486692,48.49432805348328,0.0789725028871241,14.262302861817256,14.324300731606444,14.900000000000002,33.49149175419522,2.39986678009944,1.5270389634778787,0.018182467056172113,0.1518476431051488,68.10029256420432,12.763992708084114,-0.040668550355011227,14.571090137091872,14.684758737705117,-0.005116932243454109,0.0008802781650789626,-0.002118327039188017,0.01661497281481239,0.008101417557849544,-0.002671349953766722
VT,2017,0,C,Lazio,056,6.9897970697224965,7.2832868736341085,7.1365419716783025,2382863.0,43.88151360277541,0.22234201292344857,9.631111682469914,1464340.0,55.47826234649667,52.30284764098318,0.0420935374729426,14.274589284506764,14.348991618246794,13.0,32.58772821852195,2.4132441602354375,1.7784263255935349,0.020776338825832154,0.16663030835790058,83.14570223900564,14.495863182230666,0.00302977251473656,14.615952632066215,14.683813263870114,-0.004725030516111062,0.001423741813482593,-0.0016506443513142344,0.02469088664035013,0.01801752462620243,-0.0009454738350029857
VT,2018,0,C,Lazio,056,6.983822521880916,7.284873403418398,7.134347962649657,2391782.0,43.63072779288965,0.22743967662562178,9.620970593506929,1469495.0,64.7396268198106,47.37256998447782,0.231217162075308,14.290499049859632,14.371974526989854,11.8,33.73236892678649,2.4880081931613067,2.20085443305498,0.024012976442980283,0.17671859615230634,92.20306689707989,17.144993671625507,0.04898364422835191,14.609780537731918,14.687549252775673,-0.005974547841580247,0.0015865297842898585,-0.002194009028645638,0.022982908743060193,-0.010141088962985378,0.00373598890555904
VT,2019,0,C,Lazio,056,6.974504477226362,7.282685060629321,7.128594768927842,2400402.0,46.418143833833085,0.23533623628905836,9.645363745161234,1477747.0,61.396302175200454,48.416803225389025,0.1737888654762254,14.298731536878892,14.390855927691586,10.0,32.28878373361236,2.4655569352379407,2.8727364055345967,0.029036665955456405,0.20904589524993766,104.02995210310107,19.74728814448584,0.16388412638670585,14.631583527526258,14.691146781291616,-0.009318044654554214,-0.0021883427890774243,-0.005753193721814931,0.01888140070173172,0.024393151654305,0.0035975285159430825
VT,2020,1,C,Lazio,056,6.9596315665029485,7.269359002944391,7.11449528472367,2583059.0,45.115072570893176,0.222680506597759,9.657700273176156,1585691.0,62.50160776236108,58.12444173369842,0.058548695690723254,14.303013979455951,14.40555400774399,9.2,31.54359352337961,2.429951727916423,2.7579968212279002,0.03034065153886703,0.21420063571840808,59.82059973394274,4.599348796238331,0.012456342153055945,14.491113229758247,14.7644849134741,-0.014872910723413568,-0.013326057684929893,-0.01409948420417173,0.014698080052404805,0.01233652801492191,0.0733381321824833
VT,2021,1,C,Lazio,056,6.945180465896517,7.260441766309395,7.102811116102956,2583566.0,45.817300418952705,0.2316467145538048,9.642951697734611,1585691.0,57.487222722311365,46.73678728667009,0.14410053371651507,14.210150370913526,14.32834131011605,10.9,30.216664926802203,2.4469023684489595,3.564606525121471,0.04458370512999038,0.27444427200693083,64.5010375620889,5.972124024237833,0.0724801406750039,14.452257213884272,14.764681173121984,-0.014451100606431844,-0.008917236634996328,-0.01168416862071453,-0.07721269762794059,-0.014748575441544176,0.0001962596478843892
VT,2022,1,C,Lazio,056,6.921178701106752,7.243824337150011,7.082501519128381,2581434.0,45.02707470708941,0.22682827438948816,9.691698292020014,1585691.0,65.41115015419415,48.53120216432854,0.22625076218532492,14.295695409344063,14.42663791931979,7.5,29.97854640058729,2.424238263508543,3.563572787614977,0.04699480265885769,0.27750802824540666,96.65280963051946,15.9257174403325,0.1456370270565814,14.588913808049881,14.763855616443925,-0.024001764789765012,-0.01661742915938369,-0.020309596974574795,0.0982966092037394,0.04874659428540262,-0.0008255566780590584
VT,2023,1,C,Lazio,056,6.91033249329766,7.2368944455092645,7.073613469403463,2582679.0,46.020427026167695,0.24969668949351864,9.74633240444164,1585691.0,71.26474663950496,51.49005261227423,0.265911845269327,14.342781042569822,14.507693573866824,9.7,33.35747788200732,2.3713945378512684,5.016020043230776,0.04724326219851475,0.2992328514715541,107.32999025852733,21.738426576438368,0.23191787720224372,14.645884731497905,14.764337790255428,-0.010846207809091624,-0.006929891640746533,-0.00888804972491819,0.08105565454703445,0.05463411242162586,0.00048217381150372773
VT,2024,1,C,Lazio,056,6.895921609332497,7.230262781131933,7.0630921952322145,2737537.0,46.76486082885416,0.24908675365456814,9.811172059358265,1681432.0,76.12620412267107,53.23858719690069,0.310126323985151,14.352490699316045,14.577531396238825,5.8,26.737467001675896,2.7918978024052095,8.950220429491006,0.13688141432947465,0.7210236785040397,102.8048011713623,21.92129127270458,0.4571763433496051,14.657415865352215,14.822569168997289,-0.014410883965163102,-0.0066316643773314254,-0.010521274171248152,0.06983782237200131,0.06483965491662502,0.05823137874186024
VV,2015,0,S,Calabria,102,6.455511182367365,6.748310951122803,6.6019110667450835,774586.0,42.75146286903055,0.2054545694469067,9.35790974916806,491877.0,19.19924660373949,24.569909640343802,-0.07662525914138671,14.253485175775596,14.307685758791632,18.4,63.78567068627236,11.979280762752495,2.14797488664222,0.05717661022702256,0.4485825486688791,163.85357829090123,83.38873462102588,0.3194847629902851,14.51600418716716,13.56008397205489,0.06474791069373786,0.046825974222024946,0.05578694245788096,0.008971144354822158,-0.001286761865813446,-0.030577831562505153
VV,2016,0,S,Calabria,102,6.432248040381682,6.734508975769819,6.583378508075751,738963.0,43.15548111817859,0.21038429628459032,9.370444507051829,473180.0,23.55826243406357,25.309939003515943,-0.025359539999380162,14.262302861817256,14.324300731606442,21.7,59.73279971972625,12.243220335926758,3.52908365468887,0.08414023566515225,0.6511105676529463,195.51712594219768,99.50667104882791,0.3827122069361907,14.571090137091872,13.513003131017912,-0.0232631419856828,-0.013801975352984108,-0.018532558669332566,0.016614972814810613,0.012534757883768677,-0.04708084103697807
VV,2017,0,S,Calabria,102,6.442462203621412,6.753243895750606,6.597853049686009,731763.0,43.00485008658495,0.18994853240621576,9.379783379697013,473180.0,24.596924080552103,29.176459186191398,-0.06717619561479615,14.274589284506764,14.348991618246792,18.0,58.806992177589464,13.218778400624819,3.7775271994681368,0.12041202031643727,0.934990896229718,247.20935365732362,113.93150704966,0.38357610007316223,14.615952632066213,13.503211970026664,0.010214163239729679,0.018734919980786913,0.014474541610257852,0.02469088664035013,0.009338872645184182,-0.00979116099124866
VV,2018,0,S,Calabria,102,6.440272338323066,6.751867795200403,6.596070066761734,727960.0,45.42228515551326,0.2375199124866162,9.373074521233404,473180.0,24.871960487057205,25.878480584778195,-0.014880540671444993,14.290499049859632,14.371974526989852,14.9,53.47679546053401,14.38736561849618,7.4898730230243675,0.18815614978112932,1.692656701871266,244.0401169554588,114.10402258351999,0.42788553673474905,14.609780537731918,13.498001380614344,-0.002189865298346305,-0.0013761005502024304,-0.0017829829242748119,0.022982908743060193,-0.006708858463609246,-0.005210589412319777
VV,2019,0,S,Calabria,102,6.424904273987093,6.738344602811633,6.581624438399363,721541.0,44.4773933981426,0.22525830662171084,9.39583448657524,473180.0,22.740243385263337,26.04458974312198,-0.04908213350275762,14.298731536878893,14.390855927691584,17.6,53.73168994071702,14.619167829245539,9.632858782886322,0.22036364767478642,1.8655072604019944,245.85959327814658,122.58783701968805,0.43874541556668306,14.631583527526258,13.48914448163835,-0.015368064335972598,-0.013523192388769978,-0.014445628362371288,0.01888140070173172,0.022759965341835553,-0.008856898975993843
VV,2020,1,S,Calabria,102,6.412765669981084,6.722799653345513,6.567782661663299,714727.0,45.653628154706794,0.24602440701783634,9.405912588920447,473180.0,20.235118658489952,32.117869189858524,-0.1782881164632471,14.303013979455951,14.405554007743987,18.8,53.60631592691472,12.779008406227435,10.041177089597781,0.22688632238692102,1.9601719562909041,128.07092463507496,21.928636811714192,0.3315188702234253,14.491113229758247,13.479655930583204,-0.012138604006008968,-0.015544949466120173,-0.013841776736064126,0.014698080052403029,0.010078102345207895,-0.009488551055145678
VV,2021,1,S,Calabria,102,6.4545236084866335,6.7722912099962045,6.61340740924142,688240.0,44.95388301509355,0.24318755898125594,9.407846546071683,453030.0,13.860719865201338,26.355387475208662,-0.18130839129497237,14.210150370913528,14.328341310116052,19.2,53.20093973673934,14.318291333468453,9.159279283987756,0.23750369299539117,2.076409936538779,201.81837254730567,57.45056361186952,0.5020179970644797,14.452257213884273,13.441892893295229,0.04175793850554932,0.04949155665069149,0.045624747578121294,-0.07721269762793526,0.0019339571512357878,-0.037763037287975365
VV,2022,1,S,Calabria,102,6.428543043250602,6.747621003198127,6.588082023224365,683220.0,45.15376991209908,0.24151544040754444,9.454751136751618,453030.0,20.824256905500192,27.212574760972362,-0.09337693740832564,14.295695409344061,14.426637919319788,14.4,49.952585349970775,14.72001960176318,10.368365622485374,0.3685134253486356,3.574785674719317,265.4146991883083,111.1705643328365,0.5916579983331929,14.588913808049881,13.434572195032706,-0.02598056523603187,-0.024670206798077743,-0.02532538601705525,0.09829660920373584,0.0469045906799348,-0.007320698262523351
VV,2023,1,S,Calabria,102,6.438742528364425,6.7442570462558935,6.591499787310158,678034.0,45.33379999713014,0.22038884074598827,9.511731771268865,453030.0,25.51366477077259,27.536669906514817,-0.0296569577080682,14.342781042569822,14.507693573866824,14.0,51.16019371863843,13.813941663736722,9.945194549818945,0.39464643181819137,3.890157934998371,315.06740888568856,146.80360991311375,0.6221287152801929,14.645884731497906,13.426952713157814,0.01019948511382296,-0.003363956942233237,0.0034177640857935287,0.08105565454703623,0.056980634517247,-0.007619481874892031
VV,2024,1,S,Calabria,102,6.390246982073625,6.682857583724359,6.536552282898992,744752.0,45.36676449447268,0.250336525758639,9.546348063849535,520660.0,42.87483685896474,32.886796377436056,0.16045582576569856,14.352490699316045,14.577531396238825,13.3,50.7941606124454,34.782853393437314,16.073479152809643,0.6092598623995097,7.286176594040232,652.8947140224545,265.37604362020886,0.8953823031742901,14.657415865352215,13.520806556036844,-0.04849554629079922,-0.06139946253153461,-0.05494750441116647,0.06983782237200131,0.03461629258067056,0.09385384287902987
