year,prov,covid,location,region,prov_istat,log_buy_min,log_buy_max,log_buy_avg,population,reg_age_avg,over65,log_median_income,dwellings,prov_immigration,prov_emigration,prov_net_movements,log_real_gdp,log_nominal_gdp,unemployment_prov,ratio_hotel_beds,ratio_hotel_mun,ratio_str_beds,ratio_str_mun,ratio_str_mun_beds,ratio_arrivals,ratio_arrivals_foreigners,tourism_score,log_tour_employed,log_population,log_prov_immigration,log_prov_emigration,log_reg_age_avg
2014,AG,0,I,Sicilia,084,6.1909568117061085,6.546832873774482,6.368894842740295,3010606.0,41.6088795814772,0.19023157390657078,9.24719985765232,2188349.0,78.04131520854475,85.22474279253055,-0.27463666491770317,14.253499052044916,14.29871461443681,25.5,37.07215551520575,2.4772443499699026,6.9938913360386925,0.04649207248722648,0.5568195709983362,51.46014669232307,21.64081330108456,-0.2650008115512239,14.501416080901258,7.918992488165245,6.905076293411525,6.567961374520251,3.7283135959675096
2014,AL,0,NW,Piemonte,006,6.613959705445869,6.833639105388553,6.7237994054172106,2398000.0,45.25439052467581,0.25013651471552084,9.69743363947106,1519503.0,1280.2756048822703,938.1969946299653,133.89235564585832,14.253499052044917,14.29871461443681,13.4,23.802781907781544,1.4649033205902287,8.95290681794004,0.040765327439165416,0.3335503834004613,35.60739190176535,13.527474002171155,-0.41843427517407494,14.501416080901258,7.918992488165245,6.905076293411525,6.567961374520251,3.812299693608638
2014,AN,0,C,Marche,042,6.780770144350124,7.12832432032728,6.954547232338702,6289393.0,44.332707722927786,0.23035649672336647,9.705393734534947,3430349.0,145.5244928652962,127.51735971261242,0.9147073736680685,14.253499052044916,14.298714614436811,10.4,31.301399928829284,3.7048276729127196,6.424871257438378,0.07459286363842495,3.1398909476686145,176.9785753967256,29.092973682951538,0.1411170011376913,14.501416080901258,7.918992488165245,6.905076293411525,6.567961374520251,3.7917227279411687
2014,AO,0,NW,Valle D'Aosta,007,7.261852750342114,7.5450746838582194,7.403463717100167,1370070.0,61.968029269278425,0.5624019527033135,9.794582355348027,1237223.0,299.3216065214409,211.4873785931929,37.78383184989319,14.253499052044916,14.29871461443681,8.9,42.10523280968795,39.05329451469519,9.049188691487023,0.1545115163423046,4.641107622941697,1599.372000548372,568.6099763460704,0.8910749045277656,14.50141608090126,7.9017475185201445,6.857260979407397,6.5898803788277,4.1266185951012035
2014,AP,0,C,Marche,044,6.812365233881664,7.068255603376014,6.9403104186288385,4187433.0,44.326515128481255,0.23040007693107245,9.534109113881003,2305323.0,92.92568976261371,78.16146263723672,1.0587727287742201,14.253499052044916,14.29871461443681,11.9,37.434549573133765,4.39821785758682,5.320663807414901,0.04951096518629053,0.8977913158929104,100.56075293644561,16.10500626126845,0.05824940737046,14.501416080901258,7.9017475185201445,6.857260979407397,6.5898803788277,3.791583033631712
2014,AQ,0,S,Abruzzo,066,6.403260257881991,6.7802642569705815,6.591762257426287,2872374.0,44.230501271848574,0.21360228983313415,9.438167350673988,2304072.0,797.9290857609544,662.0358231778794,55.667981289779,14.253499052044916,14.298714614436811,13.9,34.04806422204595,8.228607828741117,17.6437920679068,0.08197974454568177,1.837202550342064,193.22804557915208,16.937401050533076,-0.09762335250245024,14.50141608090126,7.9017475185201445,6.857260979407397,6.5898803788277,3.7894146251157785
2014,AR,0,C,Toscana,051,6.955505247689451,7.2522765738177535,7.103890910753602,3997361.0,44.77960662215242,0.22721145840058513,9.69396189259935,2100080.0,133.39401456593498,102.85739156395948,2.3862503532153774,14.253499052044916,14.29871461443681,9.3,33.24814797550895,3.1918932756561453,18.69920189152483,0.17153098841153935,1.523218083820507,101.6025938881048,42.06182370539654,0.4960161759839773,14.501416080901258,7.8804263442924,6.876501895000288,6.616862814152116,3.801752826454766
2014,AT,0,NW,Piemonte,005,6.411424845984551,6.77681417534027,6.59411951066241,2073975.0,45.25439052467581,0.25013651471552084,9.629294837698671,1221259.0,667.6061534394878,568.4142379346345,33.0201836439501,14.253499052044916,14.29871461443681,10.5,15.094034355644489,1.1280679018067166,16.41865741724943,0.08648512689694109,0.6656693761708818,43.27880397961704,21.238833582929868,-0.22872479366702925,14.501416080901258,7.8804263442924,6.876501895000288,6.616862814152116,3.812299693608638
2014,AV,0,S,Campania,064,6.4444855171872915,6.603379016607736,6.523932266897514,9687754.0,40.16930351691652,0.14954978396327348,9.329951209850144,5431226.0,228.0696310017917,249.95835946137603,-2.0504159468299337,14.253499052044916,14.29871461443681,16.8,30.171452437416637,0.9973419684639148,7.251835634599778,0.022365888915689466,0.13197399514995778,10.916697576774002,2.613424380972845,-0.5309195544381556,14.501416080901258,7.8804263442924,6.876501895000288,6.616862814152116,3.693103109831945
2014,BA,0,S,Puglia,072,6.906899529849821,7.222101244373967,7.064500387111894,12611190.0,41.913564771212435,0.20262077920134727,9.458635058580924,6470978.0,55.584710839183025,60.086072114651195,-0.08346384745403672,14.253499052044917,14.298714614436811,20.4,44.047562257237104,1.3984871063070812,5.994898408864707,0.018719102303289527,0.13819196589738186,68.05423442130589,21.543999285549273,-0.13193925265642426,14.501416080901258,7.8868329989550565,6.949942204018495,6.627964324562119,3.735609516091485
2014,BG,0,NW,Lombardia,016,6.877340282006424,7.075016201823191,6.976178241914806,8781294.0,45.211679509248185,0.22954655625385204,9.786537716957149,4931437.0,916.3079006429725,711.297677361071,75.74010529206464,14.253499052044916,14.29871461443681,7.400000000000001,42.02889143406003,2.637195509027203,9.356627453227135,0.024028033682556762,0.19965775967572258,79.36427888789586,24.402217240899596,-0.3657089303383479,14.501416080901258,7.8868329989550565,6.949942204018495,6.627964324562119,3.8113554496819364
2014,BI,0,NW,Piemonte,096,6.079677379362105,6.403435285702819,6.241556332532462,1061790.0,45.25439052467581,0.25013651471552084,9.749822671703752,695671.0,284.08135003963116,280.09830080795837,1.3552496876939861,14.253499052044916,14.29871461443681,10.4,14.531961875138343,1.194675116658889,8.238263129693918,0.03610373065753981,0.6230220404653171,29.346590453747954,10.236962474203061,-0.49252041757258996,14.50141608090126,7.8868329989550565,6.949942204018495,6.627964324562119,3.812299693608638
2014,BL,0,NE,Veneto,025,6.812509229409305,7.019046489818291,6.915777859613797,1931162.0,44.26375686353161,0.212167324480907,9.713905722479693,1556243.0,177.7392961593684,171.80437603609371,0.959150934241223,14.253499052044916,14.29871461443681,7.5,15.92450202363917,15.616382196107928,52.27028320586954,5.1045999513431,35.712920248394575,520.9737452753811,181.7107522745237,1.0770384280037377,14.501416080901258,7.88570539124302,6.971749775189808,6.612751762246487,3.790166212709125
2014,BN,0,S,Campania,062,6.884424581273025,7.049795592388991,6.967110086831009,1760418.0,40.16930351691652,0.14954978396327348,9.24527274590359,1004083.0,151.9243171835683,158.86885370934917,-0.5371554788417832,14.253499052044916,14.29871461443681,16.7,20.44448773338625,0.5804246748291443,21.010903107337622,0.12460066902990054,0.5589103021700712,2.7133547849544457,0.31097110275353484,-0.37635774209086315,14.50141608090126,7.88570539124302,6.971749775189808,6.612751762246487,3.693103109831945
2014,BO,0,NE,Emilia Romagna,037,7.248645646091281,7.475458912523782,7.36205227930753,19161940.0,45.10217636109303,0.23975942743672116,9.861421192702537,10836429.0,279.3477644070205,168.73167873554883,2.8931654382543583,14.253499052044914,14.29871461443681,7.0,55.77628886338315,2.781575095199172,9.50439416036736,0.03488291463642472,0.22252244547883515,82.82801250308071,28.926119403088908,0.06713380484802743,14.501416080901258,7.88570539124302,6.971749775189808,6.612751762246487,3.808930501687859
2014,BR,0,S,Puglia,074,6.668574886276992,6.874896035152688,6.77173546071484,2571792.0,41.913564771212435,0.2026207792013473,9.38639188536385,1540666.0,21.948304060602247,24.14075137175904,-0.01979284424537292,14.253499052044916,14.29871461443681,18.3,37.45585280602265,3.3725031793988105,15.285140928977123,0.03314940419954247,0.39784404509733906,98.75617532309423,21.312039687296583,0.11691728545749537,14.501416080901258,7.876638460975463,6.886705359333782,6.618317173072171,3.735609516091485
2014,BS,0,NW,Lombardia,017,7.060883986057307,7.313995501172619,7.187439743614964,10405864.0,45.217559836343405,0.22965004055254135,9.745926667712355,5956056.0,559.7572248807019,441.39328663623843,16.203407743269224,14.253499052044916,14.29871461443681,9.1,38.23761084181124,7.127732932609506,8.423242597288578,0.061247210301040134,2.523108831823929,340.9018890048665,220.6434843678856,-0.10859326561957465,14.501416080901258,7.876638460975463,6.886705359333782,6.618317173072171,3.811485503349225
2014,BT,0,S,Puglia,110,6.882520656739109,7.154087343000853,7.018303999869981,4469308.0,41.913564771212435,0.2026207792013473,9.34127812157439,2188187.0,32.242249688451594,35.064047461025396,-0.02348428278708887,14.253499052044916,14.29871461443681,21.2,43.775382542666506,0.43882260253346334,14.277162221456567,0.01710611642892962,0.10078143027474676,30.591560979210193,6.457954737040184,-0.10425994965487499,14.50141608090126,7.876638460975463,6.886705359333782,6.618317173072171,3.735609516091485
2014,BZ,0,NE,Trentino Alto Adige,021,7.5735194769584036,7.80755640516626,7.690537941062332,6813330.0,41.68348325211795,0.16745597704025741,9.73689238117478,3846177.0,323.2849765225525,200.12879499015153,14.689659424982358,14.253499052044914,14.29871461443681,4.4,67.83553490994909,45.76425308415233,9.261528435703136,1.1947973618705594,7.1758779826997365,1712.938817867341,1128.398463740175,1.5481367413736726,14.501416080901258,7.871692664323645,7.072377241643933,6.655294993607393,3.7301049652612366
2014,CA,0,I,Sardegna,118,6.712371561243673,6.990538798284152,6.851455179763912,3845272.0,44.34618680096373,0.20297975980075542,9.50732010044293,2024519.0,156.25009264448963,146.89006921215147,0.5648667702812541,14.253499052044916,14.29871461443681,17.9,37.20826993049768,8.725036805988015,8.04640081601433,0.03840380400055264,1.0329747407577967,145.80797270298905,60.43098592547389,-0.1890497538953656,14.50141608090126,7.871692664323645,7.072377241643933,6.655294993607393,3.7920267253739763
2014,CB,0,S,Molise,070,6.020808995869306,6.419929838853455,6.220369417361381,2068113.0,51.13186809829073,0.3210337515354107,9.294845316209708,1329793.0,219.5321954709372,211.51509120742975,1.6935126112753545,14.253499052044916,14.298714614436808,13.9,32.51367908854279,2.654792238880146,10.196274675345906,0.041657222284177786,0.3125775949675114,36.04060094415915,1.4334815543935653,-0.4057367615649207,14.501416080901258,7.871692664323645,7.072377241643933,6.655294993607393,3.934407944671116
2014,CE,0,S,Campania,061,6.476020460015964,6.855958245241798,6.665989352628881,5943285.0,40.16930351691652,0.14954978396327348,9.375678006635955,3095064.0,441.3442090334687,422.4261954912758,1.6401149008369778,14.253499052044916,14.29871461443681,21.5,32.80948256628641,0.8597698496905342,4.555581651168911,0.02111365573787997,0.15576895491593698,17.019342357462147,3.287187073672948,-0.5574951862722796,14.501416080901258,7.842278779117352,6.921896469658976,6.708798677907746,3.693103109831945
2014,CH,0,S,Abruzzo,069,6.45554484139896,6.850862359621309,6.653203600510135,3969915.0,44.230501271848574,0.21360228983313412,9.384436420473776,2457420.0,672.0361653323079,624.1451295379064,21.91263681290122,14.253499052044916,14.29871461443681,12.9,29.274961348901417,2.912632750315783,12.132849294801789,0.05980410380537483,0.5649103613955903,40.34226122274519,3.851800188572699,-0.2807262380743778,14.501416080901258,7.842278779117352,6.921896469658976,6.708798677907746,3.7894146251157785
2014,CI,0,I,Sardegna,119,6.531289307634062,6.808009459040429,6.669649383337245,705400.0,44.34618680096373,0.20297975980075542,9.458297192448683,428099.0,187.5075071829213,166.43002097403817,1.244449968072766,14.253499052044917,14.298714614436811,19.2,39.14805714625464,3.563030576808414,5.460934888429448,0.031833566999630476,0.3288091007530189,81.0946652925319,23.954736958956424,0.021034399503511457,14.501416080901258,7.842278779117352,6.921896469658976,6.708798677907746,3.7920267253739763
2014,CL,0,I,Sicilia,085,6.013630366621597,6.397759071808396,6.205694719214997,2410204.0,41.6088795814772,0.19023157390657078,9.226006599187073,1625317.0,72.30901568014602,85.68892750820339,-0.9188769012372744,14.253499052044916,14.29871461443681,24.5,22.158702412667882,1.4768565907137234,8.206807117242828,0.012079257183924427,0.12570255433818112,28.11815274483399,5.545225511080244,-0.5043370707140449,14.501416080901258,7.848933726364071,6.91656182056686,6.734415281013944,3.7283135959675096
2014,CN,0,NW,Piemonte,004,6.650660075902358,7.039364559441544,6.845012317671951,6143552.0,45.25439052467581,0.25013651471552084,9.646262292433315,4217036.0,1800.2684955600384,1362.242213017773,328.14561355390737,14.253499052044914,14.29871461443681,5.299999999999999,29.559936432616382,5.685296894217801,16.638356752391413,0.15640800438597333,3.0883997330706277,143.96291925450032,54.799310669122136,-0.00449368515970157,14.501416080901258,7.848933726364071,6.91656182056686,6.734415281013944,3.812299693608638
2014,CO,0,NW,Lombardia,013,7.01385002785678,7.31432088038986,7.164085454123321,4847617.0,45.217559836343405,0.22965004055254135,9.757766897595172,2728295.0,702.1031775099585,544.1057298328441,34.91739952401104,14.253499052044916,14.298714614436811,9.0,40.53389285934426,3.09609157399961,4.440760577152592,0.02769824879062492,0.7063801306028689,170.19836242126442,124.49644810918565,-0.27940817913225796,14.50141608090126,7.848933726364071,6.91656182056686,6.734415281013944,3.811485503349225
2014,CR,0,NW,Lombardia,019,6.361824903569679,6.728152107009957,6.544988505289818,2781338.0,45.217559836343405,0.22965004055254135,9.779934757341032,1518801.0,452.07411815312264,371.53706376509837,11.05905309782849,14.253499052044916,14.29871461443681,7.4,23.394396756415237,0.6043716936971976,6.847416694155698,0.01658785458238281,0.11732271276751952,8.364909614042679,2.626864944233769,-0.6160749195809857,14.501416080901258,7.851271997109883,7.123948878535947,6.758239221704693,3.811485503349225
2014,CS,0,S,Calabria,078,6.158463594117854,6.485755773097634,6.322109683607743,4915157.0,43.632649286798646,0.20130577229839755,9.242727179794565,3396116.0,380.55856790417255,388.3896533043148,-0.8682656010373537,14.253499052044916,14.29871461443681,27.8,28.472350618662485,5.930570641122477,2.970930140148651,0.013891136997602997,0.21648646427165077,56.43903659221306,4.164602280463102,-0.3479376633355584,14.501416080901258,7.851271997109883,7.123948878535947,6.758239221704693,3.7758057069697455
2014,CT,0,I,Sicilia,087,6.463635613977585,6.786548653124049,6.625092133550817,12078133.0,41.6088795814772,0.19023157390657078,9.376944247852167,6785714.0,118.40472783846153,120.05150623713438,-0.04504203487011003,14.253499052044916,14.29871461443681,19.2,34.428222072017356,1.4860355883225431,10.521403439361277,0.022572314217517472,0.3536053923546263,49.816383682667926,19.492778299834473,-0.1386400023074255,14.501416080901258,7.851271997109883,7.123948878535947,6.758239221704693,3.7283135959675096
2014,CZ,0,S,Calabria,079,6.33850957289551,6.553343277884968,6.445926425390239,3735229.0,43.632649286798646,0.20130577229839755,9.258744600877714,2450966.0,216.88949779515013,226.482902896798,-0.9525250332624645,14.253499052044916,14.29871461443681,20.4,37.72518646406342,6.796620544950294,1.4175665600681489,0.009199470759464689,0.10469339677747425,66.63724768318595,9.873374332770473,-0.3289967552785396,14.501416080901258,7.862112211662748,7.287440486132799,6.751874289472802,3.7758057069697455
2014,EN,0,I,Sicilia,086,6.407320273469832,6.731716837295072,6.569518555382452,1914141.0,41.6088795814772,0.1902315739065708,9.265004893960693,1391008.0,24.223042557034084,32.09513219488366,-0.2540114310769478,14.253499052044914,14.29871461443681,24.900000000000002,28.1941248506559,0.5309604029228998,4.34965335359998,0.004349420540896719,0.04605636467254895,22.870350481286984,8.653111008989585,-0.5031164519767654,14.501416080901258,7.862112211662748,7.287440486132799,6.751874289472802,3.7283135959675096
2014,FC,0,NE,Emilia Romagna,040,7.104891202202378,7.355474857612668,7.230183029907523,4417899.0,45.10217636109303,0.23975942743672113,9.684718577339481,2300031.0,150.9438935104013,106.45795585064205,2.552995595225269,14.253499052044916,14.29871461443681,7.7,37.961378687357325,10.308411688483268,11.079214354677827,0.16054560088764291,0.6416587226487193,260.9974410829777,44.92353670650952,0.3292923702582378,14.501416080901258,7.862112211662748,7.287440486132799,6.751874289472802,3.808930501687859
2014,FE,0,NE,Emilia Romagna,038,6.653627007975358,6.967546085899803,6.810586546937581,4713334.0,45.10217636109303,0.23975942743672116,9.674424536472179,3018036.0,67.96314405349713,52.635644403266056,0.3143852249548895,14.253499052044916,14.29871461443681,13.3,36.717868329398,1.573834425855913,12.365098568719919,0.04226604625016863,1.5571423125949213,102.08126377997966,32.95455613585051,0.026965474250050678,14.501416080901258,8.240648863374913,6.583700325771819,6.246737906510913,3.808930501687859
2014,FG,0,S,Puglia,071,6.574920638478899,6.901893957939286,6.738407298209093,3462191.0,41.913564771212435,0.2026207792013473,9.253252195081888,1913382.0,165.63302744999802,190.74695827874132,-3.4642837427664213,14.253499052044916,14.29871461443681,22.8,35.29004694844011,11.742132739791973,13.905863826407092,0.12443954670058802,5.089583171881564,312.0901039939322,48.68487235874062,0.1811597271456493,14.501416080901258,8.240648863374913,6.583700325771819,6.246737906510913,3.735609516091485
2014,FI,0,C,Toscana,048,7.425651292812144,7.77672264423429,7.601186968523217,9776756.0,44.77960662215243,0.22721145840058515,9.778804780779756,5066989.0,212.16132620590943,111.55716356930034,3.384863769314379,14.253499052044917,14.298714614436808,7.7,35.29543287897983,2.6419315741630367,23.27867611518687,0.2533773663077733,2.785682471467815,258.7829202527022,169.07436863623363,0.7533338808742251,14.501416080901256,8.240648863374913,6.583700325771819,6.246737906510913,3.801752826454766
2014,FM,0,C,Marche,109,6.796631806795107,7.048660794543334,6.9226463006692205,3457960.0,44.326515128481255,0.23040007693107245,9.53650726583115,1870032.0,127.5819631319907,107.31147511523108,1.9140466956060413,14.253499052044916,14.29871461443681,9.9,19.1694289226199,1.2572065045701333,7.85299352844381,0.06386662249893126,0.6759140205640045,74.18711605436235,10.227536320401494,-0.05549804269390867,14.501416080901258,8.242493153187626,6.5168355311311705,6.249585812971818,3.791583033631712
2014,FR,0,C,Lazio,060,6.587070713302981,6.914615008843251,6.750842861073116,4863066.0,43.88934648644635,0.2127955315763319,9.5350013333886,2586889.0,166.55481409374278,160.0125628036449,0.6561439767620427,14.253499052044916,14.298714614436808,18.5,44.30455168754131,3.298762140483956,7.137438551040414,0.015028640001096324,0.07476734378553594,85.80530161160789,37.88229612782658,-0.38199551773710844,14.501416080901258,8.242493153187626,6.5168355311311705,6.249585812971818,3.7816716137840105
2014,GE,0,NW,Liguria,010,7.1046981139885705,7.446010122286308,7.275354118137439,10436589.0,47.53139001491645,0.277922615983533,9.750742663175561,6393528.0,1154.7395027727378,936.0012726931609,125.44893092905079,14.253499052044916,14.29871461443681,10.1,34.54527657177951,5.293464163441286,8.030673324282597,0.039316885471419885,0.5168288057419927,206.21150278210004,119.51817408718745,0.013786359998045184,14.501416080901258,8.242493153187626,6.5168355311311705,6.249585812971818,3.8613903351996894
2014,GO,0,NE,Friuli Venezia Giulia,031,6.8201400564981025,6.987436120324319,6.903788088411211,2156492.0,46.2297640796133,0.2450923489768625,9.781602145004873,1343916.0,132.89718134498867,91.81987074744671,4.007203152331127,14.253499052044916,14.29871461443681,8.7,32.859275319355795,5.052450349343682,11.668727133855468,0.23631037869470115,6.687658921862487,233.42938247504142,151.2929678736429,0.044486588944188846,14.501416080901258,8.232706009860976,6.524545720479143,6.265035796273708,3.8336238347989946
2014,GR,0,C,Toscana,053,7.3969829967436524,7.737671077031819,7.567327036887735,2720211.0,44.779606622152436,0.22721145840058513,9.575449269726798,1938537.0,107.59097561360757,79.87599510547881,1.4441451582883433,14.253499052044916,14.29871461443681,7.900000000000001,27.740172551698105,10.932542118719688,14.075827358288786,0.26337484492818924,5.714040658154633,532.9740266957197,124.67697838956535,1.0292024394063586,14.501416080901258,8.232706009860976,6.524545720479143,6.265035796273708,3.8017528264547664
2014,IM,0,NW,Liguria,008,7.174865507444535,7.499240325035368,7.337052916239951,3129307.0,47.52298780277533,0.27782008424453664,9.522977250353968,2807183.0,486.3268213471612,418.2355637105667,19.90823880970907,14.253499052044916,14.29871461443681,13.8,24.93793854713513,5.881854762933711,12.30136365603644,0.07468755010870538,1.6747363760678668,275.6936084982769,122.11174832370911,0.21252921214912965,14.501416080901258,8.232706009860976,6.524545720479143,6.265035796273708,3.86121354771539
2014,IS,0,S,Molise,094,6.09272092873438,6.4939539882234,6.29333745847889,610725.0,51.13186809829073,0.3210337515354107,9.314540187993854,412977.0,155.5267865744831,150.5853000445246,1.3398906767198284,14.253499052044916,14.29871461443681,18.6,32.11177425745165,1.3013122388935856,13.054868141043052,0.04564688172589747,0.34263050229966446,11.807281123300722,0.9104969336098097,-0.4753686616307778,14.501416080901256,8.223358899479258,6.613692542632497,6.291860343849131,3.934407944671116
2014,KR,0,S,Calabria,101,6.281304202624682,6.53839533626142,6.409849769443051,2073226.0,43.632649286798646,0.20130577229839755,9.1861872176397,1234047.0,71.35852235913609,56.63639588761357,0.6649097397565561,14.253499052044916,14.29871461443681,27.2,47.108538479947434,7.093688920500712,1.1917818234993054,0.002782656423182127,0.04207592671952963,72.38497740936927,5.088125813624822,-0.25811233709835485,14.501416080901258,8.223358899479258,6.613692542632497,6.291860343849131,3.7758057069697455
2014,LC,0,NW,Lombardia,097,6.915099533052989,7.1704698913299545,7.042784712191472,3017461.0,45.21755983634341,0.22965004055254135,9.853616769937217,1795934.0,417.89350867837686,356.98939917284304,40.08159812625727,14.253499052044916,14.29871461443681,7.3,31.647613067343695,2.3945437168214823,5.193769327224361,0.025896008555839154,0.3120217093405937,66.28365997090218,43.57342766009266,-0.30155069000479523,14.501416080901258,8.223358899479258,6.613692542632497,6.291860343849131,3.811485503349225
2014,LE,0,S,Puglia,075,6.359023286798535,6.6289896296549715,6.494006458226752,8577304.0,41.913564771212435,0.2026207792013473,9.329151843104958,5546413.0,128.95030280474953,126.8310901981271,0.06607370157599572,14.253499052044916,14.29871461443681,25.8,23.107641196141373,4.678198504236314,14.92074903505767,0.06384511540742104,1.9085212759597427,110.43721292686712,17.270423842193853,0.01874614908422281,14.50141608090126,8.20849175174038,6.649217055530189,6.290373372601977,3.735609516091485
2014,LI,0,C,Toscana,049,7.632953337554177,7.939681431513163,7.78631738453367,3391952.0,44.77960662215243,0.22721145840058513,9.707658717530201,2004045.0,124.46687804403375,103.22039122974131,1.8970032356341158,14.253499052044916,14.29871461443681,8.8,36.24327340952797,27.163918068891906,14.665724951178085,0.3711655402617748,12.401307350343549,907.889074287904,316.29633630416146,1.2331128594311769,14.501416080901258,8.20849175174038,6.649217055530189,6.290373372601977,3.801752826454766
2014,LO,0,NW,Lombardia,098,6.76561937541616,7.025724658971028,6.895672017193594,2500848.0,45.217559836343405,0.22965004055254135,9.835319955856617,1353912.0,327.43238934644376,267.55715202039045,36.5149161893475,14.253499052044917,14.298714614436808,8.9,31.828214699700396,0.6110325857374278,4.832160162907424,0.007124338375562057,0.041609528974666445,7.729314316023973,4.068001015269548,-0.6281019224905514,14.50141608090126,8.20849175174038,6.649217055530189,6.290373372601977,3.811485503349225
2014,LT,0,C,Lazio,059,6.968970457243341,7.303048250879086,7.136009354061213,8432520.0,43.88934648644635,0.21279553157633194,9.4486232998912,4780462.0,167.76537981180292,125.09510774068595,3.041853397947029,14.253499052044916,14.298714614436808,15.9,40.35345988157089,4.252675998541765,7.623560224776029,0.04410153329737038,0.4611502247370002,138.4399889280737,22.127069069908533,0.05714488283338838,14.50141608090126,8.192570471152173,6.571050023240648,6.302778642786241,3.7816716137840105
2014,LU,0,C,Toscana,046,7.113538183042166,7.367966696847439,7.240752439944803,4314480.0,44.77960662215243,0.22721145840058515,9.665224163941343,2565588.0,185.58042335510586,145.04892195796168,3.374041230459771,14.253499052044916,14.29871461443681,17.4,40.967149725721264,5.794304335949234,19.45186882153564,0.19101418269271558,1.4856926988005372,171.4733989840127,71.15732265895629,0.5704999898934244,14.50141608090126,8.192570471152173,6.571050023240648,6.302778642786241,3.801752826454766
2014,MB,0,NW,Lombardia,108,7.228451423324258,7.4387474821191155,7.333599452721686,9386379.0,45.217559836343405,0.22965004055254135,9.909764327296305,4781087.0,826.852978697286,482.0537344295789,6.736017453539283,14.253499052044916,14.29871461443681,8.5,50.97672245222245,0.6367494147742774,9.46639171639015,0.005631633719500312,0.04157910051436284,22.37703048462057,5.759467917047714,-0.47997989931654517,14.501416080901258,8.192570471152173,6.571050023240648,6.302778642786241,3.811485503349225
2014,MC,0,C,Marche,043,6.771204291260013,7.093831752783574,6.932518022021794,2869084.0,44.326515128481255,0.23040007693107245,9.614266957071763,1550061.0,174.9190740012656,143.8567901617325,4.503855158249421,14.253499052044916,14.29871461443681,9.1,30.717199471602537,1.6268501037296312,8.589746367596579,0.05509519436284461,0.6568628837081242,75.02717160424237,12.964030508756595,0.09830954096845537,14.501416080901258,8.188411308079031,6.755871159563773,6.338952477741984,3.791583033631712
2014,ME,0,I,Sicilia,083,6.539899031186851,6.915580522265317,6.727739776726083,6479299.0,41.6088795814772,0.19023157390657078,9.330919940941568,4272598.0,287.3302655778966,293.5302108907288,-0.6927611874258717,14.253499052044916,14.29871461443681,22.1,36.9715172428879,6.401803515487429,10.492899034534378,0.06621185153008136,0.9278443462411418,163.13354780307864,85.93700031435267,-0.1646431244891286,14.501416080901258,8.188411308079031,6.755871159563773,6.338952477741984,3.7283135959675096
2014,MI,0,NW,Lombardia,015,7.2594339223292685,7.463726759200438,7.361580340764853,46964248.0,45.217559836343405,0.22965004055254135,9.926436805529175,26585907.0,925.6297322548801,539.6403963320219,11.178534528412836,14.253499052044916,14.29871461443681,8.4,61.741974745778535,1.475600855486676,4.916448653131318,0.0075654959000760755,0.03961545276853142,91.74017278196379,36.35760105283864,-0.2912302213804698,14.501416080901258,8.188411308079031,6.755871159563773,6.338952477741984,3.811485503349225
2014,MN,0,NW,Lombardia,020,6.430161865608623,6.698337963479811,6.5642499145442175,6209188.0,45.217559836343405,0.22965004055254135,9.731281001935132,3181827.0,205.5991660452338,159.6862903496797,2.2069961458504688,14.253499052044916,14.29871461443681,7.6,30.495181971565852,0.5911051929350934,10.526759513253317,0.03713700848833119,0.21054213799885843,42.424366415846684,15.863347555842802,-0.26895166823133887,14.50141608090126,8.198089248956116,6.566389779642495,6.353392049824964,3.811485503349225
2014,MO,0,NE,Emilia Romagna,036,6.842303323533673,7.146951655150827,6.994627489342251,7100331.0,45.10217636109303,0.23975942743672118,9.776344174112563,3808976.0,248.46233962900462,190.16794586437317,3.083599410916789,14.253499052044917,14.29871461443681,7.9,60.58873191546056,5.152687985397535,4.522609322272099,0.022004975339250155,0.1813696470677451,73.555340756914,17.476908753511818,0.06002787967894692,14.501416080901256,8.198089248956116,6.566389779642495,6.353392049824964,3.808930501687859
2014,MS,0,C,Toscana,045,6.986849203917763,7.34446161279279,7.165655408355277,2873547.0,44.77960662215243,0.2272114584005851,9.679831385149576,1791323.0,90.88175177852867,78.59964922187767,0.8156206162496463,14.253499052044916,14.298714614436808,16.4,35.549815169308424,3.6952583239007586,15.231535828509328,0.08402240832658467,0.9622714974293618,73.21363735583121,20.739913363502904,0.3147889565743906,14.501416080901258,8.198089248956116,6.566389779642495,6.353392049824964,3.801752826454766
2014,MT,0,S,Basilicata,077,6.173642317880755,6.507033938744603,6.340338128312679,2300624.0,46.42884521964832,0.2590747431910616,9.292607395923193,1355101.0,97.70655909172717,94.98408530898554,0.3010160699428551,14.253499052044916,14.298714614436808,17.0,42.901482643461414,6.140801167442684,11.310922691671504,0.04169185816651946,0.49164954736454,97.96399048152855,9.156589747790484,-0.10523832350251058,14.501416080901258,8.205491613120236,6.560311600187059,6.3782498945369825,3.837920930295616
2014,NAP,0,S,Campania,063,7.024231101146237,7.436614051985869,7.230422576566052,34052170.0,40.16930351691652,0.14954978396327348,9.475270904032598,15212671.0,255.94075413893364,295.53799480065555,-0.7061525312120881,14.253499052044916,14.29871461443681,24.6,59.72089771338141,4.245565589271165,6.176630087871139,0.08932685461528313,0.46712419120271487,162.45359093076027,80.50598585188592,-0.21222925244406882,14.50141608090126,8.205491613120236,6.560311600187059,6.3782498945369825,3.693103109831945
2014,NO,0,NW,Piemonte,003,6.656526690177545,6.988072522867268,6.822299606522407,3395627.0,45.254390524675806,0.25013651471552084,9.812609697010712,1939845.0,373.36626612511964,314.6038862421162,6.570672335229648,14.253499052044916,14.29871461443681,11.3,44.584072584105996,3.956310387916864,8.226828946576507,0.04889374324929193,0.6727115986879528,217.98793112262487,133.85456745300394,-0.0925882442405083,14.501416080901258,8.205491613120236,6.560311600187059,6.3782498945369825,3.812299693608638
2014,NU,0,I,Sardegna,114,6.673969730712922,6.863384000514853,6.768676865613887,1531099.0,44.34618680096373,0.20297975980075542,9.369129963358219,898115.0,102.01751114083109,128.92548555582883,-4.475934335437017,14.253499052044916,14.29871461443681,11.8,36.333138031505605,6.9768189491010535,4.09721150448978,0.01941589652349391,0.23485344139988384,108.3277072398285,44.33596710413924,-0.2599515377708162,14.501416080901258,8.207946941048617,6.7675024420851,6.401945220111346,3.7920267253739763
2014,OG,0,I,Sardegna,116,6.766818950524923,6.960265895784286,6.863542423154605,355277.0,44.34618680096373,0.20297975980075542,9.431128335227802,247583.0,74.80352526858684,94.53358260452953,-1.4795166259531358,14.253499052044916,14.29871461443681,16.9,42.12058890766085,6.181011070996597,2.7035713493110074,0.050027044634363166,0.6214106749259,173.23139399938194,86.64222995091302,0.054292572038713016,14.501416080901258,8.207946941048617,6.7675024420851,6.401945220111346,3.7920267253739763
2014,OR,0,I,Sardegna,115,6.009570586291245,6.386532879090045,6.198051732690645,861778.0,44.34618680096373,0.20297975980075542,9.347842108510802,538266.0,268.92334802454036,286.2670536840149,-6.977094673635728,14.253499052044916,14.29871461443681,19.7,16.50691762127763,2.1044073846296416,3.984165453285757,0.03817266147061469,0.3744962957848572,87.56730119630163,31.466099623320115,-0.34325031448003773,14.501416080901256,8.207946941048617,6.7675024420851,6.401945220111346,3.7920267253739763
2014,OT,0,I,Sardegna,113,7.240597625248296,7.530507219358264,7.38555242230328,1260107.0,44.34618680096373,0.20297975980075542,9.49632759718795,1103450.0,90.50847917327918,80.61423647142583,0.5313008239939979,14.253499052044914,14.29871461443681,18.4,48.444556945626594,36.93541356614296,13.32142848023052,0.09086998706495784,15.532721767912005,603.5804565293307,331.63938157837936,0.8818226417972015,14.501416080901258,8.212568398234145,6.937157612382657,6.401794813236566,3.7920267253739763
2014,PA,0,I,Sicilia,082,6.255357062839767,6.608111792035394,6.431734427437581,13349417.0,41.6088795814772,0.19023157390657078,9.284120375392273,7515865.0,303.19419186033144,312.277789695978,-0.6009324913391152,14.253499052044914,14.298714614436808,23.2,36.90967532006763,3.470415665792014,23.39404018644018,0.05804234550279066,0.5342746721387795,49.886292379789964,22.441779194945255,-0.21793675494696826,14.501416080901256,8.212568398234145,6.937157612382657,6.401794813236566,3.7283135959675096
2014,PC,0,NE,Emilia Romagna,033,6.822588648738593,7.030386500364724,6.9264875745516585,3774366.0,45.10217636109303,0.23975942743672116,9.719023178588024,2262732.0,340.3049161305857,228.45644719256103,56.027622009458405,14.253499052044916,14.29871461443681,9.4,39.889911705773386,3.2151392070372706,6.48624493916188,0.027505110332106824,0.255012874040552,55.25753388251962,15.10826185827176,-0.15664151908220858,14.501416080901256,8.212568398234145,6.937157612382657,6.401794813236566,3.808930501687859
2014,PD,0,NE,Veneto,028,6.960615464297781,7.159318930600509,7.059967197449145,9715232.0,44.26375686353161,0.212167324480907,9.763531704714792,4965000.0,209.85776327590938,165.30751374470987,1.480266242529406,14.253499052044916,14.29871461443681,7.799999999999999,42.46376525810762,2.938458713710542,17.49450317080665,0.09605490760498607,0.24531012541321962,135.08939781718288,55.8792922928487,0.008227124416023902,14.501416080901258,6.154858094016418,8.670140716131632,8.332692240189969,3.790166212709125
2014,PE,0,S,Abruzzo,068,6.398195502071117,6.751036631096738,6.5746160665839275,4656886.0,44.230501271848574,0.21360228983313415,9.436886821183986,2497054.0,320.60724917747484,253.35732291896494,12.092357334684346,14.253499052044917,14.29871461443681,12.4,36.35302494360135,2.5447924411196476,12.54181020213764,0.06106918297414059,0.6731210073378585,50.77992224968213,6.598563083334233,-0.21681687865925736,14.501416080901258,6.154858094016418,8.670140716131632,8.332692240189969,3.7894146251157785
2014,PG,0,C,Umbria,054,6.665289185689453,6.981870062113589,6.82357962390152,6195811.0,47.85341354086265,0.2787742741076971,9.627097624594363,3359419.0,180.45296749331868,148.33807648264735,1.693087869058001,14.253499052044916,14.298714614436811,11.0,27.10342790897977,3.481624078018011,17.66561325232226,0.3296888782047083,2.5390488487278042,257.9281531526092,80.30138414675055,0.7866513904266381,14.50141608090126,6.154858094016418,8.670140716131632,8.332692240189969,3.8681424537215383
2014,PI,0,C,Toscana,050,7.140171104388843,7.443695229693151,7.291933167040996,3547324.0,44.77960662215243,0.22721145840058513,9.731797144036387,1925253.0,179.42250047045778,125.95711893328,3.31217774399924,14.253499052044916,14.298714614436808,8.3,34.82430346747929,2.827640182421693,22.933219283202266,0.21135612662166112,3.189010751594053,166.4646105457206,96.85178906430261,0.5440216356348975,14.501416080901258,6.144185634125646,8.615729832147304,8.348082056012784,3.801752826454766
2014,PN,0,NE,Friuli Venezia Giulia,093,6.499643429809875,6.811637146010113,6.655640287909994,3004978.0,46.2297640796133,0.2450923489768625,9.73408910750304,1593761.0,282.09063297829033,237.4202705948995,8.867857604974608,14.253499052044916,14.29871461443681,8.2,59.4756999843335,3.705147733717438,14.176573793530423,0.10824347677634445,1.0453550980282997,66.9285426878326,16.93298251546764,0.009147792242325058,14.501416080901258,6.144185634125646,8.615729832147304,8.348082056012784,3.8336238347989946
2014,PO,0,C,Toscana,100,7.445101784388007,7.724084670031375,7.584593227209691,4639573.0,44.77960662215243,0.22721145840058513,9.731190206343005,2042869.0,57.25749727662315,40.17643835717575,0.30837415248491523,14.253499052044914,14.29871461443681,9.4,29.61078558372756,0.5550975634272546,36.174608627099005,0.07854659526080239,0.5755618152438848,57.665494895760254,31.803521200206248,0.18828812299438266,14.501416080901258,6.144185634125646,8.615729832147304,8.348082056012784,3.801752826454766
2014,PR,0,NE,Emilia Romagna,034,6.675655798081389,6.9622919576185565,6.818973877849972,4305264.0,45.10217636109302,0.23975942743672116,9.772885686156902,2507212.0,264.3359952835422,157.5916386635752,7.552639123987578,14.253499052044916,14.29871461443681,7.1,47.170694342322,2.365647020762645,11.304656937890892,0.050319266180132806,0.5132777128235491,90.361103193528,27.202020444897187,0.14124102319732096,14.501416080901258,6.142037405587356,8.615814497805694,8.355922974852458,3.808930501687859
2014,PT,0,C,Toscana,047,7.304730918371837,7.485479830625867,7.395105374498852,3255474.0,44.77960662215243,0.22721145840058513,9.670013907670171,1765634.0,68.2358153094199,55.50884477764222,0.3518195549135208,14.253499052044916,14.29871461443681,13.300000000000002,45.39267247588453,7.38574690613025,21.207882126184963,0.08248879027494063,0.860210160484075,337.10807411763176,172.73338507986662,0.37322996609838743,14.501416080901258,6.142037405587356,8.615814497805694,8.355922974852458,3.801752826454766
2014,PU,0,C,Marche,041,6.987245919052272,7.319267123650383,7.153256521351327,4157548.0,44.32651512848125,0.23040007693107245,9.580585045967144,2305188.0,179.46699893752458,171.16566198226465,0.7434595909927587,14.253499052044916,14.29871461443681,9.5,24.535866613105405,5.596959722382369,6.082592028575512,0.07255694623503249,0.6416404793230166,136.94891930882292,27.0057738074662,0.12755588350641328,14.501416080901258,6.142037405587356,8.615814497805694,8.355922974852458,3.791583033631712
2014,PV,0,NW,Lombardia,018,6.803964820143069,6.948976515501456,6.876470667822261,4541192.0,45.2175598363434,0.22965004055254135,9.73320495610751,2720032.0,1415.7320608607383,1112.8076138239983,124.6181095473364,14.253499052044916,14.29871461443681,6.9,25.06907690277626,1.2357995693579162,6.123651341504481,0.01762030026435157,0.13056930997434182,13.732783317922218,2.80898879433963,-0.5903950051078859,14.501416080901258,6.133398042996649,8.704379706680081,8.38210033188934,3.8114855033492248
2014,PZ,0,S,Basilicata,076,6.206953883933974,6.413285509974592,6.310119696954283,3608723.0,46.42884521964832,0.2590747431910616,9.330559601087394,1993486.0,169.35569673254653,188.42479443905063,-1.9707483243192516,14.253499052044917,14.298714614436811,13.5,43.319100197571615,2.719952417476887,12.414332400070474,0.0525908105287053,0.3308035923680728,55.93756256267423,5.791839087643866,-0.2416358134167595,14.501416080901256,6.133398042996649,8.704379706680081,8.38210033188934,3.837920930295616
2014,RA,0,NE,Emilia Romagna,039,6.916052172586291,7.230642952944453,7.073347562765372,5185119.0,45.10217636109303,0.23975942743672118,9.733958350705063,3156455.0,74.58175853900954,50.876528351849764,0.5207040728476656,14.253499052044916,14.298714614436808,9.2,44.81028377529745,8.979452225974331,1.2495426373772556,0.019962962618445976,0.5264765820253021,250.14974115345677,39.12993644655218,0.007998486609064161,14.501416080901258,6.133398042996649,8.704379706680081,8.38210033188934,3.808930501687859
2014,RC,0,S,Calabria,080,6.1622198840586435,6.529146789033463,6.345683336546053,5607471.0,43.632649286798646,0.20130577229839755,9.22716919599098,3617115.0,332.0218826313974,360.9345264377221,-3.5614222921846457,14.253499052044916,14.29871461443681,19.2,29.196779058036874,2.082142170273828,3.428597965291842,0.008084508997377803,0.10419084074398557,27.796499976066773,3.2739319446941457,-0.4782941149111609,14.501416080901258,6.102558594613569,8.755979141170382,8.396643664387602,3.7758057069697455
2014,RE,0,NE,Emilia Romagna,035,6.654157731124652,6.900429812585734,6.777293771855193,6614020.0,45.102176361093036,0.23975942743672118,9.812762973702725,3362381.0,139.75006181330656,99.18551573769659,0.8061983989684566,14.253499052044916,14.29871461443681,6.6,58.22331077373975,1.1405567430444397,6.469193653143563,0.020870347597981044,0.1162584790820358,18.025154080395534,4.3234005384031615,-0.2000494427109344,14.501416080901258,6.102558594613569,8.755979141170382,8.396643664387602,3.808930501687859
2014,RG,0,I,Sicilia,088,6.431892447147252,6.8055015103709104,6.618696978759082,3387471.0,41.60887958147719,0.19023157390657078,9.24622851552417,2243480.0,27.116240521883988,19.204023712712562,0.14409120805093564,14.253499052044916,14.29871461443681,18.5,46.05183743344931,2.55437349580318,10.282600785299808,0.11012887380922637,0.3563379532192636,46.054559888133284,17.03428125718173,0.1283576424994678,14.501416080901258,6.102558594613569,8.755979141170382,8.396643664387602,3.728313595967509
2014,RI,0,C,Lazio,057,6.87701516146455,7.087656749194689,6.98233595532962,1008588.0,43.88934648644635,0.2127955315763319,9.555488230071246,681108.0,456.1460265677356,401.36771101696314,20.784034497639674,14.253499052044916,14.29871461443681,12.3,23.48933675741432,1.0249769209759403,3.001144734495003,0.01778375920764885,0.1677036009407009,6.118810989770152,1.475665203396566,-0.5852211656575111,14.50141608090126,6.093569770045136,8.67080410051268,8.402154012374352,3.7816716137840105
2014,RM,0,C,Lazio,058,7.120778739450492,7.487034433239505,7.303906586344999,48199317.0,43.88934648644635,0.2127955315763319,9.70449156744826,25352779.0,2659.8320313759746,1415.0281825788952,271.6292238234423,14.253499052044914,14.298714614436811,11.3,45.164159488234766,1.4208760347278588,8.054029485462516,0.022654444348529163,0.13674365244496967,46.02287396837408,25.28549326744493,-0.20293070326620194,14.501416080901258,6.093569770045136,8.67080410051268,8.402154012374352,3.7816716137840105
2014,RN,0,NE,Emilia Romagna,099,7.27329108392906,7.614823571821738,7.444057327875398,3830961.0,44.934876879549314,0.23774074399432635,9.603152468401749,2178934.0,172.57487313171166,134.09101174674296,2.242538408376576,14.253499052044916,14.29871461443681,11.1,48.8780999246063,18.646267314807588,10.055052160083742,0.0817455170278389,0.9779784167662994,396.5842074109371,81.24055186306892,0.44897174962039527,14.501416080901258,6.093569770045136,8.67080410051268,8.402154012374352,3.8052142611388367
2014,RO,0,NE,Veneto,029,6.732749905096777,7.018475373799736,6.875612639448257,2495275.0,44.26375686353161,0.212167324480907,9.637120588220146,1421491.0,119.96159326519462,109.77815579723324,0.6067897301430658,14.253499052044916,14.29871461443681,9.3,29.388513588655197,1.919581680549408,10.005980698004313,1.1274732915945977,8.490949209827589,161.1694244977621,78.2299534473592,-0.1086704107909632,14.501416080901258,6.091309882077698,8.853937823717015,8.436490137266107,3.790166212709125
2014,SA,0,S,Campania,065,6.627500645171675,6.914805475644371,6.7711530604080234,12240268.0,40.16930351691652,0.14954978396327348,9.304611993548765,6314610.0,450.26417801960537,409.32053654231436,4.009602878204546,14.253499052044916,14.29871461443681,17.5,42.27178898338267,5.956099942757989,10.318697325068293,0.10034857011016227,0.7953936988018273,168.7828815042023,78.63575297805934,-0.09965023615353075,14.501416080901258,6.091309882077698,8.853937823717015,8.436490137266107,3.693103109831945
2014,SI,0,C,Toscana,052,7.127218851415575,7.477397752041685,7.3023083017286305,2773323.0,44.77960662215243,0.22721145840058513,9.701976026118475,1639858.0,150.17573932562829,108.57856441315988,2.0511255053688973,14.253499052044914,14.298714614436808,8.9,32.78834235516121,12.740023483503483,22.041562525294946,0.7801083687787718,7.031957452556891,709.9811272437403,370.3237394336576,1.2748623983991034,14.501416080901256,6.091309882077698,8.853937823717015,8.436490137266107,3.801752826454766
2014,SO,0,NW,Lombardia,014,6.9776419384568635,7.18456657985752,7.0811042591571915,3298208.0,45.217559836343405,0.22965004055254135,9.681310512797198,3072866.0,236.105259316205,186.35170680723724,30.27899400199088,14.253499052044916,14.29871461443681,8.1,40.89829003138584,11.489797405196963,7.92036930741259,0.08146678834088633,2.182302304378873,302.1628417031526,107.58747030948389,-0.06691358679647201,14.501416080901258,6.131226489483141,8.633923724705566,8.420633822113441,3.811485503349225
2014,SP,0,NW,Liguria,011,7.2074411391094415,7.56404916373757,7.385745151423506,2865216.0,47.53139001491645,0.277922615983533,9.724700435007776,1865980.0,252.08913997693446,163.15525348681388,10.109915113768592,14.253499052044914,14.298714614436811,12.4,33.720738276908286,8.37396993358453,15.694870763460429,0.563978814791116,3.889611795330803,721.8462938574139,445.6469064315039,0.7458669183051053,14.501416080901258,6.131226489483141,8.633923724705566,8.420633822113441,3.8613903351996894
2014,SR,0,I,Sicilia,089,6.312818486839447,6.635362325441728,6.474090406140588,4096815.0,41.6088795814772,0.19023157390657078,9.380161350596776,2473834.0,59.68357423105855,57.698915618073954,0.10401154177452539,14.253499052044916,14.298714614436811,25.3,40.739623874352525,2.018534104096385,3.2563779720776185,0.018334087392162635,0.14171671140152883,66.23586345862698,20.32685626862055,-0.1946153846956809,14.501416080901258,6.131226489483141,8.633923724705566,8.420633822113441,3.7283135959675096
2014,SS,0,I,Sardegna,112,6.583476734922568,6.871014158363061,6.727245446642814,3751876.0,44.34618680096373,0.20297975980075544,9.464342559297725,2098034.0,245.96536622193284,219.07682437613713,6.745290323430655,14.253499052044916,14.29871461443681,20.0,30.02915722184024,15.588094355371565,5.396640780534363,0.0347744895666536,0.6956477572191374,200.79103284277025,61.68789474770455,-0.20449724497454327,14.501416080901258,6.148468295917647,8.617965165823353,8.4356565418145,3.7920267253739763
2014,SV,0,NW,Liguria,009,7.368075756591817,7.686136871799892,7.527106314195855,3033123.0,47.53139001491644,0.277922615983533,9.69667172085516,2707584.0,374.6973692299628,295.9605487257969,22.894622826821152,14.253499052044916,14.29871461443681,9.5,38.96672311896612,10.117099923088306,10.546973122977175,0.07521877082503481,1.0737699658201396,386.57310590273545,99.19435199559177,0.40901815440878486,14.501416080901258,6.148468295917647,8.617965165823353,8.4356565418145,3.861390335199689
2014,TA,0,S,Puglia,073,6.4634830231804035,6.774158721013542,6.618820872096972,7178400.0,41.913564771212435,0.20262077920134727,9.44436841855399,4106554.0,44.8899293111199,54.11647513630689,-0.1692142410457174,14.253499052044916,14.29871461443681,18.5,45.04428175833747,2.6041504671364786,10.212587451013563,0.021068115082141403,0.33901446608048985,54.43947893487979,9.004341037217442,-0.03076130326386881,14.501416080901258,6.148468295917647,8.617965165823353,8.4356565418145,3.735609516091485
2014,TE,0,S,Abruzzo,067,6.434265208040217,6.786197723641243,6.61023146584073,3868297.0,44.230501271848574,0.21360228983313415,9.426404987105297,2454505.0,183.5011435402744,152.64196166881936,4.302030581778564,14.253499052044916,14.29871461443681,11.0,36.60187283510296,8.716992578460696,13.651250758021995,0.05929305594726771,0.7496442139881523,177.8251110118658,16.859595142087795,0.06840081153604834,14.501416080901258,6.142037405587356,8.834286750270834,8.46828543412611,3.7894146251157785
2014,TN,0,NE,Trentino Alto Adige,022,7.428610632233394,7.573966544969423,7.501288588601408,4181239.0,41.68348325211795,0.16745597704025741,9.698416747371445,2870308.0,inf,inf,53.54014409721939,14.253499052044916,14.29871461443681,6.9,43.228012416677025,inf,10.054365295590605,0.10228068097002972,inf,inf,inf,0.42517764308976536,14.501416080901256,6.142037405587356,8.834286750270834,8.46828543412611,3.7301049652612366
2014,TO,0,NW,Piemonte,001,6.8025039911196385,7.134459221476499,6.968481606298068,26144888.0,45.25439052467581,0.25013651471552084,9.812042307273245,14794398.0,2337.1750828391973,1667.6669132673421,378.9794935723727,14.253499052044916,14.29871461443681,12.9,39.54860686214161,8.155443453720364,9.419772656585952,0.035417717649657385,0.9392107060678236,189.6164758824588,49.50810656108421,-0.297112991730619,14.501416080901258,6.142037405587356,8.834286750270834,8.46828543412611,3.812299693608638
2014,TP,0,I,Sicilia,081,6.530224659818053,6.810701609675641,6.670463134746846,3902331.0,41.6088795814772,0.19023157390657078,9.29336136519959,2541218.0,54.60656196747818,49.13987189647981,0.13141065972956717,14.253499052044916,14.29871461443681,20.6,47.01001077190119,9.02980681774112,8.644202978677953,0.11119563251899968,2.7399092921423964,318.70649719659366,74.46291109823879,0.3565417864989357,14.501416080901256,6.159095388491933,8.991628722548466,8.455665725718214,3.7283135959675096
2014,TR,0,C,Umbria,055,6.787768409295456,7.147843306877274,6.967805858086365,3784025.0,47.85341354086265,0.2787742741076971,9.619054573344224,2123290.0,178.98020920232523,135.10607611436453,6.010624469314108,14.253499052044916,14.29871461443681,12.2,26.845297417915837,2.983452327104066,17.596687903168593,0.18020007884345848,1.7238733224325493,177.886692690732,77.83590456782109,0.5175994977564425,14.501416080901258,6.159095388491933,8.991628722548466,8.455665725718214,3.8681424537215383
2014,TS,0,NE,Friuli Venezia Giulia,032,7.3958443365994455,7.650109213643567,7.522976775121506,4430610.0,46.2297640796133,0.24509234897686252,9.882019045129812,2726215.0,93.02525627211187,59.18335553719864,2.5335338417848203,14.253499052044916,14.29871461443681,6.6,40.93781252707764,3.912446702595062,12.442622672906436,0.12088256179113535,1.0078938858195143,189.49654622890745,92.98557211931279,0.6544632641450376,14.50141608090126,6.159095388491933,8.991628722548466,8.455665725718214,3.8336238347989946
2014,TV,0,NE,Veneto,026,7.038160448963605,7.203337482362603,7.120748965663103,9760950.0,44.26375686353161,0.212167324480907,9.758448670015575,4874267.0,172.89043747314764,155.55710591833602,0.5025251292198171,14.253499052044917,14.298714614436811,8.3,44.55738014187983,1.0223922020822371,16.65818868196276,0.10351559129425159,0.25838914772190136,82.95140428317242,45.88600030448167,0.10040032341365009,14.501416080901258,7.492203042618741,7.331710954686125,6.994456280611954,3.790166212709125
2014,UD,0,NE,Friuli Venezia Giulia,030,6.484512004965383,6.823925685622955,6.654218845294169,3305418.0,46.20663458295351,0.2447049957474983,9.713245118476154,2046233.0,457.5747956909277,337.8616953232712,23.93591579600795,14.253499052044917,14.29871461443681,8.3,34.11259728816105,7.20717910370067,18.88215732856802,0.5576521476065681,10.237269357383303,231.39214462929507,94.87465745751496,0.16211334207450834,14.50141608090126,7.492203042618741,7.331710954686125,6.994456280611954,3.8331233934690174
2014,VA,0,NW,Lombardia,012,6.873270918717262,7.078622772050799,6.975946845384031,6480980.0,45.217559836343405,0.22965004055254135,9.77401663266452,3559753.0,746.5803603444247,578.0392476864788,34.69965793004423,14.253499052044916,14.29871461443681,8.3,39.09201580377244,1.5735112242559943,5.103171075463264,0.015052298835964555,0.23685027688208485,96.19353687558257,57.007839049149034,-0.36346781927388405,14.501416080901256,7.492203042618741,7.331710954686125,6.994456280611954,3.811485503349225
2014,VB,0,NW,Piemonte,103,6.7107679187253595,7.0923692014976805,6.90156856011152,1483179.0,45.25439052467581,0.25013651471552084,9.607619678927097,1181893.0,341.2200622354457,274.3831428285028,23.128747782733967,14.253499052044916,14.29871461443681,7.3,38.24480991234457,12.716733095756792,7.49160986220438,0.09200581032287729,2.2447660375899408,390.38948944528454,238.65353556342222,0.19703058813141053,14.501416080901258,7.470224135899966,7.288615322928952,7.021121632581147,3.812299693608638
2014,VC,0,NW,Piemonte,002,6.608853812185001,6.994216771267796,6.801535291726399,1113826.0,45.25439052467581,0.25013651471552084,9.72413796476139,703605.0,808.3199749735899,722.1675138728418,60.53877500753277,14.253499052044916,14.29871461443681,11.1,25.303373596793968,3.688881347227468,9.956992892230977,0.06818765351033429,1.0708824604413907,71.43551658424794,20.151895342369762,-0.4414883378777113,14.501416080901258,7.470224135899966,7.288615322928952,7.021121632581147,3.812299693608638
2014,VE,0,NE,Veneto,027,7.163240913622415,7.389852297965901,7.276546605794158,7274114.0,44.26375686353161,0.212167324480907,9.761457738589794,4251100.0,122.18031767144313,99.80050601151655,0.39072542003218125,14.253499052044916,14.29871461443681,9.4,46.456346932219276,9.846473961228176,19.723313281642376,2.5979429083462318,20.218021226579516,673.1226207019273,458.9555555336958,0.48626308255730716,14.50141608090126,7.470224135899966,7.288615322928952,7.021121632581147,3.790166212709125
2014,VI,0,NE,Veneto,024,7.06326358474895,7.319160199658233,7.191211892203591,8325017.0,44.258951475891514,0.2120846223069285,9.771410441741356,4361023.0,306.78448043871214,254.28986034635594,10.077429727075515,14.253499052044916,14.29871461443681,6.7,45.44836052655551,2.143483274123093,15.838668007517224,0.40258372133902615,3.166263247971574,65.53675345267325,15.715997518672093,-0.03129541049502469,14.501416080901258,7.455298485683291,7.301472639381708,7.041727546629206,3.790057644235906
2014,VR,0,NE,Veneto,023,6.9175862789203455,7.225983687213357,7.071784983066851,7615131.0,44.26375686353161,0.212167324480907,9.685277314651925,4157531.0,365.06621455143255,250.86898456521286,12.381294155192426,14.253499052044916,14.29871461443681,4.9,40.223936792710525,12.249417578224003,14.204656682804089,0.9765483036184165,4.3172789237813385,759.2405693353369,550.8221931900479,0.5067927851202068,14.501416080901258,7.455298485683291,7.301472639381708,7.041727546629206,3.790166212709125
2014,VS,0,I,Sardegna,117,6.3107516089062905,6.565960694937305,6.4383561519217976,357743.0,44.34618680096373,0.20297975980075542,9.353211091404953,193062.0,476.05229805353486,422.53984995116673,15.1953243494029,14.253499052044916,14.29871461443681,27.9,31.878414139250417,1.6403117788250519,3.8890380919737595,0.027419017032968396,0.3413073762918679,26.694667098048576,10.112774053271437,-0.42229275970519453,14.501416080901258,7.455298485683291,7.301472639381708,7.041727546629206,3.7920267253739763
2014,VT,0,C,Lazio,056,6.89882929220193,7.17871514584965,7.03877221902579,3181248.0,43.88934648644636,0.2127955315763319,9.53883159903593,2001397.0,201.69790277055228,167.9900877729695,2.4744161674001615,14.253499052044916,14.29871461443681,15.6,21.214470179509043,1.5078946982463641,2.047064743562407,0.019984589704002503,0.15371002474428008,39.50057891933242,11.010907754061135,-0.3606916158576135,14.501416080901256,7.43955930913332,7.397081959213857,7.0749726479214425,3.7816716137840105
2014,VV,0,S,Calabria,102,6.108636591539153,6.397105927209087,6.25287125937412,1122268.0,43.63264928679864,0.20130577229839755,9.24567662164067,790082.0,82.01634352146357,101.239632439706,-1.388356221159244,14.253499052044916,14.29871461443681,19.4,44.365317944727096,24.400753350889406,5.934560277586609,0.05620140060595627,0.849059986851382,302.6642854803398,105.3836943564428,-0.0025974343093841125,14.501416080901258,7.43955930913332,7.397081959213857,7.0749726479214425,3.775805706969745
2015,AG,0,I,Sicilia,084,6.172364704172355,6.523730971797704,6.348047837985029,3312523.0,42.62135095403836,0.2032806754613541,9.242013707982446,2433073.0,77.14447102259138,84.15117068427628,-0.26426384290861193,14.253485175775596,14.307685758791632,26.2,34.20217924447032,2.281374358744537,6.654333965735462,0.04295558845209629,0.5018953845367545,47.27031226572008,19.349150718109726,-0.29554996650020593,14.516004187167159,7.43955930913332,7.397081959213857,7.0749726479214425,3.752355323822695
2015,AL,0,NW,Piemonte,006,6.612072197664689,6.831395793878044,6.721733995771366,2389729.0,45.94846739889146,0.2545785094413764,9.715386953092365,1519503.0,1138.1047687456899,976.7545758061378,65.67900966146162,14.253485175775596,14.307685758791633,11.5,22.48289753045952,1.3102376970247698,9.459992477476485,0.047396791806525194,0.3847031643076812,36.343139063529854,14.903558821827623,-0.3972575894839398,14.51600418716716,7.427738840532894,7.429590037581488,7.070443052047759,3.8275204945760586
2015,AN,0,C,Marche,042,6.7411454022432915,7.0827944470436455,6.911969924643468,6275775.0,45.34017553750693,0.23674502494764385,9.720864161084931,3437852.0,141.6045012796674,119.9234645912899,1.104227587778891,14.253485175775596,14.307685758791632,9.4,31.29467636302002,3.648968284788988,6.524662303787387,0.07970867599758111,3.5680339619157193,189.36549419669066,29.471896959608724,0.1457238046667652,14.516004187167159,7.427738840532894,7.429590037581488,7.070443052047759,3.814193516653426
2015,AO,0,NW,Valle D'Aosta,007,7.241775216011461,7.5267871376682,7.3842811768398295,1430651.0,58.466113789778206,0.5204050144648024,9.800602921424886,1275547.0,255.03286375769213,229.0865922587706,11.720046415937432,14.253485175775596,14.307685758791633,8.9,41.05768582077951,39.10504835546267,9.49775450653869,0.17764975802811103,5.286879367163243,1781.7412555294336,614.9913400714584,0.9360407870784032,14.51600418716716,7.427738840532894,7.429590037581488,7.070443052047759,4.068447334950089
2015,AP,0,C,Marche,044,6.725064118521097,7.016612946392483,6.870838532456791,4176828.0,45.330601198947676,0.23648236799355962,9.552820381573516,2305323.0,93.75486500811878,77.18875049346077,1.2104958533815198,14.253485175775596,14.307685758791632,11.2,37.43200630913539,4.379619208613141,5.447421184883558,0.05209895711004577,0.9234761252053466,108.16978026652066,15.139994507888687,0.05754504169963096,14.51600418716716,7.404279118037268,7.358909252410463,7.090402604875663,3.8139823275815012
2015,AQ,0,S,Abruzzo,066,6.375377485084147,6.750227417593669,6.562802451338908,2862285.0,46.15271404514641,0.24001938721833121,9.453190487277231,2304072.0,723.8722370768893,690.3764394642591,14.203812233795986,14.253485175775596,14.307685758791632,14.6,33.49050657257107,8.304975141210031,18.435140542828993,0.08739738844261537,1.9739644401820318,246.46966568272325,22.025011791280335,-0.07140065734010208,14.516004187167159,7.404279118037268,7.358909252410463,7.090402604875663,3.8319557684319405
2015,AR,0,C,Toscana,051,6.941160779196391,7.2380431414013335,7.089601960298863,3924853.0,46.03271935995887,0.2557438779597369,9.709215478255294,2067230.0,135.55001879102835,104.61310519203033,2.465050168975986,14.253485175775596,14.307685758791632,10.3,32.153095365310264,3.277980589842492,17.91223436577892,0.1804555286204447,1.5499252569025777,114.40299974777133,48.02522731171043,0.5323823463281362,14.51600418716716,7.404279118037268,7.358909252410463,7.090402604875663,3.829352434075834
2015,AT,0,NW,Piemonte,005,6.298788603561817,6.663000150446884,6.48089437700435,2051543.0,45.94846739889146,0.2545785094413764,9.643571540955195,1212149.0,629.30343613501,611.3764906283421,6.179440266271954,14.253485175775596,14.307685758791632,9.5,15.674734970841365,1.2216726203070605,16.20049300358414,0.100713046802635,0.755198789990156,49.10910210493823,24.02256891470744,-0.19457776276398173,14.51600418716716,7.405495663199472,7.538484640275087,7.121238695774972,3.8275204945760586
2015,AV,0,S,Campania,064,6.414708586786709,6.574267067124493,6.494487826955601,9553370.0,41.422463310964034,0.18279832661638196,9.341000503506915,5380232.0,219.49117417319258,248.01854332271907,-2.7102318153382874,14.253485175775596,14.307685758791632,16.5,29.442553181640033,0.9907429957463957,8.992209789870877,0.02536413887973754,0.1680551829017398,9.0165698559644,1.5183707926658963,-0.5211451887648764,14.51600418716716,7.405495663199472,7.538484640275087,7.121238695774972,3.723823325733698
2015,BA,0,S,Puglia,072,6.904474486231049,7.213886648123592,7.059180567177322,12659325.0,43.932451498849154,0.2425595978053792,9.466884545618422,6515409.0,52.51384853042053,55.75617191296784,-0.05663974242892479,14.253485175775596,14.307685758791633,20.7,41.130313300502735,1.3255121826852467,7.820938492394372,0.02901431379934761,0.22491404694535574,73.28260068680441,23.475328698461496,-0.08509614743059386,14.516004187167162,7.405495663199472,7.538484640275087,7.121238695774972,3.782653261093747
2015,BG,0,NW,Lombardia,016,6.884691267729094,7.075729163791262,6.980210215760178,8526271.0,43.84289278615502,0.21562020838458046,9.79744323854881,4788884.0,877.589076663335,710.2188040938634,62.11150644032233,14.253485175775596,14.30768575879163,5.8,39.90593571063598,2.643240849583611,10.249318927908986,0.02786523460509878,0.2188781146227088,85.12923568828575,26.579253454391527,-0.36026341334223133,14.51600418716716,7.40184157874383,7.362199691655957,7.149018412148863,3.780612625548493
2015,BI,0,NW,Piemonte,096,6.024911214263036,6.344788409384882,6.184849811823959,1056366.0,45.94846739889146,0.2545785094413764,9.762381490233276,695671.0,277.79330858276376,273.64520504816346,1.419260037633994,14.253485175775596,14.307685758791633,9.3,14.042914637204078,1.1912866853398438,8.139367865910595,0.0341801833631529,0.7086431369922418,35.76112964334229,12.2492821053611,-0.4977177761974338,14.51600418716716,7.40184157874383,7.362199691655957,7.149018412148863,3.8275204945760586
2015,BL,0,NE,Veneto,025,6.821924378327782,7.02734673821929,6.924635558273535,1918036.0,44.47418408423194,0.23442293437505068,9.725559779821664,1556243.0,157.83944525449886,165.73532636926083,-1.3087741849421428,14.253485175775596,14.307685758791632,6.0,16.202127521558868,15.013534479266532,52.75200772800129,5.111520641866833,36.15972216326592,572.8819337849934,193.8876026676182,1.1155106519390678,14.51600418716716,7.40184157874383,7.362199691655957,7.149018412148863,3.794908887891363
2015,BN,0,S,Campania,062,6.883469057371877,7.050088328882868,6.966778693127373,1749063.0,41.422463310964034,0.18279832661638196,9.258941239600711,1004083.0,137.52689483922097,157.0429065237224,-1.5359336101613013,14.253485175775596,14.307685758791633,13.7,20.177496143066676,0.6259833288480543,21.474596450390337,0.12407283593527614,0.5540065017736687,2.238573808733425,0.22990771751562272,-0.3696965510269069,14.51600418716716,7.401231264413015,7.364126781147782,7.181908712504468,3.723823325733698
2015,BO,0,NE,Emilia Romagna,037,7.1797721561621985,7.4159073058271785,7.2978397309946885,17658234.0,45.17727986968235,0.23894167032140842,9.87838443951098,9929609.0,258.49940958807974,158.70346496600718,2.6282429466763175,14.253485175775594,14.30768575879163,7.2,56.14294379257852,2.741209820686469,2.1679862378857635,0.008404249764137499,0.06824421067765488,88.48181954011812,34.930795475971784,-0.10931783318743288,14.51600418716716,7.401231264413015,7.364126781147782,7.181908712504468,3.8105943027130373
2015,BR,0,S,Puglia,074,6.660540205082725,6.867455555875557,6.76399788047914,2557489.0,43.932451498849154,0.24255959780537917,9.40383146566163,1540666.0,21.657609136200467,24.129173815186597,-0.022384552791053183,14.253485175775596,14.307685758791632,16.5,37.73698801047904,3.3835590929892563,16.62749395087795,0.040392508832418225,0.4865862470937491,105.72189286090983,24.55377431562694,0.15564445485395728,14.51600418716716,7.401231264413015,7.364126781147782,7.181908712504468,3.782653261093747
2015,BS,0,NW,Lombardia,017,7.033290854155316,7.28614554262647,7.159718198390894,10416311.0,43.84461982414903,0.2156335042841329,9.760614100937008,5948833.0,571.8549259219402,445.382941228906,17.89667944622106,14.253485175775596,14.307685758791632,8.7,37.761598127708325,7.133211288774812,9.980978225350109,0.07572546958458688,2.5429882178127383,367.1134275279984,238.17048380951496,-0.09332948963883624,14.51600418716716,7.395721608602045,7.579429076130517,7.2135891733391455,3.7806520162882418
2015,BT,0,S,Puglia,110,6.870587164397541,7.134783610053077,7.002685387225308,4472219.0,43.932451498849154,0.24255959780537917,9.351810014356552,2188187.0,31.9191712706141,34.1394424814235,-0.01855844885580121,14.253485175775598,14.307685758791632,20.1,43.85259495594414,0.4849677828099215,16.99909765241043,0.031778971965871844,0.14558507442635563,32.68672211446642,7.295948728995549,-0.018897493963085238,14.51600418716716,7.395721608602045,7.579429076130517,7.2135891733391455,3.782653261093747
2015,BZ,0,NE,Trentino Alto Adige,021,7.5778043935093615,7.814807830844515,7.696306112176938,6812938.0,41.81016906721318,0.1999709346113618,9.742181170100256,3829363.0,301.48834296032453,212.7788099493648,10.76190591682568,14.253485175775598,14.307685758791632,3.8,67.37969227848603,46.174746886793834,9.231006582228364,1.2065511655160628,7.263535141660428,1819.5935681407086,1164.6289243506117,1.5579677088519575,14.516004187167159,7.395721608602045,7.579429076130517,7.2135891733391455,3.7331395890630765
2015,CA,0,I,Sardegna,118,6.711369430908961,6.991931869413304,6.851650650161133,3846021.0,45.02744618722462,0.21981394934131826,9.506378798425025,2029932.0,154.33726985121294,145.9479611255492,0.4718560402410523,14.253485175775596,14.307685758791632,17.7,36.31775614561675,10.877692284963763,10.024255467604918,0.04535410144768337,1.0727442312324853,164.35508021230467,66.84107813547894,-0.14597680776254116,14.51600418716716,7.388946097618437,7.760581693013354,7.224832676870228,3.8072722191192527
2015,CB,0,S,Molise,070,6.002205656236021,6.4024533053468415,6.20232948079143,2050125.0,50.9563861717938,0.33491664157333567,9.302498331565115,1319465.0,187.49845692050573,206.9007697703383,-4.201297556351373,14.253485175775598,14.307685758791632,14.4,32.86027959394375,2.717012393554267,10.69639638897339,0.044742283846917884,0.33020317079558953,39.18960706630407,1.7547794947671465,-0.39424573661270335,14.516004187167162,7.388946097618437,7.760581693013354,7.224832676870228,3.930970093753124
2015,CE,0,S,Campania,061,6.315275815011871,6.7088812739595545,6.512078544485711,5524283.0,41.422463310964034,0.18279832661638196,9.394856694091324,2855949.0,390.4420389692158,371.9729464552773,1.5540223787072838,14.253485175775596,14.307685758791632,19.6,34.329955784356166,0.8995619180753643,4.095119864173248,0.021697646911210337,0.14763614318238655,21.047149252086278,3.9407189453476366,-0.5423242154007846,14.516004187167159,7.388946097618437,7.760581693013354,7.224832676870228,3.723823325733698
2015,CH,0,S,Abruzzo,069,6.399918020509068,6.793964733823774,6.596941377166421,3955929.0,46.15271404514641,0.24001938721833121,9.404577450466215,2457420.0,632.095787192887,590.6662880323045,19.022571573462702,14.253485175775596,14.307685758791632,11.7,29.02224636645399,2.9675938718481993,12.139948047143672,0.06102076729700888,0.5880454901915381,41.34161618116429,4.235001043965497,-0.2706836289874435,14.51600418716716,8.763115329619787,6.0620751197864315,5.725492539005025,3.8319557684319405
2015,CI,0,I,Sardegna,119,6.575775152502191,6.85936835657352,6.717571754537855,663629.0,45.02744618722462,0.21981394934131826,9.475205158458149,405268.0,177.34326981926577,158.40052644998877,1.0737640176573602,14.253485175775598,14.307685758791633,17.2,36.750624480004156,3.5270514785091236,6.011248504049852,0.0340065160171639,0.33990247209010926,86.71535148813183,26.529613150011944,0.03381681910994377,14.51600418716716,8.763115329619787,6.0620751197864315,5.725492539005025,3.8072722191192527
2015,CL,0,I,Sicilia,085,6.00062501591993,6.38686252421938,6.193743770069655,2341279.0,42.62135095403836,0.2032806754613541,9.230024549344995,1586140.0,86.62706351319771,87.29527597473118,-0.047428631078546724,14.253485175775596,14.307685758791632,22.2,21.79137761346928,1.4928687504572906,9.137762511726642,0.01322968880990725,0.13504816311504178,27.992447150074288,5.589320571843048,-0.5045698324891487,14.516004187167162,8.763115329619787,6.0620751197864315,5.725492539005025,3.752355323822695
2015,CN,0,NW,Piemonte,004,6.650349137579578,7.0390876090931815,6.84471837333638,6141775.0,45.94846739889146,0.2545785094413764,9.662039924386166,4217971.0,1795.150687578516,1351.2052563811317,343.27619631821455,14.253485175775596,14.307685758791632,5.3,28.43623568310237,5.591359075166764,16.903244793174597,0.16517199060019663,3.4020316142910456,145.5227508995778,60.33667539958692,0.013296768939919814,14.51600418716716,8.762176509334903,5.998052708193749,5.731111371617152,3.8275204945760586
2015,CO,0,NW,Lombardia,013,7.013547152359387,7.313913836779827,7.1637304945696085,4861174.0,43.84461982414903,0.2156335042841329,9.765912817199597,2728295.0,676.678656063201,529.6170383400705,33.16236355023557,14.253485175775596,14.307685758791632,7.8,40.136567968794786,3.1849127638145003,4.965836252727195,0.029873347434178982,0.7577983229567354,202.36873566215544,156.57558952907675,-0.24652165883847124,14.516004187167162,8.762176509334903,5.998052708193749,5.731111371617152,3.7806520162882418
2015,CR,0,NW,Lombardia,019,6.356757771796233,6.725260640526182,6.541009206161208,2642840.0,43.84461982414903,0.2156335042841329,9.79101162416964,1441644.0,440.26271049077917,373.37240247240555,9.287047223631287,14.253485175775596,14.307685758791632,6.9,21.58297769034448,0.5848141551472829,7.305240471062594,0.013702309927972339,0.08404629065485392,11.04597911759284,4.565172634626826,-0.6251352108577205,14.51600418716716,8.762176509334903,5.998052708193749,5.731111371617152,3.7806520162882418
2015,CS,0,S,Calabria,078,6.136245290929309,6.4513495545669475,6.293797422748129,5059538.0,42.75146286903055,0.20545456944690668,9.263839290659485,3469254.0,350.89587885096245,360.31168955358214,-1.0389095852870396,14.253485175775594,14.307685758791632,22.5,28.616125735143786,5.869767748107498,3.028712083977798,0.013841097916394316,0.21842202471699945,60.628630428520424,4.395129597032471,-0.3388776384060647,14.51600418716716,8.762176509334903,5.995989677618567,5.736782884555832,3.7554034139559165
2015,CT,0,I,Sicilia,087,6.41666911413188,6.760761097269859,6.588715105700869,11820046.0,42.62135095403836,0.2032806754613541,9.388583420238454,6635448.0,114.40317782456637,119.71103031684119,-0.14491581996809105,14.253485175775596,14.307685758791632,16.2,34.01906488306514,1.1697874189067343,12.234602249918733,0.021974810377489815,0.3150987201988703,60.06877848551326,23.855172473817202,-0.13547008387040532,14.51600418716716,8.762176509334903,5.995989677618567,5.736782884555832,3.752355323822695
2015,CZ,0,S,Calabria,079,6.342620268953145,6.557773917468345,6.450197093210745,3716003.0,42.75146286903055,0.2054545694469067,9.27334909238985,2445354.0,194.1011578293323,219.0336518021788,-2.500035535344907,14.253485175775596,14.307685758791632,22.4,37.92550440777099,6.848208969289844,1.42211396841481,0.009154608750259252,0.10483505900345298,70.5454362626619,10.242335428874789,-0.32534589075980486,14.51600418716716,8.762176509334903,5.995989677618567,5.736782884555832,3.7554034139559165
2015,EN,0,I,Sicilia,086,6.407289098975549,6.72584491702444,6.566567007999995,1947661.0,42.62135095403836,0.2032806754613541,9.269385155190678,1426656.0,22.433865253155115,32.709405241086756,-0.3322003051159487,14.253485175775596,14.307685758791633,21.5,25.79487527197198,0.4538183624743508,6.278915833844121,0.009585641350339635,0.06357595111886682,18.129654461727238,6.568564065802892,-0.4897710837948424,14.51600418716716,8.765302488748196,6.072601731921605,5.751135677438801,3.752355323822695
2015,FC,0,NE,Emilia Romagna,040,7.098574211401005,7.347315328300296,7.222944769850651,4351812.0,45.17727986968235,0.23894167032140845,9.699428501647565,2269156.0,136.51613381127973,107.5810460382556,1.697427014757353,14.253485175775596,14.307685758791632,6.2,35.88234396480893,10.504798490891151,9.956882196825564,0.1640537551216994,0.6537794980498358,274.1472937759537,43.42262325525293,0.31834294444610683,14.516004187167159,8.765302488748196,6.072601731921605,5.751135677438801,3.8105943027130373
2015,FE,0,NE,Emilia Romagna,038,6.598209701872513,6.927257444461443,6.762733573166978,4655984.0,45.17727986968235,0.23894167032140842,9.690149035140516,2990846.0,74.93912375745589,53.40769718543739,0.44574372380324356,14.253485175775596,14.307685758791632,12.3,34.16052284730968,1.592866491673723,14.932230785507802,0.04829038856456279,3.4021424050549385,114.45559337283044,35.4260296080613,0.04138863460353279,14.51600418716716,8.765302488748196,6.072601731921605,5.751135677438801,3.8105943027130373
2015,FG,0,S,Puglia,071,6.562188019304286,6.889248401569253,6.725718210436769,3434619.0,43.932451498849154,0.24255959780537917,9.255784265569764,1904569.0,156.77911627583717,180.43793663939408,-3.2395233328470607,14.253485175775598,14.307685758791632,19.1,33.74575994491818,12.050102412176768,14.525061678650241,0.1290427136781232,5.810127535224111,328.2364777624259,48.635297141106385,0.19520284803625423,14.51600418716716,8.766082459148864,6.092476413345572,5.734049648731747,3.782653261093747
2015,FI,0,C,Toscana,048,7.371080716777219,7.727160772816582,7.549120744796901,9694316.0,46.03271935995887,0.2557438779597369,9.793836054928951,5014392.0,203.89406135337902,118.93550672842404,2.885005155815211,14.253485175775594,14.307685758791632,7.700000000000001,35.056487921873654,2.6658379141963624,23.6197084332616,0.2606494802360522,2.806648315434967,269.52471134816005,175.14676516412422,0.7717582338690243,14.516004187167159,8.766082459148864,6.092476413345572,5.734049648731747,3.829352434075834
2015,FM,0,C,Marche,109,6.713675989212296,6.996920094571108,6.855298041891702,3452834.0,45.33060119894769,0.23648236799355962,9.556076743573128,1870032.0,127.7241355136824,105.15578500704859,2.1216199965157667,14.253485175775596,14.307685758791632,8.6,19.47638581648009,1.2636962145079458,8.10372516430279,0.06241466299892158,0.6449338147999019,81.1056816254115,10.825648336395167,-0.05155907036121674,14.51600418716716,8.766082459148864,6.092476413345572,5.734049648731747,3.8139823275815017
2015,FR,0,C,Lazio,060,6.585421941950511,6.913271487983757,6.749346714967134,4850269.0,42.64955373004006,0.18572315599972766,9.543524003060313,2586889.0,169.37299145805844,169.16635503090342,0.021159777276504622,14.253485175775596,14.307685758791632,16.3,43.830006138455886,3.3095352901541135,7.102202809456754,0.015232835495978243,0.07449244091965282,92.28057364828351,41.91807751952268,-0.3678732602087554,14.516004187167159,8.765146421639022,5.999435349454187,5.731496644163406,3.7530168103434387
2015,GE,0,NW,Liguria,010,7.101304372609608,7.4415480695425025,7.271426221076054,10344143.0,47.88273746168483,0.2795071216123848,9.765864413880626,6393528.0,1041.9715558712132,938.1054023119183,64.43071358463357,14.253485175775596,14.307685758791633,8.3,33.737606963594466,5.374518243465485,8.759726297303963,0.04242419595679618,0.4273436615640031,230.57786272926117,133.80844309173747,0.03088468199069714,14.51600418716716,8.765146421639022,5.999435349454187,5.731496644163406,3.868755052440667
2015,GO,0,NE,Friuli Venezia Giulia,031,6.782334156221739,6.9539667150578826,6.868150435639811,2152516.0,46.44845745498246,0.2382578033628926,9.79478342020098,1343916.0,129.45174007609802,95.62856769524974,3.416007330409577,14.253485175775598,14.30768575879163,8.7,32.16116652514902,5.080780586300083,12.415150429285326,0.25387769637230895,6.80820428932746,257.43987845619165,168.17408933978052,0.06987124876199517,14.51600418716716,8.765146421639022,5.999435349454187,5.731496644163406,3.8383432559889954
2015,GR,0,C,Toscana,053,7.381947155413145,7.715894828782242,7.548920992097693,2678999.0,46.03271935995886,0.2557438779597369,9.584614492511147,1911627.0,101.98527775714554,84.40761043040202,0.9354755546673823,14.253485175775594,14.307685758791632,7.799999999999999,28.194356978185887,11.302298397625568,13.74540376524657,0.25978460102490114,5.604245562182355,545.981157579718,127.85018752053901,1.032081858359012,14.51600418716716,8.768263145371286,6.176811530978169,5.760365571161416,3.829352434075834
2015,IM,0,NW,Liguria,008,7.16245266488864,7.488443254572932,7.325447959730785,3103114.0,47.8755734984893,0.2794147934191588,9.536723905012414,2788942.0,489.0795184288123,398.25404817526396,27.31750051367069,14.253485175775596,14.307685758791632,11.0,22.968187598011408,5.548773583728968,13.019172419286678,0.07481806561844911,1.5800282444954261,288.62375310540585,130.00953697643493,0.22347733608300716,14.51600418716716,8.768263145371286,6.176811530978169,5.760365571161416,3.868605426509778
2015,IS,0,S,Molise,094,6.092420264310413,6.493610522801997,6.293015393556204,608020.0,50.9563861717938,0.3349166415733357,9.318299750989917,412977.0,165.39671403298803,155.1578698309459,2.828711280062303,14.253485175775596,14.30768575879163,14.1,31.997091618178835,1.3074278489527986,11.923064675600635,0.04564688172589747,0.34435520599701114,11.125897944350342,0.7829168021549855,-0.47656171924374235,14.51600418716716,8.768263145371286,6.176811530978169,5.760365571161416,3.930970093753124
2015,KR,0,S,Calabria,101,6.259469613409501,6.516657197443181,6.388063405426341,1908938.0,42.75146286903055,0.2054545694469067,9.20227528209381,1107286.0,64.39024939807771,55.545554323822685,0.43583719467783827,14.253485175775596,14.307685758791632,31.5,46.50366950317705,6.77682667121269,1.245704467353952,0.0024994426157849015,0.03713856789027632,72.84129535272291,4.893153545051987,-0.2666254532224999,14.51600418716716,8.757154527656606,6.008260158670513,5.79551235492126,3.7554034139559165
2015,LC,0,NW,Lombardia,097,6.9346014606503665,7.187554943478178,7.061078202064272,3053821.0,43.84461982414903,0.2156335042841329,9.868052848939826,1819417.0,379.5210205504395,366.4766739014616,8.227800840275673,14.253485175775596,14.307685758791632,6.2,32.297296776268624,2.7491515358112375,5.259262426304483,0.03271628282934703,0.39801056612008373,104.20009608331587,71.04012342687508,-0.2565928660179917,14.51600418716716,8.757154527656606,6.008260158670513,5.79551235492126,3.7806520162882418
2015,LE,0,S,Puglia,075,6.336846920248576,6.60485531165916,6.470851115953869,8235303.0,43.932451498849154,0.24255959780537917,9.343534256667267,5317702.0,124.25445645390292,130.2729715993798,-0.19062070255613428,14.253485175775596,14.307685758791632,22.0,21.04845573543518,4.888997622529565,15.68154964874758,0.0671834571042064,1.7946385949670167,115.09432666899185,20.383736480155566,0.034244177408801285,14.51600418716716,8.757154527656606,6.008260158670513,5.79551235492126,3.782653261093747
2015,LI,0,C,Toscana,049,7.569111731933699,7.87765064850469,7.723381190219195,3379306.0,46.03271935995887,0.2557438779597369,9.710847920053526,2004045.0,125.08455953054738,95.80994379780421,2.6092036411638406,14.253485175775596,14.307685758791632,8.6,35.47890791363773,27.052682761310372,14.53768846276828,0.3667208650486534,12.374122470901327,926.6805521724597,319.16830924719744,1.2198750287691176,14.51600418716716,8.753371421000903,6.013348978059989,5.831493309305832,3.829352434075834
2015,LO,0,NW,Lombardia,098,6.76476864356238,7.023103928317908,6.893936285940144,2547700.0,43.84461982414903,0.2156335042841329,9.843952339057374,1375674.0,300.8142734978911,256.266306272995,28.16891326931576,14.253485175775596,14.307685758791632,8.0,31.128694191151776,0.6589342693527177,4.914733658544147,0.008186594308652713,0.04466836401621335,8.623442085550082,3.5907878499599666,-0.6007313782525598,14.51600418716716,8.753371421000903,6.013348978059989,5.831493309305832,3.7806520162882418
2015,LT,0,C,Lazio,059,6.954974361310307,7.271480228625825,7.113227294968067,8493356.0,42.64955373004006,0.18572315599972766,9.458817977671792,4781840.0,159.2898044415486,125.85460981648295,2.3376142410491485,14.253485175775596,14.307685758791632,16.5,41.54023638636848,4.134336512661749,7.547791166046623,0.040644629033673337,0.4280317496248702,130.16743812508304,20.193656921842084,0.05707602709907986,14.51600418716716,8.753371421000903,6.013348978059989,5.831493309305832,3.7530168103434387
2015,LU,0,C,Toscana,046,7.10316126353133,7.3607892792614775,7.2319752713964025,4298011.0,46.03271935995887,0.2557438779597369,9.687278622315512,2565588.0,172.75966733729558,140.6392461563243,2.736568731931965,14.253485175775596,14.307685758791632,11.4,40.241320107441496,5.857315476439567,20.49485523489289,0.2006762975737264,1.6667464535705558,182.20630949546995,72.28048821688016,0.6268342599683799,14.516004187167162,8.747193183526933,6.228964812838628,5.863770231409364,3.829352434075834
2015,MB,0,NW,Lombardia,108,7.226335233310352,7.43792763969529,7.332131436502821,9339550.0,43.84461982414902,0.21563350428413292,9.920896126259866,4747490.0,717.7729507940866,465.5352206810949,4.87337536133528,14.253485175775598,14.30768575879163,8.8,51.43452827141058,0.6462218841071113,8.42707194708516,0.0059004400727099855,0.040247522937327855,27.56207882408202,8.502707781566501,-0.4696755377825017,14.51600418716716,8.747193183526933,6.228964812838628,5.863770231409364,3.7806520162882418
2015,MC,0,C,Marche,043,6.737989209427804,7.082645211283149,6.910317210355475,2838731.0,45.33060119894768,0.23648236799355962,9.63385158866206,1533450.0,175.8264474324826,138.9515320771927,5.516866719531078,14.253485175775596,14.307685758791632,9.0,30.514428697268784,1.6244070039878498,9.045553307168063,0.05667969963344401,0.6698674658760201,77.9002873450769,13.34411943221021,0.11276736944579206,14.51600418716716,8.747193183526933,6.228964812838628,5.863770231409364,3.8139823275815017
2015,ME,0,I,Sicilia,083,6.561448612424774,6.953036810817657,6.757242711621216,6058669.0,42.62135095403836,0.2032806754613541,9.347576976701546,3959119.0,229.66824818667575,272.78067305474605,-4.515688081282506,14.253485175775596,14.307685758791632,22.5,38.337135063201586,7.284902995447219,10.935932006345874,0.07553616086047583,1.051890769155602,176.20577094238865,96.19686684420307,-0.1086269135026988,14.51600418716716,8.750841375375533,6.399464049791136,5.864591180348196,3.752355323822695
2015,MI,0,NW,Lombardia,015,7.265230736454616,7.465583785776296,7.365407261115456,48259290.0,43.84461982414903,0.2156335042841329,9.937598806682713,27171986.0,809.5375186761444,525.0521449569645,8.455616842492786,14.253485175775596,14.307685758791632,8.0,60.65705395267651,1.5074431624203757,5.194835338360083,0.008885504317196532,0.04706307903008608,102.77826245839492,37.399271700242835,-0.2672254642585642,14.51600418716716,8.750841375375533,6.399464049791136,5.864591180348196,3.7806520162882418
2015,MN,0,NW,Lombardia,020,6.395739828249589,6.702481370180828,6.549110599215209,5317220.0,43.84461982414903,0.21563350428413292,9.74588008985002,2724736.0,197.9125085463784,161.89579907029085,1.7557930377287598,14.253485175775596,14.307685758791632,8.0,30.812196412435924,0.6028212510086272,11.267182024677341,0.03917333199224702,0.21714346981019933,39.238540023174245,12.904990592627776,-0.2549320321147324,14.51600418716716,8.750841375375533,6.399464049791136,5.864591180348196,3.7806520162882418
2015,MO,0,NE,Emilia Romagna,036,6.833728419018169,7.142668705636927,6.988198562327548,7097301.0,45.17727986968235,0.23894167032140842,9.796280577883271,3795392.0,249.949700402412,187.3171432177044,3.372706822660739,14.253485175775596,14.307685758791632,7.4,62.42632230212849,5.496193924683358,0.9899152094283581,0.003843785637174807,0.2045946695279737,87.70106530534004,18.140517786147193,-0.10208595031625262,14.51600418716716,5.616771097666572,9.209673726459766,8.872196520006103,3.8105943027130373
2015,MS,0,C,Toscana,045,6.969376362228373,7.333635364898572,7.1515058635634725,2854636.0,46.03271935995887,0.2557438779597369,9.697940051149619,1791323.0,84.13518704706033,75.82409378745507,0.5583216442129333,14.253485175775596,14.307685758791632,12.4,33.41943718317018,3.1905831781425325,16.715286395879993,0.08767089500566976,1.0327309710865913,72.43703078452425,21.3002088373718,0.31304587940249196,14.516004187167159,5.616771097666572,9.209673726459766,8.872196520006103,3.829352434075834
2015,MT,0,S,Basilicata,077,6.174059832281972,6.5081925916722705,6.34112621197712,2298353.0,46.63168317876509,0.2483885094789939,9.309802601751585,1355101.0,95.51311009145738,97.69876478462572,-0.2444005485434628,14.253485175775596,14.307685758791632,14.5,41.1786423405769,6.123055483645903,13.281498098380013,0.0662203835279367,0.575888535261897,114.01522853011522,10.621624032214386,-0.05646476522470609,14.516004187167159,5.634789603169249,9.126482960286387,8.858812935151132,3.8422802066466804
2015,NAP,0,S,Campania,063,7.005470840695121,7.419293060965714,7.2123819508304186,31503760.0,41.422463310964034,0.18279832661638193,9.48084740988821,14098238.0,234.3086687176634,263.18049545440823,-0.48968818275264864,14.253485175775596,14.307685758791632,22.1,60.96036391557446,5.06006615141857,4.926218983886681,0.04243373418356718,0.2554376562103903,177.4367717911043,90.43253330383055,-0.2189594170752021,14.51600418716716,5.634789603169249,9.126482960286387,8.858812935151132,3.723823325733698
2015,NO,0,NW,Piemonte,003,6.639103516645294,6.966739569647087,6.802921543146191,3382316.0,45.94846739889147,0.2545785094413764,9.826814878660528,1930989.0,327.5287199372759,285.1129080071484,4.8376715717876015,14.253485175775596,14.307685758791632,9.1,44.161593201143155,4.258295754041101,9.64957732104023,0.0564680136377435,0.7606806477039677,248.2864857814863,147.97211465739687,-0.05747983612180981,14.51600418716716,5.564520407322694,9.194937742783097,8.93502257154611,3.8275204945760586
2015,NU,0,I,Sardegna,114,6.663961969588816,6.852182371238212,6.758072170413514,1176744.0,45.02744618722462,0.21981394934131826,9.366984507754756,708591.0,96.78809812667028,125.37976825161665,-4.532770452988106,14.253485175775594,14.307685758791632,14.7,35.08128091088477,6.379281158830581,3.8092423910132718,0.01898180914983668,0.2042691106066154,114.60627668924448,51.27144061649942,-0.28129464984845876,14.51600418716716,5.564520407322694,9.194937742783097,8.93502257154611,3.8072722191192527
2015,OG,0,I,Sardegna,116,6.760855878764936,6.9558158133512515,6.858335846058094,307303.0,45.02744618722462,0.21981394934131826,9.439916201245532,213740.0,70.56614259890476,91.41172082834053,-1.5911702023744312,14.253485175775596,14.307685758791633,16.2,39.81210183589002,5.8470669620825175,2.8682390384467573,0.054291669451757854,0.6226875780201033,175.09427594243468,87.89905326451819,0.03263158081580078,14.51600418716716,5.545177444479562,9.294268733379646,8.971961248474864,3.8072722191192527
2015,OR,0,I,Sardegna,115,5.997213396623806,6.377792330336896,6.187502863480351,887303.0,45.02744618722462,0.21981394934131826,9.35976236747109,547693.0,255.10337497722372,280.124528608324,-10.036869079487268,14.253485175775598,14.30768575879163,19.699999999999996,15.038468606293069,1.8981774570862195,4.8712674621646475,0.03652471048441068,0.3907963706798926,99.90645090125118,35.68959101135668,-0.3467703071200547,14.51600418716716,5.545177444479562,9.294268733379646,8.971961248474864,3.8072722191192527
2015,OT,0,I,Sardegna,113,7.215337685433109,7.519906995131983,7.367622340282546,1270824.0,45.02744618722462,0.2198139493413183,9.496007147855332,1103450.0,79.30217990612459,80.70549408368026,-0.07570954126507116,14.253485175775598,14.307685758791632,15.5,48.02636760840302,38.11489940996785,13.847750308758293,0.10280241698711935,16.473194972017662,680.8714650597356,363.3345539179076,0.9182614397011937,14.51600418716716,5.5093883366279774,9.350895919476589,8.991529898978884,3.8072722191192527
2015,PA,0,I,Sicilia,082,6.223997732875426,6.575249945904818,6.399623839390123,13265596.0,42.62135095403836,0.2032806754613541,9.292481646420875,7458049.0,286.1263910913294,347.8870333625277,-4.197052921492236,14.253485175775596,14.30768575879163,23.9,37.948294731628806,2.9937360034013802,26.169526496350738,0.044726581340831253,0.4565334858518018,53.25382974302998,25.13307722950783,-0.25353585254861133,14.51600418716716,5.5093883366279774,9.350895919476589,8.991529898978884,3.752355323822695
2015,PC,0,NE,Emilia Romagna,033,6.807547067628876,7.024488671569744,6.91601786959931,3864097.0,45.17727986968235,0.23894167032140845,9.73877981368268,2315147.0,310.1495870418611,232.5250891841587,42.38366356354433,14.253485175775594,14.307685758791632,8.8,38.42873718869713,3.3396643194439504,0.006653842896720261,0.00010801955861047959,0.00012173610964704995,60.116366889689395,17.25911992011875,-0.32264601301606227,14.516004187167159,5.5093883366279774,9.256706384622404,8.988032853203178,3.8105943027130373
2015,PD,0,NE,Veneto,028,6.955974431052591,7.155562482682113,7.0557684568673515,9518334.0,44.47418408423194,0.2344229343750507,9.778903104522032,4860528.0,208.23755465523573,163.06414947734498,1.5445884209256022,14.253485175775596,14.307685758791632,9.4,42.22196106812983,2.7203476788630043,17.769982842350355,0.10446998171430205,0.256655250836411,139.84628067139133,60.18364593945935,0.019928004917579446,14.51600418716716,5.5093883366279774,9.256706384622404,8.988032853203178,3.794908887891363
2015,PE,0,S,Abruzzo,068,6.389250047224903,6.744534907817988,6.566892477521445,4654718.0,46.15271404514641,0.24001938721833121,9.447257750949626,2495280.0,281.266806300996,244.8697722039914,6.637169135900003,14.253485175775596,14.30768575879163,13.0,34.97816505094094,2.605423490260384,12.579802290779757,0.06363947823012854,0.694227981207496,55.699912100798464,6.822657243561288,-0.20367965354763098,14.51600418716716,5.517452896464707,9.429491447827203,9.012011377036412,3.8319557684319405
2015,PG,0,C,Umbria,054,6.631675123554945,6.943300876362802,6.7874879999588735,6169189.0,47.02900544494185,0.2792732047692542,9.642873632227628,3359419.0,171.50953459298358,146.24704029134494,1.3386195398984888,14.253485175775594,14.307685758791632,10.2,26.73788791736792,3.5380023552410704,17.99042051079229,0.3395720701420323,2.609118924386326,261.7640564791726,83.54826817766548,0.8120314176162534,14.51600418716716,5.517452896464707,9.429491447827203,9.012011377036412,3.8507645484856754
2015,PI,0,C,Toscana,050,7.102175406896216,7.394897638157527,7.248536522526871,3557436.0,46.03271935995887,0.2557438779597369,9.745773093455428,1925253.0,178.29105111114268,126.01466051416311,3.29007554040714,14.253485175775596,14.307685758791632,8.5,34.82430346747929,2.8336159368945344,22.933219283202266,0.21135612662166112,3.1961882396740036,169.33820766313985,99.01597020183783,0.5492906366844249,14.516004187167159,5.4638318050256105,9.303301566834433,9.089991014215498,3.829352434075834
2015,PN,0,NE,Friuli Venezia Giulia,093,6.49375812919116,6.805643373946034,6.649700751568597,2989796.0,46.44845745498245,0.2382578033628926,9.745459900724306,1589513.0,252.6137386317232,241.20028444696857,2.2849002440903874,14.253485175775596,14.307685758791632,6.8,58.618371706357216,4.007208075670429,14.210141361781709,0.13220175944198523,1.2892787498381748,71.37458454179654,18.747275168561078,0.050912409228277215,14.516004187167159,5.4638318050256105,9.303301566834433,9.089991014215498,3.8383432559889954
2015,PO,0,C,Toscana,100,7.4177963482619464,7.6808470093141485,7.549321678788047,4601680.0,46.032719359958875,0.2557438779597369,9.738482605180737,2033391.0,52.77729277530426,39.82455234385822,0.238421068708144,14.253485175775598,14.307685758791632,8.9,30.012408536907436,0.5693116796679252,35.98719669167612,0.0735161250392297,0.5854647819729503,64.09061157315,36.2951373432434,0.20249486843130343,14.51600418716716,5.484796933490655,9.283567599245114,9.101241395492245,3.8293524340758345
2015,PR,0,NE,Emilia Romagna,034,6.602415781187469,6.88714261700991,6.74477919909869,4363780.0,45.17727986968235,0.23894167032140842,9.792388740135582,2519071.0,237.14080900337447,156.41337221736146,5.7621116213981525,14.253485175775596,14.30768575879163,6.9,45.54740337332137,2.2984513588964264,13.336825440062427,0.05377157027123977,0.5283479249336979,100.57955166470875,35.108509992657766,0.16101460648555102,14.51600418716716,5.484796933490655,9.283567599245114,9.101241395492245,3.8105943027130373
2015,PT,0,C,Toscana,047,7.266482663627584,7.436507624599223,7.351495144113403,3117751.0,46.03271935995887,0.2557438779597369,9.681472549788516,1693584.0,69.91487801494642,51.963175190617065,0.510715294241926,14.253485175775596,14.30768575879163,10.3,43.75506536512282,7.039708953638413,20.9698801839156,0.0875972028104282,0.8982755543241207,334.6077704464534,163.8880248282161,0.40117780986578055,14.51600418716716,5.53338948872752,9.444675664635593,9.078644934677145,3.829352434075834
2015,PU,0,C,Marche,041,6.971222835203702,7.29842775158167,7.134825293392687,4236240.0,45.33060119894768,0.23648236799355962,9.597290704779297,2357747.0,172.7901017697984,159.93333999333103,1.1737912354854048,14.253485175775594,14.307685758791632,11.6,24.72457160592963,5.601917054294354,5.858874492159864,0.07025030706694,0.6387943988570252,134.78529412998986,23.789739162563706,0.1260990009175289,14.516004187167159,5.53338948872752,9.444675664635593,9.078644934677145,3.8139823275815017
2015,PV,0,NW,Lombardia,018,6.803032828593277,6.945112323514473,6.874072576053875,4591556.0,43.84461982414903,0.21563350428413286,9.745373616595066,2736774.0,1448.1061023465372,1099.633472725979,146.38521835361985,14.253485175775596,14.307685758791632,7.6,23.757702801715606,1.0604625601774473,6.617232699984188,0.0185741833727594,0.13729223471115937,19.233380082081712,4.411869144244913,-0.5893598091761668,14.51600418716716,5.5093883366279774,9.643216583401276,9.107211330400096,3.7806520162882418
2015,PZ,0,S,Basilicata,076,6.207649164211621,6.4136861280912605,6.310667646151441,3592262.0,46.63168317876509,0.24838850947899388,9.345142349758476,1993486.0,165.65493822012857,198.4839215878583,-3.4478505490925517,14.253485175775596,14.30768575879163,13.3,42.53433532461275,2.6736761614261835,13.43051318354134,0.0580975711039336,0.3552536570257741,58.95720170956332,6.166508240910789,-0.22962779437738953,14.51600418716716,5.5093883366279774,9.643216583401276,9.107211330400096,3.8422802066466804
2015,RA,0,NE,Emilia Romagna,039,6.903418057374751,7.216098039302701,7.059758048338726,5176027.0,45.17727986968235,0.23894167032140842,9.75390060058138,3156455.0,67.41325772321143,51.99046335019555,0.33885541408478403,14.253485175775596,14.307685758791633,8.9,43.85077769670487,8.979505286200219,1.245034032948337,0.019896806287214575,0.5275822297865139,257.338208224718,36.70232311452525,0.005951100289986585,14.516004187167159,9.759155181646207,5.069907169081488,4.734909013794836,3.8105943027130373
2015,RC,0,S,Calabria,080,6.164449694518693,6.5293410527911275,6.3468953736549105,5573523.0,42.75146286903055,0.2054545694469067,9.234776371239146,3600378.0,352.70492253249114,365.14075340034066,-1.5391925880477333,14.253485175775596,14.307685758791632,22.1,29.313566174269024,2.1058823203047803,3.357696972537625,0.00804514959655068,0.10514146713653279,30.20771037524586,3.7590034113637656,-0.4746525168062631,14.51600418716716,9.759155181646207,5.069907169081488,4.734909013794836,3.7554034139559165
2015,RE,0,NE,Emilia Romagna,035,6.647387598058373,6.895972552760515,6.771680075409444,6598540.0,45.177279869682344,0.2389416703214084,9.833176380631265,3363556.0,124.6873753679256,101.65532923192062,0.4613812274080805,14.253485175775596,14.307685758791632,5.4,56.65146896867817,1.0767216859530193,6.919197393409946,0.02181514789726079,0.12379824689367551,24.517878397795318,6.879562473981491,-0.19513104540639367,14.51600418716716,9.759155181646207,5.069907169081488,4.734909013794836,3.8105943027130373
2015,RG,0,I,Sicilia,088,6.408033846940506,6.7840965505132385,6.596065198726873,3385117.0,42.62135095403836,0.2032806754613541,9.255419118884973,2243480.0,26.392081482686677,17.812859349669388,0.1583193398151894,14.253485175775596,14.307685758791632,19.5,44.261378419359595,2.589222376435295,11.480072323251063,0.12596875562415738,0.40354858936222904,46.40339588002247,16.074253381862253,0.17672794867397254,14.51600418716716,9.759155181646207,5.069907169081488,4.734909013794836,3.752355323822695
2015,RI,0,C,Lazio,057,6.870914361140603,7.084596045085494,6.977755203113047,965776.0,42.64955373004006,0.18572315599972766,9.568106320963231,657139.0,452.2485372864096,409.1487428659973,16.582637050313327,14.253485175775596,14.307685758791632,12.4,20.75066358298823,1.0294060916261651,2.788341827919515,0.017277952424905537,0.17192810436074715,8.6291438591363,2.739338397567596,-0.5895692119687743,14.516004187167162,9.762557428101923,5.001834446260584,4.7361933983357885,3.7530168103434387
2015,RM,0,C,Lazio,058,7.0584938273099675,7.418703588373406,7.238598707841687,48350179.0,42.64955373004006,0.18572315599972766,9.707966830299485,25300183.0,2471.925512890944,1377.0955576207762,241.13987100254693,14.253485175775596,14.307685758791632,10.7,43.71219296148674,1.4703954046656,6.406004882883775,0.024561360519397907,0.13803420529924149,52.4109255904351,30.29041147858557,-0.18288494241644349,14.51600418716716,9.762557428101923,5.001834446260584,4.7361933983357885,3.7530168103434387
2015,RN,0,NE,Emilia Romagna,099,7.264738836975043,7.605288189151054,7.435013513063049,3844264.0,45.21034917599448,0.23841123256442143,9.6179043262265,2178934.0,159.45022800620214,129.29060446282244,1.9522357751387578,14.253485175775594,14.307685758791632,9.5,45.596700063341885,18.541938193243332,12.600336909920063,0.11706355266793855,1.413549476770999,421.1825923326886,76.74499955408596,0.5043266153570423,14.51600418716716,9.762557428101923,5.001834446260584,4.7361933983357885,3.8113260247005876
2015,RO,0,NE,Veneto,029,6.730879419528629,7.018616726861793,6.874748073195211,2507566.0,44.47418408423194,0.2344229343750507,9.659951681762232,1433195.0,117.22216368798672,113.10536956512678,0.2509740311667441,14.253485175775596,14.307685758791632,8.5,28.954802903514835,1.8946472685178526,10.350726540676169,1.11076173366704,8.435477518402832,171.14985271148177,80.42927393926372,-0.10514495120037963,14.51600418716716,9.762557428101923,5.001834446260584,4.7361933983357885,3.794908887891363
2015,SA,0,S,Campania,065,6.620698556590699,6.912670619864026,6.7666845882273625,11685335.0,41.422463310964034,0.18279832661638196,9.313087346685359,6047435.0,442.6116454436445,396.92295441565886,4.602793574587753,14.253485175775596,14.307685758791632,16.6,41.723854772682884,5.875538432880448,10.53388100282612,0.10867393666469585,0.8397198893411033,178.48299683042157,86.57663683360327,-0.08520664359555209,14.51600418716716,9.760540543216194,5.001783619186134,4.743832967930769,3.723823325733698
2015,SI,0,C,Toscana,052,7.027373852603614,7.378880257286129,7.203127054944871,2711972.0,46.03271935995887,0.2557438779597369,9.716918542426173,1605416.0,129.6278763059641,107.10874788244122,1.1208366626559996,14.253485175775598,14.307685758791632,9.9,31.669141469445613,12.700864648303833,21.747289884136112,0.7919220930040041,7.213522962427106,755.3492992120409,400.7757217541519,1.2867598150250787,14.51600418716716,9.760540543216194,5.001783619186134,4.743832967930769,3.829352434075834
2015,SO,0,NW,Lombardia,014,6.973985808773538,7.1839939241942785,7.078989866483909,3305846.0,43.84461982414903,0.2156335042841329,9.691398402509357,3081825.0,202.48857584014812,193.83137409684363,5.285280673789667,14.253485175775596,14.307685758791632,7.4,40.987729219445086,11.389756580844555,7.908011670657993,0.08508820410447451,2.193758337724881,318.7764865938854,114.07841043987712,-0.04771990970099978,14.51600418716716,9.760540543216194,5.001783619186134,4.743832967930769,3.7806520162882418
2015,SP,0,NW,Liguria,011,7.206274934749283,7.56187801667864,7.384076475713961,2756433.0,47.88273746168483,0.2795071216123848,9.74281374872608,1797071.0,218.12490700443882,158.8530397986063,6.887706533485241,14.253485175775596,14.307685758791632,10.6,33.623386935234485,8.551668554812379,18.128098609395327,0.6199758356546435,4.40512325485068,827.0890721373748,550.1356887664366,0.8337189438903028,14.51600418716716,9.760540543216194,5.001783619186134,4.743832967930769,3.868755052440667
2015,SR,0,I,Sicilia,089,6.306618034924375,6.628818872650643,6.4677184537875085,4395163.0,42.62135095403836,0.2032806754613541,9.387181829725947,2644421.0,56.966744437095414,55.0224385108667,0.10301814206425897,14.253485175775594,14.307685758791632,25.7,40.42282614950469,1.9138597924322207,3.5040509288423536,0.01742219884827563,0.1350359501359298,65.99481762109654,20.57816481180505,-0.1998600386545192,14.516004187167159,9.766980307881465,5.074789362938349,4.754822229490454,3.752355323822695
2015,SS,0,I,Sardegna,112,6.580749697546318,6.873023065885046,6.726886381715682,3757759.0,45.02744618722462,0.21981394934131826,9.472673121330162,2103852.0,217.646948493454,221.4983816934511,-1.010726149851338,14.253485175775596,14.307685758791632,16.7,30.19044105667714,15.789402008542101,5.3972595390780205,0.034772335970359905,0.7064000933836407,209.55800289179035,68.3047702257247,-0.1861132010786747,14.51600418716716,9.766980307881465,5.074789362938349,4.754822229490454,3.8072722191192527
2015,SV,0,NW,Liguria,009,7.3580796498398735,7.681937021341511,7.520008335590693,3081527.0,47.88273746168484,0.2795071216123848,9.712703084863877,2771654.0,353.13400820108393,273.84323965648133,23.38983885169514,14.253485175775594,14.307685758791632,9.4,38.455579409417254,10.114710687710952,10.448168141336813,0.07423972558550672,1.0746446221736192,409.0793816124893,106.61583169008883,0.41067218698422536,14.51600418716716,9.766980307881465,5.074789362938349,4.754822229490454,3.868755052440667
2015,TA,0,S,Puglia,073,6.45321095082626,6.768710301144502,6.610960625985381,6963323.0,43.932451498849154,0.24255959780537917,9.461097901939718,4011830.0,40.701909860283685,53.48053252919786,-0.23394800298658985,14.253485175775596,14.307685758791632,18.8,42.512273122048924,2.6626524448089395,12.342951176686954,0.03000652414204421,0.40497096672493427,51.26908697623105,6.761240627922289,0.009933100044561187,14.51600418716716,9.766980307881465,5.074789362938349,4.754822229490454,3.782653261093747
2015,TE,0,S,Abruzzo,067,6.40775277312426,6.772046008590205,6.589899390857233,3865026.0,46.15271404514641,0.2400193872183312,9.442235804876049,2454505.0,180.4174591354635,155.95031171148113,3.5733657140339883,14.253485175775596,14.307685758791632,11.5,34.73574820225882,8.898938527786818,14.187211230496022,0.06506020449539014,0.8721128757191149,174.32805987893192,16.958433289829355,0.09842616911407469,14.51600418716716,9.752780935111424,5.109475324219951,4.752680146787329,3.8319557684319405
2015,TN,0,NE,Trentino Alto Adige,022,7.403826974831389,7.551954640357013,7.477890807594201,3812858.0,41.81016906721318,0.19997093461136178,9.697946200542097,2584210.0,inf,inf,40.92881681261138,14.253485175775596,14.307685758791633,6.8,42.10180142606673,inf,9.257565644344291,0.11010411435533414,inf,inf,inf,0.4438993778004849,14.51600418716716,9.752780935111424,5.109475324219951,4.752680146787329,3.7331395890630765
2015,TO,0,NW,Piemonte,001,6.721395822788658,7.0527212937148285,6.887058558251742,25726141.0,45.94846739889146,0.2545785094413764,9.826120475646562,14649860.0,2239.0205780350175,1713.1522981979233,290.12675122701097,14.253485175775598,14.307685758791632,11.9,38.1656589465082,8.251510782223475,8.958906336127061,0.0350132198803457,1.087267355589577,172.4189572739849,71.92511923327903,-0.27763653792597814,14.516004187167159,9.752780935111424,5.109475324219951,4.752680146787329,3.8275204945760586
2015,TP,0,I,Sicilia,081,6.5439793636024985,6.865428383476816,6.704703873539656,3801218.0,42.62135095403836,0.2032806754613541,9.299538068207571,2480914.0,55.93302095364634,46.14871964501378,0.2130132219273862,14.253485175775596,14.307685758791633,16.7,45.69530066035189,8.627391574351895,9.499129928529626,0.10969520198705905,2.6157360383925092,297.82394859029085,66.78779235760982,0.31180752706048936,14.516004187167162,9.752780935111424,5.109475324219951,4.752680146787329,3.752355323822695
2015,TR,0,C,Umbria,055,6.782442332364454,7.141881164444638,6.9621617484045455,3772475.0,47.02900544494185,0.2792732047692542,9.632625295357492,2123290.0,151.08043198439532,133.860402861132,2.3535079138394455,14.253485175775596,14.307685758791632,11.2,27.10012657732929,2.899774564622138,17.149954923125385,0.18048335429171652,1.6255879730827494,196.69074955831056,92.56184196883011,0.5110362282676094,14.51600418716716,9.740497924041666,5.028076331467815,4.761390911270566,3.8507645484856754
2015,TS,0,NE,Friuli Venezia Giulia,032,7.383299321647226,7.654441733708287,7.518870527677757,4591721.0,46.44845745498246,0.23825780336289262,9.892384297765531,2834128.0,69.19093544743745,50.19571174844198,1.3123057489696597,14.253485175775596,14.307685758791632,8.1,34.60482524832639,2.674337354547708,17.104296089574277,0.15566989756979496,1.373356155649782,216.20446334299822,105.97430651191944,0.7392112790277218,14.51600418716716,9.740497924041666,5.028076331467815,4.761390911270566,3.8383432559889954
2015,TV,0,NE,Veneto,026,6.979632535342761,7.144757018659043,7.062194777000901,9185767.0,44.47418408423194,0.2344229343750507,9.771223592977723,4561162.0,164.30402520624057,150.88100085760078,0.39585033233741207,14.253485175775596,14.307685758791633,7.700000000000001,42.479975420002596,0.9977995506469293,17.02692704170153,0.10810097414758454,0.27436089693120513,83.44511746932113,46.17565069611357,0.09770167204575003,14.51600418716716,9.740497924041666,5.028076331467815,4.761390911270566,3.794908887891363
2015,UD,0,NE,Friuli Venezia Giulia,030,6.466765918701944,6.818512833781324,6.642639376241635,3279066.0,46.42481346251838,0.23821187678818792,9.728392029378675,2031830.0,418.76137629018,358.6801568977975,12.113471580342198,14.253485175775596,14.30768575879163,8.5,34.64553146993986,7.503380925213951,18.37669401791465,0.5804956255574704,10.45139068681255,242.85500120949717,100.14222802534731,0.18647330319724745,14.516004187167159,9.740497924041666,5.028076331467815,4.761390911270566,3.8378340891912437
2015,VA,0,NW,Lombardia,012,6.904278023874553,7.142366597104855,7.0233223104897045,6470556.0,43.84461982414903,0.21563350428413292,9.785854443686477,3549905.0,679.3663617851112,569.766233376076,23.06080550215686,14.253485175775594,14.307685758791632,9.0,38.54264333204482,1.6351849580330502,5.534386158995246,0.014296986607964846,0.2568200969214012,115.32322307363846,71.25160482275315,-0.3442483752852394,14.51600418716716,9.740497924041666,5.028076331467815,4.761390911270566,3.7806520162882418
2015,VB,0,NW,Piemonte,103,6.74318757858387,7.121894854545785,6.932541216564829,1446648.0,45.94846739889146,0.2545785094413764,9.619405905417743,1142966.0,326.1194612567252,282.2894960690262,15.386021082016109,14.253485175775598,14.30768575879163,5.8,37.647309481211906,12.62699890216453,7.107173475506539,0.09374117116551614,2.14714105914586,432.74850303798934,255.27262432942752,0.2001241525276496,14.51600418716716,9.73778709675841,5.210585216974952,4.795888085399154,3.8275204945760586
2015,VC,0,NW,Piemonte,002,6.59674945591659,6.990046602407351,6.79339802916197,1129232.0,45.94846739889146,0.2545785094413764,9.741552042855227,717712.0,721.1693843209285,693.507422193208,19.60747073480093,14.253485175775596,14.307685758791632,9.6,25.175175086473505,3.7777316316279306,11.106160554581312,0.06878148818008259,1.1130398983323018,73.57637123376387,21.9701548695459,-0.44033334468621677,14.51600418716716,9.73778709675841,5.210585216974952,4.795888085399154,3.8275204945760586
2015,VE,0,NE,Veneto,027,7.159568341553863,7.385320027291869,7.2724441844228656,7295563.0,44.47418408423194,0.23442293437505068,9.773650658141403,4263734.0,121.55610407550336,95.38993932286958,0.45713421405063775,14.253485175775596,14.307685758791632,7.1,46.098989066562204,9.943703293019787,19.95357232768279,2.535790842362948,19.719756667873174,681.963519392073,458.1867751424691,0.5123394137588438,14.516004187167159,9.73778709675841,5.210585216974952,4.795888085399154,3.794908887891363
2015,VI,0,NE,Veneto,024,7.060062814000224,7.314405272758412,7.187234043379318,8079988.0,44.458841783333206,0.2341649463922301,9.787905607907865,4222130.0,291.68077231580014,260.48436382432016,5.71777784112404,14.253485175775596,14.307685758791632,4.8,45.19490899062481,2.0690186830761026,15.627767031686082,0.3793785756538619,2.975482758950409,63.6457452190878,15.692338617436148,-0.0368284940318753,14.51600418716716,9.73778709675841,5.210585216974952,4.795888085399154,3.7945638574394858
2015,VR,0,NE,Veneto,023,6.8680482110391985,7.215672401839445,7.041860306439322,7626738.0,44.47418408423194,0.23442293437505068,9.697058554004588,4157531.0,343.70782369398347,247.7131712898688,10.598374186987787,14.253485175775596,14.307685758791632,6.2,39.30753235606472,12.278026724398005,15.226061424679314,1.036795328801711,4.498679579486215,818.0250999237502,589.8119755091695,0.5355877900889783,14.51600418716716,9.73778709675841,5.210585216974952,4.795888085399154,3.794908887891363
2015,VS,0,I,Sardegna,117,6.269416979821697,6.550152914561356,6.409784947191526,355833.0,45.02744618722462,0.21981394934131826,9.357552467555227,193062.0,479.9377679970282,428.67369701392016,15.30970207132099,14.253485175775598,14.30768575879163,21.7,30.227657879797235,1.2487376883954364,7.413931322347887,0.03674468043316416,0.25931603748359233,32.814117533798054,12.398809113376911,-0.39361581754880753,14.51600418716716,9.710206155505832,5.059022485197405,4.847199547801927,3.8072722191192527
2015,VT,0,C,Lazio,056,6.8760290971118065,7.1605355249674245,7.0182823110396155,2944181.0,42.64955373004006,0.18572315599972763,9.55209447200936,1841531.0,187.36615807662707,156.3068084224153,2.230334939342283,14.253485175775596,14.307685758791632,13.7,19.763404120923354,1.522863065340183,1.8601950866587902,0.019862216707722962,0.15939729487655627,45.94069869421156,10.842193742300585,-0.3540977049644728,14.516004187167159,9.710206155505832,5.059022485197405,4.847199547801927,3.7530168103434387
2015,VV,0,S,Calabria,102,6.140488072256271,6.423134633468925,6.281811352862597,1094764.0,42.751462869030554,0.2054545694469067,9.25187612914179,772465.0,75.88039888705836,97.10665124563477,-1.5521410461522471,14.253485175775596,14.307685758791632,18.4,43.921454844674564,24.165668403259783,6.049100650688765,0.056794491241568455,0.8611477817396049,315.03277693968414,104.51686829260035,-0.011758278748681088,14.51600418716716,9.710206155505832,5.059022485197405,4.847199547801927,3.7554034139559165
2016,AG,0,I,Sicilia,084,6.142257620271224,6.491543386151297,6.316900503211261,3305456.0,42.74720391116313,0.20844158497539705,9.241598582419446,2448558.0,74.03288157031913,88.45906595774922,-0.5429194442744979,14.262302861817254,14.324300731606444,24.300000000000004,33.115118269632234,2.1570347237853156,7.515229717814246,0.04644072773423785,0.5125005437839127,47.29567314162566,18.44162750007536,-0.26478424784767646,14.57109013709187,9.710206155505832,5.059022485197405,4.847199547801927,3.7553037876569033
2016,AL,0,NW,Piemonte,006,6.609824333546993,6.829804514575213,6.719814424061103,2382115.0,46.33253327992292,0.2524227468308138,9.732959926712327,1523809.0,1187.5653300134657,944.6997543216117,98.95631333944385,14.262302861817254,14.324300731606444,10.8,22.917734169097425,1.3375635620336268,10.030844344387583,0.04967308801175129,0.4052294045294806,37.97090698371556,16.034852160676685,-0.3791408643310364,14.571090137091872,9.710206155505832,5.059022485197405,4.847199547801927,3.8358443769737067
2016,AN,0,C,Marche,042,6.706563614657298,7.040639890352615,6.873601752504956,6255553.0,45.156169695213016,0.21349750928589575,9.740882864965744,3437852.0,148.42219397422264,114.13095533411867,1.7735263254280895,14.262302861817256,14.324300731606442,9.5,30.058913764469175,3.643103450452799,8.80679401551231,0.08940122091489065,4.4797405253456475,187.48020266034843,29.568955547833312,0.17616912337433657,14.571090137091872,9.711236864664288,5.059307517140491,4.878232085308483,3.8101269193693192
2016,AO,0,NW,Valle D'Aosta,007,7.2239527644079615,7.510618653829058,7.3672857091185096,1455631.0,56.350425174397884,0.5002661679681895,9.814417202458053,1304229.0,234.52220568682108,245.1104723856196,-4.7606652203789634,14.262302861817254,14.324300731606444,8.7,41.04190947312374,39.14238164828782,10.555134484290708,0.19840152403047284,5.925387226392707,1923.1598104995094,669.4214264976988,0.9940763715893649,14.571090137091868,9.711236864664288,5.059307517140491,4.878232085308483,4.031589785699518
2016,AP,0,C,Marche,044,6.7185353533040955,7.010265579674677,6.864400466489386,4156605.0,45.15627188138395,0.21333925258606376,9.573426128798737,2305323.0,90.1205965797914,77.98827926513991,0.903942920999324,14.262302861817256,14.324300731606444,14.8,35.45246216695613,4.161542708474849,5.591086796799469,0.05881935239104089,0.9931546033388278,116.13227279988936,17.89402719180463,0.07628339391119908,14.57109013709187,9.711236864664288,5.059307517140491,4.878232085308483,3.810129182317129
2016,AQ,0,S,Abruzzo,066,6.332827815705645,6.704244317999348,6.518536066852497,2847102.0,45.124416085303345,0.22505785673004414,9.473713155852073,2304072.0,677.1998763467155,687.8304360931443,-4.478937937082451,14.262302861817254,14.324300731606442,11.7,32.140165863086324,8.167907443911863,16.555281266224853,0.08357622102498863,1.8672953488511306,233.38181532372724,22.817640623575826,-0.11693237577629016,14.57109013709187,9.711236864664288,5.059307517140491,4.878232085308483,3.8094234766314474
2016,AR,0,C,Toscana,051,6.934613888859638,7.227801632387776,7.081207760623707,3908955.0,45.14877822884859,0.2249447439070771,9.727552296862338,2067230.0,132.39449534061683,105.87193774146607,2.0735794961265612,14.262302861817254,14.324300731606444,9.2,31.83005952235705,3.2558178484975686,18.601804940064753,0.1927737385594951,1.55450292320468,119.36273440900908,50.390063500689315,0.5534168048412512,14.57109013709187,9.711236864664288,5.059307517140491,4.878232085308483,3.8099632192277246
2016,AT,0,NW,Piemonte,005,6.2397970347541865,6.604010197512588,6.421903616133387,2038535.0,46.33253327992292,0.2524227468308138,9.664164612855282,1214323.0,638.6496577466978,606.640146624041,11.204396318692478,14.262302861817254,14.324300731606444,7.3,15.101708254595158,1.1122817958629219,15.441093469376801,0.09878414331208417,0.767416593638305,56.7238932393829,28.02981355831894,-0.2089303050691828,14.57109013709187,9.70984212201073,5.269404168457893,4.9056109727223385,3.8358443769737067
2016,AV,0,S,Campania,064,6.373056768244244,6.543009610342906,6.458033189293576,9480888.0,41.337034052418055,0.18785705570516248,9.357186647268533,5380232.0,221.62999084626918,250.63915195180178,-2.7922274398653175,14.262302861817254,14.324300731606444,14.6,28.8333392116718,1.0239594600620263,12.68523676345966,0.0333117257307709,0.2041121802534061,8.378137067051814,1.0557526499175232,-0.4991029890450353,14.57109013709187,9.70984212201073,5.269404168457893,4.9056109727223385,3.7217588064552833
2016,BA,0,S,Puglia,072,6.90673553737982,7.213901880790207,7.0603187090850135,12943427.0,42.894296061629696,0.22280959387174853,9.483292021742225,6678663.0,54.169482561425845,54.52199546312709,-0.006015299426710023,14.262302861817252,14.324300731606444,18.5,40.53765963355296,1.4718076233274067,9.40779237267074,0.05199339304287317,0.3317930454294338,80.81214688219787,26.819363403408563,-0.019885463479919114,14.571090137091868,9.70984212201073,5.269404168457893,4.9056109727223385,3.7587388581577774
2016,BG,0,NW,Lombardia,016,6.876769208971438,7.066405261671006,6.9715872353212225,8527772.0,44.08271754721849,0.23341147555427574,9.817044021714047,4790219.0,899.0052322187229,712.3387305779725,71.34406543516235,14.262302861817254,14.324300731606444,5.3,36.693270509209455,2.5926409698875554,15.79798935950333,0.06985933909682635,0.5482911127297073,86.56331928326567,26.675865712362636,-0.289476055801533,14.571090137091868,9.70984212201073,5.269404168457893,4.9056109727223385,3.786067813289602
2016,BI,0,NW,Piemonte,096,5.992153044517541,6.3133338258321725,6.152743435174856,1048639.0,46.33253327992292,0.2524227468308138,9.786766051140313,695671.0,297.29479566009036,271.8860864431542,8.199786691683899,14.262302861817252,14.324300731606444,7.9,14.669696660628063,1.2034195829462138,8.014895130773995,0.034328088496663245,0.6591362934089348,34.55161034767043,12.212767296104191,-0.4706283836623921,14.571090137091868,9.70984212201073,5.269404168457893,4.9056109727223385,3.8358443769737067
2016,BL,0,NE,Veneto,025,6.827618416374481,7.033738882156168,6.930678649265324,1909146.0,44.71002153324738,0.22893872488437292,9.764088411567284,1556243.0,186.11729666001816,163.87188604263613,3.7226778552484956,14.262302861817254,14.324300731606442,6.2,15.754178152892912,15.069113372049484,55.15072502837871,5.352423152998742,38.32873298838605,618.918934124785,222.95855186137734,1.1662191655915963,14.57109013709187,9.716434821366272,5.436473043435482,4.903505654412805,3.8001976718661576
2016,BN,0,S,Campania,062,6.882023446440506,7.048709682750211,6.965366564595358,1738366.0,41.33703405241805,0.18785705570516248,9.268016028192724,1004083.0,156.16689593126517,154.15947703168726,0.16124543890450968,14.262302861817254,14.324300731606444,13.6,19.622232481690805,0.6306048233102673,26.202186837545053,0.15040386298342495,0.6416832398684157,2.087767026711084,0.2741427618878235,-0.31681102897756575,14.57109013709187,9.716434821366272,5.436473043435482,4.903505654412805,3.7217588064552833
2016,BO,0,NE,Emilia Romagna,037,7.15402215509483,7.387636582886379,7.270829368990603,17464905.0,46.91869890567379,0.2718688824740246,9.898171142254075,9811720.0,265.7775787222702,159.01294453895625,2.8100577070840544,14.262302861817256,14.324300731606444,5.4,56.35846187686718,3.0473021036299746,8.9500954937597,0.03884848488577503,0.23863718686568527,108.14268471676002,43.064551949273266,0.117529850896922,14.57109013709187,9.716434821366272,5.436473043435482,4.903505654412805,3.8484162933426864
2016,BR,0,S,Puglia,074,6.648828640949735,6.854176856419235,6.751502748684485,2538660.0,42.894296061629696,0.22280959387174853,9.42304345905993,1540666.0,20.83541372789215,24.23969619066227,-0.030960365686295063,14.262302861817254,14.324300731606446,17.1,36.4128541799245,3.4835896495617806,17.170163555013584,0.04816372777506368,0.5169888339400985,113.5846556342974,27.552111856699057,0.18364536145539148,14.571090137091868,9.716434821366272,5.436473043435482,4.903505654412805,3.7587388581577774
2016,BS,0,NW,Lombardia,017,7.03790305081934,7.28959994049078,7.1637514956550605,10423454.0,44.08271754721849,0.2334114755542758,9.781313324903607,5954865.0,545.5624020817438,458.05780568162265,12.294884358789194,14.262302861817254,14.324300731606444,8.6,34.971763469831856,7.042436056992635,13.23821013302973,0.194906744473535,3.396444463788174,399.09035662542266,267.6979512260967,-0.020980677265612285,14.57109013709187,9.716434821366272,5.436473043435482,4.903505654412805,3.786067813289602
2016,BT,0,S,Puglia,110,6.853009944070992,7.118696148665561,6.985853046368275,4458078.0,42.894296061629696,0.22280959387174853,9.363972087291511,2188187.0,32.86562352408792,33.8772726333212,-0.007331672460672192,14.262302861817256,14.324300731606446,17.1,37.7467261762898,0.4188905423436521,18.651749328736628,0.04025887108217228,0.19339563665089896,34.9295518319538,8.067839640538939,0.010106035347403406,14.571090137091868,9.716434821366272,5.436473043435482,4.903505654412805,3.7587388581577774
2016,BZ,0,NE,Trentino Alto Adige,021,7.582780224029848,7.82280214150737,7.702791182768608,6826230.0,43.979153970536856,0.21900925497078874,9.771869954509663,3819797.0,327.57556920330705,228.2475381119695,12.224013472809958,14.262302861817252,14.324300731606444,3.7000000000000006,67.38171660627523,46.353815396827194,9.062047754416453,1.2197186853169664,7.275402281751888,1952.1501017712962,1262.6445430193382,1.5695240396463743,14.571090137091868,7.608374474380783,7.215559017731854,6.8783366953107015,3.783715748255295
2016,CA,0,I,Sardegna,118,6.715582775136631,6.987651624795577,6.851617199966104,3834326.0,45.54372104791934,0.23054809451516214,9.521130242308425,2023029.0,152.9986136160774,146.45223152239532,0.218434262984656,14.262302861817254,14.324300731606444,14.3,33.95291599728433,9.143322109607297,9.452390104355437,0.039807425805141905,1.1976511545387332,165.83178334401381,69.41969007538246,-0.17665272819855848,14.57109013709187,7.608374474380783,7.215559017731854,6.8783366953107015,3.8186727667380365
2016,CB,0,S,Molise,070,6.003482600404882,6.403920919855557,6.20370176013022,2048269.0,50.03982405617579,0.3115902007968756,9.322025851885336,1318636.0,259.19467952384235,220.7632644451646,8.49668870795526,14.262302861817254,14.324300731606444,13.400000000000002,32.79085253107483,2.7037276802435946,10.594018631270073,0.04426987627585352,0.3273800191614737,35.280098026290005,1.3500876752488027,-0.3990054578085992,14.571090137091872,7.608374474380783,7.215559017731854,6.8783366953107015,3.9128191695288956
2016,CE,0,S,Campania,061,6.308155417139285,6.692148431195862,6.500151924167573,5511173.0,41.337034052418055,0.18785705570516248,9.405478865136764,2855949.0,375.89955645494746,366.7682703204192,0.7744660040226606,14.262302861817254,14.324300731606444,21.0,34.329955784356166,0.9022831465307838,4.095119864173248,0.021697646911210337,0.14852684917356124,21.302194039863885,3.972886406046912,-0.5416314671906651,14.57109013709187,7.608374474380783,7.215559017731854,6.8783366953107015,3.7217588064552833
2016,CH,0,S,Abruzzo,069,6.363791662132361,6.754534346406203,6.559163004269283,3937617.0,45.124416085303345,0.22505785673004416,9.42914272426812,2457420.0,626.4900594961738,608.9611834188566,8.176623397108376,14.262302861817254,14.324300731606446,11.9,26.920448225391475,2.796717771425963,12.442224913914162,0.0607567428869535,0.5926927870786708,44.699873120968675,4.801729333214527,-0.2882186052784395,14.571090137091868,7.6093665379542115,7.149500923981712,6.88203853103302,3.8094234766314474
2016,CI,0,I,Sardegna,119,6.573990307167484,6.853795525771773,6.713892916469628,657805.0,45.54372104791934,0.23054809451516212,9.48130266030964,405268.0,177.21607930519406,156.31299576697015,1.1912996454783187,14.262302861817252,14.324300731606444,20.6,36.76095832302823,3.5326952509722327,5.916854279809174,0.0379034046019933,0.36847549796110135,100.19505430818658,31.122472167660383,0.060408263204002347,14.57109013709187,7.6093665379542115,7.149500923981712,6.88203853103302,3.8186727667380365
2016,CL,0,I,Sicilia,085,5.993356987218423,6.370162353212658,6.18175967021554,2323339.0,42.74720391116313,0.20844158497539705,9.232320082253787,1586140.0,84.27571240109991,101.79919225239244,-1.2812090557144786,14.262302861817254,14.324300731606444,21.1,21.669078578859892,1.5166329522317712,9.558133035370012,0.013542374833928474,0.14235098541440602,27.461209487114335,9.84239497024514,-0.5002242791647034,14.57109013709187,7.6093665379542115,7.149500923981712,6.88203853103302,3.7553037876569033
2016,CN,0,NW,Piemonte,004,6.650466616301774,7.038969010847572,6.844717813574674,6127153.0,46.33253327992292,0.2524227468308138,9.68016028495936,4217971.0,1760.95253741862,1372.2198227161487,299.18400148869114,14.262302861817254,14.324300731606446,6.3,27.71181219828446,5.629314172264478,17.58168113195595,0.1747661829690025,3.505283062620562,167.1847871386589,65.31542084483993,0.036832758845646414,14.57109013709187,7.6093665379542115,7.149500923981712,6.88203853103302,3.8358443769737067
2016,CO,0,NW,Lombardia,013,7.0150995450418385,7.315461665028609,7.165280605035225,4855679.0,44.08271754721849,0.23341147555427574,9.78184690221518,2724312.0,694.047321940426,574.1437118609283,27.532435766921104,14.262302861817254,14.324300731606446,7.4,37.008724491007705,3.240373472887037,7.357150113304158,0.034686306777547006,0.728251825182909,215.02053092868653,165.57236543550007,-0.22053005506847748,14.57109013709187,7.596894438144544,7.159902944487888,6.900188298559511,3.786067813289602
2016,CR,0,NW,Lombardia,019,6.364182475129842,6.732685422087836,6.548433948608839,2643791.0,44.08271754721849,0.23341147555427577,9.807416437482626,1441644.0,444.0715560467973,361.45730830437407,11.721205196148746,14.262302861817254,14.324300731606444,7.4,21.27559847224914,0.5708990267728798,7.76605435804793,0.015620240119657614,0.08467642750411454,11.399230545057788,4.7216155095938905,-0.6247189834352392,14.57109013709187,7.596894438144544,7.159902944487888,6.900188298559511,3.786067813289602
2016,CS,0,S,Calabria,078,6.123661028096265,6.437112814711748,6.280386921404007,5086208.0,43.155481118178585,0.21038429628459032,9.28227082011086,3495879.0,334.2049796441262,373.35470583100954,-4.426186367350493,14.262302861817254,14.324300731606446,23.699999999999996,28.501475196885725,5.911253906045904,3.8610453715594932,0.01679482089432726,0.24944300144184678,64.83269285624682,4.7370788592219695,-0.31153503395891363,14.57109013709187,7.596894438144544,7.159902944487888,6.900188298559511,3.764809434217484
2016,CT,0,I,Sicilia,087,6.381356184218799,6.744091151017256,6.562723667618028,11795333.0,42.74720391116313,0.20844158497539705,9.389417560984475,6635448.0,111.05252963812383,121.79340848412258,-0.2951384863326689,14.262302861817254,14.324300731606444,18.5,34.25102271529292,1.2161091986457118,13.326705271421865,0.025939117713806914,0.3436513115360293,69.14141395633158,29.153818064800056,-0.10042212714447006,14.57109013709187,7.596894438144544,7.159902944487888,6.900188298559511,3.7553037876569033
2016,CZ,0,S,Calabria,079,6.342234536260896,6.5579316653874775,6.450083100824187,3706169.0,43.155481118178585,0.21038429628459032,9.280341232115504,2445354.0,215.0472460052109,209.92164956970532,0.5214897674627947,14.262302861817254,14.324300731606444,19.0,37.86958393928241,6.844521608587972,1.547161877851615,0.009572055704812647,0.12261900393809869,83.8267300820706,9.065076078858262,-0.31141482148600086,14.57109013709187,7.602401335665818,7.234260066007967,6.91219197571804,3.764809434217484
2016,EN,0,I,Sicilia,086,6.393339790353354,6.716635224609664,6.554987507481509,1712121.0,42.74720391116313,0.20844158497539708,9.26875497751263,1266446.0,24.323570374205165,34.032771022536544,-0.3275456888919049,14.262302861817254,14.324300731606444,19.8,25.970033762424745,0.44895885849891115,8.81905283884004,0.012125334772860479,0.07720702497174027,19.151009976714892,7.051325868136332,-0.4710383847506137,14.571090137091868,7.602401335665818,7.234260066007967,6.91219197571804,3.7553037876569033
2016,FC,0,NE,Emilia Romagna,040,7.08939164504869,7.3349113876015695,7.21215151632513,4497995.0,46.91869890567379,0.2718688824740246,9.71826437341507,2355139.0,135.29565107706676,106.72027649613456,1.6939077899308976,14.262302861817254,14.324300731606444,7.5,39.180406121895956,10.289815854327871,9.03939089787824,0.27563627272941355,1.0914925891737393,295.9360661876418,44.79628641713638,0.38364727920864317,14.57109013709187,7.602401335665818,7.234260066007967,6.91219197571804,3.8484162933426864
2016,FE,0,NE,Emilia Romagna,038,6.596355415014469,6.925750202454295,6.761052808734382,4628062.0,46.91869890567379,0.2718688824740246,9.705883984258595,2990846.0,68.28236953994765,56.77881016940093,0.23992838804260957,14.262302861817254,14.324300731606444,10.6,32.62841268539357,1.5468831843355837,14.862557632526224,0.05317623016985913,4.409894138870517,118.99555146319308,36.30197079268456,0.045430705993615046,14.57109013709187,7.602401335665818,7.234260066007967,6.91219197571804,3.8484162933426864
2016,FG,0,S,Puglia,071,6.5444002974201805,6.867208839528317,6.705804568474249,3414518.0,42.894296061629696,0.22280959387174853,9.274480120333033,1904569.0,137.83445560465313,183.83743213768292,-6.378449515368552,14.262302861817254,14.324300731606444,20.3,32.125058294760265,12.066166950718612,15.184405581167129,0.13341160955873863,5.049069761020179,341.0165441008635,52.6001941684066,0.20545224792288294,14.571090137091872,7.610357618312838,7.246990931567584,6.88789534578236,3.7587388581577774
2016,FI,0,C,Toscana,048,7.346237874525357,7.698041729128632,7.522139801826995,9652538.0,45.14877822884859,0.2249447439070771,9.810096554831608,4993459.0,201.9138988359149,115.1332330908182,3.004267427198168,14.262302861817254,14.324300731606446,8.0,33.89503246886967,2.671049172942468,22.837572351231806,0.2624252106315359,2.791652883163654,270.9053780788645,175.3446887306938,0.7764694980653872,14.571090137091872,7.610357618312838,7.246990931567584,6.88789534578236,3.8099632192277246
2016,FM,0,C,Marche,109,6.70810686197906,6.990674376850179,6.84939061941462,3437064.0,45.15627188138395,0.21333925258606376,9.577726484239918,1870032.0,123.73992317063329,107.08166668575159,1.61060670343303,14.262302861817254,14.324300731606444,7.3,18.865553309450362,1.2591304486161987,6.953832938178449,0.07905469541083213,0.7973884708205845,81.61826801427515,10.338888883095683,-0.02204663137446816,14.57109013709187,7.610357618312838,7.246990931567584,6.88789534578236,3.810129182317129
2016,FR,0,C,Lazio,060,6.583893237564641,6.911682201687911,6.747787719626276,4833267.0,44.20450969616019,0.21527117827297085,9.563765798181114,2586889.0,171.46726823839094,167.32840314298147,0.4299853690200494,14.262302861817254,14.324300731606444,16.8,42.94634585166998,3.562885360720021,7.773193609163474,0.017467480590056997,0.08401306185698218,89.78704696705041,37.667347367266316,-0.3562702016702503,14.57109013709187,7.610357618312838,7.246990931567584,6.88789534578236,3.788826813203906
2016,GE,0,NW,Liguria,010,7.087020135072709,7.432017120150423,7.259518627611566,10260479.0,47.4745057012044,0.2883300282873057,9.782125393830945,6393528.0,1073.0464383116969,874.9062474079459,128.45006445786194,14.262302861817254,14.324300731606444,9.9,34.55760985082517,5.366890291836874,9.885903431555635,0.04721016264301517,0.509502671538042,238.42003755679016,137.57815086937532,0.06452985297501881,14.57109013709187,7.60339933974067,7.159819481556702,6.891356075021575,3.860192844873834
2016,GO,0,NE,Friuli Venezia Giulia,031,6.757340900744979,6.932441708039941,6.84489130439246,2143252.0,47.70658120622252,0.2759703749660708,9.809259133582353,1343916.0,128.58007612366086,100.56262762978925,2.8245562479836375,14.262302861817254,14.324300731606444,9.3,31.793763804124634,5.091997683258619,13.067464033825399,0.27198562321738623,6.696141736830541,278.4224099206162,186.4185474982069,0.10008912397473946,14.57109013709187,7.60339933974067,7.159819481556702,6.891356075021575,3.865069359157549
2016,GR,0,C,Toscana,053,7.33963143587773,7.671938319208054,7.505784877542892,2668809.0,45.14877822884859,0.2249447439070771,9.597541006981753,1911627.0,109.21762011044282,84.03607767211015,1.3534979516676788,14.262302861817254,14.324300731606444,7.1,28.35411655668655,11.545071177194012,13.39553474814691,0.26260749749093215,5.61587415878121,558.1997417542837,134.0886356601694,1.0404345773043302,14.57109013709187,7.60339933974067,7.159819481556702,6.891356075021575,3.8099632192277246
2016,IM,0,NW,Liguria,008,7.163568655389289,7.489571913469964,7.326570284429627,3076432.0,47.47028399169874,0.28819728417840923,9.548326383575946,2792692.0,482.880774682026,426.57313267759713,17.130695436166743,14.262302861817254,14.324300731606444,13.0,22.659553874263423,5.106814584189533,8.928804026472712,0.06778670372945077,1.2258271748814349,316.62993255238104,141.44285720611933,0.1858226683520767,14.57109013709187,7.60339933974067,7.159819481556702,6.891356075021575,3.86010391509639
2016,IS,0,S,Molise,094,6.0912943078645485,6.491675240243136,6.291484774053843,605321.0,50.03982405617579,0.3115902007968756,9.337559399267278,412977.0,180.68042533340994,158.92938446978675,6.288686103857687,14.262302861817254,14.324300731606444,11.2,31.997091618178835,1.3146139978786189,11.923064675600635,0.04564688172589747,0.34487135153829873,11.220852160012726,0.8271840268421357,-0.4760572030630602,14.57109013709187,7.621684998724611,7.322305563549725,6.90512615216576,3.9128191695288956
2016,KR,0,S,Calabria,101,6.257383731724435,6.514098481692063,6.38574110670825,1922423.0,43.155481118178585,0.21038429628459035,9.209093045977255,1107286.0,68.84670523028248,55.96684512164313,0.6466879533309439,14.262302861817254,14.324300731606444,28.3,45.20214316080254,6.629098419028946,1.2740010151751178,0.0030844432007854864,0.03866832954120617,73.8369291569865,6.331709544002033,-0.23163523267653574,14.57109013709187,7.621684998724611,7.322305563549725,6.90512615216576,3.764809434217484
2016,LC,0,NW,Lombardia,097,6.9338315139199285,7.188210569704232,7.061021041812079,3045328.0,44.0827175472185,0.23341147555427577,9.889552855544496,1826395.0,386.13019465543124,372.30376644206035,9.103903587154832,14.262302861817254,14.324300731606444,5.8,31.933442525020386,2.6395374094238857,5.767939999873075,0.03805932875676493,0.4587590699105502,106.24814457747281,73.20733599549988,-0.2495597721891421,14.57109013709187,7.621684998724611,7.322305563549725,6.90512615216576,3.786067813289602
2016,LE,0,S,Puglia,075,6.326656994583794,6.596724701366193,6.461690847974992,8287179.0,42.894296061629696,0.22280959387174853,9.35961219523888,5370754.0,134.30684916594527,125.71644980727444,0.2737168712894484,14.262302861817254,14.324300731606444,23.1,20.85195467031245,5.040571466594564,15.541437689531978,0.07497139817726212,1.924228301843033,126.3712924165275,23.602113344982143,0.06164557264169488,14.57109013709187,7.621684998724611,7.322305563549725,6.90512615216576,3.7587388581577774
2016,LI,0,C,Toscana,049,7.508287266409688,7.814358897038787,7.6613230817242375,3364727.0,45.14877822884859,0.2249447439070771,9.72532613599191,2004045.0,128.40119232435543,95.0192448074623,3.11048521003575,14.262302861817254,14.324300731606444,10.2,35.08525421690337,27.172852467477114,14.781486722371364,0.3611378644995053,12.325724741327795,959.1007779437891,333.76461989850145,1.2316565804424928,14.57109013709187,7.607878073278507,7.156194849667708,6.9430480962124586,3.8099632192277246
2016,LO,0,NW,Lombardia,098,6.793878446367377,7.0512215240507485,6.922549985209064,2630060.0,44.08271754721849,0.23341147555427577,9.864796675056633,1416339.0,286.0030795621802,248.1302374219665,22.034774378750065,14.262302861817252,14.324300731606444,7.3999999999999995,33.87604783718907,0.7291473053843892,3.9717283525393827,0.00832993130851155,0.04351166116018411,8.353910018407701,2.8684045946011216,-0.5878888642405375,14.57109013709187,7.607878073278507,7.156194849667708,6.9430480962124586,3.786067813289602
2016,LT,0,C,Lazio,059,6.951015119332677,7.2621224567950105,7.106568788063844,8690999.0,44.20450969616019,0.21527117827297088,9.467112762235574,4874878.0,166.4013562536541,119.43891463097552,3.34184902173279,14.262302861817252,14.324300731606444,15.5,40.07172797369266,4.145177760532498,7.50376634919517,0.04353237495940254,0.43487997832174324,154.04677468818426,22.84313254652939,0.07157542235922022,14.571090137091868,7.607878073278507,7.156194849667708,6.9430480962124586,3.788826813203906
2016,LU,0,C,Toscana,046,7.095534463191328,7.358279359205039,7.226906911198183,4267956.0,45.14877822884859,0.2249447439070771,9.699525466353828,2565588.0,172.90686478334555,143.24379639996087,2.562641010550335,14.262302861817254,14.324300731606444,9.8,40.16302294569203,6.091014262183916,20.333891252531895,0.20785430004074928,1.7515605548365851,188.11531134282083,75.99016304047305,0.640862773153609,14.57109013709187,7.607878073278507,7.156194849667708,6.9430480962124586,3.8099632192277246
2016,MB,0,NW,Lombardia,108,7.2204322604928795,7.432243897125558,7.326338078809219,9355330.0,44.08271754721849,0.23341147555427577,9.941276638071043,4747490.0,653.7175041106877,462.5636181945008,3.6556369180301953,14.262302861817254,14.324300731606444,7.4,50.477563899961076,0.6568477601089292,11.3534991564217,0.007631264902146759,0.050508676893357515,21.925807808809264,7.224690218728425,-0.45539253687646364,14.57109013709187,7.619233416226805,7.14615939640817,6.963972188842544,3.786067813289602
2016,MC,0,C,Marche,043,6.736861454669223,7.082519377115904,6.909690415892563,2834808.0,45.15627188138395,0.21333925258606376,9.655231499247446,1534687.0,160.32283163214314,137.77344904175536,3.686145462460754,14.262302861817254,14.324300731606444,9.3,31.040346572143253,1.664038812327557,6.746614909461226,0.045422460624917026,0.5591735426403618,81.02914634227655,13.39031320728191,0.10135898248143496,14.57109013709187,7.619233416226805,7.14615939640817,6.963972188842544,3.810129182317129
2016,ME,0,I,Sicilia,083,6.552415592463811,6.943689302000151,6.748052447231981,6006059.0,42.74720391116313,0.20844158497539705,9.35369829335627,3957741.0,219.88026384804832,279.27021224244464,-6.4260554334912925,14.262302861817254,14.324300731606444,22.4,37.023145557950485,7.092460258760705,12.617799741878013,0.07776251598526579,1.0169983225653685,162.805770774151,89.74207999576643,-0.13595119722104013,14.57109013709187,7.619233416226805,7.14615939640817,6.963972188842544,3.7553037876569033
2016,MI,0,NW,Lombardia,015,7.263248755868308,7.467096374160581,7.365172565014445,48549320.0,44.08271754721849,0.23341147555427577,9.956489991757799,27171986.0,740.0050284895975,523.6197613003102,6.476898203825183,14.262302861817254,14.324300731606444,7.5,58.939463648516885,1.5217636927320315,6.440877661922331,0.012563291497542624,0.06531610344719302,90.23597075216027,36.04397418284366,-0.24541318734288173,14.57109013709187,7.619233416226805,7.14615939640817,6.963972188842544,3.786067813289602
2016,MN,0,NW,Lombardia,020,6.404771052062993,6.724476340443565,6.564623696253278,5367764.0,44.08271754721849,0.23341147555427577,9.76619120629631,2762484.0,192.47645132581076,171.37557475630015,1.0311039230444403,14.262302861817252,14.324300731606444,8.7,30.118498422242624,0.5962958690463244,9.632705704981314,0.03974003580464225,0.2167312091993153,47.647135801236026,15.527207899934565,-0.24830662761594927,14.571090137091868,7.609862200913554,7.365292142239321,6.999506150481623,3.786067813289602
2016,MO,0,NE,Emilia Romagna,036,6.819057386240657,7.128996146841332,6.9740267665409945,7106719.0,46.91869890567379,0.2718688824740246,9.820111905667394,3795392.0,241.14793261854277,190.88781092134715,2.8291337243984334,14.262302861817254,14.324300731606446,6.6,61.11031283297912,5.595742355761662,6.3030159844262,0.03422787591401935,0.4062040821186325,109.19532565004667,22.624790541385178,0.16431494796038953,14.57109013709187,7.609862200913554,7.365292142239321,6.999506150481623,3.8484162933426864
2016,MS,0,C,Toscana,045,6.911563843685519,7.290135398856768,7.100849621271144,2545333.0,45.14877822884859,0.2249447439070771,9.707847415016477,1625472.0,82.1475303736307,77.2321957215062,0.3411802903755985,14.262302861817254,14.324300731606444,16.6,34.57224787049879,3.3020057039699293,16.923041606884308,0.08814034928794398,1.0311925814442775,69.73006666033987,20.615649051801345,0.31589833196714395,14.571090137091872,7.609862200913554,7.365292142239321,6.999506150481623,3.8099632192277246
2016,MT,0,S,Basilicata,077,6.169167687547599,6.503266335617278,6.3362170115824386,2281482.0,46.276336978771525,0.23601647604460413,9.309249744872542,1349499.0,94.30471470217174,92.66270319912215,0.1867233157058329,14.262302861817254,14.324300731606444,12.8,37.91024816751547,5.984413195606231,15.122747576733492,0.10512017211334368,0.6960573241702374,125.27281160442398,12.724329218178074,-0.011152031981927773,14.57109013709187,7.609862200913554,7.365292142239321,6.999506150481623,3.8346307500739942
2016,NAP,0,S,Campania,063,6.9885846843145965,7.40254582971544,7.195565257015019,31479498.0,41.337034052418055,0.18785705570516248,9.488496712544311,14109452.0,231.3142558779385,251.24236471457513,-0.3395131753837488,14.262302861817254,14.324300731606442,22.8,61.02720541953682,5.152509757458319,4.920107010317385,0.04286022408111834,0.25822656853618664,196.98187952668766,101.55050400626213,-0.20895075160626508,14.57109013709187,7.601901959875166,7.547608427539804,7.011931135186978,3.7217588064552833
2016,NO,0,NW,Piemonte,003,6.637426602256603,6.964589930032364,6.801008266144483,3374176.0,46.33253327992292,0.2524227468308138,9.847726451185151,1930989.0,354.99161004913907,297.9555376702249,6.532986623225829,14.262302861817254,14.324300731606444,9.4,43.859618869304434,4.201888758919535,10.695260994224071,0.05856439208246888,0.702745953606497,253.05393866313344,152.71546463222668,-0.05468784315453235,14.57109013709187,7.601901959875166,7.547608427539804,7.011931135186978,3.8358443769737067
2016,NU,0,I,Sardegna,114,6.662008293628004,6.848638386119212,6.755323339873609,1124321.0,45.54372104791934,0.23054809451516217,9.379648558677582,684617.0,89.49538682162344,134.27907998578254,-7.130035856179784,14.262302861817254,14.324300731606442,12.7,30.68670318061062,5.660465852766212,6.065530225348008,0.048311495828779624,0.39888657270965716,129.3604164716601,61.979341339282264,-0.19654551408218718,14.57109013709187,7.601901959875166,7.547608427539804,7.011931135186978,3.8186727667380365
2016,OG,0,I,Sardegna,116,6.758200784968014,6.952581090096813,6.855390937532414,308467.0,45.54372104791934,0.23054809451516217,9.458458728954747,217187.0,63.72625924162541,95.61502291683941,-2.4547289386028535,14.262302861817254,14.324300731606444,12.2,37.727016324306355,6.243867537515352,3.3417498726250288,0.059126698986656144,0.6776693807480545,194.5740468559555,100.17712372285658,0.10744655686345597,14.57109013709187,7.601901959875166,7.547608427539804,7.011931135186978,3.8186727667380365
2016,OR,0,I,Sardegna,115,6.00744271194578,6.390530509653859,6.198986610799819,983920.0,45.54372104791934,0.23054809451516212,9.379776615234984,605576.0,255.8011511850254,277.6949848418593,-8.94788525713725,14.262302861817256,14.324300731606444,19.8,14.781105618517795,1.9117694792026414,4.503583523499734,0.036407184235119495,0.3891338392491139,113.0925709461164,41.606481226288075,-0.3365330296643971,14.57109013709187,6.249975242259483,8.574847699675088,8.237406112458896,3.8186727667380365
2016,OT,0,I,Sardegna,113,7.186888423228845,7.497657782640379,7.3422731029346116,1283568.0,45.54372104791934,0.23054809451516214,9.509859714428822,1108544.0,95.36805777878874,79.98804720333492,0.8341010545092147,14.262302861817254,14.324300731606444,13.1,47.39760317871481,37.63931194588072,14.107654996720854,0.10821397472186536,16.751337736338947,786.0723810914989,411.1271279991706,0.9478369775474845,14.57109013709187,6.249975242259483,8.574847699675088,8.237406112458896,3.8186727667380365
2016,PA,0,I,Sicilia,082,6.188398090758253,6.539475002212495,6.363936546485373,13221562.0,42.74720391116313,0.20844158497539705,9.290023994763828,7458049.0,267.9240485330187,369.2383741703391,-6.957923718010865,14.262302861817254,14.324300731606444,25.1,36.29823320501936,2.5088653442402027,24.715235013344458,0.050802995960407014,0.518143525964507,54.994712876065364,25.64634331499137,-0.23171963137962465,14.57109013709187,6.255750041753367,8.50395986203134,8.23631866418965,3.7553037876569033
2016,PC,0,NE,Emilia Romagna,033,6.759246050766463,7.020457187318646,6.889851619042554,3857018.0,46.91869890567379,0.2718688824740246,9.760702197933147,2315147.0,336.27250269792785,244.9985376799189,51.866679865174206,14.262302861817254,14.324300731606444,7.5,36.70535208987657,3.3275936459142876,8.675418126857934,0.031514558146088535,0.33421972204650957,66.02685443134257,17.917355624735983,-0.10183533444437072,14.57109013709187,6.255750041753367,8.50395986203134,8.23631866418965,3.8484162933426864
2016,PD,0,NE,Veneto,028,6.944431463142345,7.149559714229663,7.046995588686004,9503782.0,44.71002153324738,0.22893872488437292,9.799831021580093,4860528.0,199.2969511000797,168.6854824083348,1.0488856760316452,14.262302861817254,14.324300731606444,8.0,40.50280603998371,2.7089519028569695,21.098754004651767,0.13506425821223772,0.34902844112600384,144.36364403155645,57.649806777062324,0.05682203279808644,14.57109013709187,6.226536669287466,8.531156633351081,8.27126986271693,3.8001976718661576
2016,PE,0,S,Abruzzo,068,6.38724419550165,6.741637557003401,6.564440876252525,4644358.0,45.124416085303345,0.22505785673004414,9.463199656039492,2495280.0,289.87810829613517,254.63553434118336,6.623324254811818,14.262302861817256,14.324300731606444,13.8,28.901823617980874,2.4614903335473697,14.100412673860852,0.058009584902856334,0.6438961390983227,65.9462358197554,8.878335861214135,-0.21318944943530851,14.57109013709187,6.226536669287466,8.531156633351081,8.27126986271693,3.8094234766314474
2016,PG,0,C,Umbria,054,6.600535363967746,6.911052555897819,6.755793959932783,6809472.0,48.143153994768895,0.27094221576641364,9.66360591599404,3724693.0,175.33568677970928,150.24738582572672,1.3866668163716336,14.262302861817254,14.324300731606444,9.5,26.35108391765188,3.5488707526973995,17.781854113599707,0.3331134648498285,2.5518053760284753,263.6894111351061,86.8262042892299,0.8180512920911549,14.57109013709187,6.218600119691729,8.619014877947752,8.296741124586356,3.874178947341487
2016,PI,0,C,Toscana,050,7.0717814044359235,7.34994362674959,7.210862515592757,3548576.0,45.14877822884859,0.2249447439070771,9.760919839471786,1925253.0,154.09477366699014,130.48267140759802,1.4917645325283018,14.262302861817254,14.324300731606444,7.3,34.338244843443526,2.977332603592215,22.374508866830798,0.23346072325917333,3.482164368131814,171.68325459387665,98.04733892303284,0.5857578934793202,14.571090137091872,6.218600119691729,8.619014877947752,8.296741124586356,3.8099632192277246
2016,PN,0,NE,Friuli Venezia Giulia,093,6.478155556611377,6.7918416959898344,6.6349986263006056,2977874.0,47.70658120622252,0.2759703749660708,9.768401026092924,1589513.0,262.80398142147976,235.72534688716374,5.481372704676603,14.262302861817254,14.324300731606444,7.4,58.530564233262076,4.016448581590033,15.022305504867393,0.14062093498287828,1.396720364690365,78.31093462097091,19.83753209303378,0.08035791354587185,14.57109013709187,6.19644412779452,8.661908241728108,8.302579483858374,3.865069359157549
2016,PO,0,C,Toscana,100,7.385095215708402,7.6413230556951275,7.513209135701764,4628252.0,45.14877822884859,0.2249447439070771,9.75275961096814,2037514.0,54.01530617972601,37.4442098898282,0.3063611888466197,14.262302861817254,14.324300731606446,7.9,29.92251389472138,0.5765803095990278,36.39338910775868,0.08094910087064096,0.5973158536343437,57.74710798690504,30.496988554206528,0.2011761518841258,14.571090137091868,6.19644412779452,8.661908241728108,8.302579483858374,3.8099632192277246
2016,PR,0,NE,Emilia Romagna,034,6.569507958126088,6.855250973433861,6.712379465779974,4437517.0,46.91869890567379,0.2718688824740246,9.818244622102448,2531036.0,262.8174827861338,143.79497846646234,8.601332629559208,14.262302861817254,14.324300731606444,6.5,43.630291684223565,2.47034728506622,16.567183039729834,0.09026325911911896,0.720711153917711,101.61799871936442,31.24178157299263,0.2774471433143242,14.57109013709187,6.210600077024653,8.553545299392841,8.284901788986714,3.8484162933426864
2016,PT,0,C,Toscana,047,7.251093719389833,7.4140993575467915,7.332596538468311,3110487.0,45.14877822884859,0.2249447439070771,9.693607563429758,1693584.0,68.5404738245204,51.50787317111929,0.5021054429602273,14.262302861817254,14.324300731606444,16.0,39.35065748730766,6.553759290296942,20.781094116474858,0.07595693383497504,0.6143945282943261,324.80087078695,162.1269171539502,0.351779697839111,14.57109013709187,6.210600077024653,8.553545299392841,8.284901788986714,3.8099632192277246
2016,PU,0,C,Marche,041,6.911198001010602,7.235127728491678,7.07316286475114,4094574.0,45.15627188138395,0.2133392525860638,9.619825587163469,2288095.0,175.0041657166761,157.6493836795855,1.6091231125833412,14.262302861817254,14.324300731606444,12.5,24.36454652112277,5.611739213669715,6.315764165236303,0.07748460719356348,0.681281228794496,138.44111759850583,25.907277937294307,0.15655477520895927,14.571090137091868,6.20050917404269,8.744520498929624,8.32708136914722,3.810129182317129
2016,PV,0,NW,Lombardia,018,6.813254622543577,6.956333108818727,6.884793865681152,4819562.0,44.08271754721849,0.23341147555427577,9.763647521817905,2863777.0,1447.1321418715793,1077.513819614421,151.49883727669467,14.262302861817254,14.324300731606446,6.900000000000001,23.523567357404943,1.0291427584407966,6.138754611635905,0.019347192517292718,0.14402497397484337,17.88399785917234,3.9888221818309546,-0.5847856701804924,14.57109013709187,6.20050917404269,8.744520498929624,8.32708136914722,3.786067813289602
2016,PZ,0,S,Basilicata,076,6.205938638166714,6.411872187262167,6.308905412714441,3570932.0,46.276336978771525,0.23601647604460416,9.372478498621902,1993486.0,175.76063056032203,199.11620984649096,-2.475127924718898,14.262302861817254,14.324300731606444,13.599999999999998,41.66699723813157,2.6882953919162422,14.014061101544135,0.06859194397125207,0.41324157927607963,60.222174408999095,7.034169099715285,-0.22004650871858752,14.57109013709187,6.192362489474872,8.572669772825016,8.359382543380443,3.8346307500739942
2016,RA,0,NE,Emilia Romagna,039,6.8897449442022065,7.200646084899351,7.045195514550779,4839856.0,46.91869890567379,0.2718688824740246,9.772487285551342,2944341.0,75.28768318526323,51.58833060109243,0.5274810289366745,14.262302861817256,14.324300731606446,9.0,41.62167950308247,9.129096396834502,15.260071856585942,0.07264090444856108,0.8100134646082376,264.57339818948935,37.90578483558374,0.2413897115140113,14.57109013709187,6.192362489474872,8.572669772825016,8.359382543380443,3.8484162933426864
2016,RC,0,S,Calabria,080,6.154059691956558,6.518084445629463,6.33607206879301,5548556.0,43.155481118178585,0.21038429628459032,9.247909460122129,3600378.0,324.55179435418376,361.36425063661176,-4.639941869127209,14.262302861817254,14.324300731606444,24.0,27.20178044719503,1.998547329696997,3.463809658085511,0.008845880642738665,0.11977059818742057,31.3936598712101,4.381334114174832,-0.46898619699344024,14.57109013709187,6.163314804034641,8.603089812274971,8.420781730318732,3.764809434217484
2016,RE,0,NE,Emilia Romagna,035,6.642081077714087,6.903632430650517,6.7728567541823015,6621149.0,46.91869890567379,0.2718688824740246,9.852012497221288,3368796.0,132.27227352116432,98.86919727209867,0.6733404434153251,14.262302861817254,14.324300731606444,4.7,55.48435331864181,1.288145943298633,6.798763139497472,0.029803781067603032,0.19937751020510747,37.01758390412933,8.1914287324758,-0.12588112655195516,14.57109013709187,6.163314804034641,8.603089812274971,8.420781730318732,3.8484162933426864
2016,RG,0,I,Sicilia,088,6.3880611996942225,6.763291370253016,6.5756762849736194,3387168.0,42.74720391116313,0.20844158497539705,9.26317192630127,2243480.0,32.46401541155168,19.41428279673535,0.24539255273871435,14.262302861817256,14.324300731606444,19.399999999999995,47.53113779070282,2.7438789594745883,13.512672491164443,0.0695286177494012,0.46749046345574025,52.34252910014281,16.109302782939107,0.16916912451552854,14.57109013709187,6.182084906716632,8.794160613046436,8.428161932812001,3.7553037876569033
2016,RI,0,C,Lazio,057,6.818591775244287,7.058080145394284,6.938335960319285,963808.0,44.20450969616019,0.21527117827297085,9.569915757088824,657139.0,434.30325637035367,384.099938773507,17.684105322533444,14.262302861817254,14.324300731606444,12.0,19.648124822015326,1.037127361823045,3.0481599760936726,0.018057114513994933,0.17846994097133564,7.901065345416888,1.8451990138764018,-0.5847560212716554,14.57109013709187,6.182084906716632,8.794160613046436,8.428161932812001,3.788826813203906
2016,RM,0,C,Lazio,058,7.025589731648017,7.381042433722983,7.203316082685499,45850308.0,44.20450969616019,0.21527117827297085,9.710944271576714,23890965.0,2377.1657220153133,1450.5306074697387,204.66502174731303,14.262302861817254,14.324300731606444,9.8,42.39223362320942,1.4914340115200568,6.9171992251042616,0.02814840515873384,0.15339475285636975,52.53371372867646,29.90088760095634,-0.17090405030599262,14.571090137091868,6.148468295917647,9.002277132167242,8.46631320053974,3.788826813203906
2016,RN,0,NE,Emilia Romagna,099,7.246482453453001,7.580571762150694,7.413527107801848,3849054.0,46.53856758670932,0.2592448446550526,9.635396762493592,2178934.0,158.83286843907877,123.26457736424885,2.453069704687915,14.262302861817254,14.324300731606444,9.1,45.016558812751626,18.5745460037559,12.626801240296269,0.12043890581387391,1.4697462820582958,433.8074895677466,83.18259604253093,0.5346989699891594,14.57109013709187,6.148468295917647,9.002277132167242,8.46631320053974,3.840281379289388
2016,RO,0,NE,Veneto,029,6.727211491113929,7.018253195732287,6.872732343423108,2489311.0,44.71002153324738,0.2289387248843729,9.682842081755835,1433195.0,112.2020447791977,108.77575282997758,0.21377345555070165,14.262302861817254,14.324300731606444,8.7,28.5412738765379,1.9003376913343262,12.82976081247258,1.5432009727532985,11.256807279693305,172.09177877128343,76.88555584623728,-0.05911107067245709,14.57109013709187,6.78897174299217,8.035180697303847,7.6977933305659745,3.8001976718661576
2016,SA,0,S,Campania,065,6.630335841313229,6.924765510626143,6.777550675969686,11514559.0,41.337034052418055,0.18785705570516248,9.327494189972482,5987424.0,442.7131376137391,403.74416013258747,3.99279489871618,14.262302861817254,14.324300731606444,17.5,41.702059232692484,5.968822853889385,10.575604483057425,0.10932740265187439,0.8532692256549145,179.82449515161863,90.39698773403616,-0.08387775478576692,14.57109013709187,6.78897174299217,8.035180697303847,7.6977933305659745,3.7217588064552833
2016,SI,0,C,Toscana,052,7.0013338346069975,7.351085829456548,7.1762098320317715,2705241.0,45.14877822884859,0.2249447439070771,9.732928318499702,1607741.0,136.85615390553323,104.73803244608088,1.626360975140307,14.262302861817256,14.324300731606444,9.1,31.539273644422785,12.836186505176546,21.964379418379526,0.8103203081968493,7.430077426111208,765.9978977496975,389.63301061312796,1.2944446736749808,14.57109013709187,6.79346613258001,7.965588828834929,7.697991996072205,3.8099632192277246
2016,SO,0,NW,Lombardia,014,6.970349686448677,7.1841752646673305,7.077262475558004,3299658.0,44.08271754721849,0.23341147555427577,9.704618259165526,3081825.0,231.84841350930415,197.80941454002368,19.37242219848863,14.262302861817254,14.324300731606444,7.2,41.05802576707879,11.63003702986401,8.034204995939627,0.08620950046085077,2.222273390580458,296.71887965665627,108.80207208025539,-0.05007103491885546,14.57109013709187,6.79346613258001,7.965588828834929,7.697991996072205,3.786067813289602
2016,SP,0,NW,Liguria,011,7.185827185550687,7.540672979238805,7.363250082394745,2750074.0,47.4745057012044,0.2883300282873057,9.761151735040869,1797071.0,227.97239764354117,158.9696876609498,8.119856782827439,14.262302861817254,14.324300731606444,10.2,32.71666184778909,8.503772286721402,19.619452783824627,0.6685815571687728,4.772661576585241,887.99301631908,586.8979141431291,0.8710551098547986,14.57109013709187,6.78897174299217,7.968019258509316,7.708176757181055,3.860192844873834
2016,SR,0,I,Sicilia,089,6.307401286207801,6.628091025906007,6.467746156056904,4373043.0,42.74720391116313,0.20844158497539705,9.390701296041943,2644421.0,56.602356573442094,57.32857548796928,-0.03826681532647034,14.262302861817254,14.324300731606444,24.0,43.78038214853673,2.0693818538068776,6.337956206374991,0.031349919617225074,0.22880042639178583,62.837840675477665,20.466373730308685,-0.146305284411271,14.57109013709187,6.78897174299217,7.968019258509316,7.708176757181055,3.7553037876569033
2016,SS,0,I,Sardegna,112,6.57637286850479,6.870580041003113,6.723476454753952,3755046.0,45.54372104791934,0.23054809451516214,9.486920689431505,2103852.0,262.0492383199676,219.78854694676946,11.055234468983354,14.262302861817254,14.324300731606444,21.9,28.590527237698552,15.538741097151,7.183237367393822,0.0500611822298763,0.8891018209108394,210.6978573377891,64.08855149120912,-0.17114663089081883,14.571090137091868,6.787844982309579,8.049042832516962,7.726821856100402,3.8186727667380365
2016,SV,0,NW,Liguria,009,7.361985098507114,7.685911279104637,7.523948188805876,3074230.0,47.4745057012044,0.2883300282873057,9.730394341100924,2786007.0,346.62439221442344,275.78430124135406,21.062571364673012,14.262302861817254,14.324300731606446,6.4,37.45184957948289,10.023772840206709,9.673762922911958,0.08420952029469567,1.0994485815533468,431.0045441487774,114.676282475794,0.4246079452998379,14.571090137091868,6.787844982309579,8.049042832516962,7.726821856100402,3.860192844873834
2016,TA,0,S,Puglia,073,6.449504516698779,6.772976655501433,6.611240586100106,6929042.0,42.894296061629696,0.22280959387174853,9.477367589843169,4011830.0,42.7042950165396,54.464030392334806,-0.21541810217568125,14.262302861817254,14.324300731606444,16.5,39.58016347005205,2.640909996707516,15.83666644213347,0.03894997497518743,0.5724203353498499,53.476321819833295,7.981083300688524,0.05428506416984994,14.57109013709187,6.763884908562435,8.093716556236116,7.734445051525857,3.7587388581577774
2016,TE,0,S,Abruzzo,067,6.392963064856714,6.761956095184178,6.577459580020446,3851002.0,45.124416085303345,0.22505785673004414,9.466864008656385,2454505.0,194.75411466566067,166.75764532565975,4.2593509035243615,14.262302861817254,14.324300731606444,11.1,35.63131338540939,8.685679335275802,11.162665592006807,0.05875999621568755,0.8044859872622305,165.3939549141281,17.9903780432021,0.0701903455583804,14.57109013709187,6.763884908562435,8.093716556236116,7.734445051525857,3.8094234766314474
2016,TN,0,NE,Trentino Alto Adige,022,7.405398058180553,7.553807871444475,7.479602964812513,3837300.0,43.97915397053685,0.21900925497078874,9.720222489421634,2592168.0,inf,inf,44.566557396221484,14.262302861817252,14.324300731606446,6.8,42.32850708701811,inf,10.118261180298994,0.1265869672641955,inf,inf,inf,0.5707178009484813,14.57109013709187,6.760414691083428,8.003021682524047,7.734421816131295,3.783715748255295
2016,TO,0,NW,Piemonte,001,6.684707723727774,7.018596361857176,6.851652042792475,25685816.0,46.33253327992292,0.2524227468308138,9.845763476402182,14665568.0,2248.6662244843787,1733.9324715360012,286.2483004196534,14.262302861817254,14.324300731606444,10.4,36.73035376969371,8.160120451206149,9.230968706427673,0.03467172267936527,1.141911971825615,193.36507801917693,54.691787053710414,-0.2858110075247696,14.571090137091868,6.760414691083428,8.003021682524047,7.734421816131295,3.8358443769737067
2016,TP,0,I,Sicilia,081,6.531779157401633,6.860102002378961,6.695940579890298,3791279.0,42.74720391116313,0.20844158497539705,9.300746964383809,2480914.0,59.947619778777785,43.8332804955387,0.35251199677780687,14.262302861817252,14.324300731606444,21.2,45.74470971502585,8.773891573106921,9.743497420439029,0.11522375395070883,2.81976310761182,291.6900363723357,66.89543770831305,0.3119395091127838,14.57109013709187,6.741700694652055,8.20259449056007,7.785214744317462,3.7553037876569033
2016,TR,0,C,Umbria,055,6.734324156041066,7.0893775385225775,6.911850847281822,3734479.0,48.143153994768895,0.27094221576641364,9.65009203068832,2111196.0,169.5947721512845,142.0678395285532,3.826909740777025,14.262302861817254,14.324300731606444,9.7,26.248475307951445,2.805977732164962,16.628672216179346,0.1758927102909501,1.5911289607137444,186.4178936294859,77.724752180543,0.5067035170799172,14.57109013709187,6.741700694652055,8.20259449056007,7.785214744317462,3.874178947341487
2016,TS,0,NE,Friuli Venezia Giulia,032,7.349986098635472,7.632875122146358,7.491430610390915,4575038.0,47.70658120622252,0.2759703749660708,9.909795133648435,2834128.0,69.91054509034369,47.85309689049522,1.4795937824304322,14.262302861817254,14.324300731606444,8.1,33.66330351971056,2.7687112601924073,18.505449920977696,0.19715519984688754,1.5276242497002261,240.14143885244636,121.07446456124926,0.7921320445660912,14.57109013709187,6.732210706467206,8.03210277061337,7.818847797990924,3.865069359157549
2016,TV,0,NE,Veneto,026,6.930354465170397,7.092857137476668,7.011605801323531,9094207.0,44.71002153324738,0.2289387248843729,9.793179107657977,4528846.0,171.39106924591982,153.17097660122104,0.541294609790793,14.262302861817254,14.324300731606444,7.0,41.79420798382981,1.0204086723891912,21.77424545154459,0.14490813993164237,0.3898050679301377,86.15279993968653,46.598635223735435,0.1714808195874856,14.57109013709187,6.732210706467206,8.03210277061337,7.818847797990924,3.8001976718661576
2016,UD,0,NE,Friuli Venezia Giulia,030,6.46680204518486,6.818610389177608,6.642706217181233,3265869.0,47.670694264031205,0.2754071216716792,9.744840425683277,2031830.0,419.21265357738343,369.1180027785907,10.39879070613646,14.262302861817252,14.324300731606444,6.8999999999999995,34.12966727888332,7.5038837589589145,18.67005198916973,0.5944800047346676,10.64148546940407,261.10074138538664,110.05240132569415,0.20012474659147422,14.57109013709187,6.71901315438526,8.046629114943729,7.864348363735669,3.8643168330718978
2016,VA,0,NW,Lombardia,012,6.906002245699718,7.1453164491281305,7.025659347413924,6511561.0,44.08271754721849,0.2334114755542758,9.802748355043617,3567977.0,688.1889513503155,563.6167564100352,26.403514402371755,14.262302861817254,14.324300731606444,8.2,37.76420652453174,1.5900548948167081,6.359419405634848,0.01575432606878037,0.2578191221323128,121.35106472121062,75.5599448824134,-0.3428224474053245,14.571090137091872,6.71901315438526,8.046629114943729,7.864348363735669,3.786067813289602
2016,VB,0,NW,Piemonte,103,6.73314711166979,7.110346782871428,6.921746947270608,1458414.0,46.33253327992293,0.2524227468308138,9.63901924274279,1154898.0,357.4629387561918,293.28314483190366,22.8569282284647,14.262302861817254,14.324300731606444,6.3,35.81748762447311,12.5158733178587,7.688565809408488,0.10258210857977394,2.5042530961142164,444.905136372811,264.31718919173477,0.21992454623717478,14.57109013709187,6.697034247666484,8.278480677248407,7.912527217705787,3.8358443769737067
2016,VC,0,NW,Piemonte,002,6.585998186398227,6.978635496737798,6.782316841568013,1100709.0,46.33253327992292,0.2524227468308138,9.759262068382984,703011.0,772.6575713589561,714.5762505050939,42.63001159152273,14.262302861817254,14.324300731606444,9.0,25.102697812623436,3.6426323734227006,10.293574004749907,0.06596238357320726,1.0722195503430232,73.5608718375067,23.896293950741388,-0.441057199233282,14.57109013709187,6.697034247666484,8.278480677248407,7.912527217705787,3.8358443769737067
2016,VE,0,NE,Veneto,027,7.130959579455739,7.363533329854536,7.247246454655137,7379874.0,44.71002153324738,0.22893872488437292,9.793341027750577,4339516.0,118.07073172578865,97.5545402988771,0.359001396938263,14.262302861817254,14.324300731606446,7.0,46.09667814669939,10.264371938136817,20.648844525470754,2.488968787028593,19.258875039204312,695.6263459734208,471.02198353181257,0.5411250652522444,14.571090137091872,6.693323668269949,8.456612023990635,7.920711464057502,3.8001976718661576
2016,VI,0,NE,Veneto,024,7.055128339648322,7.294984595366803,7.175056467507563,8201369.0,44.70017019981856,0.2288211429540828,9.81067896534712,4299379.0,288.34389387755897,265.7065343725544,3.9464739823042287,14.262302861817252,14.324300731606444,6.2,45.06813696042881,2.090193316846229,17.135517586661116,0.3931875246795457,3.08373665561949,67.76151201348301,16.70702940328664,0.001571372718240456,14.571090137091872,6.693323668269949,8.456612023990635,7.920711464057502,3.799977309214479
2016,VR,0,NE,Veneto,023,6.857868175037628,7.209175860611157,7.033522017824392,7627605.0,44.71002153324738,0.22893872488437292,9.720352648392053,4157531.0,337.2268107398679,243.58351850307196,10.630496573897547,14.262302861817254,14.324300731606444,5.3,38.33682763818076,12.464226465022112,18.823997050689712,1.301870439109102,5.562100045125877,865.3188475204003,631.1054615193889,0.5977536022072915,14.57109013709187,6.9865664594064265,7.837454693743685,7.500095749093002,3.8001976718661576
2016,VS,0,I,Sardegna,117,6.245111537536365,6.530753958779011,6.387932748157687,352472.0,45.54372104791934,0.23054809451516214,9.377859085473025,193062.0,472.2771825006209,416.57089762109655,15.51185869886886,14.262302861817254,14.324300731606444,27.8,31.700945052887732,1.2249453922860603,6.177357165430777,0.03338021814512394,0.24894224560078002,42.19536120284549,15.937217314845356,-0.4223762338717271,14.57109013709187,6.9865664594064265,7.837454693743685,7.500095749093002,3.8186727667380365
2016,VT,0,C,Lazio,056,6.873424061383251,7.161699991955253,7.0175620266692516,2937004.0,44.20450969616018,0.21527117827297085,9.559611045104019,1843802.0,184.80272248609862,164.47877814355832,1.445981751346702,14.262302861817254,14.324300731606442,14.9,19.853665590580132,1.6194707899452938,1.8268312350299671,0.021777970760410527,0.1759714245572484,55.35468040130297,13.979500124630507,-0.32901379730499863,14.57109013709187,6.9865664594064265,7.837454693743685,7.500095749093002,3.788826813203906
2016,VV,0,S,Calabria,102,6.123662275897,6.410754538890593,6.267208407393796,1059611.0,43.15548111817858,0.21038429628459032,9.266380194785437,754737.0,91.93551540845746,98.7713883295719,-0.4953575953199465,14.262302861817254,14.324300731606442,21.7,41.10029388478827,24.0639438327913,6.34202798068076,0.06909780944385682,1.011628866395022,329.92793904093,116.66031240101623,0.005311193364882277,14.57109013709187,6.96979066990159,7.789149901126163,7.52157363152075,3.7648094342174834
2017,AG,0,I,Sicilia,084,6.086309609829437,6.443860259831981,6.265084934830708,3791238.0,42.69233994157196,0.20769644867492132,9.268828826031811,2810171.0,74.97370488840993,98.48043056480003,-0.8999485833876698,14.274589284506764,14.348991618246792,23.0,31.94436295051391,2.165095398326995,9.494877003152869,0.04988512406124784,0.5534507692681432,50.59437899673813,20.756687937656608,-0.19370218809763606,14.615952632066215,6.96979066990159,7.789149901126163,7.52157363152075,3.7540195116727846
2017,AL,0,NW,Piemonte,006,6.6066410358073595,6.826900291868055,6.716770663837709,2467510.0,46.24480946738219,0.24563717982495153,9.743351427679354,1576856.0,1315.0793185262016,1004.7858856791324,127.44449528042713,14.274589284506764,14.348991618246792,11.6,22.291951391286993,1.3395232329560445,10.41238547868236,0.051765787584774334,0.4207260910695228,35.13807546521759,16.536466495622875,-0.37769467594433753,14.615952632066213,6.96979066990159,7.789149901126163,7.52157363152075,3.833949229928154
2017,AN,0,C,Marche,042,6.630610652847439,6.967996395591421,6.79930352421943,6214170.0,46.61070866858987,0.2540126102737809,9.75858080724706,3431486.0,139.72059178943636,128.0163808036522,0.6151468704432809,14.274589284506762,14.348991618246794,12.5,27.935265630584357,3.475320291795323,9.740714739606897,0.10300150702683217,4.931543698260231,179.6063514630996,25.932191685541508,0.181193907450625,14.615952632066215,6.994849985833071,7.762010531863441,7.5021915496761595,3.8418303144868284
2017,AO,0,NW,Valle D'Aosta,007,7.214762263617684,7.505827439012023,7.360294851314854,1479007.0,53.69607884272015,0.46851092991706417,9.829178946404483,1334176.0,283.56775209255125,238.40755296920176,20.491203105280068,14.274589284506764,14.34899161824679,7.8,38.32335824179709,38.83111055661182,11.775543671687668,0.22154159661747336,6.853386153666329,2024.8877260350807,690.1458532182764,1.0625515228705111,14.615952632066215,6.994849985833071,7.762010531863441,7.5021915496761595,3.983339979160114
2017,AP,0,C,Marche,044,6.6974220258416155,6.991556766927552,6.844489396384584,4141718.0,46.61070866858987,0.2540126102737809,9.592734016103671,2302467.0,100.64121806732491,83.47901180023221,1.2648236296600115,14.274589284506764,14.348991618246792,14.5,33.958384614739686,3.975149208824677,6.449385335345494,0.06229179437325856,1.028559280203397,104.83057805933878,14.101071674710557,0.0346924418286662,14.615952632066215,6.994849985833071,7.762010531863441,7.5021915496761595,3.8418303144868284
2017,AQ,0,S,Abruzzo,066,6.3109899477688085,6.6822903261623345,6.496640136965571,2853453.0,46.44698920948555,0.23793416465969164,9.49331432925084,2334414.0,760.280415797641,705.853938721865,23.428289366437383,14.274589284506762,14.348991618246792,12.3,30.67182521933843,8.409383036597003,18.2979065680346,0.0889893059156433,1.9662727703997873,196.61828113609187,10.965386148206713,-0.08363132095425234,14.615952632066215,6.977281341630747,7.859478403890564,7.53728278162273,3.8383116452793264
2017,AR,0,C,Toscana,051,6.920076737656101,7.214217682107041,7.067147209881571,3896778.0,45.768940583026804,0.23082277950180324,9.740794001576658,2067230.0,135.6948989424181,109.42515872550966,2.0786908122011174,14.274589284506764,14.34899161824679,9.7,31.098529580941356,3.2526511172016463,19.051972847937847,0.2033839431316618,1.650794493909453,137.01504433570057,61.184459800789334,0.5962311498492907,14.615952632066215,6.977281341630747,7.859478403890564,7.53728278162273,3.8236057078612182
2017,AT,0,NW,Piemonte,005,6.235646704962789,6.600435188504692,6.41804094673374,2034601.0,46.24480946738219,0.24563717982495153,9.678536574500797,1214323.0,756.544377895659,590.153044668493,59.13105881501698,14.274589284506764,14.348991618246792,9.2,15.403805222841145,1.1577647213342614,15.067549534265261,0.09794270304982766,0.7512816444127304,55.477840125620524,29.751823655084834,-0.21045153642972508,14.615952632066215,6.977281341630747,7.859478403890564,7.53728278162273,3.833949229928154
2017,AV,0,S,Campania,064,6.36768489683031,6.54577739498686,6.456731145908585,9429874.0,42.35562512592722,0.2033441423806311,9.369848123271849,5380232.0,255.09150003725244,261.2597797144122,-0.6014578065658286,14.274589284506764,14.348991618246792,15.1,28.268823481190676,1.0148765397016044,12.47343017256376,0.033777146438675396,0.20435847370312163,11.79250670600137,1.36725582554113,-0.4788447681115483,14.615952632066215,6.993932975223189,7.863510036922656,7.504272722636415,3.746101236974863
2017,BA,0,S,Puglia,072,6.900909910757332,7.206470566131358,7.053690238444345,12992186.0,42.85513302328344,0.2099518811291477,9.507199547160223,6728834.0,50.20573355265202,56.420734022743694,-0.1039537605953614,14.274589284506765,14.34899161824679,17.3,39.80220266365429,1.5691476342068535,12.074486786266846,0.07075613406783572,0.4141184877561784,91.78514098072775,31.360982075554293,0.03084852495041239,14.615952632066215,6.993932975223189,7.863510036922656,7.504272722636415,3.757825428377844
2017,BG,0,NW,Lombardia,016,6.871959083042663,7.06265345737478,6.967306270208721,8471888.0,45.37435286638224,0.23551490523232008,9.828335541360701,4752408.0,990.8708785256704,736.7273980747558,96.88011001372554,14.274589284506764,14.34899161824679,4.2,35.58465544655964,2.600999795584714,19.79442986313996,0.10842845875550307,0.838243257893998,116.93948357113592,35.774836909828714,-0.18307331971916835,14.615952632066213,6.993932975223189,7.863510036922656,7.504272722636415,3.814947030585401
2017,BI,0,NW,Piemonte,096,5.981865742876067,6.314520175599505,6.148192959237786,1073651.0,46.24480946738219,0.24563717982495153,9.799236947236004,712773.0,342.0642304616831,288.9559790018577,17.97812059774248,14.274589284506764,14.348991618246792,7.199999999999999,14.328133206350733,1.1808356262274111,9.77726502845869,0.040284971187250454,0.7153965043451959,44.196511837989334,15.11150856977134,-0.4240375849458107,14.615952632066215,6.98100574072173,7.7822836518512934,7.513709247839705,3.833949229928154
2017,BL,0,NE,Veneto,025,6.8282202022235685,7.034641354275093,6.931430778249331,1901830.0,45.100184674436136,0.24198452808372728,9.776885755173614,1556243.0,206.46443621042866,179.1640115303296,4.581131817725342,14.274589284506764,14.348991618246792,5.099999999999999,16.02778404952191,15.173165434453592,54.05768105513953,5.454043875500345,38.926015252039555,660.0868803644138,251.31517217876802,1.108333667534664,14.615952632066215,6.98100574072173,7.7822836518512934,7.513709247839705,3.8088863412771037
2017,BN,0,S,Campania,062,6.884313656326412,7.050440351200131,6.967377003763271,1730843.0,42.35562512592722,0.2033441423806311,9.293243104903746,1004083.0,192.7280788421284,178.19926663003608,1.189720823654698,14.274589284506764,14.348991618246792,13.6,19.510688424835372,0.5540155937037449,25.11756453262268,0.13859633726107476,0.6041136540676506,2.8213493193080708,0.41430553236765194,-0.32388236386044195,14.615952632066215,6.98100574072173,7.7822836518512934,7.513709247839705,3.746101236974863
2017,BO,0,NE,Emilia Romagna,037,7.143220976916772,7.375971413083041,7.259596194999906,17557899.0,45.39548356991194,0.24311235269202666,9.91029715067469,9811720.0,290.0303187492742,169.51607746731696,3.1851439005399573,14.274589284506765,14.348991618246792,5.1,53.7499826297613,2.5928285841608263,10.372442280439515,0.050595770567667155,0.24994338009376962,124.4228998483532,50.8219745025385,0.20899850964677122,14.615952632066213,6.9865664594064265,7.957548124606309,7.540207790175243,3.8154126192598112
2017,BR,0,S,Puglia,074,6.641876616248904,6.847499241351746,6.744687928800325,2523137.0,42.85513302328344,0.2099518811291477,9.44071836271519,1540666.0,23.251715497696186,25.29548913429598,-0.018741262772907743,14.274589284506762,14.348991618246792,18.6,35.86198523063639,3.4729932601068603,18.119369244277678,0.060622882705926626,0.5779622126439304,117.32113738211636,30.530642652024884,0.22539825755827778,14.615952632066215,6.9865664594064265,7.957548124606309,7.540207790175243,3.757825428377844
2017,BS,0,NW,Lombardia,017,7.039813774253543,7.290923150693412,7.165368462473478,10417009.0,45.37435286638224,0.23551490523232005,9.793463306546771,5954865.0,556.464039554265,477.58352820339934,11.008398160649588,14.274589284506764,14.348991618246792,6.2,32.25163050552855,7.2659670065672035,17.263656533039068,0.38123448489272693,4.756936473215281,424.29602989211156,282.11169944444674,0.07258104500074053,14.615952632066215,6.9865664594064265,7.957548124606309,7.540207790175243,3.814947030585401
2017,BT,0,S,Puglia,110,6.83892744268487,7.1098073429020685,6.97436739279347,4443529.0,42.85513302328344,0.2099518811291477,9.384142602040079,2188187.0,31.45571476274423,35.54331318862565,-0.03562435853717411,14.274589284506764,14.348991618246794,25.0,37.65866969447749,0.4863627749996094,18.393415464240142,0.044483661347089816,0.20737120682063398,35.28981100033051,8.315417675966916,0.010597323727804205,14.615952632066215,6.985641817639208,7.7784983618259,7.565265686765583,3.757825428377844
2017,BZ,0,NE,Trentino Alto Adige,021,7.588123572178324,7.828460288895311,7.708291930536818,6868685.0,43.45942325706283,0.21343333221455008,9.793802060455933,3819797.0,352.539896388482,232.84342191252142,14.65415445190078,14.274589284506765,14.348991618246792,3.1,67.16706239931592,46.49037603280731,8.90308145425784,1.2144249725266538,7.214460627210614,2047.8494169248827,1316.408959497836,1.5844877942692859,14.615952632066216,6.985641817639208,7.7784983618259,7.565265686765583,3.771827704078995
2017,CA,0,I,Sardegna,118,6.715779922702878,6.98259694584082,6.8491884342718485,3827830.0,45.337299734941816,0.24358360292416414,9.535446107300215,2023029.0,162.2035112693162,151.0910155127306,0.814254951515437,14.274589284506764,14.348991618246792,15.5,32.239769759338294,8.97106435558981,9.792126115368493,0.03971763627772167,1.177797036016798,177.8588074726732,75.4476430247586,-0.1813246899613345,14.615952632066215,6.985641817639208,7.7784983618259,7.565265686765583,3.8141300873936803
2017,CB,0,S,Molise,070,6.004110609036567,6.404798046024446,6.204454327530507,2043304.0,51.294019976234054,0.3230914988598773,9.347354588126475,1318636.0,274.2979622462247,251.99803151091143,5.038595218468652,14.274589284506764,14.348991618246792,14.2,31.306548531029303,2.6651114381033225,10.980176327499105,0.04531247005385008,0.3399535032265818,24.429441501613447,1.4918429998361753,-0.3740695176360459,14.615952632066215,6.9782137426306985,7.787247317467586,7.604985530362149,3.937574175717899
2017,CE,0,S,Campania,061,6.308462809447266,6.691472881512258,6.4999678454797625,5053651.0,42.35562512592722,0.20334414238063112,9.421945900079484,2574657.0,398.4610393600428,380.7906488741909,1.5029842608654302,14.274589284506762,14.348991618246792,22.4,30.862354869185783,0.7392183012145137,7.130647882698859,0.024246423340543402,0.17506555009496783,23.551500832844575,3.1192627956183108,-0.5377104653002421,14.615952632066216,6.9782137426306985,7.787247317467586,7.604985530362149,3.746101236974863
2017,CH,0,S,Abruzzo,069,6.314966712216544,6.713374332667154,6.514170522441849,3915249.0,46.44698920948555,0.23793416465969167,9.45142800366026,2457420.0,641.5791273635023,617.757120746481,10.885449978961637,14.274589284506762,14.348991618246792,12.0,25.852293982778743,2.748511574471027,12.67213275992033,0.0578544627127044,0.5914956315282786,47.7704660018865,5.025466226815947,-0.29218869956864024,14.615952632066215,6.9782137426306985,7.787247317467586,7.604985530362149,3.8383116452793264
2017,CI,0,I,Sardegna,119,6.578182595962618,6.851522420749216,6.714852508355917,652730.0,45.337299734941816,0.24358360292416414,9.49152254592109,405268.0,182.6973418069096,164.23605943705016,1.0559389879173262,14.274589284506764,14.348991618246792,21.4,37.20035351769152,3.6116961495768556,5.805762226287412,0.0379034046019933,0.3698245088153829,107.0752466853921,34.75887985886428,0.06299450229085908,14.615952632066216,6.992096427415888,7.983189959880848,7.617275053843761,3.8141300873936803
2017,CL,0,I,Sicilia,085,5.936404438338211,6.309947393902657,6.123175916120434,2304530.0,42.69233994157196,0.20769644867492132,9.251455370846207,1586140.0,83.9669061620467,102.69650429383634,-1.3742354976124964,14.274589284506764,14.348991618246792,17.7,23.273111201982804,1.5790494497503829,8.352331380123392,0.009362588206375685,0.11262318850356637,28.107719217127315,7.82754896944321,-0.5063155791458245,14.615952632066215,6.992096427415888,7.983189959880848,7.617275053843761,3.7540195116727846
2017,CN,0,NW,Piemonte,004,6.650005255735271,7.038205366185457,6.844105310960364,6117615.0,46.24480946738219,0.2456371798249515,9.69092033737309,4217971.0,1930.3880055754214,1450.8332920726784,378.170204827857,14.274589284506764,14.348991618246792,6.1,27.32513506820309,5.812331910023098,17.344050965929707,0.18681529475825775,3.620137061476202,209.67620675641757,79.67013185660049,0.06427584422195255,14.615952632066215,6.992096427415888,7.983189959880848,7.617275053843761,3.833949229928154
2017,CO,0,NW,Lombardia,013,7.033639273465246,7.335843842254459,7.184741557859852,4974365.0,45.37435286638224,0.23551490523232005,9.79345982356449,2785098.0,739.0191886097302,587.1995184963074,34.6806141922191,14.274589284506765,14.348991618246792,8.4,37.73472197265402,3.533929435675548,9.308786171852821,0.045856350806546285,0.8948592362328187,268.37672083279136,210.03371664953275,-0.13652307202164218,14.615952632066215,6.97914527506881,8.17055241225098,7.634701753737393,3.814947030585401
2017,CR,0,NW,Lombardia,019,6.354419874765075,6.723437984293851,6.538928929529463,2642776.0,45.37435286638224,0.23551490523232005,9.821756663459562,1441644.0,487.94976316640236,383.9117019475319,14.81365378516165,14.274589284506764,14.348991618246792,6.3,21.101898578947832,0.580397411096237,11.36295042614707,0.019656396133984427,0.0943787111970054,22.654235057901182,5.588467433704049,-0.5990153610700798,14.615952632066215,6.97914527506881,8.17055241225098,7.634701753737393,3.814947030585401
2017,CS,0,S,Calabria,078,6.130804355588573,6.446103188032942,6.288453771810758,4923740.0,43.00485008658495,0.18994853240621576,9.293577693691589,3412068.0,364.2408500093955,399.3386583806383,-4.070274824114437,14.274589284506764,14.348991618246794,21.2,28.410771818260997,6.003719405769642,4.111258419543199,0.016579029814660362,0.25302063103921857,77.37260356069176,5.661695358323264,-0.326700370407147,14.615952632066213,6.97914527506881,8.17055241225098,7.634701753737393,3.761312902044221
2017,CT,0,I,Sicilia,087,6.3744432626683825,6.738604245100074,6.556523753884228,11757085.0,42.69233994157196,0.20769644867492132,9.411270519187196,6635448.0,114.21691151091272,138.19698489887534,-0.6694705626565219,14.274589284506764,14.348991618246792,18.8,34.20336717021744,1.287103850586571,13.650173006041385,0.025698946156031726,0.34176190783884075,74.23604626628193,31.57743896344388,-0.07828262937154215,14.615952632066215,9.424806382096705,5.40249160060973,5.066781320239287,3.7540195116727846
2017,CZ,0,S,Calabria,079,6.341511462352839,6.557703809415761,6.4496076358843,3696371.0,43.00485008658495,0.18994853240621576,9.297998667092262,2445354.0,235.9789983621968,236.9550672118701,-0.10061165478581824,14.274589284506764,14.348991618246792,19.4,37.702199820529096,6.79272853756343,1.5145540416529881,0.010749860163347917,0.1375183404151904,93.94430442422413,10.272753821711778,-0.29072186748744255,14.615952632066215,9.424806382096705,5.40249160060973,5.066781320239287,3.761312902044221
2017,EN,0,I,Sicilia,086,6.377153790149891,6.701937960544754,6.539545875347323,1582503.0,42.69233994157196,0.2076964486749213,9.285610465156973,1191104.0,24.715469139117825,39.59358852914429,-0.5212077251779356,14.274589284506764,14.348991618246792,24.700000000000003,23.571078085001446,0.3980429536198282,9.133843706056632,0.01503106854395132,0.08835757498900766,17.899391310678304,7.1273266901169015,-0.49050043018060385,14.615952632066215,9.424806382096705,5.40249160060973,5.066781320239287,3.7540195116727846
2017,FC,0,NE,Emilia Romagna,040,7.0834698345691125,7.323988571227363,7.203729202898238,4506467.0,45.39548356991194,0.24311235269202672,9.72986891563278,2359828.0,147.12147525560152,102.68717638982079,2.6646303057843737,14.274589284506764,14.348991618246792,7.0,35.21570820768538,9.433089320755087,11.259441778193311,0.32233976831276573,1.1098176552331367,309.32902917190324,46.082598120808335,0.3474711241528955,14.615952632066215,9.424806382096705,5.40249160060973,5.066781320239287,3.8154126192598112
2017,FE,0,NE,Emilia Romagna,038,6.590652017608059,6.9187371606767165,6.754694589142387,4724203.0,45.39548356991193,0.2431123526920267,9.718555561419741,3068666.0,67.8640332415025,61.585371771896334,0.13228459070208826,14.274589284506764,14.348991618246792,9.5,33.366349086976264,1.5780805320645304,15.225409369245433,0.5453342253750894,4.637927981976293,126.14441779002235,40.13295579359073,0.024147194988211943,14.615952632066215,9.424806382096705,5.40249160060973,5.066781320239287,3.8154126192598112
2017,FG,0,S,Puglia,071,6.518105532782301,6.842074895461697,6.680090214121999,3396722.0,42.85513302328344,0.20995188112914767,9.29509654134406,1904569.0,162.29043262464842,193.37796203462548,-4.4125765131667585,14.274589284506764,14.348991618246792,15.400000000000002,30.218482862077717,12.075961379687472,15.526235598320865,0.14754472101514648,5.460506070328524,349.4487304759793,52.5618891358425,0.1965121520431587,14.615952632066215,9.424806382096705,5.40249160060973,5.066781320239287,3.757825428377844
2017,FI,0,C,Toscana,048,7.318917419339606,7.667365722381141,7.493141570860373,9620431.0,45.768940583026804,0.23082277950180322,9.821059041977424,4973432.0,208.03320713426427,122.17066951265542,2.83517359004241,14.274589284506764,14.348991618246792,6.8,32.86268726527963,2.6895956442194935,23.37086972868633,0.26815930703880747,2.7500491494080026,279.7791399762916,180.60567015159745,0.7798830256646306,14.615952632066215,9.424806382096705,5.40249160060973,5.066781320239287,3.8236057078612182
2017,FM,0,C,Marche,109,6.6919822232789565,6.9748817202189475,6.833431971748952,3423630.0,46.61070866858987,0.2540126102737809,9.597394299450096,1870032.0,138.47751402458184,114.8631370855601,2.2830767860615593,14.274589284506764,14.348991618246792,8.7,17.1179516074077,1.0867114641820397,8.689983085932049,0.0875605381044712,0.7510041647971489,62.63523399170174,7.2806778507501635,-0.11263346273458467,14.615952632066215,9.424806382096705,5.40249160060973,5.066781320239287,3.8418303144868284
2017,FR,0,C,Lazio,060,6.578658466021977,6.905234476665603,6.74194647134379,4814691.0,43.88151360277541,0.22234201292344857,9.5816113498013,2586889.0,172.41559538360022,175.96874272776336,-0.37480937085009025,14.274589284506764,14.348991618246792,18.0,42.7917769603833,3.56912302781193,7.78440988622903,0.01820582530340068,0.08583119014624818,89.61036465178317,36.79893748212983,-0.34839303979232866,14.615952632066215,9.424806382096705,5.40249160060973,5.066781320239287,3.7814931289501197
2017,GE,0,NW,Liguria,010,7.060522438656572,7.416955470023424,7.238738954339999,10211163.0,49.425818836954114,0.29127611799812897,9.789338229033225,6393528.0,1353.0503222964383,932.4307348130494,277.9495339295153,14.274589284506764,14.348991618246792,9.1,32.66931783825365,5.354840849458579,10.446896270784604,0.060971190383401555,0.5672524688356708,248.81088117454894,143.71748293772993,0.08145840099949712,14.615952632066215,9.424806382096705,5.40249160060973,5.066781320239287,3.900472936182047
2017,GO,0,NE,Friuli Venezia Giulia,031,6.746088493639568,6.92237249725981,6.834230495449689,2131960.0,47.59202874871902,0.26660142717099533,9.822525970977813,1343916.0,132.94106306093624,102.04695551949628,3.179016467895757,14.274589284506765,14.348991618246794,9.4,31.984252974063853,5.214206976103413,13.514415662544302,0.28522155870897875,6.781379826722869,310.70486960338343,213.13396182596728,0.15803441679084212,14.615952632066215,9.429154565129164,5.333351328900543,5.067128784454935,3.862665283951631
2017,GR,0,C,Toscana,053,7.202089530592305,7.538355987771588,7.370222759181948,2755431.0,45.7689405830268,0.23082277950180324,9.605971186590425,1991032.0,124.06690828445193,87.78896123677936,2.019730953964443,14.274589284506764,14.348991618246792,8.2,27.66368565662423,11.168582549130804,13.365729240457313,0.27094124782933354,5.639956279556174,582.2442514506849,137.95999585595922,1.076860552143284,14.615952632066215,9.429154565129164,5.333351328900543,5.067128784454935,3.823605707861218
2017,IM,0,NW,Liguria,008,7.149591276126265,7.483308395311616,7.316449835718941,3067979.0,49.414059098064754,0.29110739733944807,9.558996120492374,2792692.0,593.7096189732152,400.11145477240143,58.99454268193374,14.274589284506764,14.348991618246792,14.4,23.130058953060505,5.4911535967497525,10.346689768350483,0.07733667820575815,1.6238424477865638,341.7692651375079,151.56409742117984,0.22843420963695754,14.615952632066215,9.429154565129164,5.333351328900543,5.067128784454935,3.9002349808306134
2017,IS,0,S,Molise,094,6.090335992527533,6.491123336072387,6.290729664299959,601657.0,51.29401997623406,0.3230914988598773,9.351546074288693,412977.0,203.0872848780428,184.40325466926285,5.565872115990698,14.274589284506764,14.348991618246792,15.6,31.09419406863539,1.308661309485367,11.925359424418923,0.047158871807242535,0.3614670281919369,21.24861586684502,1.6364160700029096,-0.4317032250133303,14.615952632066215,9.429154565129164,5.333351328900543,5.067128784454935,3.937574175717899
2017,KR,0,S,Calabria,101,6.255490090067637,6.514312183547195,6.384901136807415,1946042.0,43.00485008658495,0.18994853240621576,9.216273628990013,1107286.0,81.54396154028758,59.567574742195895,1.1093058154428126,14.274589284506764,14.348991618246792,29.0,46.06648571362647,6.874923733368046,2.3576420682159513,0.0051991596336064426,0.16991066586508502,84.89372340019754,7.299344148807503,-0.16193105579082137,14.615952632066215,9.429154565129164,5.333351328900543,5.067128784454935,3.761312902044221
2017,LC,0,NW,Lombardia,097,6.93028565236751,7.185090421401047,7.0576880368842785,3050697.0,45.37435286638224,0.23551490523232005,9.896134378805662,1830946.0,464.483338034767,357.4265418646096,73.7178887075183,14.274589284506764,14.348991618246792,5.3,32.62084048996331,2.700509967441041,7.111621514211564,0.04497770199665349,0.7661872874417927,131.71420869228396,90.9152150971394,-0.18179107182036505,14.615952632066215,9.429154565129164,5.333351328900543,5.067128784454935,3.814947030585401
2017,LE,0,S,Puglia,075,6.303042627150865,6.576067258218006,6.439554942684436,8017705.0,42.855133023283436,0.2099518811291477,9.371189138671873,5231615.0,146.95894990744736,137.05663252554498,0.3176174299987761,14.274589284506764,14.34899161824679,22.3,21.03594095893192,5.509178951288925,15.764109887106162,0.0812664361069398,1.986648371958204,134.41265950443287,26.338746005696237,0.06699101680571003,14.615952632066215,9.429154565129164,5.333351328900543,5.067128784454935,3.757825428377844
2017,LI,0,C,Toscana,049,7.491882672541341,7.79395123194506,7.6429169522432,3355771.0,45.768940583026804,0.23082277950180324,9.72282966059314,2004045.0,147.2186040429437,103.9176058145978,4.170510329258342,14.274589284506764,14.348991618246792,6.8,35.08525421690337,27.2737855569258,14.781486722371364,0.3611378644995053,12.361450854726108,1011.3724933931487,348.78688801707824,1.239924596042251,14.615952632066215,9.429154565129164,5.333351328900543,5.067128784454935,3.8236057078612182
2017,LO,0,NW,Lombardia,098,6.808736539861993,7.068581350082738,6.9386589449723655,2835513.0,45.37435286638224,0.23551490523232005,9.8756824606597,1520781.0,308.7970450918818,269.47778627613644,18.29407259141859,14.274589284506764,14.348991618246792,7.0,31.292860578619187,0.5979980476092404,7.00514640788687,0.01485324026409022,0.062105026693545236,25.915861997049944,11.613187610730279,-0.5456356692034329,14.615952632066215,9.429154565129164,5.333351328900543,5.067128784454935,3.814947030585401
2017,LT,0,C,Lazio,059,6.923798050921461,7.2395469694941825,7.081672510207821,9271649.0,43.88151360277541,0.22234201292344855,9.482856121839621,5192731.0,156.09158432209807,127.08708715775919,2.0300459695019133,14.274589284506764,14.34899161824679,13.3,39.69109612565853,4.19407339981987,7.475695100084478,0.044870001291158146,0.43816694101050363,143.55035698637258,20.2888546344867,0.07824660279007349,14.615952632066215,9.429154565129164,5.333351328900543,5.067128784454935,3.7814931289501197
2017,LU,0,C,Toscana,046,7.074572671715541,7.348350701240331,7.211461686477935,4253268.0,45.768940583026804,0.23082277950180327,9.712583567889936,2565588.0,198.94610844585245,142.31959327868242,4.945084473609536,14.274589284506764,14.348991618246792,10.9,40.063238914836596,6.370521003164801,19.74832066721837,0.20427194504956717,1.6985554727972996,196.11922930679523,76.73198662913971,0.6105503814830378,14.615952632066215,9.430278792341444,5.330174276460777,5.071665682409555,3.8236057078612182
2017,MB,0,NW,Lombardia,108,7.219095512113143,7.43430808878273,7.326701800447937,9383450.0,45.37435286638224,0.23551490523232005,9.95029920598391,4747490.0,652.881790421654,476.09390006818353,3.3741800585741806,14.274589284506764,14.348991618246792,7.1,48.556168706391674,0.6433594754474827,13.023278704367861,0.010265676199986045,0.0577465045292174,28.375529046993886,10.45937037379843,-0.3841505655623802,14.615952632066215,9.430278792341444,5.330174276460777,5.071665682409555,3.814947030585401
2017,MC,0,C,Marche,043,6.717180856427832,7.063597846706989,6.890389351567411,2818378.0,46.61070866858987,0.2540126102737809,9.670023345908685,1531159.0,167.43881280927704,146.11701642157885,3.5466560450053417,14.274589284506764,14.348991618246792,8.0,29.57436566573024,1.6864038548393734,6.699004517586191,0.049452166747725644,0.5743506019095548,73.74510642835006,10.873666057414566,0.10941994102634733,14.615952632066215,9.430278792341444,5.330174276460777,5.071665682409555,3.8418303144868284
2017,ME,0,I,Sicilia,083,6.502739604272345,6.887768287110614,6.69525394569148,5953211.0,42.69233994157196,0.20769644867492132,9.370903857647564,3950766.0,244.7786935366242,306.9240806272401,-6.892125378069692,14.274589284506764,14.348991618246792,24.8,39.16264707381027,7.2031364088224965,12.189755589384335,0.08008019362580886,1.0340488681267619,196.50187018592675,104.43164315119375,-0.049660552498125655,14.615952632066215,9.430278792341444,5.330174276460777,5.071665682409555,3.7540195116727846
2017,MI,0,NW,Lombardia,015,7.260011847955573,7.470785497124906,7.365398672540239,48827800.0,45.37435286638224,0.23551490523232005,9.963551342509211,27171986.0,740.2149297745132,539.778897152951,6.022486182960701,14.274589284506764,14.348991618246792,6.5,58.27459786833609,1.5134044139756277,9.67512164532036,0.018057119025921678,0.08013876485528387,105.50273649011146,45.93088785269337,-0.1859510050983675,14.615952632066215,9.430278792341444,5.330174276460777,5.071665682409555,3.814947030585401
2017,MN,0,NW,Lombardia,020,6.396560705503507,6.723571150390977,6.560065927947242,5433455.0,45.37435286638224,0.23551490523232005,9.783332766443031,2804254.0,226.60463611012057,180.92467655787934,2.2361790803470725,14.274589284506765,14.34899161824679,7.3999999999999995,27.94080181956482,0.5524945441099448,10.106477310255041,0.03931404294014838,0.22632721922968502,49.858014491745465,16.199748669903382,-0.23049798788566192,14.615952632066215,9.430278792341444,5.330174276460777,5.071665682409555,3.814947030585401
2017,MO,0,NE,Emilia Romagna,036,6.809075152568207,7.127829754348762,6.968452453458485,7123756.0,45.39548356991194,0.2431123526920267,9.837451397505767,3795392.0,256.23067789549106,193.5153367754164,3.5652326140630013,14.274589284506764,14.348991618246792,7.1,57.05019788038404,5.075345265610821,7.3393220781328985,0.04580101298218438,0.4146352661037031,137.3484138404006,25.655834105384926,0.247993925415682,14.615952632066215,9.430278792341444,5.330174276460777,5.071665682409555,3.8154126192598112
2017,MS,0,C,Toscana,045,6.88475509522238,7.269502506712954,7.077128800967667,2526349.0,45.768940583026804,0.23082277950180324,9.720817172996014,1625472.0,96.25653744394141,84.49528849580709,0.824954810676478,14.274589284506764,14.34899161824679,16.0,34.71038383851098,3.231618385528206,15.777981752568772,0.08546003994213267,0.9503510109764606,85.163489217774,26.046797032893558,0.367448694290693,14.615952632066215,9.430278792341444,5.330174276460777,5.071665682409555,3.8236057078612182
2017,MT,0,S,Basilicata,077,6.1677290195765675,6.500498933579533,6.33411397657805,2262769.0,47.01762484721495,0.2612005994994471,9.347726044200623,1341152.0,101.31180696993266,115.01120225203049,-1.6097280361421764,14.274589284506764,14.348991618246792,13.0,36.749279018143916,4.824432307483585,17.05498035417486,0.13349927370716885,0.7410276027275766,133.76348440955908,13.991501291539079,0.01696959722086094,14.615952632066215,9.430278792341444,5.330174276460777,5.071665682409555,3.8505225281656044
2017,NAP,0,S,Campania,063,6.982948294231397,7.396923733091279,7.189936013661338,30461418.0,42.35562512592722,0.2033441423806311,9.504924350892077,13670528.0,210.84077212198423,257.88400257612784,-0.8034355753672268,14.274589284506762,14.348991618246792,23.9,60.11206326986617,5.144108879578036,4.250973712485409,0.06862484411563104,0.36026822745235487,196.74678719288406,106.47756218323507,-0.18430409772562587,14.615952632066215,9.430278792341444,5.330174276460777,5.071665682409555,3.746101236974863
2017,NO,0,NW,Piemonte,003,6.63137206247069,6.957382202431321,6.794377132451006,3369654.0,46.24480946738219,0.24563717982495153,9.854845171072187,1930989.0,373.7201904578133,293.83461044895506,9.166392654923476,14.274589284506764,14.348991618246792,11.2,43.352315518259836,4.3230294358154,12.359049152192908,0.0651569293964253,0.6799873569056463,281.16127715055626,169.48742249732004,-0.012749544548141398,14.615952632066215,9.429234909000977,5.410763997019307,5.0901196189782025,3.833949229928154
2017,NU,0,I,Sardegna,114,6.656661486875219,6.840993706762723,6.748827596818971,1038060.0,45.337299734941816,0.24358360292416412,9.392019201834902,638514.0,113.81625036719466,128.14483736994336,-2.3188854412467963,14.274589284506764,14.348991618246792,13.0,31.820270952205423,5.775099857369914,5.994277139598461,0.05274941530228794,0.4175262053021177,132.29557907431743,66.37062351120319,-0.15405945261097356,14.615952632066213,9.429234909000977,5.410763997019307,5.0901196189782025,3.8141300873936803
2017,OG,0,I,Sardegna,116,6.778295130481154,6.969870300623006,6.8740827155520785,296677.0,45.33729973494182,0.24358360292416414,9.468947322156618,209723.0,80.21999830172071,90.31907660836173,-0.7893934924602577,14.274589284506762,14.348991618246794,13.0,36.50844872201895,6.0521919240909074,3.156269750744065,0.056341446867738045,0.6719206205515604,235.15349443955367,121.81477969168712,0.1806997376107477,14.615952632066215,9.429234909000977,5.410763997019307,5.0901196189782025,3.8141300873936808
2017,OR,0,I,Sardegna,115,6.006324120777542,6.38694505392277,6.196634587350156,972453.0,45.337299734941816,0.24358360292416414,9.398439379102777,599371.0,281.9685099702365,282.476528148266,-0.23221707852404166,14.274589284506762,14.348991618246792,17.8,14.089900459401338,1.9064799258004772,6.392748646095006,0.05040495716658815,0.47604507809733426,124.16347823591695,49.41909291130873,-0.2830830357283924,14.615952632066216,9.429234909000977,5.410763997019307,5.0901196189782025,3.8141300873936803
2017,OT,0,I,Sardegna,113,7.176594406901504,7.493322180513923,7.334958293707714,1292166.0,45.33729973494182,0.24358360292416414,9.528757808873452,1108544.0,98.09981893197367,85.22289834053416,0.7112844822257983,14.274589284506762,14.348991618246794,13.0,47.29013903703644,38.04699795242458,14.314753516292877,0.11743274025773086,16.93484376108731,871.7673197697276,488.8423367077471,0.9989999874790768,14.615952632066215,9.429234909000977,5.410763997019307,5.0901196189782025,3.8141300873936808
2017,PA,0,I,Sicilia,082,6.152606320981715,6.501668225834585,6.32713727340815,13181060.0,42.69233994157196,0.20769644867492132,9.310238895824636,7458049.0,243.4207465492793,361.0446689686765,-8.109716799714814,14.274589284506764,14.348991618246792,21.3,35.519723423018625,2.88608925905827,23.836809641696156,0.052787709979222726,0.549848511786709,69.13002069561274,31.688298616907886,-0.20961439832588408,14.615952632066213,9.429234909000977,5.410763997019307,5.0901196189782025,3.7540195116727846
2017,PC,0,NE,Emilia Romagna,033,6.727826325454463,7.011230079108998,6.869528202281731,3860306.0,45.39548356991194,0.24311235269202666,9.771041709440551,2315147.0,367.85755091548225,245.86104281890243,68.4325524161345,14.274589284506764,14.348991618246792,6.1000000000000005,36.90189983181666,3.078761148631023,9.974242073563227,0.03133603699011747,0.2652983403334919,65.08504925281461,15.084681335929227,-0.11373445829453183,14.615952632066213,9.429234909000977,5.410763997019307,5.0901196189782025,3.8154126192598112
2017,PD,0,NE,Veneto,028,6.935303450614088,7.142220217951944,7.038761834283016,9464756.0,45.100184674436136,0.24198452808372728,9.816303674739581,4846577.0,217.32334447964396,179.08373091368412,1.3341036816171399,14.274589284506764,14.348991618246792,8.5,39.51947612036079,2.714744286601992,25.384255556571507,0.17108155926241617,0.4362848335030394,156.24524117863874,64.82950607712883,0.12096700996375545,14.615952632066215,9.429234909000977,5.410763997019307,5.0901196189782025,3.8088863412771037
2017,PE,0,S,Abruzzo,068,6.382061709150396,6.7369625457803215,6.55951212746536,4639202.0,46.44698920948555,0.23793416465969167,9.483761881445703,2495280.0,328.15950020661984,270.457584158501,11.158566879381116,14.274589284506764,14.348991618246792,12.3,28.454744802032764,2.468308375713453,13.563019017515064,0.05837814823455857,0.6552860368130621,58.35064635705978,8.191202175853547,-0.23546743699066242,14.615952632066215,9.429234909000977,5.410763997019307,5.0901196189782025,3.8383116452793264
2017,PG,0,C,Umbria,054,6.585674374957424,6.895714659566814,6.74069451726212,6788604.0,47.72689124985317,0.29137331643835956,9.67927331428391,3724693.0,184.33672819775063,152.29674067786348,1.795917482850528,14.274589284506765,14.348991618246792,10.1,26.247518231907975,3.540787603051032,17.056135376141928,0.3201066538915313,2.405411992931211,238.703229875568,80.59075669002411,0.7824360768687103,14.615952632066215,9.429234909000977,5.410763997019307,5.0901196189782025,3.865494996901091
2017,PI,0,C,Toscana,050,7.049385336957535,7.335689628102184,7.19253748252986,3573003.0,45.7689405830268,0.23082277950180324,9.773491151005603,1928139.0,198.1331065511995,139.28802067176935,3.7777555944520453,14.274589284506764,14.348991618246792,7.1,33.47693245353462,2.9263191945978146,23.46720181063112,0.24643825627639573,3.638988612084349,176.38774628134684,98.66471655764353,0.5966818064714111,14.615952632066215,9.427707270512938,5.432893769006849,5.075378489707838,3.823605707861218
2017,PN,0,NE,Friuli Venezia Giulia,093,6.456881608567131,6.767892327839703,6.612386968203417,2968779.0,47.592028748719024,0.26660142717099533,9.784617108492577,1589513.0,283.29857138707564,253.17774626833483,6.267533351669493,14.274589284506764,14.348991618246792,5.8,58.64159278393727,4.102289274135503,15.052588782022282,0.1448903954216096,1.4121249432322907,103.73166144510927,28.442414781094026,0.16426501313467223,14.615952632066215,9.427707270512938,5.432893769006849,5.075378489707838,3.8626652839516313
2017,PO,0,C,Toscana,100,7.32347160423982,7.579512631711949,7.451492117975885,4643427.0,45.768940583026804,0.23082277950180324,9.772748079968421,2031073.0,56.1821582276697,38.66187226404265,0.31453405122071865,14.274589284506762,14.348991618246792,6.2,30.65347749408419,0.5900311540897185,36.19951630982516,0.08648270773651096,0.5963873816484978,62.71621092496983,34.47148063320634,0.22394778538388999,14.615952632066213,9.427707270512938,5.432893769006849,5.075378489707838,3.8236057078612182
2017,PR,0,NE,Emilia Romagna,034,6.53861892387365,6.826235755273132,6.68242733957339,4279726.0,45.39548356991194,0.24311235269202666,9.832878553854039,2424065.0,269.2323341527978,171.7416163759011,7.178935020918935,14.274589284506764,14.34899161824679,5.2,45.57977443295353,2.3571133411506797,15.305227063993364,0.15032802780362298,0.6178495952807677,98.09151705888017,29.776882095641337,0.22388172834957196,14.615952632066216,9.427707270512938,5.432893769006849,5.075378489707838,3.8154126192598112
2017,PT,0,C,Toscana,047,7.22477400625629,7.383513417577738,7.304143711917013,3107979.0,45.768940583026804,0.23082277950180324,9.713849661066593,1693584.0,76.27310661428689,54.58456337294545,0.6620013335562055,14.274589284506764,14.34899161824679,11.7,37.831260198138025,7.632759811248243,20.29758430724925,0.0825713825248997,0.770494920504612,366.53275994796206,170.22127349024777,0.3712477382106477,14.615952632066216,9.427707270512938,5.432893769006849,5.075378489707838,3.8236057078612182
2017,PU,0,C,Marche,041,6.9026995613158615,7.2239950901824885,7.063347325749175,4083453.0,46.61070866858988,0.2540126102737809,9.645777575497707,2284852.0,207.1581738986812,164.4959771890197,3.9796306689852106,14.274589284506764,14.348991618246792,8.9,26.70953448849701,5.71714247089452,4.84326232741007,0.06978449955405236,0.5939717677805432,124.90149023725374,22.293214863190215,0.060803632669894525,14.615952632066215,9.427707270512938,5.432893769006849,5.075378489707838,3.8418303144868284
2017,PV,0,NW,Lombardia,018,6.813302717785248,6.961372541465596,6.887337629625422,5157071.0,45.374352866382246,0.23551490523232005,9.781882547783532,3067274.0,1478.141624510683,1112.275272147394,156.26821509886022,14.274589284506765,14.348991618246792,6.799999999999999,23.20167284686379,0.938039095150164,7.876240176675196,0.025731339297653637,0.1971099724636449,24.47832911096315,5.108462097823814,-0.5405625162106961,14.615952632066215,9.427707270512938,5.432893769006849,5.075378489707838,3.814947030585401
2017,PZ,0,S,Basilicata,076,6.205899031499901,6.411726221971362,6.308812626735631,3552450.0,47.01762484721495,0.2612005994994471,9.39661308305895,1993486.0,189.4744182994758,219.74208075592435,-3.2865138444106035,14.274589284506764,14.348991618246792,12.7,40.78059793714444,2.350868300378718,15.585615825916058,0.07291527392893295,0.9162434211793897,70.11208542021387,8.19329888426729,-0.18513919676590962,14.615952632066213,9.427707270512938,5.432893769006849,5.075378489707838,3.8505225281656044
2017,RA,0,NE,Emilia Romagna,039,6.879349080622082,7.1840461538256495,7.031697617223866,4777094.0,45.39548356991194,0.24311235269202666,9.786224487701677,2911133.0,80.84461617758029,54.5565861628508,0.5832902513887454,14.274589284506764,14.348991618246792,7.2,45.19297537357814,9.08915561085429,13.33417199197127,0.17205348571978074,0.6009933599606734,298.2618089036594,43.371940496230046,0.30187415625226705,14.615952632066215,9.427707270512938,5.432893769006849,5.075378489707838,3.8154126192598112
2017,RC,0,S,Calabria,080,6.137098860451466,6.499384500493456,6.31824168047246,5526753.0,43.00485008658495,0.18994853240621576,9.25836382719443,3600378.0,351.5772935077502,394.54912654255844,-5.473321153895809,14.274589284506765,14.348991618246794,22.2,29.860670977641163,2.1094639738299867,4.849380662253271,0.011118207547640216,0.1353948668678527,34.50665680963959,4.6192637966229535,-0.4326410238515097,14.615952632066215,9.427707270512938,5.432893769006849,5.075378489707838,3.761312902044221
2017,RE,0,NE,Emilia Romagna,035,6.635060023352052,6.907875553151597,6.771467788251824,6623200.0,45.39548356991194,0.2431123526920267,9.869574949619581,3368796.0,130.53450732129104,102.63389496737904,0.5666670755885501,14.274589284506764,14.348991618246792,4.9,53.259295599955216,1.169234837637018,9.009630422924568,0.028760382810668717,0.2010998187215049,51.64898427194227,12.122407571900354,-0.05374607674658473,14.615952632066215,9.439784035838873,5.327107850638744,5.059901358807926,3.8154126192598112
2017,RG,0,I,Sicilia,088,6.380343524884196,6.756430345641173,6.568386935262685,3388510.0,42.69233994157196,0.20769644867492135,9.284992466301597,2243480.0,31.843276931198165,21.808698515347654,0.19154233003193466,14.274589284506764,14.348991618246792,18.8,43.49406010192101,2.8249562602837477,19.24790659057008,0.09270076398067416,0.6314746475789659,66.1688509466473,20.96491741615728,0.27709497127333016,14.615952632066215,9.439784035838873,5.327107850638744,5.059901358807926,3.7540195116727846
2017,RI,0,C,Lazio,057,6.702773148806334,6.984309620459607,6.84354138463297,961228.0,43.88151360277541,0.22234201292344855,9.579664037405589,657139.0,454.2176946586653,416.65651150583136,13.709474139286224,14.274589284506764,14.348991618246792,11.8,19.65716729725265,1.0484433827412607,3.049010484494376,0.018057114513994933,0.17557468456017555,10.430906662852827,2.5302778156072727,-0.5696080185783247,14.615952632066215,9.439784035838873,5.327107850638744,5.059901358807926,3.7814931289501197
2017,RM,0,C,Lazio,058,6.9999199155920495,7.348498762718169,7.174209339155109,46067942.0,43.88151360277541,0.22234201292344857,9.719891081448663,23890965.0,2401.1011776913683,1557.2035837861465,193.85164458126695,14.274589284506764,14.348991618246792,9.5,41.893817650678265,1.4940651114069596,7.428480008279175,0.03198886801155835,0.16656726093999516,58.1153237563179,32.64387469900514,-0.12143246162403515,14.615952632066215,9.439784035838873,5.327107850638744,5.059901358807926,3.7814931289501197
2017,RN,0,NE,Emilia Romagna,099,7.235365572227536,7.567101950015499,7.401233761121518,3867398.0,45.657590944136594,0.24546338864103248,9.65210823793903,2178934.0,191.30856342133544,133.28885559573425,4.519550609850867,14.274589284506765,14.348991618246792,10.2,43.808565363881996,18.538386817862353,12.884360405485126,0.42174546197575724,1.4623037309665425,444.7658149916866,82.86187765239112,0.5935950562168003,14.615952632066215,9.439784035838873,5.327107850638744,5.059901358807926,3.821169878959349
2017,RO,0,NE,Veneto,029,6.720506310185671,7.017814884231504,6.869160597208587,2473171.0,45.100184674436136,0.24198452808372725,9.697814438726448,1433195.0,116.18503822547653,118.08372521093372,-0.12034974103701376,14.274589284506764,14.348991618246792,8.3,24.890324268556604,1.8639995292332554,21.065346984971498,1.4335751639147083,11.127236055619633,182.95537454880358,83.51008976535762,-0.0013867966066891902,14.615952632066215,9.439784035838873,5.327107850638744,5.059901358807926,3.8088863412771037
2017,SA,0,S,Campania,065,6.630087276950555,6.925368724388912,6.777728000669734,11455901.0,42.35562512592722,0.2033441423806311,9.34822314167342,5968995.0,456.46310940888486,419.38403693000123,3.89652773561781,14.274589284506764,14.348991618246792,15.9,35.80997625503397,5.184051653340087,18.824855081284348,1.2270946711913178,4.70229663076261,187.86448861429426,86.60201545740193,0.14765488238656693,14.615952632066215,9.439784035838873,5.327107850638744,5.059901358807926,3.746101236974863
2017,SI,0,C,Toscana,052,6.971530496495677,7.320514945144069,7.146022720819873,2770304.0,45.768940583026804,0.23082277950180327,9.747677676595824,1658944.0,137.368932960589,113.6279350969677,1.1991686237482997,14.274589284506764,14.348991618246792,9.4,30.98396416389633,12.8240785966169,21.939517649495656,0.843119297785204,7.695536530880246,851.8337672611456,437.1274965957246,1.3167659404929182,14.615952632066215,9.439784035838873,5.327107850638744,5.059901358807926,3.8236057078612182
2017,SO,0,NW,Lombardia,014,6.957653522606006,7.174973707557517,7.066313615081762,3292865.0,45.37435286638224,0.23551490523232005,9.717104270666944,3081825.0,265.72158741693715,216.30350681566836,28.266775127677086,14.274589284506764,14.348991618246792,6.3,39.973643488239574,11.713479528837802,7.975142200567023,0.08818508843895846,2.248072689683049,228.21964551200006,79.24597190919397,-0.08631840874366091,14.615952632066215,9.439784035838873,5.327107850638744,5.059901358807926,3.814947030585401
2017,SP,0,NW,Liguria,011,7.170330985281147,7.5261778132379105,7.348254399259528,2745483.0,49.425818836954114,0.29127611799812897,9.769267339678342,1797071.0,241.13587835044717,161.84981382603252,9.431363396581094,14.274589284506764,14.348991618246792,9.5,33.26814659577619,8.627020556821819,20.69019759346631,0.7854100805922349,5.501473260054073,957.6897531230231,626.0183142735137,0.9206479690267932,14.615952632066215,9.439784035838873,5.327107850638744,5.059901358807926,3.900472936182047
2017,SR,0,I,Sicilia,089,6.303587331121382,6.626577794627239,6.4650825628743105,4350433.0,42.69233994157196,0.20769644867492132,9.407214732261695,2644421.0,62.34265768247081,64.71775316102257,-0.1282398615085634,14.274589284506764,14.34899161824679,22.0,42.338456934555246,2.06739188567342,7.552566462483859,0.03868426546794031,0.27282474463137596,78.4881663817892,26.784734211762483,-0.06652415768023875,14.615952632066215,9.442404020664952,5.504591489880301,5.089175620275243,3.7540195116727846
2017,SS,0,I,Sardegna,112,6.579140608762012,6.874406027489849,6.726773318125931,3880581.0,45.337299734941816,0.24358360292416414,9.496932467606976,2168776.0,271.2771040989388,235.66833574657275,9.749589691367289,14.274589284506764,14.34899161824679,16.9,28.110291943664937,15.663940991966287,8.212841462405143,0.053208951577578115,1.2186450990475064,208.3389368721943,67.93480573537227,-0.1494173425112051,14.615952632066215,9.442404020664952,5.504591489880301,5.089175620275243,3.8141300873936803
2017,SV,0,NW,Liguria,009,7.348726122522414,7.68322084429442,7.515973483408416,3132515.0,49.425818836954114,0.29127611799812897,9.737546591653288,2835169.0,393.43277828300296,290.2100650422874,32.30866565624091,14.274589284506764,14.348991618246792,6.7,36.87438216693229,10.103746549337322,10.161026967489416,0.09411253968187068,1.179293393636598,454.2051946839059,120.86417540759099,0.46679192801731656,14.615952632066215,9.442404020664952,5.504591489880301,5.089175620275243,3.900472936182047
2017,TA,0,S,Puglia,073,6.4416640932873195,6.767614414018091,6.604639253652705,6888245.0,42.85513302328344,0.20995188112914773,9.493195389008251,4011830.0,46.44738338863261,57.92796489143159,-0.211913819602292,14.274589284506764,14.348991618246792,16.8,35.73089623691228,2.572696873436262,17.159239020600356,0.04637741344297687,0.614125324324779,55.923557806272285,7.564268221904267,0.06178886362322875,14.615952632066215,9.442404020664952,5.504591489880301,5.089175620275243,3.757825428377844
2017,TE,0,S,Abruzzo,067,6.379784349390406,6.751735603908643,6.565759976649526,3817568.0,46.44698920948555,0.23793416465969167,9.488648472425451,2437257.0,224.21316946196558,192.57036728969229,4.9946251871091665,14.274589284506764,14.348991618246792,10.2,34.48506163086864,8.919610168251868,13.084895546814257,0.06709267487106733,2.373596666820526,154.33574755040962,17.59986623383091,0.1193452807822536,14.615952632066215,9.442404020664952,5.504591489880301,5.089175620275243,3.8383116452793264
2017,TN,0,NE,Trentino Alto Adige,022,7.402284904444297,7.55070282444179,7.476493864443043,3620620.0,43.45942325706283,0.21343333221455008,9.731631249135692,2469076.0,inf,inf,35.80326480895645,14.274589284506765,14.348991618246792,5.7,40.354217081136746,inf,10.900455524854996,0.13853185488640707,inf,inf,inf,0.6459859476596803,14.615952632066215,9.442404020664952,5.504591489880301,5.089175620275243,3.771827704078995
2017,TO,0,NW,Piemonte,001,6.661796639827994,6.998907597160164,6.830352118494079,25541450.0,46.24480946738219,0.24563717982495153,9.853981023982577,14635798.0,2476.4988065384778,1794.0996943581492,407.8159822280464,14.274589284506764,14.348991618246794,9.4,36.82391313782314,8.148371597183509,8.681797576483053,0.033738591763242655,1.1882544091535936,209.0909142132007,60.922212153724104,-0.22932633610582698,14.615952632066213,9.442404020664952,5.504591489880301,5.089175620275243,3.833949229928154
2017,TP,0,I,Sicilia,081,6.536187310261602,6.871027046871793,6.703607178566697,3776386.0,42.69233994157196,0.20769644867492132,9.31793924362951,2480914.0,55.11162659907103,49.49078906035981,0.12351938993524611,14.274589284506764,14.348991618246792,24.4,45.66968893899537,8.840862005240709,9.845357622821897,0.1329153524996397,2.9469125890906906,352.75387756638906,81.22238988738428,0.42837089412504814,14.615952632066216,9.442404020664952,5.504591489880301,5.089175620275243,3.7540195116727846
2017,TR,0,C,Umbria,055,6.7252168153175615,7.084441098465519,6.90482895689154,3946735.0,47.72689124985317,0.29137331643835956,9.67137229986642,2231188.0,167.01785122403612,139.28388205631933,3.7328372910637406,14.274589284506764,14.348991618246792,11.7,26.57371241829197,2.8092497693198024,15.559788570536103,0.17825077175958018,1.4585484658515067,189.09827004797003,80.10922033242505,0.48884352002507453,14.615952632066215,9.442404020664952,5.504591489880301,5.089175620275243,3.865494996901091
2017,TS,0,NE,Friuli Venezia Giulia,032,7.302149852425083,7.608589529796138,7.455369691110611,4576931.0,47.59202874871902,0.26660142717099533,9.922463275858044,2834128.0,87.32575074112525,51.30232582657855,2.4306266992625405,14.274589284506764,14.348991618246792,6.0,34.359649499048636,3.042891541411721,20.320950055337832,0.26798455567258284,1.9157800717437437,251.25438936934597,128.173027552375,0.8587824671333193,14.615952632066215,9.442404020664952,5.504591489880301,5.089175620275243,3.862665283951631
2017,TV,0,NE,Veneto,026,6.92757419890236,7.092715413369915,7.010144806136138,8967294.0,45.100184674436136,0.24198452808372728,9.809106030377642,4462588.0,197.44784270657087,155.30351325491623,1.265792897212395,14.274589284506762,14.348991618246792,5.6,37.724040216541624,0.9531826725652295,29.24882408453163,0.20818088778868885,0.5980689341379862,97.04823089110012,51.820906015161825,0.2857875438323025,14.615952632066215,9.421573272264558,5.346081832432391,5.133882492487532,3.8088863412771037
2017,UD,0,NE,Friuli Venezia Giulia,030,6.463597846134773,6.815522142330226,6.6395599942325,3244801.0,47.56209668776667,0.2663057286834606,9.759693448514103,1977720.0,448.1010759366454,380.48438030295665,13.79759385772639,14.274589284506764,14.348991618246792,6.900000000000001,33.68866367555305,6.908575018228937,18.564192655275523,0.5892033411131083,9.38210211311806,255.56406934907267,105.60408625077812,0.23716367142281675,14.615952632066215,9.421573272264558,5.346081832432391,5.133882492487532,3.862036155959496
2017,VA,0,NW,Lombardia,012,6.90385939681884,7.14448801422091,7.024173705519875,6547161.0,45.37435286638224,0.23551490523232005,9.807535346231486,3588831.0,732.1375936295,601.7230053617875,28.743124247353855,14.274589284506764,14.34899161824679,6.5,37.178422003602556,1.562092354573681,6.650875850281557,0.015713491170537167,0.26138638825224714,149.8905714818751,95.48153948950532,-0.31497729057550594,14.615952632066215,9.421573272264558,5.346081832432391,5.133882492487532,3.814947030585401
2017,VB,0,NW,Piemonte,103,6.739349402772931,7.116620110296934,6.927984756534933,1428997.0,46.24480946738219,0.24563717982495153,9.655444452691619,1131462.0,400.3662141903865,298.07829426400247,37.45334493113621,14.274589284506764,14.348991618246792,6.8,34.16198469689725,12.1870515395787,9.670813803608027,0.11989498022859349,2.9589755155764355,552.5624924485192,326.04433523073817,0.3057258509733432,14.615952632066215,9.421573272264558,5.346081832432391,5.133882492487532,3.833949229928154
2017,VC,0,NW,Piemonte,002,6.571634062799765,6.962959428240738,6.767296745520251,1096527.0,46.24480946738219,0.24563717982495153,9.766893306238444,703011.0,903.8944411557686,783.8199028472533,89.95513253675195,14.274589284506764,14.348991618246792,9.6,24.897724255784976,3.7021474761708,10.461300106721419,0.06590961225158085,1.1390904354692932,68.9522108753945,19.942013119556513,-0.43697770710350664,14.615952632066215,9.421573272264558,5.346081832432391,5.133882492487532,3.833949229928154
2017,VE,0,NE,Veneto,027,7.124534435395923,7.3579008612872725,7.241217648341597,7368857.0,45.100184674436136,0.24198452808372725,9.806772223948519,4339516.0,131.1142769073953,102.90475063297286,0.49128726727094213,14.274589284506764,14.34899161824679,4.8,43.71610832773906,10.355585983659724,25.772977608640332,2.8347803008028616,21.46059575022032,749.5221231837317,513.1035681678306,0.6318724984989964,14.615952632066215,9.421573272264558,5.346081832432391,5.133882492487532,3.8088863412771037
2017,VI,0,NE,Veneto,024,7.044955505826312,7.277306503535475,7.161131004680893,8379271.0,45.08448928426496,0.2415947453445699,9.827406728907242,4403561.0,311.23029382930423,282.9536001058698,5.049894878169641,14.274589284506765,14.348991618246792,6.2,42.35213306409668,2.0593035664884733,20.529057650103304,0.40729229714196813,3.4804790733640223,75.17786996130845,19.840747296461057,0.0646178602339951,14.615952632066215,9.421573272264558,5.346081832432391,5.133882492487532,3.808538269046187
2017,VR,0,NE,Veneto,023,6.854854314449033,7.203213393293353,7.029033853871193,7629572.0,45.100184674436136,0.24198452808372725,9.737547732488398,4157531.0,353.4189487944803,255.59188102957899,10.973070578999515,14.274589284506764,14.348991618246792,6.0,36.98711649216363,12.54921157129322,21.85104462887245,1.6298704427968074,6.908655103389756,901.0410322538755,659.6049725444341,0.6581093443588143,14.615952632066215,9.421573272264558,5.346081832432391,5.133882492487532,3.8088863412771037
2017,VS,0,I,Sardegna,117,6.2349887497787355,6.523309880032808,6.379149314905771,349618.0,45.337299734941816,0.24358360292416414,9.388688421679744,193062.0,490.9670185677927,441.35556459465533,14.112082871574065,14.274589284506765,14.348991618246794,21.4,31.44119555603641,1.3077701511742625,6.510132231670327,0.03729453303244049,0.3734966620615233,42.99246933530462,16.271218513952014,-0.376334914556186,14.615952632066215,9.421573272264558,5.346081832432391,5.133882492487532,3.8141300873936803
2017,VT,0,C,Lazio,056,6.869713016619679,7.161962003123179,7.015837509871429,2927920.0,43.88151360277541,0.22234201292344857,9.577354485808204,1843802.0,189.43296927580172,178.5903759625768,0.7872278036301401,14.274589284506764,14.348991618246792,13.0,19.2323864678611,1.6166586236656206,2.623593285984312,0.026734371714790314,0.2073732435803642,63.300464192871715,13.547104257762118,-0.2765902696872192,14.615952632066215,9.421573272264558,5.346081832432391,5.133882492487532,3.7814931289501197
2017,VV,0,S,Calabria,102,6.129453987947472,6.421545468593345,6.275499728270409,1050067.0,43.00485008658495,0.18994853240621576,9.277911255723923,753768.0,95.49933010261144,113.27970513396488,-1.3034261899060726,14.274589284506764,14.348991618246794,18.0,41.30382008417193,26.011836586910277,6.397078991162796,0.09230105666481382,1.2838659820927272,404.9052148785531,132.80445109779706,0.03840629043902016,14.615952632066215,9.421492310438014,5.347473764012168,5.166080681985905,3.761312902044221
2018,AG,0,I,Sicilia,084,6.074755831934319,6.430429623024869,6.252592727479594,3758526.0,43.77377781654884,0.21846025858873333,9.278439152715572,2813749.0,74.0290543080284,99.71260376183417,-0.9947604726081904,14.290499049859632,14.371974526989852,27.6,31.313043371395647,2.2013740117021356,12.97937281313756,0.053263931233857094,0.5851567469349235,50.65075157579268,21.056619762001905,-0.16891927957144942,14.609780537731918,9.421492310438014,5.347473764012168,5.166080681985905,3.7790349581145093
2018,AL,0,NW,Piemonte,006,6.593976895862996,6.815530567204806,6.704753731533901,2485621.0,46.878978339040856,0.258213347142958,9.750928023705159,1593790.0,1435.0261564028085,1102.5697869212595,137.40932304515906,14.290499049859633,14.37197452698985,10.0,21.905281407417295,1.2990043815653631,3.1091671321765983,0.01899022248522797,0.5121605227896169,34.576603611447744,16.259420760097008,-0.4838433752891067,14.609780537731918,9.421492310438014,5.347473764012168,5.166080681985905,3.847569351922087
2018,AN,0,C,Marche,042,6.615197680284611,6.952621104029468,6.78390939215704,6197886.0,45.86446948728184,0.2641504477280837,9.759560541331428,3431486.0,168.18311259802232,125.59227310982857,2.2574069915906363,14.29049904985963,14.371974526989852,8.8,25.827218671204097,3.3652202393924524,5.444028291923552,0.16683427197762132,0.7647384450453772,199.07225926289178,30.170315963073126,0.17038329435950655,14.609780537731918,9.421492310438014,5.347473764012168,5.166080681985905,3.8256907320634097
2018,AO,0,NW,Valle D'Aosta,007,7.210944319773153,7.508078914943512,7.359511617358334,1474225.0,51.10011064562194,0.4341847687317364,9.828830211901984,1334176.0,293.5481348823158,234.99979808985395,27.511080456361633,14.290499049859632,14.371974526989852,7.0,39.054773453328124,42.16839631611839,12.50160459077741,0.23817313573467697,7.6220297114478655,1998.2489955898236,707.3720291632683,1.0879582581603389,14.609780537731918,9.421492310438014,5.347473764012168,5.166080681985905,3.9337866624836733
2018,AP,0,C,Marche,044,6.686127462594161,6.9796400518891195,6.83288375724164,4123226.0,45.86446948728184,0.2641504477280837,9.594539912429363,2302467.0,100.94076511740427,81.15135396051741,1.4989332363813712,14.29049904985963,14.371974526989852,9.4,33.13500739304441,4.000217661335317,2.316426116672128,0.08784574006390258,0.3180380748487648,113.13568026137818,17.467693943104912,0.08338286297120867,14.609780537731918,9.421492310438014,5.347473764012168,5.166080681985905,3.8256907320634097
2018,AQ,0,S,Abruzzo,066,6.297161634021224,6.66693284149372,6.482047237757472,2978996.0,44.611137786329714,0.2223398311785905,9.499275350772745,2445602.0,802.241485446488,701.4892920453137,44.87160434427267,14.290499049859632,14.371974526989852,9.8,31.39271063591019,8.525433502395913,19.737664672998143,0.09569063084520565,1.962762143654464,256.8450353309127,28.366858798126156,-0.054784775855029444,14.609780537731918,9.421492310438014,5.347473764012168,5.166080681985905,3.797983554000524
2018,AR,0,C,Toscana,051,6.907864688743185,7.208784899287457,7.058324794015321,3907230.0,46.637262861822585,0.23133104846677896,9.745568055713981,2081014.0,147.4445166268407,107.61628048072856,3.1917831550015703,14.290499049859632,14.371974526989852,9.3,29.501363847674984,3.2578199632600584,19.420521601427225,0.21602872327518968,1.70637199788883,138.96817956850742,63.7711705106413,0.5924287166035593,14.609780537731918,9.421492310438014,5.347473764012168,5.166080681985905,3.842399853824032
2018,AT,0,NW,Piemonte,005,6.2358324853845355,6.6015531784868795,6.418692831935708,2111448.0,46.878978339040856,0.258213347142958,9.683587651471584,1260366.0,811.664726483581,625.5159445521795,68.3624597514573,14.290499049859632,14.371974526989852,8.4,16.16790944700196,1.1921589767767617,6.229788344355067,0.03614567802377377,0.3653816330676224,59.23928398740921,31.45347083042043,-0.3535709515914301,14.609780537731918,9.421492310438014,5.347473764012168,5.166080681985905,3.847569351922087
2018,AV,0,S,Campania,064,6.367949184225624,6.548240725145968,6.458094954685796,9380564.0,42.814768048333335,0.20285445834340213,9.371822481369573,5380232.0,270.9454485485315,254.91652815694064,1.5895762699341431,14.290499049859632,14.371974526989852,15.3,29.366894274391463,1.0270743158894122,13.765070238231434,0.03880649136700126,0.24898537409977292,15.255872006535123,2.2209911136488,-0.45333630464984026,14.609780537731918,9.421492310438014,5.347473764012168,5.166080681985905,3.7568830909306845
2018,BA,0,S,Puglia,072,6.896555203712067,7.2019837323233995,7.049269468017734,12951769.0,44.916699614995274,0.222716961238745,9.509236297008176,6730985.0,56.39563196908136,57.176214064430326,-0.011648722681735802,14.29049904985963,14.371974526989852,14.199999999999998,37.59187566913676,1.7550286553033807,13.11568131221419,0.1027205870464413,0.5387788405062977,103.98599636733722,37.798635694153795,0.05357127225800037,14.609780537731917,9.422867770827203,5.5551138523437595,5.190756377663025,3.804809654664222
2018,BG,0,NW,Lombardia,016,6.874557367787869,7.067698557956652,6.971127962872259,8486970.0,43.68811353971883,0.20085718399985136,9.829133676361431,4752408.0,1068.4447088613974,757.1921226581114,117.49895261915682,14.290499049859633,14.371974526989852,4.9,36.718515846653915,2.48519993928577,12.534842589246416,0.03666207111641991,0.44384308876559686,107.29578731453562,33.52079210571834,-0.29634879464781855,14.609780537731917,9.422867770827203,5.5551138523437595,5.190756377663025,3.777076063723028
2018,BI,0,NW,Piemonte,096,5.96983496939877,6.314980339892337,6.142407654645553,1075290.0,46.878978339040856,0.258213347142958,9.80095049482236,718231.0,343.3707593585771,294.4904478972857,17.87928670796194,14.29049904985963,14.371974526989854,6.5,14.742516578512356,1.2001982847282515,3.071401282414109,0.01390113504730097,0.24176709217553125,37.90504130866156,11.772506669949454,-0.5342261000711296,14.609780537731918,9.422867770827203,5.5551138523437595,5.190756377663025,3.847569351922087
2018,BL,0,NE,Veneto,025,6.828648512526392,7.03598920873782,6.9323188606321064,1895959.0,45.03334839860724,0.23953548369962657,9.785593051969547,1556243.0,242.8533029892367,174.37689839346723,11.79233120600036,14.290499049859632,14.371974526989852,4.4,18.259786995212036,15.007974875879748,49.15707387632332,4.18623149028881,29.89480161841429,726.5759138509165,296.1263725452096,1.1081491394929863,14.609780537731918,9.422867770827203,5.5551138523437595,5.190756377663025,3.8074032908340474
2018,BN,0,S,Campania,062,6.862732424487997,7.032551459493491,6.947641941990744,1724754.0,42.814768048333335,0.20285445834340213,9.297965225964186,1004083.0,230.0779251243936,175.40697790037822,4.484316570895075,14.290499049859632,14.371974526989852,11.9,19.049330844235328,0.5494387633145751,26.554417987503466,0.14309711841774345,0.6487430768335458,5.828670485606235,1.0468173902666036,-0.30800691379692896,14.609780537731918,9.422867770827203,5.5551138523437595,5.190756377663025,3.7568830909306845
2018,BO,0,NE,Emilia Romagna,037,7.13110979190773,7.366385827878222,7.2487478098929765,17589038.0,45.80809694420328,0.24886364470096234,9.91246800610106,9803644.0,295.46920055228617,170.1471331160597,3.367878187300143,14.29049904985963,14.371974526989852,5.6,52.05512075867251,2.4718450031082257,10.909031996021932,0.05530271009790911,0.24079802592717744,131.04964920836056,50.14878488852266,0.18114396840719446,14.609780537731918,9.422867770827203,5.5551138523437595,5.190756377663025,3.824460864669519
2018,BR,0,S,Puglia,074,6.633956717070323,6.842915229201409,6.738435973135865,2504107.0,44.916699614995274,0.222716961238745,9.437028755409667,1540666.0,24.139480949134768,25.758965114076723,-0.015001638260521897,14.290499049859632,14.371974526989852,14.5,35.416521124104065,3.7294932374762793,16.162900726208413,0.06357248925679308,0.6061222612391033,121.13207505888576,34.21432193663385,0.23441396141117324,14.60978053773192,9.422867770827203,5.5551138523437595,5.190756377663025,3.804809654664222
2018,BS,0,NW,Lombardia,017,7.040836761363926,7.291353500736153,7.16609513105004,10419165.0,43.68811353971883,0.20085718399985136,9.799549223127753,5954865.0,631.2355833740138,458.0162322343516,24.247560615329736,14.290499049859632,14.371974526989852,5.2,34.38127612589198,7.461434535261657,10.54956578757634,0.09333573078665049,3.068557027807619,407.41049798216136,268.4962161026656,-0.084961622702864,14.609780537731918,9.422867770827203,5.5551138523437595,5.190756377663025,3.777076063723028
2018,BT,0,S,Puglia,110,6.820824187639813,7.101420923494425,6.96112255556712,4422768.0,44.916699614995274,0.22271696123874501,9.37923501809705,2188187.0,36.24040823669059,37.24938658460589,-0.008015336950292242,14.29049904985963,14.37197452698985,22.0,37.09831512655803,0.5116962455671477,15.338408454266528,0.04867557681834783,0.2246167259542055,37.457638568282434,9.146023661867721,-0.00014513808536067188,14.609780537731918,9.422867770827203,5.5551138523437595,5.190756377663025,3.804809654664222
2018,BZ,0,NE,Trentino Alto Adige,021,7.597095505951895,7.837933588852588,7.717514547402241,6913467.0,43.123710354202366,0.2091230612070474,9.819769158487633,3819797.0,392.7442621949561,236.3776753719249,19.37299979960341,14.290499049859632,14.371974526989852,2.9,67.00784547065936,47.08959473848796,8.85170299784866,1.20975132129474,7.015159374997165,2102.7682362339456,1369.1475704970144,1.5948652239854533,14.609780537731918,9.422867770827203,5.5551138523437595,5.190756377663025,3.764072970074275
2018,CA,0,I,Sardegna,118,6.715017486438186,6.97634995997547,6.845683723206828,3826346.0,45.37595294117647,0.2166124369747899,9.532435329864164,2023029.0,191.13871090820768,156.25589260366502,2.825775530303534,14.290499049859632,14.371974526989852,16.2,33.477682084626245,8.871930562480248,10.42510602137035,0.04564692849654073,1.2402138276600363,183.06435138665373,79.66427188062262,-0.17066639765407174,14.609780537731918,9.408535277926427,5.743239515411109,5.209458361641189,3.814982293822922
2018,CB,0,S,Molise,070,6.0038303091780945,6.404604271155381,6.2042172901667385,2038135.0,51.04075567682259,0.3158678506425459,9.347637872775675,1318636.0,303.3868186253769,247.73598207279298,13.051845459009122,14.290499049859633,14.371974526989852,11.2,31.081905858508467,2.6860891448133044,12.242400548244378,0.0496909538704638,0.3671225020698553,31.407274435652113,1.4065960283647954,-0.35884287666470693,14.609780537731918,9.408535277926427,5.743239515411109,5.209458361641189,3.932624444507313
2018,CE,0,S,Campania,061,6.305149826501531,6.686748747040197,6.495949286770864,4991231.0,42.814768048333335,0.20285445834340213,9.423843621084183,2558569.0,409.6795083998623,376.6602788981391,2.8826445885550567,14.290499049859632,14.371974526989852,19.3,30.86389302254952,0.757216106538769,7.421523368194372,0.021565627480438433,0.1846746387678924,29.764664419697752,5.962190792195019,-0.5231619948841352,14.609780537731918,9.408535277926427,5.743239515411109,5.209458361641189,3.7568830909306845
2018,CH,0,S,Abruzzo,069,6.304428026538015,6.700587428030588,6.502507727284302,3895029.0,44.611137786329714,0.2223398311785905,9.45494365221102,2457420.0,720.0178675948115,618.5230412588505,48.210764049145574,14.290499049859632,14.371974526989852,11.3,24.851590189077537,3.076751656922085,12.978551085142943,0.059114497958102655,0.599420640233984,48.86015926750289,5.112092974240938,-0.2676771410370074,14.60978053773192,9.408535277926427,5.743239515411109,5.209458361641189,3.797983554000524
2018,CI,0,I,Sardegna,119,6.5803769432754695,6.848677528931331,6.714527236103401,646734.0,45.37595294117647,0.2166124369747899,9.487219299383774,405268.0,208.87253751351642,159.62832806473637,2.835571091517042,14.290499049859632,14.371974526989852,17.7,36.540097763005676,3.625450281896543,7.252862612924349,0.048877836687907766,0.5897023862432139,114.49585800420347,39.72535513182251,0.10692721452993538,14.609780537731918,9.408535277926427,5.743239515411109,5.209458361641189,3.814982293822922
2018,CL,0,I,Sicilia,085,5.906452895705143,6.280604051041935,6.093528473373539,2277925.0,43.77377781654883,0.21846025858873333,9.262568987471834,1586140.0,79.70210433543036,109.1760038065542,-2.1685857833607556,14.290499049859632,14.371974526989852,17.6,23.020350398982178,1.6493952970456747,5.113257967645149,0.009995237717862013,0.10833335442549316,27.889019465777878,8.962842734288692,-0.5123821135932252,14.609780537731918,9.408535277926427,5.743239515411109,5.209458361641189,3.7790349581145093
2018,CN,0,NW,Piemonte,004,6.649561370280227,7.0372718377355605,6.843416604007894,6121916.0,46.878978339040856,0.258213347142958,9.697632896927272,4221133.0,2153.5866858738555,1390.592586366772,603.886362569714,14.290499049859632,14.371974526989852,4.3,27.26588094976589,5.749621328006069,5.1062009300893605,0.06608332654441813,1.8333553353239929,238.28024895124912,71.58331234629138,-0.15038772462754088,14.609780537731918,9.408535277926427,5.743239515411109,5.209458361641189,3.847569351922087
2018,CO,0,NW,Lombardia,013,7.032347568112707,7.336211468712739,7.1842795184127235,5062011.0,43.68811353971883,0.20085718399985136,9.789792479157757,2841534.0,735.3546752128615,593.4886099222496,33.259417355320274,14.29049904985963,14.371974526989852,7.299999999999999,36.65476321555244,3.713270933057035,12.909542834515168,0.09137875532454207,1.2877392651596946,280.4014876837129,215.94972904516945,-0.07370110913811755,14.609780537731918,9.408535277926427,5.743239515411109,5.209458361641189,3.777076063723028
2018,CR,0,NW,Lombardia,019,6.362124117383674,6.730023523102348,6.546073820243011,2640871.0,43.68811353971883,0.20085718399985136,9.82570966388786,1441644.0,530.2818984738105,409.870676174795,17.454861554234192,14.290499049859632,14.37197452698985,5.1,18.61985253978729,0.5417548870830483,10.931340878432568,0.021258652596756505,0.09811816066977118,11.460713417827735,5.6093990418004,-0.6143105166382795,14.609780537731918,9.408535277926427,5.743239515411109,5.209458361641189,3.777076063723028
2018,CS,0,S,Calabria,078,6.1351098326805324,6.450727774978034,6.292918803829284,4901213.0,45.42228515551326,0.2375199124866162,9.287036199082811,3412068.0,394.96404832499985,403.22208921354536,-0.9866726100264662,14.290499049859632,14.371974526989852,23.5,27.79478253910795,6.041134707281946,4.217828568902132,0.017608364366147076,0.27489423261490264,78.56012000898593,5.912790360143664,-0.30564827786621335,14.609780537731917,9.408535277926427,5.743239515411109,5.209458361641189,3.816002847069975
2018,CT,0,I,Sicilia,087,6.3660122603887155,6.730704671537399,6.548358465963058,11714052.0,43.77377781654883,0.21846025858873333,9.413811861095667,6641073.0,118.22123641225512,139.69966179225423,-0.6092232526439328,14.290499049859632,14.371974526989852,18.9,34.5022710598474,1.2589457275099467,12.77218712884277,0.02795034028530439,0.27917145026299806,73.07523298014448,31.85881115231621,-0.0931476518454925,14.609780537731918,9.408535277926427,5.743239515411109,5.209458361641189,3.7790349581145093
2018,CZ,0,S,Calabria,079,6.341740914317865,6.5576044228283665,6.449672668573116,3676886.0,45.42228515551326,0.2375199124866162,9.293910836839602,2445354.0,249.18671320673332,253.94861264345025,-0.49698041555605055,14.290499049859632,14.371974526989852,20.1,37.56631350798326,6.854922994030917,1.5429878010773022,0.011311379916559984,0.14916772273904275,89.67730932266282,11.616385547257305,-0.2979254095764937,14.609780537731918,7.1808311990445555,7.643111336526717,7.3057863748298235,3.816002847069975
2018,EN,0,I,Sicilia,086,6.370482204432303,6.695649514688042,6.533065859560173,1562332.0,43.77377781654883,0.2184602585887333,9.290304094307766,1191104.0,24.65876572782051,41.12149470943134,-0.5852575514232177,14.290499049859632,14.371974526989852,21.6,21.31937120656215,0.4103688735706533,11.065233206711278,0.01666773102370434,0.10086706709604885,18.520194015060728,7.667455244195245,-0.4716920484652507,14.609780537731918,7.1808311990445555,7.643111336526717,7.3057863748298235,3.7790349581145093
2018,FC,0,NE,Emilia Romagna,040,7.0784852196454615,7.318303209314869,7.198394214480165,4514467.0,45.80809694420327,0.24886364470096234,9.7336392947562,2359828.0,167.90205422812707,102.5891109325558,3.923450591367997,14.290499049859632,14.371974526989852,4.8,34.5924526216453,9.349887401590118,11.53186834758997,0.3308257785766731,1.1560089167202483,304.8455021168727,44.84989944118967,0.31341509325001393,14.609780537731918,7.201170883281678,7.557683315546483,7.290140155506795,3.8244608646695184
2018,FE,0,NE,Emilia Romagna,038,6.583006334700431,6.910837675799553,6.746922005249992,4715802.0,45.808096944203285,0.24886364470096234,9.72123923543938,3068666.0,87.46450962342628,59.9409754703189,0.5864318644507586,14.290499049859632,14.37197452698985,9.1,36.64194638385212,1.6403885252902854,14.303986215533735,0.5274637505661542,4.449055268289473,125.46191818890146,40.34207392006687,0.030521116908601122,14.609780537731917,7.201170883281678,7.557683315546483,7.290140155506795,3.824460864669519
2018,FG,0,S,Puglia,071,6.492523692812335,6.816440879442797,6.654482286127566,3375178.0,44.916699614995274,0.22271696123874496,9.292486570703222,1904569.0,168.9926786028012,200.17301789430394,-4.482754010817455,14.290499049859633,14.371974526989852,13.0,29.370889076229126,12.018298400047941,15.770672512560953,0.15230303812999116,5.360565039778235,348.73956660871016,54.53284977383665,0.20184746942324874,14.609780537731918,7.176254532017144,7.580538519421809,7.320744673651094,3.804809654664222
2018,FI,0,C,Toscana,048,7.2929601350044635,7.641679378446569,7.467319756725517,9599090.0,46.637262861822585,0.23133104846677893,9.822017270748635,4979957.0,189.1644156156869,120.26395956745851,2.274227432025066,14.290499049859632,14.371974526989854,5.8,32.97541132568124,2.7341552575789922,22.84848511385193,0.27781942149488514,2.83242544150467,275.53251707505814,177.4357781203225,0.7784720633217499,14.609780537731917,7.176254532017144,7.580538519421809,7.320744673651094,3.842399853824032
2018,FM,0,C,Marche,109,6.684441730482746,6.967393139955184,6.825917435218964,3414544.0,45.86446948728184,0.2641504477280837,9.5961402611061,1870032.0,138.41644076246695,111.2799329904544,2.661615480237895,14.290499049859632,14.371974526989852,5.7,15.02063398268708,1.0851331560684996,2.444663216297608,0.061796535305136915,0.19151065216118393,53.90004518583205,8.71433206092482,-0.22829680004712014,14.609780537731918,7.171656822768514,7.665020903028184,7.342856796523087,3.8256907320634097
2018,FR,0,C,Lazio,060,6.565222722339107,6.890765982063508,6.727994352201308,4694448.0,43.63072779288965,0.2274396766256218,9.588605935344894,2531224.0,192.49935920193914,176.79470405324378,1.72141164888419,14.290499049859632,14.371974526989852,18.7,41.476080718647225,3.6129631213883346,8.188533541058444,0.02159992160302912,0.10296116410769074,94.94096147081207,40.009612007601596,-0.33640892315428417,14.609780537731918,7.171656822768514,7.665020903028184,7.342856796523087,3.7757616680160946
2018,GE,0,NW,Liguria,010,7.025340164346158,7.391470264409264,7.208405214377711,10136553.0,48.4276076065856,0.2817597576135531,9.787349366390478,6393528.0,1401.6928801430959,942.5876759223138,326.73414532731323,14.290499049859632,14.371974526989852,9.6,31.932683858347733,5.289521736832926,11.731070241724433,0.07772235296856875,0.6697084635533384,242.27616557303813,139.52965575865264,0.09665193381734209,14.609780537731918,7.141245122350491,7.716133200539715,7.35692228774938,3.8800700561981802
2018,GO,0,NE,Friuli Venezia Giulia,031,6.741587117675382,6.919288246025262,6.830437681850323,2126836.0,46.29328873645488,0.23428520854619667,9.818185662083295,1343916.0,143.12463794072838,100.26601375970742,4.547650229336894,14.290499049859632,14.371974526989854,8.5,31.82906680964218,5.219732535664265,13.46702408418066,0.31685117087059284,6.960020127133953,324.9459034509038,226.2768678411053,0.1575661022305883,14.609780537731918,7.141245122350491,7.716133200539715,7.35692228774938,3.834996998889237
2018,GR,0,C,Toscana,053,7.194051848336032,7.523730041949199,7.358890945142615,2730925.0,46.637262861822585,0.23133104846677896,9.601542351842355,1980385.0,122.66775460872178,86.46867997936678,2.0552518278713725,14.290499049859632,14.371974526989852,8.9,26.9695016718282,11.255026547936279,13.283991198425408,0.2796425967021599,5.752463408792554,596.5919725706435,142.5374071463975,1.0848503777246152,14.609780537731918,7.134093721192866,7.629132692289089,7.360579562974588,3.842399853824032
2018,IM,0,NW,Liguria,008,7.134140433263546,7.476153375265393,7.305146904264469,3050291.0,48.421882544598375,0.28167270988538085,9.555444094875364,2792692.0,578.3686508625284,430.8962503028466,44.891465450948886,14.290499049859632,14.371974526989852,13.5,22.028594220191156,5.266045272082869,11.193139851093974,0.08381549999615029,1.7854756068461575,331.15125656197995,152.06926143271838,0.24350747994323024,14.609780537731918,7.134093721192866,7.629132692289089,7.360579562974588,3.8799518302377756
2018,IS,0,S,Molise,094,6.089319104190115,6.490475566621598,6.289897335405857,598363.0,51.0407556768226,0.3158678506425459,9.358530694507547,412977.0,230.4231985518193,180.90062834796473,14.91860452063796,14.290499049859632,14.371974526989852,17.6,31.09419406863539,1.3106212171746223,11.925359424418923,0.047158871807242535,0.3644853806515265,23.110079601104037,1.049370641611186,-0.4474032084895043,14.609780537731918,7.126890808898808,7.817155444307111,7.399842442144638,3.932624444507313
2018,KR,0,S,Calabria,101,6.24733891756026,6.507736941096545,6.377537929328402,1950238.0,45.42228515551326,0.2375199124866162,9.222930240147944,1107286.0,69.42838424101333,64.7725717551096,0.24488382329918282,14.290499049859632,14.371974526989852,27.6,38.766253783076614,6.2307758984578685,1.2440599469296112,0.004254444370786657,0.04287242873642933,89.8975731341827,6.603293522046822,-0.21937654099922047,14.609780537731918,7.126890808898808,7.817155444307111,7.399842442144638,3.816002847069975
2018,LC,0,NW,Lombardia,097,6.930598970611819,7.184453806329393,7.057526388470606,3051138.0,43.68811353971883,0.20085718399985136,9.89789301842024,1830946.0,478.9735349199705,368.4775041891722,76.43678348321616,14.290499049859632,14.37197452698985,5.6,27.219399310308773,2.0684027248328745,11.169771103802049,0.12064274469390635,1.2434662917170265,112.66074326736842,79.86927434093985,-0.18494039539943052,14.609780537731918,7.119635638017636,7.644448513719904,7.431230117697216,3.777076063723028
2018,LE,0,S,Puglia,075,6.29791744616135,6.571610284012147,6.434763865086747,8063193.0,44.916699614995274,0.222716961238745,9.363112490200317,5287811.0,150.48318146279397,135.1473158360124,0.49440394977181673,14.290499049859632,14.371974526989852,17.8,20.880851530915,5.4483267898309755,16.585511197906687,0.09083442115750918,1.8013759349760603,136.37780887558546,29.95084728925495,0.09138373864828653,14.609780537731918,7.119635638017636,7.644448513719904,7.431230117697216,3.804809654664222
2018,LI,0,C,Toscana,049,7.482915126912598,7.78102491166793,7.631970019290264,3344868.0,46.637262861822585,0.23133104846677896,9.726168286130589,2010071.0,145.93339033824404,102.40685555249482,4.199877437548777,14.290499049859632,14.371974526989852,6.5,34.92547907107626,27.9602683884329,14.906057999568775,0.3393193968704415,13.183690604995705,1047.1161402888156,366.7616719496913,1.2568121285345344,14.609780537731918,7.123672785204607,7.641727034704169,7.459478249268059,3.842399853824032
2018,LO,0,NW,Lombardia,098,6.840156526498009,7.1026632812887,6.971409903893354,2913048.0,43.68811353971883,0.20085718399985136,9.876384009751742,1564266.0,336.7700894448501,255.24486652482398,43.447933056368576,14.290499049859632,14.371974526989852,6.5,30.975554540007558,0.5955260596329047,8.048303154473611,0.017150929183083398,0.06651915268179162,15.841957899953007,10.008561786098692,-0.535530852567606,14.609780537731918,7.123672785204607,7.641727034704169,7.459478249268059,3.777076063723028
2018,LT,0,C,Lazio,059,6.91670940092901,7.242453146112621,7.079581273520815,9212466.0,43.63072779288965,0.2274396766256218,9.48866848288104,5148096.0,163.6119608957292,126.83178399484508,2.612636754948256,14.290499049859632,14.37197452698985,16.0,38.76666681366474,4.222013252693623,7.462461885852732,0.04680413094879625,0.4522735979681799,186.4330921010302,26.374796417027543,0.09153067630767624,14.609780537731918,7.113142108707088,7.862083339615188,7.4961878459029645,3.7757616680160946
2018,LU,0,C,Toscana,046,7.0290534134781515,7.322478738102303,7.175766075790229,4239705.0,46.637262861822585,0.23133104846677896,9.710361912052926,2565588.0,226.97639631802127,140.6395467407296,7.6030839459519735,14.290499049859632,14.371974526989852,9.2,39.846895799884784,6.25727949187754,20.08897526443297,0.21249146638724709,1.724386896218262,195.4976358690425,79.86019873233525,0.619693405662769,14.609780537731918,7.113142108707088,7.862083339615188,7.4961878459029645,3.842399853824032
2018,MB,0,NW,Lombardia,108,7.21544536094685,7.433874409662478,7.324659885304664,9415182.0,43.68811353971883,0.20085718399985136,9.956386552693527,4747490.0,719.8912132251064,473.5591432317875,4.677275494589061,14.290499049859632,14.371974526989852,6.0,48.43056908054665,0.6581529608825734,17.58627460149013,0.011766878837087854,0.06782550402539335,32.21689125275399,9.67318367038384,-0.36800685681572115,14.609780537731918,7.1252830915107115,8.024332442775343,7.488513364887619,3.777076063723028
2018,MC,0,C,Marche,043,6.7031241088356035,7.050620819551091,6.876872464193347,2804788.0,45.86446948728184,0.2641504477280837,9.676824204065403,1531159.0,170.67809630652405,164.25371715873283,1.096438190375707,14.29049904985963,14.371974526989852,7.5,27.269834246179816,1.7000506431124318,10.535755942654582,0.14329480160545827,0.5491277576436231,80.28497498529627,12.610093898401441,0.16394559353675006,14.609780537731918,7.1252830915107115,8.024332442775343,7.488513364887619,3.8256907320634097
2018,ME,0,I,Sicilia,083,6.477473692496646,6.859449281868925,6.668461487182785,5893818.0,43.77377781654883,0.21846025858873333,9.374971190483471,3950766.0,242.82283025540724,322.95046033566825,-9.05965845063366,14.290499049859632,14.371974526989852,25.5,39.005612018444694,7.256454082909718,12.743383262180533,0.0854011539546556,1.0548465744740667,201.77381970716237,111.51022122118842,-0.045042963188785895,14.609780537731918,6.659293919683638,8.164975199449518,7.8275720080115185,3.7790349581145093
2018,MI,0,NW,Lombardia,015,7.2575845788830895,7.470934360261682,7.364259469572386,49217712.0,43.68811353971883,0.20085718399985136,9.967449192645406,27171986.0,821.2561233529085,540.2390514068566,8.573683879167808,14.290499049859632,14.371974526989852,6.4,58.14787788821134,1.4890105661948214,8.003037830623057,0.012469067238143802,0.0696513099322189,100.35773123638728,43.62272893803521,-0.23600972279608098,14.609780537731918,6.659293919683638,8.164975199449518,7.8275720080115185,3.777076063723028
2018,MN,0,NW,Lombardia,020,6.387205971348372,6.7131221494184565,6.550164060383414,5407722.0,43.68811353971883,0.20085718399985136,9.784412620826318,2796061.0,229.39789036255675,171.9511917345878,2.827940236716419,14.290499049859632,14.371974526989852,6.7,28.074028615574438,0.5828112161087228,10.678621973282997,0.04110142982937452,0.2366214510936566,48.327503783996264,16.135259338307048,-0.21706447400999526,14.60978053773192,6.669498089857879,8.089664480075923,7.822055212233743,3.777076063723028
2018,MO,0,NE,Emilia Romagna,036,6.796556859814242,7.127862456773278,6.9622096582937605,7331380.0,45.80809694420328,0.24886364470096234,9.841327284192035,3891194.0,295.8698165769834,193.95812328148776,5.875721238097303,14.290499049859632,14.371974526989852,6.0,55.88654007721315,5.100667968760463,7.750363579803887,0.05043507439887788,0.45814468939068603,138.65688064482248,26.162392392863154,0.2589373732319806,14.609780537731918,6.669498089857879,8.089664480075923,7.822055212233743,3.824460864669519
2018,MS,0,C,Toscana,045,6.853942466063063,7.24272581298333,7.048334139523197,2514190.0,46.637262861822585,0.23133104846677893,9.716555031454588,1625472.0,112.71465846078446,80.25283682407854,2.2692241940617057,14.290499049859632,14.371974526989854,10.4,34.63463511388294,3.1661214080056492,16.473363011170132,0.08510880396833562,0.994929963028367,89.19085143439072,28.422950003698492,0.35315764359260954,14.609780537731917,6.656726524178391,8.100380935661548,7.8405256881823355,3.842399853824032
2018,MT,0,S,Basilicata,077,6.159838237068292,6.4908533106892685,6.32534577387878,2210226.0,47.773682538154155,0.2654855327138799,9.337846038080741,1315155.0,113.42682309351481,114.74246147239569,-0.1601351709984919,14.29049904985963,14.371974526989852,12.0,34.95999347602716,4.704703498286587,17.627807619820423,0.15128182418913425,0.767683863285646,154.46182658957372,16.655357737850103,0.013309220282760648,14.609780537731918,6.656726524178391,8.100380935661548,7.8405256881823355,3.866474913360003
2018,NAP,0,S,Campania,063,6.982841160933332,7.397198177065759,7.190019668999544,30408692.0,42.814768048333335,0.20285445834340216,9.500933983443305,13670528.0,220.96866536644427,249.15019907172015,-0.48426675445538125,14.290499049859632,14.371974526989852,24.2,59.195401814745,5.286118847080977,4.833667590486644,0.10123764167203692,0.5002745481223972,214.30542117158546,120.63657669045713,-0.1618905222457036,14.60978053773192,6.669498089857879,8.167495844064616,7.845261298098985,3.7568830909306845
2018,NO,0,NW,Piemonte,003,6.631423528663414,6.959808566809462,6.795616047736439,3365295.0,46.878978339040856,0.258213347142958,9.855399157390853,1930989.0,402.9449121922107,301.5892886670599,11.55898412645327,14.290499049859633,14.371974526989852,8.5,41.615236487885284,4.2099798140543765,3.063454329213738,0.03298972111216169,0.5058326229603534,269.3151233155725,165.13667069167298,-0.14155885390413103,14.609780537731918,6.669498089857879,8.167495844064616,7.845261298098985,3.847569351922087
2018,NU,0,I,Sardegna,114,6.653626790603327,6.837959680636715,6.745793235620022,1021218.0,45.37595294117647,0.21661243697478993,9.39617640662317,633439.0,158.50820339203185,171.22799749139241,-2.115924232852796,14.29049904985963,14.371974526989852,13.0,29.143107827814102,5.772223630775921,7.127432378297298,0.06748375085599072,0.5166850157955141,142.2612068786665,75.71749108418328,-0.10942457262517086,14.609780537731918,6.678342114654332,8.179337529789928,7.820055186563368,3.814982293822922
2018,OG,0,I,Sardegna,116,6.778663375902341,6.971182375213784,6.874922875558063,295237.0,45.37595294117647,0.21661243697478993,9.478495033355587,209723.0,110.74482095135865,119.63175102770225,-0.7031006811242457,14.290499049859633,14.371974526989852,13.0,34.80609769074397,6.099921458112465,4.088393499704278,0.06607996393982485,0.6607261996408601,247.99977435837454,135.33619530154735,0.2183216949219886,14.60978053773192,6.678342114654332,8.179337529789928,7.820055186563368,3.814982293822922
2018,OR,0,I,Sardegna,115,6.012674672455989,6.3920991076658,6.202386890060894,970096.0,45.37595294117647,0.2166124369747899,9.399463039493428,599371.0,341.42536789687944,292.01138862348716,20.190997735309438,14.290499049859632,14.371974526989852,13.3,13.785004225089038,1.9268631064516706,6.359917294810809,0.0574422996727008,0.5457774317444513,135.29249465532024,56.87987844503912,-0.2698837557454842,14.609780537731918,6.673297967767654,8.090216071796174,7.821607597302927,3.814982293822922
2018,OT,0,I,Sardegna,113,7.178140566027591,7.488234827503312,7.333187696765452,1298078.0,45.37595294117647,0.21661243697478993,9.520253694646634,1108544.0,149.10705997203112,126.10555072064336,1.245918181687497,14.290499049859633,14.371974526989852,13.0,47.17090238285388,37.498201738726245,14.76169151237995,0.14133460053037036,15.731732509639679,866.8622755413547,496.1485823970304,1.032327745038155,14.60978053773192,6.673297967767654,8.090216071796174,7.821607597302927,3.814982293822922
2018,PA,0,I,Sicilia,082,6.1323906310480565,6.479470242471953,6.305930436760005,13116216.0,43.77377781654883,0.2184602585887333,9.32283623962215,7462386.0,259.0884964319471,384.33636327617324,-8.789900847038727,14.290499049859632,14.371974526989854,19.8,34.785175755997706,3.0277236366922233,23.53836407702048,0.05489027777025541,0.5732311267743888,75.81024186884072,34.897337665158794,-0.19467369740467014,14.60978053773192,6.682108597449809,8.26224330463854,7.844855339662488,3.7790349581145093
2018,PC,0,NE,Emilia Romagna,033,6.724888593061114,7.00984038676993,6.867364489915521,3866255.0,45.80809694420328,0.24886364470096234,9.778616038537216,2312075.0,422.861054951119,257.9283084613912,95.9009091888162,14.29049904985963,14.371974526989854,5.6,37.22428960226136,3.1392442684436888,13.100210002364525,0.04700437149247104,0.402911546649745,68.69276940195648,15.882546935134418,-0.04580014105782281,14.609780537731917,6.682108597449809,8.26224330463854,7.844855339662488,3.824460864669519
2018,PD,0,NE,Veneto,028,6.907538613922675,7.116798193519916,7.0121684037212955,9464366.0,45.03334839860723,0.23953548369962657,9.82003230668732,4837637.0,247.74280228550876,177.30006370079343,2.4900483802029907,14.290499049859632,14.371974526989852,5.8,37.87098297757472,2.6934412612177248,28.863953032219623,0.2173996906249563,0.5322513464946115,156.93253736613846,63.86805794580284,0.15926082631572797,14.609780537731918,6.669498089857879,8.094872851500355,7.881613179207699,3.8074032908340474
2018,PE,0,S,Abruzzo,068,6.362482848977564,6.720933339890064,6.541708094433814,4614042.0,44.611137786329714,0.22233983117859046,9.484117317133615,2495280.0,308.01394558759114,288.5068365389996,3.9438200166377673,14.290499049859633,14.37197452698985,11.7,27.369180218188877,2.4289178015807122,14.915661277587144,0.05937228128750088,0.6976558053334193,62.702246329585485,8.204962052558944,-0.2357588675440863,14.609780537731918,6.669498089857879,8.094872851500355,7.881613179207699,3.797983554000524
2018,PG,0,C,Umbria,054,6.562366974511485,6.872387429304816,6.717377201908151,6756882.0,47.548017522911636,0.26475335555460483,9.682549983045496,3724693.0,203.74309396584795,155.52214099154065,2.7084950625037143,14.290499049859632,14.371974526989852,9.0,25.44057193346702,3.4902754923357193,17.562428258834963,0.37164712245854314,2.6156670185687774,274.9806486470198,91.30134279235287,0.8290118445355967,14.609780537731918,6.673297967767654,8.092386539569947,7.9101029240514205,3.8617400956493024
2018,PI,0,C,Toscana,050,7.043870503720386,7.336050894331493,7.189960699025939,3567431.0,46.637262861822585,0.23133104846677896,9.774289184146209,1928139.0,178.3103700934787,141.9387990294544,2.3557911174951145,14.290499049859632,14.371974526989852,6.2,32.81228428927733,3.0489409098465443,22.94521953845171,0.25133874055156985,3.6542920221194586,213.7101930354794,123.08988025905236,0.6418037459575489,14.609780537731918,6.673297967767654,8.092386539569947,7.9101029240514205,3.842399853824032
2018,PN,0,NE,Friuli Venezia Giulia,093,6.452487315415939,6.763082864592943,6.607785090004442,2972010.0,46.29328873645488,0.23428520854619667,9.79251360883765,1589513.0,367.2506035442488,245.14940580407736,25.700822338995685,14.29049904985963,14.371974526989852,4.8,56.63898287896841,4.007708607926617,16.306728452015868,0.15092016677457049,1.4885829242321045,94.06736114768961,26.791645657142404,0.15320916647620086,14.609780537731918,6.678342114654332,8.297191424964051,7.931235884962736,3.834996998889237
2018,PO,0,C,Toscana,100,7.263121392615789,7.516512275851569,7.389816834233678,4209014.0,46.637262861822585,0.23133104846677896,9.776934159118959,1840485.0,60.92246665814672,41.00494859501671,0.36261839059818396,14.290499049859632,14.371974526989852,6.699999999999999,30.19538381668081,0.5997687135622484,35.0615033066172,0.08348743802494782,0.5843105793201839,65.95777855852114,36.788107098872125,0.2239659356562332,14.609780537731918,6.678342114654332,8.297191424964051,7.931235884962736,3.842399853824032
2018,PR,0,NE,Emilia Romagna,034,6.502500408461007,6.789709097727736,6.646104753094372,4312167.0,45.80809694420328,0.24886364470096234,9.838471793245583,2424065.0,277.1945137166001,158.69890077719927,8.856085231329628,14.290499049859632,14.371974526989852,4.8,44.72850219308373,2.329095090933004,14.296734794569527,0.15089566202512222,0.5891099152257027,101.93734824746097,33.1122821096545,0.22453029537473784,14.609780537731918,6.665683717782408,8.484280946133937,7.948376274049018,3.824460864669519
2018,PT,0,C,Toscana,047,7.164706489409482,7.315649327664653,7.240177908537067,3110252.0,46.637262861822585,0.23133104846677896,9.71451846933811,1693584.0,83.13997044685716,52.507898076204036,0.9187081421528267,14.290499049859632,14.371974526989852,7.9,38.604661586635395,7.460405436119893,20.53470178721782,0.0821781549150995,0.7607404369061147,389.04390483457945,181.36940857556237,0.38604536356104785,14.609780537731918,6.665683717782408,8.484280946133937,7.948376274049018,3.842399853824032
2018,PU,0,C,Marche,041,6.873180580408829,7.19366718645716,7.033423883432995,4173659.0,45.86446948728184,0.2641504477280837,9.646081631083504,2340804.0,234.0560427731883,164.78461116815484,6.947176397668598,14.290499049859632,14.371974526989852,8.0,23.297752926240012,6.401475009904744,9.607869110600424,0.39878766798856496,1.7678604361364878,135.97663489916394,25.787079049217727,0.2826410084363878,14.609780537731917,8.072779333169498,6.751404312383609,6.414356229749161,3.8256907320634097
2018,PV,0,NW,Lombardia,018,6.797819651464053,6.95653809748122,6.877178874472636,5354471.0,43.68811353971883,0.2008571839998514,9.78128423246156,3187791.0,1514.0945469613446,1118.9735107854194,164.3489550202501,14.290499049859632,14.371974526989852,6.5,22.861745111857722,0.89140349903592,8.308511537067877,0.02621734350726496,0.20259985233404623,21.60362607108894,4.494514586516428,-0.5474426095527865,14.60978053773192,8.072779333169498,6.751404312383609,6.414356229749161,3.777076063723028
2018,PZ,0,S,Basilicata,076,6.205364892188252,6.411588531825954,6.308476712007103,3532797.0,47.773682538154155,0.2654855327138799,9.387134860142607,1993486.0,219.226751192707,225.75864694518987,-0.7297445815482875,14.290499049859632,14.371974526989852,12.8,36.47168087380576,2.2421388928348356,17.56925177636724,0.07748704682722915,0.9492290287732562,70.03524565643517,8.767352704829355,-0.21561415288008287,14.609780537731918,8.072779333169498,6.751404312383609,6.414356229749161,3.866474913360003
2018,RA,0,NE,Emilia Romagna,039,6.87434219120476,7.175911097807001,7.02512664450588,4778390.0,45.80809694420328,0.24886364470096234,9.787060660755847,2911133.0,85.59672099666538,53.120656866167444,0.7203301035446344,14.290499049859632,14.371974526989854,5.8,47.26039293232657,9.16299024057135,14.327031505532087,0.15567231332697917,0.7637150606342121,300.92476068744656,44.64052758458564,0.2517841848078588,14.609780537731918,8.069968149059841,6.6891757646729015,6.421854238213018,3.824460864669519
2018,RC,0,S,Calabria,080,6.090043273172656,6.452192347534312,6.271117810353482,5494052.0,45.42228515551326,0.23751991248661616,9.254040225872009,3600378.0,365.30941891938386,414.8842232666195,-6.394774984146827,14.290499049859632,14.371974526989854,19.8,29.339148189483584,2.1351962056810834,3.069346914042395,0.00895669655536608,0.11787715875401032,32.23496484341968,4.227745508506052,-0.45254891997892277,14.609780537731918,8.069968149059841,6.6891757646729015,6.421854238213018,3.816002847069975
2018,RE,0,NE,Emilia Romagna,035,6.634318013902072,6.907876558435086,6.77109728616858,6671695.0,45.80809694420328,0.24886364470096234,9.876083869356863,3389425.0,138.01522035646198,98.23222106337062,0.8090694272601582,14.29049904985963,14.371974526989852,4.2,51.63815673647977,1.143918291117001,10.66569112310576,0.03000338594713745,0.2031292518308801,54.90320533105379,14.101717894688358,-0.03320835042172168,14.609780537731918,8.069968149059841,6.6891757646729015,6.421854238213018,3.824460864669519
2018,RG,0,I,Sicilia,088,6.370497121975697,6.748689664402382,6.559593393189039,3379680.0,43.77377781654882,0.21846025858873333,9.289888570042063,2243480.0,31.733385088989955,23.545960342740173,0.1593825894621948,14.290499049859632,14.371974526989852,18.7,43.281758189434726,2.8319357716078253,19.15782768109516,0.09270076398067416,0.634248417493374,73.32208835783688,24.39517696832804,0.26691229260871174,14.609780537731918,8.060224240440958,6.696845046378181,6.43726622387946,3.779034958114509
2018,RI,0,C,Lazio,057,6.576924713684273,6.88156894684011,6.729246830262191,1028072.0,43.63072779288965,0.2274396766256218,9.579751573169256,697323.0,489.028084971321,416.6143108505677,29.482834889385646,14.290499049859632,14.371974526989852,10.8,18.764157633336993,1.0797224549237026,4.13321285730902,0.02048397500299391,0.29806024522787494,10.055837713128705,2.2034480909798257,-0.5579836960745213,14.609780537731918,8.060224240440958,6.696845046378181,6.43726622387946,3.7757616680160946
2018,RM,0,C,Lazio,058,6.979840383674576,7.326093146878801,7.152966765276689,46141385.0,43.63072779288965,0.22743967662562184,9.71677866267407,23890965.0,2260.08435442488,1531.8287687093648,173.128988627831,14.290499049859632,14.371974526989852,9.8,41.39530436295664,1.516671396956841,7.13510325618273,0.03616035902283747,0.1731483810050517,60.507369158672844,33.488170076751594,-0.11916805037880712,14.60978053773192,8.060224240440958,6.696845046378181,6.43726622387946,3.7757616680160946
2018,RN,0,NE,Emilia Romagna,099,7.228278357244095,7.560304444108764,7.394291400676431,3875582.0,45.80809694420328,0.24886364470096234,9.645529622587633,2178934.0,209.2976383757975,138.8797413521647,7.022674331068083,14.290499049859632,14.371974526989852,8.2,41.680023661713335,18.449417055797397,13.406076616324334,0.4497403364649958,1.573412001626705,457.30802900109285,85.29318421702217,0.5828831904364333,14.609780537731917,8.065893546964274,6.771008093344169,6.449101634553903,3.824460864669519
2018,RO,0,NE,Veneto,029,6.715060287454008,7.016577412037045,6.865818849745526,2453063.0,45.03334839860723,0.2395354836996266,9.70132342042509,1433195.0,120.7522604234268,122.7845047083988,-0.1307077854825772,14.290499049859632,14.371974526989852,6.8,26.531395072371758,1.9041520082199346,24.264205029897585,1.7182638656920284,10.274957736790638,176.49370760953775,80.0031533072978,0.018671711830351122,14.609780537731917,8.065893546964274,6.771008093344169,6.449101634553903,3.8074032908340474
2018,SA,0,S,Campania,065,6.632735305144005,6.927478669333599,6.780106987238801,11552432.0,42.814768048333335,0.20285445834340213,9.349085054718543,6032246.0,476.4709607167266,436.3363459451291,4.336114885278311,14.290499049859632,14.371974526989852,15.0,42.61821581712142,6.410137871551564,0.0,0.0,0.0,206.62549974467572,103.99719586906122,-0.3467122745990821,14.609780537731918,8.065893546964274,6.771008093344169,6.449101634553903,3.7568830909306845
2018,SI,0,C,Toscana,052,6.942354788414168,7.293510505406434,7.117932646910302,2626202.0,46.637262861822585,0.23133104846677896,9.747433864251844,1576276.0,161.02587871098095,108.211739093651,2.697224156910884,14.290499049859633,14.371974526989852,7.5,30.80268467739138,13.039578164848733,21.742822380270017,0.8434333845146995,7.900658165709988,944.8407795745858,505.31696324079587,1.3395877175382722,14.609780537731917,8.065265208897733,6.792312672769523,6.433394355349684,3.842399853824032
2018,SO,0,NW,Lombardia,014,6.953641312657744,7.171186259295888,7.062413785976816,3292992.0,43.68811353971883,0.20085718399985136,9.717423345827314,3081825.0,297.9128247220846,211.50669126820796,49.82548695972358,14.290499049859632,14.371974526989852,6.7,38.58885170251803,11.697654142860012,7.036144175316635,0.06704924831861322,0.9580921459711467,365.9012835941233,126.34968327402365,-0.046670351925482016,14.609780537731918,8.065265208897733,6.792312672769523,6.433394355349684,3.777076063723028
2018,SP,0,NW,Liguria,011,7.156475065890238,7.518656615426667,7.337565840658452,2737941.0,48.4276076065856,0.2817597576135531,9.769441574111033,1797071.0,247.19374882092984,169.5337604943915,9.381470435402653,14.290499049859632,14.371974526989852,10.0,32.73844769872173,8.688696941302503,21.36444142367389,0.8700608078107742,6.234603330284011,969.434801766861,650.7567150474031,0.9177138117829703,14.609780537731918,8.065265208897733,6.792312672769523,6.433394355349684,3.8800700561981802
2018,SR,0,I,Sicilia,089,6.297915226357042,6.625606513394951,6.461760869875997,4317325.0,43.77377781654883,0.21846025858873333,9.414489512735834,2644421.0,59.61684365923229,66.98505365627396,-0.4088140601902324,14.290499049859632,14.371974526989852,22.2,41.80156368534281,2.1031227846816605,7.612406386300825,0.0441968018997687,0.32070045935204505,74.11882521634007,27.583246924943133,-0.06571686930317534,14.60978053773192,8.063377822367027,6.700111068644,6.431787442466214,3.7790349581145093
2018,SS,0,I,Sardegna,112,6.581050990921257,6.874963563068102,6.7280072769946795,3864450.0,45.37595294117647,0.2166124369747899,9.495045172018855,2168776.0,426.1036612171522,360.37218406660713,18.774435931678408,14.290499049859632,14.371974526989852,14.5,27.248554476353803,15.701024888830723,8.595277766847937,0.05903596371110163,1.2554986044675496,224.285961926373,83.2130809262546,-0.1394756651840932,14.60978053773192,8.063377822367027,6.700111068644,6.431787442466214,3.814982293822922
2018,SV,0,NW,Liguria,009,7.33218321094421,7.676509402299918,7.504346306622065,3173467.0,48.4276076065856,0.2817597576135531,9.735810522179467,2871143.0,405.90989722547556,288.4306662549879,38.0493184213635,14.290499049859633,14.371974526989854,7.8,35.386351825949525,9.867329186508721,10.482375068396287,0.10247982403826743,1.2301495898883221,443.89627080022416,116.3229501326345,0.4743890590608329,14.609780537731918,8.063377822367027,6.700111068644,6.431787442466214,3.8800700561981802
2018,TA,0,S,Puglia,073,6.4356443437066195,6.767487121008086,6.601565732357353,6876236.0,44.916699614995274,0.222716961238745,9.493380854071747,4037082.0,46.960198007074666,57.708166386044205,-0.2002078499079067,14.290499049859632,14.371974526989852,16.7,35.4672824056179,3.5463019122440684,17.10730313304464,0.05389613613432926,0.7371805366560118,57.2335064585645,8.73680264450738,0.10290975892765063,14.609780537731918,8.056426767522984,6.887750937717944,6.470757771561566,3.804809654664222
2018,TE,0,S,Abruzzo,067,6.372541363707132,6.74585201566698,6.559196689687056,3797241.0,44.611137786329714,0.2223398311785905,9.493286427007435,2437257.0,189.11620711039697,179.72612731345572,1.5474720938585904,14.290499049859632,14.371974526989854,10.099999999999998,34.46357796253361,9.154472283706252,14.25391329527412,0.07531704870787445,2.5331453170271123,175.66445080356817,18.090801692807005,0.13807298677637916,14.60978053773192,8.056426767522984,6.887750937717944,6.470757771561566,3.797983554000524
2018,TN,0,NE,Trentino Alto Adige,022,7.399611181058551,7.548683713110333,7.474147447084443,3633818.0,43.12371035420236,0.2091230612070474,9.768971295437357,2453452.0,703.4442057479644,441.1766523403269,56.01498402602112,14.290499049859633,14.371974526989852,4.8,39.19166455818081,28.446057065328453,11.700348459557194,0.1475426139536454,7.228795271264669,1160.0251651548356,388.5021858631942,0.6468502084307975,14.609780537731918,8.056426767522984,6.887750937717944,6.470757771561566,3.764072970074275
2018,TO,0,NW,Piemonte,001,6.652938524426352,6.994353496073477,6.823646010249915,25284090.0,46.878978339040856,0.258213347142958,9.858304692094347,14622682.0,2583.1943443933783,1803.3087187653246,521.7769285856172,14.290499049859632,14.371974526989854,9.2,36.75330874157692,8.359753797269054,4.1779018245379405,0.012328525239991095,0.7977996232478759,221.07245663506671,79.68842385037358,-0.33047884074162087,14.60978053773192,8.027802848370312,6.736506913336882,6.5234568651039,3.847569351922087
2018,TP,0,I,Sicilia,081,6.524599747887437,6.866794150701769,6.695696949294603,3755169.0,43.77377781654883,0.21846025858873333,9.318359785627754,2480914.0,59.948490927460156,50.53129503464074,0.20923758219997782,14.290499049859632,14.37197452698985,23.6,45.067046714434795,8.292179537330085,11.265613106855135,0.14017575066014526,2.9752467084627305,345.86544323807016,85.42382742069468,0.4249925966798524,14.609780537731918,8.027802848370312,6.736506913336882,6.5234568651039,3.7790349581145093
2018,TR,0,C,Umbria,055,6.7182714278409055,7.077971999404622,6.898121713622763,4153960.0,47.548017522911636,0.26475335555460483,9.677041291316915,2351180.0,161.71194622969654,135.23129366744098,3.668415174507038,14.290499049859632,14.371974526989852,9.8,25.9991771608424,2.8255710811126646,17.018082091653326,0.21619367799865696,1.6178916450121534,205.73504151132525,83.96949166086598,0.54455365927706,14.609780537731918,8.027802848370312,6.736506913336882,6.5234568651039,3.8617400956493024
2018,TS,0,NE,Friuli Venezia Giulia,032,7.284681746204487,7.5940819391394125,7.439381842671949,4585651.0,46.29328873645488,0.23428520854619664,9.923857571894933,2834128.0,94.9148955135845,52.64257478243563,2.8723529832277532,14.290499049859632,14.371974526989852,7.3,33.588509209679,3.310200368252872,22.622640582969222,0.3517094090464215,2.206041422860042,306.38630205736314,149.94402293515594,0.9778157035633459,14.609780537731918,8.027802848370312,6.737822975991805,6.555715231901522,3.834996998889237
2018,TV,0,NE,Veneto,026,6.925836997781688,7.092130863901117,7.008983930841403,8952508.0,45.03334839860723,0.23953548369962654,9.813868983556986,4442176.0,228.83682630991635,162.73790906597688,1.9796859385652672,14.290499049859632,14.371974526989854,8.0,36.739039575467345,0.9506473839378412,32.41451302825626,0.260427779745574,0.7168246226990967,98.35637827984229,54.27698927498807,0.32988722892696776,14.609780537731918,8.027802848370312,6.737822975991805,6.555715231901522,3.8074032908340474
2018,UD,0,NE,Friuli Venezia Giulia,030,6.463383864733837,6.815375152645987,6.6393795086899114,3237292.0,46.2781996306124,0.23434808609294433,9.763513814867041,1979260.0,505.9844200219482,396.5506943603921,23.248504442712,14.290499049859632,14.371974526989852,7.1000000000000005,33.69554652428078,7.003246679970523,18.99097460040383,0.43234227879545645,7.9673862347185835,272.2193683023694,115.36957699309171,0.25216076278402183,14.609780537731918,8.027802848370312,6.737822975991805,6.555715231901522,3.8346709998966255
2018,VA,0,NW,Lombardia,012,6.899426084290067,7.139661812213574,7.01954394825182,6549695.0,43.68811353971883,0.20085718399985136,9.802755047689304,3588831.0,772.4997822157503,589.032920077041,41.53578432119401,14.290499049859632,14.371974526989852,5.9,34.51099219462172,1.5254385504938208,8.58746931273643,0.03319819046095368,0.35746867122933834,135.7792142154764,87.5775972144585,-0.3048324854326498,14.609780537731918,8.025516386489008,6.94979560855773,6.584153670265858,3.777076063723028
2018,VB,0,NW,Piemonte,103,6.737894998130645,7.114090446771005,6.925992722450824,1423942.0,46.87897833904085,0.258213347142958,9.637139392756236,1132373.0,443.920218009972,311.8330432945981,47.83757427549841,14.290499049859632,14.371974526989852,5.7,32.316437158300175,11.76732267110629,4.426378641409622,0.04166285982313865,2.0236816831120263,560.5727203550225,332.1621274967383,0.13351068983131448,14.609780537731918,8.025516386489008,6.94979560855773,6.584153670265858,3.847569351922087
2018,VC,0,NW,Piemonte,002,6.54733678688242,6.936460945431782,6.741898866157101,1092804.0,46.878978339040856,0.258213347142958,9.761224849067721,707859.0,896.2246851066774,741.615065919469,113.18865097750354,14.290499049859632,14.371974526989852,7.2,21.952405138064115,3.4275784710569357,4.0353456881642416,0.013898236591408548,1.2224698655546533,81.63647498433028,24.79806399245433,-0.5319028357387361,14.609780537731917,8.025516386489008,6.94979560855773,6.584153670265858,3.847569351922087
2018,VE,0,NE,Veneto,027,7.117946466638604,7.354409540866915,7.236178003752759,7400814.0,45.03334839860723,0.23953548369962657,9.808250400672206,4366665.0,136.10874938616476,102.4632173188568,0.5837802789032652,14.290499049859632,14.371974526989854,6.4,40.07877822227696,10.485288387041226,32.50650745813564,3.7908297846258288,27.565814190291327,775.8492589527513,530.4582859049328,0.6973421262810877,14.609780537731918,8.026823576217629,7.122793150507034,6.587313743695152,3.8074032908340474
2018,VI,0,NE,Veneto,024,7.032566604931721,7.260660406473793,7.146613505702756,8606715.0,45.03570273732942,0.23952328290535896,9.831323964177798,4527879.0,331.0771602378348,279.0997922240699,9.219125064456954,14.290499049859632,14.371974526989852,5.3,42.78439556136322,2.0744945120585334,22.954604894217194,0.3452539863498202,2.862696517727355,75.1854751308365,20.156693466922196,0.10706445633833991,14.609780537731918,8.026823576217629,7.122793150507034,6.587313743695152,3.8074555693624217
2018,VR,0,NE,Veneto,023,6.860720481706004,7.207816932361312,7.034268707033658,7640210.0,45.03334839860723,0.2395354836996266,9.740476684294055,4157531.0,381.3071162192846,243.925457916354,13.00452568469126,14.290499049859632,14.371974526989852,7.0,35.444730101674644,12.38780039892273,24.318035819317707,1.9926400185091728,7.859823951366324,911.9948064088184,653.6884392624003,0.6873035855338059,14.609780537731918,8.026823576217629,7.122793150507034,6.587313743695152,3.8074032908340474
2018,VS,0,I,Sardegna,117,6.2309169467568095,6.519250060388897,6.375083503572854,346502.0,45.37595294117647,0.2166124369747899,9.389687196170351,193062.0,568.7248277190868,434.6411187340905,39.35929028349223,14.290499049859632,14.371974526989854,17.7,31.15586487644203,1.3105480658116504,6.712225826120709,0.03916337752589019,0.37728524837028765,43.76774478085282,16.676662600484534,-0.3964529845764699,14.609780537731918,6.302618975744905,8.522115004353399,8.18467752092381,3.814982293822922
2018,VT,0,C,Lazio,056,6.865292470010157,7.1651689427652645,7.015230706387712,2950305.0,43.63072779288965,0.2274396766256218,9.569463069043403,1862483.0,229.554876525037,167.97446923393147,4.674573915775549,14.290499049859632,14.371974526989852,11.800000000000002,19.442873750891536,1.620780036502643,3.0586178408217797,0.03655133062198051,0.25949786634616917,68.64468674836627,16.247213439996845,-0.2475884558179974,14.609780537731918,6.302618975744905,8.522115004353399,8.18467752092381,3.7757616680160946
2018,VV,0,S,Calabria,102,6.12157333429577,6.414976137539459,6.268274735917615,1045022.0,45.42228515551326,0.2375199124866162,9.273345194154624,753768.0,96.85729468076096,100.77692191552603,-0.29056914699339764,14.290499049859632,14.371974526989852,14.900000000000002,39.99110423453135,26.366392423250634,8.085533266628284,0.1274192157485174,1.8686158834738567,398.24995083787024,139.72831470921497,0.05506211360996388,14.609780537731917,6.317164686747284,8.442443533387216,8.174806282365084,3.816002847069975
2019,AG,0,I,Sicilia,084,6.030034408016804,6.388737396129612,6.209385902073207,3779471.0,43.338953058870395,0.23105349728161417,9.29870762250686,2863932.0,88.62341574495815,115.78119282745416,-1.2181585161293296,14.298731536878893,14.390855927691584,23.6,28.489957488061346,2.0649006389303546,11.9182322863557,0.054498834005415796,0.6004651061745473,58.16385527004481,24.751450296509418,-0.1795008789002127,14.631583527526258,6.317164686747284,8.442443533387216,8.174806282365084,3.769051839352906
2019,AL,0,NW,Piemonte,006,6.479789246865589,6.716528464075496,6.598158855470542,2470583.0,46.01780169572052,0.2702130467227311,9.776472840274991,1591772.0,1390.8211188453404,1114.4826687315322,117.98592859161533,14.298731536878893,14.390855927691582,9.2,21.681122162833557,1.3206391084492872,2.912782304376994,0.018784870426919235,0.5234358976201724,40.01131944055847,17.904968220838104,-0.4913814098167897,14.631583527526258,6.320768294250582,8.436766476087264,8.176885500727662,3.8290283150116973
2019,AN,0,C,Marche,042,6.607243866657655,6.94510653336804,6.7761752000128475,6211941.0,46.521314937064986,0.2414946890054381,9.78472054358784,3444518.0,168.2343948926814,127.35929077806016,2.1887378885460422,14.298731536878893,14.390855927691584,11.1,24.17314557601446,3.2899570966114275,7.771224836630141,0.26946377543673966,1.1782788190533355,203.39300010760792,30.871878161400495,0.24669126397191826,14.631583527526256,6.320768294250582,8.436766476087264,8.176885500727662,3.839910593309993
2019,AO,0,NW,Valle D'Aosta,007,7.1916736340116545,7.491914439808074,7.341794036909864,1473586.0,49.946020683955425,0.4178516384105073,9.855339132887496,1338204.0,313.7286961385058,265.0634382059558,23.268351901675086,14.298731536878893,14.390855927691584,6.5,39.500928266445605,43.08924578861876,13.024995888062564,0.24687910410340635,7.666161265875941,2022.7332087574225,720.9113873883729,1.0922793315027841,14.631583527526258,6.300785794663244,8.53668723592687,8.214419377998377,3.910942835934181
2019,AP,0,C,Marche,044,6.683140517076856,6.97674258311841,6.829941550097633,4100987.0,46.52131493706499,0.24149468900543813,9.627024759899543,2302467.0,96.10112178124986,83.81947262696657,0.9168491795787123,14.298731536878895,14.390855927691584,10.4,32.42867739772959,4.091986971380654,3.9388118832834076,0.15449678275223594,0.5930979551024909,126.2784348510324,18.62572442169039,0.15249168664237808,14.631583527526258,6.300785794663244,8.53668723592687,8.214419377998377,3.839910593309993
2019,AQ,0,S,Abruzzo,066,6.273622178474236,6.642941127017799,6.458281652746018,2965703.0,46.595439526345515,0.2500891421938898,9.526232641066764,2445602.0,777.1458389751951,704.8370335594758,32.659089372365656,14.298731536878893,14.390855927691584,9.4,31.344839121699525,8.608539983229681,20.657605183752615,0.10847855085242163,2.3415747897130403,250.23651152829333,26.317056502561222,-0.03519927626789077,14.631583527526256,6.29156913955832,8.566615367150368,8.207294091407643,3.84150267210107
2019,AR,0,C,Toscana,051,6.90122690902349,7.205311968117863,7.053269438570677,3894501.0,46.4847707089806,0.2713152480396638,9.769431793591316,2081014.0,150.58262660738507,109.5323599864704,3.3372084959699007,14.298731536878893,14.390855927691586,7.4,28.258456425818242,2.9673143432798876,18.982543789864444,0.22871707654550041,1.7972887062427751,149.46190662331716,67.30471905914365,0.616586515595185,14.631583527526258,6.29156913955832,8.566615367150368,8.207294091407643,3.839124747314836
2019,AT,0,NW,Piemonte,005,6.21037476376002,6.576454016644189,6.393414390202104,2102162.0,46.01780169572052,0.2702130467227311,9.709346274028771,1260366.0,753.7357525345794,620.1084876836335,50.20064839870691,14.298731536878893,14.390855927691584,5.6,15.333300529488648,1.09492796678877,6.163160319221162,0.03407556201405206,0.386334950019146,53.176894388572975,28.153773262479117,-0.3993910074540873,14.631583527526258,6.298949246855942,8.465043855630428,8.196405846351487,3.8290283150116973
2019,AV,0,S,Campania,064,6.367576102660007,6.548018358267515,6.457797230463761,9291838.0,42.76615390779926,0.192407140859279,9.394526748427777,5380232.0,231.3461757489751,264.1793762332046,-3.316097360742807,14.298731536878893,14.390855927691584,14.5,29.282316703001495,1.0582652384642333,13.286586476821212,0.03924979053172109,0.2548657116016526,16.460161870821718,2.227294362947188,-0.447171881411439,14.631583527526258,6.2766434893416445,8.668249824075636,8.25081723738786,3.7557469931964738
2019,BA,0,S,Puglia,072,6.8898115582630455,7.193736673008117,7.041774115635581,12930381.0,44.44889743063807,0.22464109637209045,9.536248383248218,6745670.0,54.16878156613416,58.93333540362223,-0.07140408030585446,14.298731536878893,14.390855927691584,14.2,37.087268462611476,1.6927195227404748,13.953608172808535,0.12060376541437359,0.6472087724560407,114.34865762730406,44.22251798629892,0.0896748738566663,14.631583527526258,6.280395838960195,8.484481201711763,8.271198120121616,3.794340156942217
2019,BG,0,NW,Lombardia,016,6.873208100457742,7.070182763844044,6.971695432150892,8505527.0,45.99210551342149,0.23324637851742674,9.855662788010537,4752408.0,1127.9725026289832,792.2420299771625,128.64628459465015,14.298731536878895,14.390855927691584,3.5,35.849879591479585,2.4924310518116517,13.979436747222124,0.04594405977844931,0.5533322883669676,100.59786467549475,31.381057602732543,-0.28884833118404146,14.631583527526258,6.274762021241939,8.491441810981781,8.30913806533009,3.8284697624873765
2019,BI,0,NW,Piemonte,096,5.960005866093121,6.307905625944811,6.133955746018966,1067745.0,46.01780169572052,0.2702130467227311,9.820693747144166,718231.0,361.2635126755441,298.093232410327,23.17577992420851,14.298731536878892,14.390855927691584,8.0,14.327836192886474,1.163921856187855,3.429393863939478,0.01537047002628948,0.2716623147741737,22.9573506469622,8.943891323662625,-0.5834875276605497,14.631583527526258,6.244166900663736,8.731963732233766,8.365969352612652,3.8290283150116973
2019,BL,0,NE,Veneto,025,6.828757175565425,7.036717872737731,6.932737524151578,1893572.0,44.39031208149985,0.23298366422075203,9.815807572544914,1556243.0,244.96732224915743,173.70261360553144,12.551365424987734,14.298731536878893,14.390855927691584,3.9,16.857690654049595,14.926230209074989,52.89189580391413,3.647613130712126,30.359129970970415,762.8017497724211,326.50980751162615,1.1696692077856072,14.631583527526258,6.22455842927536,8.926039877127947,8.390082862921044,3.7930212492672735
2019,BN,0,S,Campania,062,6.839606786961981,7.0115342000042515,6.925570493483116,1711438.0,42.76615390779926,0.19240714085927899,9.320968018345043,1004083.0,177.6443710080175,182.23998809921505,-0.38293969068324046,14.298731536878892,14.390855927691582,10.5,18.169978454851265,0.5278042055122155,25.483209846463243,0.1360275209460903,0.6211287190998236,9.539988221918218,1.1732295298403206,-0.3085359794901681,14.631583527526258,8.228977643358313,6.595358593875905,6.258389744079143,3.7557469931964738
2019,BO,0,NE,Emilia Romagna,037,7.08680115214383,7.332669747417963,7.209735449780897,17776548.0,45.57860644980555,0.23634173735933547,9.934688641424817,9901638.0,318.7654622665846,182.4103706875413,3.9501360412299897,14.298731536878893,14.390855927691584,4.4,49.99976674418106,2.541807519432242,13.077636092538897,0.06474508067983979,0.2806357836643471,130.16988631238496,45.42993102617779,0.22265098837046524,14.63158352752626,8.228977643358313,6.595358593875905,6.258389744079143,3.819438449629344
2019,BR,0,S,Puglia,074,6.631558524457693,6.842283712990722,6.736921118724207,2486103.0,44.44889743063807,0.2246410963720904,9.457049141978642,1540666.0,25.73760118199636,27.29036045847783,-0.014524028476502656,14.298731536878893,14.390855927691584,11.9,35.148750593439225,3.6915724798261174,16.79312990783936,0.07384580088103639,0.6856860936499982,129.46696862585563,39.367711507619255,0.2845751507891534,14.63158352752626,8.228977643358313,6.595358593875905,6.258389744079143,3.794340156942217
2019,BS,0,NW,Lombardia,017,7.040391834356105,7.291584204222458,7.165988019289281,10462197.0,45.99210551342149,0.23324637851742677,9.826324540461828,5954865.0,746.8171219523949,461.488451435311,41.003115064482486,14.298731536878893,14.390855927691584,4.7,33.64586563361756,7.634753032909644,11.15039256925368,0.12032298883240362,3.375127040498417,410.5308090461924,271.7115710708769,-0.06672388636873268,14.631583527526258,8.228977643358313,6.595358593875905,6.258389744079143,3.8284697624873765
2019,BT,0,S,Puglia,110,6.827192968828336,7.10533974326698,6.966266356047659,4498862.0,44.44889743063807,0.22464109637209043,9.399977776815133,2231908.0,34.83696267158978,38.292782195888414,-0.030563522849351807,14.298731536878893,14.390855927691582,20.8,33.33912417052897,0.46095086515410194,17.546657479590937,0.05935843221973039,0.2723053615291531,39.86860386042937,10.445366340143952,0.036602770996513004,14.631583527526258,8.22764270790443,6.531668117898188,6.264411721534074,3.794340156942217
2019,BZ,0,NE,Trentino Alto Adige,021,7.606581851307587,7.84645472347391,7.726518287390748,6960346.0,43.74380937917269,0.21613180623134925,9.852022072694462,3819797.0,409.28352499232807,248.7590709335808,19.82080652132347,14.298731536878893,14.390855927691582,2.9,65.62137442444985,45.965653717240784,9.571653838392436,1.318294652791831,7.512014179973351,2140.7655611448695,1413.4143713861502,1.6171722478634,14.63158352752626,8.22764270790443,6.531668117898188,6.264411721534074,3.778350102886943
2019,CA,0,I,Sardegna,118,6.7086658310431675,6.971505595478725,6.8400857132609465,3816513.0,46.692637684213224,0.2523325289780636,9.553952931551734,2023726.0,170.07145636643594,160.2428763410769,0.4763230826147302,14.298731536878893,14.390855927691584,15.8,34.22016188360364,8.838284582621291,9.768476723483026,0.05303100100680378,1.3611808825600926,190.5741840583304,84.35373273118552,-0.13772981681994015,14.631583527526258,8.22764270790443,6.531668117898188,6.264411721534074,3.843586500944935
2019,CB,0,S,Molise,070,5.996892414581674,6.398119456322599,6.197505935452136,1992225.0,52.11512539734108,0.3326931284677764,9.373595941255951,1297895.0,277.72329201278444,261.8560101375494,3.779529292450546,14.298731536878893,14.390855927691584,11.8,30.10759576558578,2.7207167201471463,11.335700434649231,0.04684793333343965,0.35780316096471587,26.756591861274728,1.4911587505140893,-0.3751647681245223,14.631583527526258,8.22764270790443,6.531668117898188,6.264411721534074,3.9534552213543908
2019,CE,0,S,Campania,061,6.305061143228187,6.686096572502423,6.495578857865306,4986279.0,42.76615390779926,0.192407140859279,9.445976830575441,2558569.0,450.60475079236755,397.7092026996374,4.7126221404021855,14.298731536878893,14.390855927691584,18.4,30.640391423674576,0.7721188361306954,7.707136891174511,0.02355201327041263,0.14757917246900593,29.49196488834623,5.657229742873326,-0.5210341892739115,14.631583527526258,8.216628493133443,6.540604143171937,6.2810872845616945,3.7557469931964738
2019,CH,0,S,Abruzzo,069,6.285363469738488,6.674907634929861,6.4801355523341755,3875907.0,46.59543952634552,0.2500891421938898,9.486524387318589,2457420.0,763.5276306815997,666.9978610274457,48.16648051505769,14.298731536878893,14.390855927691584,13.5,24.46297666471146,3.145262558960676,13.05222570669977,0.0630176145513383,0.6265550581449412,49.6994506872348,4.689478650873815,-0.26856717641533223,14.63158352752626,8.216628493133443,6.540604143171937,6.2810872845616945,3.8415026721010705
2019,CI,0,I,Sardegna,119,6.571006464770109,6.844706618650957,6.707856541710533,639601.0,46.692637684213224,0.2523325289780636,9.50420871573191,405268.0,185.90863299203045,158.80325506527913,1.578879916785536,14.298731536878893,14.390855927691584,16.1,34.8353334607855,3.773816022541956,10.027735109291498,0.08202807753840068,0.998936211900292,124.03625559420936,43.09986798967964,0.18114118627838294,14.63158352752626,8.216628493133443,6.540604143171937,6.2810872845616945,3.843586500944935
2019,CL,0,I,Sicilia,085,5.888351577931329,6.259490086823837,6.073920832377582,2247404.0,43.338953058870395,0.23105349728161417,9.287341822280451,1586140.0,75.28053874604797,117.71809735288872,-3.1813445055660834,14.298731536878893,14.390855927691584,18.3,21.986969102013706,1.631323375000905,6.497823888603161,0.012195118544209238,0.12240022719895957,29.975588803944575,5.275999305022708,-0.4932772125402545,14.631583527526258,8.216628493133443,6.540604143171937,6.2810872845616945,3.769051839352906
2019,CN,0,NW,Piemonte,004,6.648694884957751,7.036349218446292,6.842522051702022,6123026.0,46.01780169572052,0.2702130467227311,9.725126838875328,4229059.0,2084.259558093472,1441.5915780552934,526.2581263079467,14.298731536878893,14.390855927691584,4.8,27.152200104235806,5.860397019892194,5.384013237325135,0.06556027963928332,1.7362594880517237,221.84982938387674,74.95752612543585,-0.16089027010250853,14.631583527526258,8.222016437202196,6.615033564763976,6.293200682344446,3.8290283150116973
2019,CO,0,NW,Lombardia,013,7.032624553209315,7.336587664182185,7.184606108695751,5067619.0,45.99210551342149,0.23324637851742677,9.808291524709452,2841534.0,787.1509118141371,595.2714918090453,46.06803794567799,14.298731536878895,14.390855927691582,6.4,35.46146065338409,3.697399612267913,16.211125968630835,0.19515043434294777,1.9230171157167435,299.33971350407126,235.59940449361795,-0.02573511892223443,14.631583527526258,8.222016437202196,6.615033564763976,6.293200682344446,3.8284697624873765
2019,CR,0,NW,Lombardia,019,6.353078245962046,6.721211896045791,6.537145071003919,2649937.0,45.99210551342149,0.23324637851742677,9.85132456787233,1441644.0,599.3961053626584,391.71639376023097,30.7240258709623,14.298731536878893,14.390855927691584,5.0,18.676888797504795,0.5496773935904403,10.305251959396308,0.019450213708101596,0.1047172019857477,11.15114725151142,5.23476547475507,-0.6245313640408917,14.631583527526258,8.222016437202196,6.615033564763976,6.293200682344446,3.8284697624873765
2019,CS,0,S,Calabria,078,6.1346820386164636,6.450170067966514,6.292426053291489,4808194.0,44.4773933981426,0.22525830662171084,9.307731236488486,3364848.0,424.9297054358347,408.86535729655793,1.9547852720017047,14.298731536878893,14.390855927691582,21.4,27.753179336843832,6.241421663992035,4.157915505056654,0.017000095476672066,0.274965449688414,80.24485105880542,7.186130048802915,-0.3098507475383596,14.631583527526258,8.222016437202196,6.615033564763976,6.293200682344446,3.7949810465647196
2019,CT,0,I,Sicilia,087,6.348569350211317,6.714551535026406,6.5315604426188605,11676751.0,43.338953058870395,0.23105349728161417,9.438045905468924,6641073.0,133.8496576290451,150.85304383287988,-0.48294214665726176,14.298731536878893,14.390855927691584,16.1,33.883378633570906,1.2327502277826017,13.193418685949025,0.03014587955621181,0.28373116045842395,70.74117572943798,31.160389198885444,-0.09371498408563018,14.631583527526258,8.20849175174038,6.649217055530189,6.290373372601977,3.769051839352906
2019,CZ,0,S,Calabria,079,6.338620232141125,6.554845510693083,6.446732871417103,3817935.0,44.4773933981426,0.2252583066217108,9.316179764414612,2540589.0,225.00704461213644,264.30984169973937,-4.208178974385238,14.298731536878893,14.390855927691584,20.7,38.36238806332622,6.822798974366471,1.5443412558212835,0.010811809083063773,0.14245177056512145,94.51200444514687,11.647826669301676,-0.295260224925914,14.631583527526258,8.20849175174038,6.649217055530189,6.290373372601977,3.7949810465647196
2019,EN,0,I,Sicilia,086,6.368825591164547,6.6989479259973095,6.533886758580929,1540353.0,43.338953058870395,0.23105349728161415,9.327078634090848,1187090.0,28.95987121230906,42.19508755485476,-0.49115411339358545,14.298731536878893,14.390855927691584,23.6,20.826920111781554,0.4121048193947145,12.216447199369142,0.021169721691874966,0.12351399680993358,18.083414433057403,7.062608918229794,-0.4605306183878529,14.631583527526258,8.20849175174038,6.649217055530189,6.290373372601977,3.769051839352906
2019,FC,0,NE,Emilia Romagna,040,7.072625340168473,7.310045840631367,7.19133559039992,4545547.0,45.57860644980555,0.23634173735933547,9.76090367136578,2364517.0,170.71657860924432,101.86089190351576,4.268251008923625,14.298731536878893,14.390855927691584,5.5,35.0044912518479,9.443395618297101,12.81104070436948,0.3249001113127579,1.1920076639844226,308.14954508708286,44.0893428689249,0.3555279437210804,14.631583527526258,8.20849175174038,6.649217055530189,6.290373372601977,3.819438449629344
2019,FE,0,NE,Emilia Romagna,038,6.565052977888051,6.892508385925228,6.728780681906639,4757596.0,45.57860644980555,0.23634173735933547,9.751253359067572,3095941.0,84.02424374184372,56.68471284508688,0.5805908462994698,14.298731536878893,14.390855927691584,8.7,37.220108615217896,1.5535618129524953,16.890272225416957,0.5313911029916624,4.552827581149926,114.57479053335858,35.685519163857606,0.027098316854244287,14.631583527526258,8.195609567288775,6.568014350595492,6.299744281984828,3.819438449629344
2019,FG,0,S,Puglia,071,6.486150027882565,6.811745887051871,6.648947957467219,3351079.0,44.44889743063807,0.22464109637209043,9.31619118632017,1904569.0,173.24152872809617,211.0155436998092,-5.512166616793575,14.298731536878892,14.390855927691584,11.8,28.326646952073514,12.460542204083053,18.721552351932946,0.1704424491602881,5.817984177408409,355.996449458108,59.017225034029906,0.23331550943916413,14.631583527526258,8.195609567288775,6.568014350595492,6.299744281984828,3.794340156942217
2019,FI,0,C,Toscana,048,7.278354588907529,7.631396835388511,7.45487571214802,9578126.0,46.4847707089806,0.2713152480396638,9.84585019357615,4994321.0,171.6549381138293,124.90744230227862,1.5636628428514485,14.298731536878895,14.390855927691584,6.2,33.050978573142274,2.8519357044887084,23.66421860367877,0.30108708222002944,2.9487866078125893,286.08360697447637,180.51201375999233,0.8042489887490389,14.631583527526256,8.195609567288775,6.568014350595492,6.299744281984828,3.839124747314836
2019,FM,0,C,Marche,109,6.6818656070500735,6.964849584589421,6.823357595819747,3402736.0,46.521314937064986,0.2414946890054381,9.627393078621411,1870032.0,133.1109993904629,116.09951645677825,1.7170112019278971,14.298731536878893,14.390855927691584,5.8,14.734820311211493,1.084048370021232,2.9542916021835937,0.07370114482548477,0.2006001299175333,76.71469636550539,10.106643311447952,-0.14198600555982863,14.631583527526258,8.195609567288775,6.568014350595492,6.299744281984828,3.839910593309993
2019,FR,0,C,Lazio,060,6.56215325091809,6.887448743350239,6.724800997134165,4679530.0,46.418143833833085,0.23533623628905836,9.610908573938593,2531224.0,209.17922338819312,175.40759085586808,3.841299143450953,14.298731536878893,14.390855927691582,14.3,41.29805611299838,3.533855186142409,8.183441190354413,0.0218107434696219,0.10378866430622134,92.99789914730826,41.311719530022124,-0.3398398963151585,14.631583527526258,8.189244525735901,6.755038680985223,6.338120501213412,3.837690413701126
2019,GE,0,NW,Liguria,010,7.001928798618404,7.37304149978202,7.187485149200212,10080931.0,49.57232175666865,0.3172458549433695,9.811204184334983,6393528.0,1434.496546043595,937.780240053778,367.4476945339136,14.298731536878893,14.390855927691584,10.0,33.89242090234828,5.435574815278435,10.506666205133271,0.07936125124439314,0.6740663557993677,241.57388193058614,140.9059489154,0.07324243792979127,14.631583527526258,8.189244525735901,6.755038680985223,6.338120501213412,3.9034326488752744
2019,GO,0,NE,Friuli Venezia Giulia,031,6.722705390442765,6.902019414147586,6.812362402295175,2127160.0,47.4939594664427,0.24719353196482963,9.839562351187984,1343916.0,160.7688681843939,103.80941765152421,6.215317695074145,14.298731536878895,14.390855927691584,7.6,31.248510935419016,5.206817634002055,14.498908729738018,0.3400278446014172,7.21279562839127,336.6180537099275,239.24267787155597,0.2142841089659684,14.631583527526258,8.189244525735901,6.755038680985223,6.338120501213412,3.8606025338263943
2019,GR,0,C,Toscana,053,7.179942496611258,7.510015708825122,7.344979102718191,2727013.0,46.4847707089806,0.2713152480396638,9.624624086679594,1980385.0,122.83329317655775,86.08322045952458,2.098651934533505,14.298731536878893,14.390855927691584,7.1,26.607252131591935,11.689716760624481,15.262968606181397,0.530960981790479,7.303480031647588,605.1469842540472,148.00500569539514,1.1554506424255642,14.631583527526258,8.189244525735901,6.755038680985223,6.338120501213412,3.839124747314836
2019,IM,0,NW,Liguria,008,7.127957273318076,7.472075245141292,7.300016259229684,3038294.0,49.57232175666865,0.3172458549433695,9.580272686864692,2793418.0,627.1222217142157,433.4273546673004,60.794111131709535,14.298731536878893,14.390855927691584,13.6,22.245374011142736,5.320946339301422,10.299090426604243,0.08206781945125739,1.7882710550768546,336.42208678917547,158.34939774671494,0.24060930777280073,14.631583527526258,8.20849175174038,6.5559991436341845,6.343004906922117,3.9034326488752744
2019,IS,0,S,Molise,094,6.088376313034207,6.484540424565572,6.28645836879989,594308.0,52.11512539734108,0.3326931284677764,9.373078176983013,412977.0,211.07775444997498,198.46354601670956,3.969431462959738,14.298731536878893,14.390855927691584,13.1,27.936045480211714,1.332062071102123,12.90454136465073,0.05230196200486582,0.443600849168858,19.452241338469612,0.8242253282088359,-0.4410777008599786,14.631583527526258,8.20849175174038,6.5559991436341845,6.343004906922117,3.9534552213543908
2019,KR,0,S,Calabria,101,6.242505833504952,6.503926500697462,6.373216167101207,1958063.0,44.4773933981426,0.2252583066217108,9.237707375136893,1107286.0,70.14570276916862,65.42924813340383,0.25807098765785563,14.298731536878893,14.390855927691584,28.8,42.66902778257418,5.991279990826304,1.7700227927736014,0.004614159048605858,0.1705047586403752,100.44070432808628,7.08053180654943,-0.17994636398764047,14.631583527526258,8.20849175174038,6.5559991436341845,6.343004906922117,3.7949810465647196
2019,LC,0,NW,Lombardia,097,6.92960288349741,7.183227230709019,7.056415057103214,3054066.0,45.9921055134215,0.23324637851742677,9.924602489108292,1830946.0,504.96107065237555,380.48304022823356,92.85367372641949,14.298731536878893,14.390855927691584,5.3,25.926235407590333,2.010690276712475,13.596101767995332,0.17012476598026316,1.7335995836422549,127.9902637674887,92.4331163367448,-0.16155173326980882,14.631583527526258,8.20849175174038,6.5559991436341845,6.343004906922117,3.828469762487377
2019,LE,0,S,Puglia,075,6.268784812776133,6.5425100534539835,6.405647433115059,8309360.0,44.44889743063807,0.2246410963720904,9.39009016719303,5472702.0,143.90749997314575,138.86396697258684,0.16434776253867167,14.298731536878893,14.390855927691584,17.5,20.8354705737899,5.583542774670873,17.01816598516183,0.09852219432635621,1.90416336269493,136.36295097497924,32.84668807292923,0.11372218282042981,14.631583527526258,8.231109840328154,6.5347232013913,6.352668831926445,3.794340156942217
2019,LI,0,C,Toscana,049,7.478122869415937,7.773955721533857,7.626039295474897,3329227.0,46.4847707089806,0.2713152480396638,9.74396006085982,2010071.0,142.3905388019718,107.40062367991457,3.5172326109139758,14.298731536878893,14.390855927691584,5.8,33.19492516025888,27.825061664309725,17.376903954302342,0.6975469197381386,15.986445255467931,1104.3374818296677,374.3991127119334,1.352897451214178,14.631583527526258,8.231109840328154,6.5347232013913,6.352668831926445,3.839124747314836
2019,LO,0,NW,Lombardia,098,6.850598834572793,7.11017351457592,6.980386174574357,2941201.0,45.992105513421485,0.23324637851742677,9.897373181134574,1572202.0,348.23055363100406,252.0363604583287,52.31024431527957,14.298731536878893,14.390855927691584,7.2,30.247734000549976,0.5762943797618695,6.851365547409834,0.015906091196308668,0.06413685824671812,5.589402290386714,2.1512327493668897,-0.5660799824717532,14.631583527526258,8.231109840328154,6.5347232013913,6.352668831926445,3.8284697624873765
2019,LT,0,C,Lazio,059,6.914332876687192,7.240967651646667,7.077650264166929,9206737.0,46.418143833833085,0.23533623628905836,9.514476760310052,5148096.0,153.28531794438655,127.78143598440886,1.8135283437645673,14.298731536878893,14.390855927691584,13.6,37.10676540862734,4.282248708264481,7.1951778417931616,0.05014733185000227,0.4730432169028908,190.8826417085729,26.95054466046766,0.12164471724733286,14.631583527526258,8.231109840328154,6.5347232013913,6.352668831926445,3.837690413701126
2019,LU,0,C,Toscana,046,7.008352816573283,7.311211995252644,7.1597824059129636,4221888.0,46.4847707089806,0.2713152480396638,9.731958982143874,2565588.0,209.0958816490491,142.85101467222154,5.8840271826457125,14.298731536878893,14.390855927691584,7.8999999999999995,37.3361116280074,6.162637897542344,25.052744323118663,0.2872860346024317,2.254573620706111,203.1897185692122,82.64702530415413,0.7073266163148259,14.631583527526258,8.236950048061455,6.738525410961475,6.372983134806067,3.839124747314836
2019,MB,0,NW,Lombardia,108,7.212859017832735,7.437861634871229,7.325360326351982,9432246.0,45.99210551342149,0.23324637851742674,9.977961787146114,4747490.0,706.8325224644103,483.53369093825086,4.197642161641547,14.298731536878893,14.390855927691586,7.0,48.15729074479479,0.6569769708793752,17.048953168417203,0.012277403279441315,0.06819256714354899,33.868309448298604,9.356137193505539,-0.37855163166465555,14.631583527526258,8.236950048061455,6.738525410961475,6.372983134806067,3.8284697624873765
2019,MC,0,C,Marche,043,6.701983256498045,7.046707436618677,6.874345346558361,2795856.0,46.521314937064986,0.2414946890054381,9.709198369192357,1531159.0,167.5124691454414,152.17290660922978,2.5184807044552557,14.298731536878893,14.390855927691584,7.6,26.875364100190225,1.7663855884369297,10.524731630136278,0.22151437757075232,0.8477647198728347,87.18150260074653,12.9549073844194,0.21406336457097264,14.631583527526258,8.236950048061455,6.738525410961475,6.372983134806067,3.839910593309993
2019,ME,0,I,Sicilia,083,6.461393260809611,6.841657096232616,6.651525178521114,5845439.0,43.338953058870395,0.23105349728161417,9.397665297270452,3950766.0,267.3874113818782,336.4320366334234,-7.886603111791921,14.298731536878893,14.390855927691582,25.9,38.59542691070551,7.434555288175639,13.511963275680722,0.089961435640336,1.1026424622091626,201.58433536076188,110.95118855073234,-0.03252401188196798,14.631583527526258,8.236950048061455,6.738525410961475,6.372983134806067,3.769051839352906
2019,MI,0,NW,Lombardia,015,7.250697725447738,7.475847305834259,7.363272515640999,49577302.0,45.99210551342149,0.23324637851742677,9.989968392730118,27171986.0,811.3621774066512,555.0408843120086,7.935426755475731,14.298731536878893,14.390855927691584,5.9,58.04906021443205,1.51376648909113,7.300316195883095,0.01705592842074532,0.08042612720514554,105.00807131376409,45.793799838083174,-0.2622540261938258,14.631583527526258,8.22389538017882,6.925838639064728,6.390483674089449,3.8284697624873765
2019,MN,0,NW,Lombardia,020,6.2821076813734935,6.6186711742588304,6.450389427816162,4833255.0,45.99210551342149,0.2332463785174268,9.812806828988725,2502857.0,236.83964857944486,162.64137136420567,3.5165040873827547,14.298731536878893,14.390855927691584,6.4,28.54993692463375,0.6816012581899497,11.942462296523864,0.05940807283791911,0.34569361627485573,55.60312561862746,18.15417998761454,-0.1542629682936963,14.631583527526258,8.22389538017882,6.925838639064728,6.390483674089449,3.8284697624873765
2019,MO,0,NE,Emilia Romagna,036,6.789980816826774,7.128672850033845,6.9593268334303096,7538659.0,45.57860644980555,0.23634173735933545,9.871049246237256,3960372.0,319.6232526264341,187.67874443361018,7.623862851479193,14.298731536878893,14.390855927691584,6.5,55.7591028933953,5.034268965507387,9.55844094919734,0.05391256527924799,0.4906897974730535,148.49347015974416,27.555338175273548,0.2842357304163884,14.631583527526258,8.22389538017882,6.925838639064728,6.390483674089449,3.819438449629344
2019,MS,0,C,Toscana,045,6.835705537683252,7.224367343105916,7.030036440394584,2497944.0,46.4847707089806,0.2713152480396638,9.731648928866655,1625472.0,106.16688795331228,88.63095932780998,1.2569164615357509,14.298731536878893,14.390855927691586,7.0,32.907547538246305,2.902684832617887,17.528132310849823,0.11517846283962668,1.1058169017311037,95.52115003579247,28.99226621446532,0.45528147619032666,14.63158352752626,8.22389538017882,6.925838639064728,6.390483674089449,3.839124747314836
2019,MT,0,S,Basilicata,077,6.160000334479328,6.490410093166001,6.325205213822664,2205075.0,47.99680159807871,0.2632883312571777,9.379652783298363,1315155.0,114.3142518253468,119.2196172801997,-0.6215852401826932,14.298731536878893,14.390855927691584,10.5,34.697878587912214,4.786268780310069,17.452702373409245,0.16384669015193182,0.8027253212535113,166.3218476669463,19.085367212985116,0.028037461208400092,14.631583527526258,4.7535901911063645,10.077811634903698,9.740311117926677,3.871134375314429
2019,NAP,0,S,Campania,063,6.985547927011026,7.40042868067639,7.192988303843707,30287251.0,42.76615390779926,0.192407140859279,9.519500747972192,13670528.0,189.42462749162794,260.68290197422317,-1.241266539632277,14.298731536878893,14.390855927691584,23.3,59.39129935525029,5.313642090893979,7.419715614403658,0.13297693376750366,0.6558543218362722,215.3669475253329,123.52276362075014,-0.12462104881044381,14.63158352752626,4.7535901911063645,10.077811634903698,9.740311117926677,3.7557469931964738
2019,NO,0,NW,Piemonte,003,6.603514506340127,6.962980379925325,6.783247443132725,3370503.0,46.01780169572052,0.2702130467227311,9.875379316769752,1937327.0,403.3100549393052,305.4575943995633,11.279219271152709,14.298731536878893,14.390855927691584,8.0,42.14973605189297,4.1874107826465625,3.768924907191678,0.03814117419868074,0.5586315444936429,267.64216688448596,158.6163726482893,-0.15351302250597543,14.631583527526258,4.7535901911063645,10.077811634903698,9.740311117926677,3.8290283150116973
2019,NU,0,I,Sardegna,114,6.652001300389211,6.836699787556932,6.744350543973072,1013326.0,46.692637684213224,0.2523325289780636,9.41905438066916,634142.0,143.07217729792106,195.03562366631837,-8.844245101816952,14.298731536878893,14.390855927691584,11.3,28.075594782143924,5.713730591558305,7.690252586496111,0.0799671110738531,0.5992880955988433,154.28771343482435,80.73473871597358,-0.07078654161678057,14.63158352752626,4.762173934797756,10.00404101556623,9.736351489591204,3.843586500944935
2019,OG,0,I,Sardegna,116,6.778619151487428,6.969896229879992,6.8742576906837085,291814.0,46.692637684213224,0.2523325289780636,9.494955125351382,209723.0,99.7073220138047,135.92076461216615,-2.9400279449181967,14.298731536878893,14.390855927691586,11.3,35.77266298970245,6.21434824417512,6.523168181538997,0.0755035105879502,0.9556364068396009,252.4440952153727,137.18624499670304,0.2369577979779067,14.631583527526258,4.762173934797756,10.00404101556623,9.736351489591204,3.843586500944935
2019,OR,0,I,Sardegna,115,6.011733847657137,6.394401658683006,6.203067753170072,965316.0,46.692637684213224,0.2523325289780636,9.431138044655906,599371.0,282.32490849017023,308.5724932399049,-11.25420596786871,14.298731536878893,14.390855927691584,17.0,14.070599175719213,1.9716074445943343,6.009967521882746,0.06681748537210083,0.5868466894506654,143.3731461502426,59.48087356977078,-0.2596488879428424,14.631583527526258,4.762173934797756,10.00404101556623,9.736351489591204,3.843586500944935
2019,OT,0,I,Sardegna,113,7.173923767488357,7.480258334307058,7.327091050897707,1317233.0,46.692637684213224,0.2523325289780636,9.542811768773772,1124419.0,156.15378206318562,124.37210373355774,1.7248494872290538,14.298731536878893,14.390855927691584,11.3,46.27404056426824,37.797793879712565,15.798454442270133,0.16458049235360897,17.082073633557265,941.4361347241419,542.0112312577759,1.0830594645531522,14.631583527526256,4.787491742782046,9.97644080663885,9.71650928773499,3.843586500944935
2019,PA,0,I,Sicilia,082,6.126174801929052,6.472300055342247,6.299237428635649,13047577.0,43.338953058870395,0.23105349728161417,9.349320866478763,7462386.0,272.8035641305626,412.4441944809761,-10.024106762840763,14.298731536878893,14.390855927691582,19.1,31.923549592179647,3.093416028939834,24.332846782587055,0.054861720719589384,0.5752491736226684,74.96701897915112,35.09128431262862,-0.18794497501724203,14.63158352752626,4.787491742782046,9.97644080663885,9.71650928773499,3.769051839352906
2019,PC,0,NE,Emilia Romagna,033,6.722515290477503,7.008880022858013,6.865697656667757,3877033.0,45.57860644980555,0.2363417373593355,9.805811806609562,2312075.0,422.3485244693142,270.4028408854013,94.55288641276402,14.298731536878895,14.390855927691586,5.7,37.3280691327512,3.2394781043810394,10.492193246164424,0.05043874505829784,0.4959990245363302,60.0217049961991,14.9215555719823,-0.06967376476579838,14.631583527526258,4.787491742782046,9.97644080663885,9.71650928773499,3.819438449629344
2019,PD,0,NE,Veneto,028,6.905905926983779,7.11491248463858,7.01040920581118,9487571.0,44.39031208149985,0.23298366422075203,9.844285565313301,4837637.0,267.78490325470455,189.07540481191398,2.8375197580781695,14.298731536878893,14.390855927691584,5.7,37.20430652190594,2.6270268685099327,32.07719835411761,0.2560981815745022,0.6218307990718009,157.17689397546064,61.19351245129242,0.17775921773098555,14.631583527526258,4.709530201312334,10.13499962624809,9.812672255593064,3.7930212492672735
2019,PE,0,S,Abruzzo,068,6.338000674075659,6.696627334999005,6.517314004537332,4616197.0,46.595439526345515,0.2500891421938898,9.511681555412519,2497227.0,380.0137773584013,288.1415825867962,18.564702198628666,14.298731536878893,14.390855927691584,12.0,26.531955783835055,2.4209823584155816,15.439988391493713,0.06490004302743711,0.7255473302689309,57.82392586291174,8.667185030252377,-0.1946457344422101,14.631583527526258,4.709530201312334,10.13499962624809,9.812672255593064,3.84150267210107
2019,PG,0,C,Umbria,054,6.543086748577977,6.853004067337973,6.698045407957975,6743076.0,47.30555426356589,0.2975232558139535,9.710205983197772,3724693.0,210.8287051194009,157.98900793918992,2.995342463394252,14.298731536878893,14.390855927691584,7.8,25.3511325086903,3.4718360878076067,18.25790832723061,0.3985489695937285,2.7428077954353083,276.21895900117573,88.7953296416587,0.8376334890643882,14.63158352752626,4.709530201312334,10.13499962624809,9.812672255593064,3.8566277148949935
2019,PI,0,C,Toscana,050,7.011944336128501,7.303089487358626,7.1575169117435635,3552655.0,46.4847707089806,0.2713152480396638,9.797780172695036,1928139.0,167.1973183312458,141.62654868234335,1.6666898543267505,14.298731536878893,14.390855927691584,6.1,31.459023434030374,3.136153094996962,23.608367262873305,0.28987566411684296,3.806377330585422,228.4199116852226,126.85368051787,0.6700412266515657,14.631583527526258,4.74493212836325,10.119982383345164,9.760596201120467,3.839124747314836
2019,PN,0,NE,Friuli Venezia Giulia,093,6.448791441770892,6.758403609622143,6.603597525696517,2980387.0,47.493959466442696,0.24719353196482963,9.816306356574422,1589513.0,385.71198505785713,237.15470078963378,32.057380786198856,14.298731536878893,14.390855927691584,4.5,55.54886758892551,4.166056279232947,16.87879446023149,0.16097492802251892,1.639917131401141,77.91724237436547,20.248231154764905,0.14922942427267638,14.631583527526258,4.74493212836325,10.119982383345164,9.760596201120467,3.8606025338263943
2019,PO,0,C,Toscana,100,7.200424196328965,7.4660764531864015,7.333250324757683,3560282.0,46.4847707089806,0.2713152480396638,9.799738711323364,1553409.0,62.371152971698166,41.27382399734751,0.40291009538144723,14.298731536878895,14.390855927691584,6.2,27.781360474340225,0.49596395826734957,32.929096223986775,0.07951240450219983,0.48024448581738177,63.568483331316926,34.52424088160926,0.18700098825036893,14.631583527526258,4.74493212836325,10.119982383345164,9.760596201120467,3.839124747314836
2019,PR,0,NE,Emilia Romagna,034,6.4806882795322185,6.768117715940177,6.624402997736197,4336822.0,45.57860644980555,0.23634173735933547,9.865765008748417,2424065.0,266.8551239195259,156.37913692370103,8.400074494258813,14.298731536878893,14.390855927691584,4.9,44.92538973332468,2.2257732777888277,14.480726198405415,0.15307169034234605,0.6011947734069599,100.75272352876675,30.630493582723442,0.22686296029079023,14.631583527526258,4.736198448394496,10.03459848502317,9.765909043319038,3.819438449629344
2019,PT,0,C,Toscana,047,7.147633574006379,7.300597437884476,7.224115505945428,3119196.0,46.48477070898059,0.2713152480396638,9.736211761760625,1693584.0,87.6193499025104,55.03031618877055,1.0001197589476662,14.298731536878893,14.390855927691584,8.5,36.60726474347401,7.285677254387074,21.684789295660416,0.10768985764994213,0.9614330265773038,368.6070463103083,178.79253627613673,0.408354516054127,14.631583527526258,4.736198448394496,10.03459848502317,9.765909043319038,3.839124747314836
2019,PU,0,C,Marche,041,6.846636651116996,7.164146403587215,7.0053915273521055,4165908.0,46.521314937064986,0.2414946890054381,9.676519537934865,2340804.0,222.576336419334,172.7567199824842,5.057728750746565,14.298731536878893,14.390855927691584,6.799999999999999,21.483706887914778,6.18381973206532,13.457386484527,0.531325334494882,2.2368263791689325,154.5065936519392,29.601674859826183,0.43856787749804904,14.631583527526258,4.736198448394496,10.03459848502317,9.765909043319038,3.839910593309993
2019,PV,0,NW,Lombardia,018,6.786756076949036,6.950554924709711,6.868655500829374,5758968.0,45.99210551342149,0.23324637851742677,9.806463276785289,3390504.0,1666.3678803338883,1125.7136919506631,238.70983888393988,14.298731536878893,14.390855927691584,6.7,21.39772812395265,0.8710761155488764,8.847773129804137,0.030871398594078597,0.23455803725212349,19.469940990888677,4.285698860874071,-0.5375241061260704,14.631583527526258,4.74493212836325,10.20667834592655,9.7891757876735,3.8284697624873765
2019,PZ,0,S,Basilicata,076,6.181642809748069,6.386887467863748,6.2842651388059085,3503403.0,47.99680159807871,0.2632883312571777,9.429141049679934,1993486.0,186.35012016421106,236.40455997836037,-5.805677673792339,14.298731536878892,14.390855927691582,10.9,35.6130582232158,2.227374338317663,17.034995074315702,0.08225557559889952,0.9974636081585306,65.79430425058224,8.075143141316468,-0.19451692455066832,14.63158352752626,4.74493212836325,10.20667834592655,9.7891757876735,3.871134375314429
2019,RA,0,NE,Emilia Romagna,039,6.875371439967136,7.175796718748488,7.025584079357812,4765738.0,45.57860644980555,0.23634173735933547,9.811876071643768,2911133.0,73.92794029638286,54.46955939692733,0.4363329315180905,14.298731536878893,14.390855927691586,4.6,46.678546512995474,9.16468125740733,14.307241879446725,0.157275570385545,0.7490888436783194,299.9663459671536,44.92052491885563,0.22863939298642372,14.631583527526258,4.74493212836325,10.20667834592655,9.7891757876735,3.819438449629344
2019,RC,0,S,Calabria,080,6.08064533218146,6.441479635800577,6.261062483991019,5456660.0,44.4773933981426,0.2252583066217108,9.271413656963178,3600378.0,353.6206412019243,447.7331958459469,-12.696966049207187,14.298731536878893,14.390855927691584,18.9,29.098109805846416,2.1012591816528885,3.33766242105319,0.009614623904634936,0.12270777990161015,37.217455209879276,5.636191388468941,-0.4389104884259304,14.631583527526258,4.709530201312334,10.062358244391275,9.849036166574955,3.7949810465647196
2019,RE,0,NE,Emilia Romagna,035,6.63178360248747,6.905182555175601,6.768483078831535,6683669.0,45.57860644980555,0.23634173735933547,9.901167976148619,3397043.0,140.97825811120484,101.5903750493247,0.8065919689637832,14.298731536878892,14.390855927691584,4.0,53.55824418045591,1.1725692994897676,11.358040337430833,0.03155125844204128,0.23108539533339287,55.55392190202138,14.909442822399695,-0.04563550324009205,14.631583527526258,4.709530201312334,10.062358244391275,9.849036166574955,3.819438449629344
2019,RG,0,I,Sicilia,088,6.369825469456299,6.748057002271868,6.558941235864085,3367670.0,43.338953058870395,0.2310534972816142,9.314842088174961,2243480.0,32.03550386853014,24.809327440925998,0.14245536605059325,14.298731536878893,14.390855927691584,16.5,43.281758189434726,2.842567219417396,19.15782768109516,0.09270076398067416,0.6369952589213029,73.58941397936762,22.594565270610868,0.28693606599179633,14.63158352752626,4.709530201312334,10.062358244391275,9.849036166574955,3.769051839352906
2019,RI,0,C,Lazio,057,6.570889029534284,6.8752564457346566,6.723072737634469,1024910.0,46.418143833833085,0.23533623628905836,9.614772323307411,699611.0,446.75958547602323,433.20692139127596,5.681488132820766,14.298731536878893,14.390855927691584,10.3,17.52395366358568,1.0419993389398914,4.246646343557927,0.02230734043021179,0.31733092347205616,10.864896601332612,2.4593951581381885,-0.5356444638129408,14.631583527526258,4.663439094112067,10.110193892896717,9.927857232617749,3.837690413701126
2019,RM,0,C,Lazio,058,6.9332299067701095,7.305845814879322,7.119537860824716,46198599.0,46.418143833833085,0.23533623628905834,9.734366779855552,23890965.0,2244.9813988139454,1596.0455340993856,155.7101320614761,14.298731536878893,14.390855927691584,9.1,40.39120395512532,1.52497993605412,7.1886094530617815,0.03959945558487368,0.19350338458568891,60.96941884788363,33.25239163984345,-0.1089649971909306,14.63158352752626,4.663439094112067,10.110193892896717,9.927857232617749,3.837690413701126
2019,RN,0,NE,Emilia Romagna,099,7.2229657281444375,7.554579586164112,7.3887726571542744,3898357.0,45.57860644980555,0.23634173735933547,9.673223073642719,2178934.0,228.3757086474851,142.14696787889307,8.692436538143198,14.298731536878893,14.390855927691582,8.0,41.960940424651106,18.428034983474106,13.039338298910236,0.42900345817740787,1.5073457959698227,465.6883353833099,88.44713292643918,0.6053413713378116,14.631583527526258,4.663439094112067,10.110193892896717,9.927857232617749,3.819438449629344
2019,RO,0,NE,Veneto,029,6.712422517821103,7.016032062807055,6.864227290314079,2442422.0,44.39031208149985,0.23298366422075203,9.728676700885014,1433195.0,140.93417197793067,120.8167444045354,1.3144283665036431,14.298731536878893,14.390855927691584,8.2,27.165261770306653,1.9228015328991268,27.70010579984798,1.3029227053178778,9.049147769005367,182.3289141977759,80.61990461871741,0.06794488290700869,14.631583527526258,4.653960350157523,10.329667390701948,9.963616123737987,3.7930212492672735
2019,SA,0,S,Campania,065,6.6252664544916176,6.917225145510182,6.7712458000009,11511364.0,42.76615390779926,0.192407140859279,9.370656605398427,6034264.0,477.1377083560244,474.7551547531953,0.2663879211857985,14.298731536878893,14.390855927691584,17.2,37.51710804608534,6.478051313377593,13.877458188309555,0.2080360069907349,2.0948654557224002,225.40664619116896,113.205928015609,0.05966349690319827,14.631583527526258,4.653960350157523,10.329667390701948,9.963616123737987,3.7557469931964738
2019,SI,0,C,Toscana,052,6.928851172161713,7.280821275370996,7.1048362237663545,2619280.0,46.4847707089806,0.2713152480396638,9.772923415961056,1576276.0,157.8556668930619,117.00692141632476,2.1059444342241527,14.298731536878893,14.390855927691584,7.0,29.378539081656637,12.627954939671113,22.466415640151713,0.9203761622636445,8.230650030549967,969.7801964999493,516.3086749670819,1.3586519013910472,14.631583527526258,4.653960350157523,10.329667390701948,9.963616123737987,3.839124747314836
2019,SO,0,NW,Lombardia,014,6.956128988972203,7.174556098904755,7.065342543938479,3288396.0,45.99210551342149,0.23324637851742677,9.742811450192322,3081825.0,291.7616375539675,209.458037736842,51.18000690349533,14.298731536878893,14.390855927691584,5.4,35.48058659879136,12.083497163796206,12.610221654753223,0.1373944480908191,1.769817686155314,407.9173379126856,137.719547092772,0.10945539788493913,14.631583527526258,4.624972813284271,10.533389368869912,9.997357001015924,3.8284697624873765
2019,SP,0,NW,Liguria,011,7.147662065781788,7.51381940454233,7.330740735162059,2733337.0,49.57232175666865,0.3172458549433695,9.793842565857975,1797071.0,269.80246310015656,173.1663450438222,11.871126773779666,14.298731536878893,14.390855927691584,9.0,33.622877457830256,8.764936787551877,23.496904095983233,0.9502813311873638,6.930105556032429,980.0391230489316,657.3090535620472,0.9575392125515857,14.631583527526258,4.624972813284271,10.533389368869912,9.997357001015924,3.9034326488752744
2019,SR,0,I,Sicilia,089,6.297895811156118,6.623883569509649,6.460889690332883,4288736.0,43.338953058870395,0.23105349728161417,9.43244886664183,2644421.0,63.797987119160204,68.10146747420788,-0.2440334808915908,14.298731536878893,14.390855927691584,24.1,40.35120118295775,2.1097145545546088,7.9687373015883045,0.055234428185078274,0.4033646411421877,73.55636134790316,29.03765247040419,-0.07146938149762816,14.631583527526256,4.624972813284271,10.533389368869912,9.997357001015924,3.769051839352906
2019,SS,0,I,Sardegna,112,6.579290598437468,6.873662876744732,6.7264767375911,3864705.0,46.692637684213224,0.2523325289780636,9.516607068476675,2168776.0,455.0656537573234,362.44701823349794,26.88334252319116,14.298731536878893,14.390855927691584,13.4,26.37310794451182,15.77511936622006,8.667647328713496,0.09303042572558522,2.0388441605274883,225.13330448154218,84.70185033533303,-0.10735145084803946,14.631583527526256,8.098642843759418,6.725563479655606,6.388527679111972,3.843586500944935
2019,SV,0,NW,Liguria,009,7.323109696777415,7.67405824675964,7.498583971768527,3157711.0,49.57232175666865,0.31724585494336943,9.759737207485253,2877373.0,395.064064835077,284.57460279990096,35.345175974788056,14.298731536878893,14.390855927691584,5.599999999999999,35.32555847491216,9.869661734966542,10.303035466772238,0.10743936887586522,1.2584598418611033,453.4517486466311,116.66069059378567,0.47685501739532765,14.631583527526258,8.085794701281568,6.673364155237066,6.406048713709602,3.9034326488752744
2019,TA,0,S,Puglia,073,6.423316594331497,6.764311868202617,6.593814231267056,6830298.0,44.44889743063807,0.22464109637209045,9.513668129011213,4042225.0,47.77605014859197,61.423414011214064,-0.2566028696997246,14.298731536878893,14.390855927691584,15.4,34.0369465304381,3.2660575282463835,17.64141247747636,0.0694968289730175,0.8062753243282107,62.315271841247394,10.758370699662462,0.14320272629918437,14.631583527526256,8.070593539949519,6.686485362187317,6.426910355489071,3.794340156942217
2019,TE,0,S,Abruzzo,067,6.360833265656353,6.736570927649658,6.548702096653005,3793911.0,46.595439526345515,0.2500891421938898,9.53616969861828,2437257.0,236.9965066400644,184.35708154714558,8.779851125688502,14.298731536878893,14.390855927691584,9.3,34.24413348660155,8.45646817932386,16.178842915377565,0.08670069095598469,2.6944597590539074,176.72745483902386,16.3641432381131,0.16689390392269846,14.631583527526258,8.074960359115858,6.761948891502306,6.4400463995897965,3.84150267210107
2019,TN,0,NE,Trentino Alto Adige,022,7.394884343703499,7.545976198690455,7.470430271196977,3634947.0,43.74380937917269,0.21613180623134925,9.775001185382221,2453452.0,703.0835169995299,430.9541403557375,57.57776849028614,14.298731536878893,14.390855927691584,5.0,39.43372289491979,28.526225177468945,11.899892917973872,0.1542878495960444,6.980954718819606,1189.246183130066,407.84901815332114,0.6452272514723635,14.631583527526258,8.078688229229872,6.7789006327085595,6.419988866102112,3.778350102886943
2019,TO,0,NW,Piemonte,001,6.61470967209503,6.985110669696349,6.799910170895689,25209768.0,46.01780169572052,0.2702130467227311,9.881757861550408,14621696.0,1981.9411927190245,1514.936924098912,219.90368697464118,14.298731536878895,14.390855927691582,8.3,37.76204823303957,7.146930012325542,4.325711513750247,0.011976995715469783,0.6890934676068948,250.52844506865145,64.0124430922413,-0.3499332415871266,14.631583527526258,8.072779333169498,6.690718239920318,6.42239819286979,3.8290283150116973
2019,TP,0,I,Sicilia,081,6.516199367265722,6.860128619379391,6.688163993322556,3731565.0,43.338953058870395,0.23105349728161415,9.341953605438633,2480914.0,55.81014199376528,55.47477230503357,0.0075411368314302904,14.298731536878893,14.390855927691584,17.8,46.783338714668176,8.66120862657823,12.319945378070976,0.14651718485707377,2.8462192621017546,335.8626104094689,85.65123221308754,0.4378910707028469,14.631583527526258,8.072779333169498,6.690718239920318,6.42239819286979,3.769051839352906
2019,TR,0,C,Umbria,055,6.676996424109833,7.052916561223545,6.86495649266669,4140058.0,47.30555426356589,0.2975232558139535,9.703189273505636,2351180.0,171.90627002469682,145.28616310575228,3.8474891462207026,14.298731536878893,14.390855927691584,10.4,25.524120441257804,3.0327918882898772,19.153723157247015,0.27062893586188935,1.8036569156497393,217.73782789828797,84.30060878736278,0.5928655811964598,14.631583527526258,8.068402958569699,6.875783266443336,6.458796461801279,3.8566277148949935
2019,TS,0,NE,Friuli Venezia Giulia,032,7.270071119363482,7.582704016579534,7.426387567971507,4589195.0,47.4939594664427,0.2471935319648296,9.944858538757169,2834128.0,92.93849059179092,53.98803017631303,2.701829857931911,14.298731536878893,14.390855927691584,5.8,32.48883874814521,3.354457692187472,24.759457569422956,0.45684619498642254,2.5244740788822684,338.06497117776314,164.52455091896664,1.0362605003726695,14.631583527526258,8.068402958569699,6.875783266443336,6.458796461801279,3.8606025338263943
2019,TV,0,NE,Veneto,026,6.925744385447618,7.091693587886068,7.008718986666843,8964809.0,44.39031208149985,0.23298366422075203,9.838670843521419,4442176.0,224.18140251785707,168.72266517645224,1.675333354115983,14.298731536878895,14.390855927691584,7.0,35.41067559974631,0.9526900783981582,35.17538167603692,0.294503949671891,0.8119485553917049,96.56847304270657,52.84237201613067,0.3541945605861114,14.631583527526258,8.043342170441608,6.720981150665718,6.507935516933391,3.7930212492672735
2019,UD,0,NE,Friuli Venezia Giulia,030,6.463310933667337,6.81536663770029,6.639338785683814,3230058.0,47.4939594664427,0.24719353196482963,9.790490577080528,1979260.0,543.88566303903,400.6233532335586,32.464517595796096,14.298731536878895,14.390855927691584,6.8,32.92410899378657,7.132031935298424,20.97256640913853,0.4756974366265796,8.093487214296008,275.44155007876816,118.03896335466331,0.30698619057092486,14.631583527526258,8.043342170441608,6.720981150665718,6.507935516933391,3.8606025338263943
2019,VA,0,NW,Lombardia,012,6.898672164538014,7.137207648723491,7.017939906630753,6553078.0,45.99210551342149,0.23324637851742677,9.825043086159255,3588831.0,806.3478211400035,606.1743799958866,46.30612435516167,14.298731536878893,14.390855927691584,5.4,33.773057888181,1.5432692829544428,11.135127687026783,0.04281479648194652,0.3908006909098281,136.97502018690616,88.41742155422932,-0.2925625857772648,14.631583527526256,8.034631032923107,6.7310006937555436,6.5488945722219025,3.8284697624873765
2019,VB,0,NW,Piemonte,103,6.742141153902408,7.113440954819668,6.927791054361038,1415994.0,46.01780169572052,0.2702130467227311,9.655687725646027,1131891.0,402.49118775884546,302.9452102869788,37.29497073233576,14.298731536878893,14.390855927691584,5.9,32.455910559065536,12.05348047382387,4.299176754343489,0.046221867293965324,2.137183445869931,528.9350119508628,316.86237263392746,0.12478194215246294,14.631583527526258,8.034631032923107,6.7310006937555436,6.5488945722219025,3.8290283150116973
2019,VC,0,NW,Piemonte,002,6.53969327729289,6.927569141635526,6.733631209464208,1087995.0,46.01780169572052,0.2702130467227311,9.783952202743425,715557.0,881.2854047726379,787.6839949796067,67.07911714962223,14.298731536878893,14.390855927691586,7.9,20.555978125206416,3.4223726950159947,5.715497205489669,0.018833920976248857,2.311418990198496,148.27559240514373,46.01370624761822,-0.5212506095118608,14.631583527526258,8.037866234709618,6.937453663996885,6.571816987024578,3.8290283150116973
2019,VE,0,NE,Veneto,027,7.110742705989932,7.352535511388578,7.231639108689255,7400926.0,44.39031208149985,0.23298366422075203,9.831589706268177,4366665.0,150.47609841215296,107.1148547629913,0.7580988518937224,14.298731536878895,14.390855927691584,6.1,38.91574676951885,10.47467065860181,33.418088814626046,2.7716971657738396,26.20799129327834,788.945401497491,542.8353289225583,0.6905921484613187,14.631583527526258,8.037866234709618,6.937453663996885,6.571816987024578,3.7930212492672735
2019,VI,0,NE,Veneto,024,7.019958108370718,7.247216473231967,7.1335872908013425,8961240.0,44.39083540672006,0.23293723779287318,9.856007517140979,4722927.0,366.0702749952294,273.3432903624464,16.452767882849326,14.298731536878893,14.390855927691584,4.7,39.60593507638012,2.0307513849689807,27.93472816078758,0.3024061815292539,2.9242246495983126,77.53438618107366,21.19369897868028,0.1668840780508823,14.631583527526258,8.042699496897637,7.106924994693668,6.571454731801513,3.7930330383741957
2019,VR,0,NE,Veneto,023,6.874363410557404,7.2205059071891515,7.047434658873278,7671378.0,44.39031208149985,0.232983664220752,9.767355689072037,4157531.0,442.50915676904054,253.52561820296282,17.6437683926368,14.298731536878893,14.390855927691584,4.6,34.734507061530344,12.890547078593446,29.283412782442806,2.159622709702519,9.287826211326394,938.5496067219401,676.0428172996099,0.7411231664461365,14.631583527526258,8.042699496897637,7.106924994693668,6.571454731801513,3.7930212492672735
2019,VS,0,I,Sardegna,117,6.187997740613194,6.463417175786455,6.325707458199825,342521.0,46.692637684213224,0.2523325289780636,9.418624664312066,193062.0,513.9605709148383,439.02539824486996,23.09646321336306,14.298731536878895,14.390855927691584,16.1,30.844319972693665,1.252341163263581,8.075203146028606,0.039672438832980425,0.2753345668946508,47.092500741741596,16.450251937447412,-0.3698433119622074,14.631583527526258,7.3783837129967145,7.445527071732735,7.108244139731541,3.843586500944935
2019,VT,0,C,Lazio,056,6.859692996562003,7.164608762132591,7.012150879347297,2971006.0,46.418143833833085,0.23533623628905836,9.593844931071803,1882426.0,223.3633017962485,176.14313318059106,3.8802022019892273,14.298731536878895,14.390855927691584,10.0,18.4544111956843,1.5936775800584548,3.309815496778712,0.04009672499664737,0.2979263795558382,73.30454800114173,16.921631395659883,-0.2060102648792997,14.631583527526258,7.3783837129967145,7.445527071732735,7.108244139731541,3.837690413701126
2019,VV,0,S,Calabria,102,6.082550396195181,6.379770929371936,6.231160662783559,1036646.0,44.4773933981426,0.2252583066217108,9.294363969018034,753768.0,88.4981564739721,101.35767411710692,-0.9512772167367303,14.298731536878893,14.390855927691584,17.6,40.251818353876345,25.683529645774136,8.591891603764054,0.13477273160556613,2.207754307279869,367.4811477499683,136.5390004299892,0.040773094348107594,14.631583527526258,7.37650812632622,7.382326186174114,7.114813737747175,3.7949810465647196
2020,AG,1,I,Sicilia,084,6.006569043245667,6.36440146365764,6.185485253451653,3652295.0,43.75610535814634,0.21987776925390745,9.308469835848403,2811921.0,87.0852025156509,133.21438669266195,-2.0855163625113433,14.303013979455951,14.405554007743989,22.0,25.761709563245844,1.9537827763646192,12.929283346654378,0.054914772297922076,0.5993336139995443,26.574449409798063,4.401531426758,-0.2520574256764286,14.491113229758247,7.37650812632622,7.382326186174114,7.114813737747175,3.778631154110627
2020,AL,1,NW,Piemonte,006,6.451839768144618,6.704652094640019,6.578245931392318,2453713.0,47.05912620620524,0.2704506587564488,9.79315776217799,1589062.0,1607.089280328147,1227.0983421858866,163.58599831205643,14.303013979455951,14.405554007743987,9.8,21.27380015761577,1.3204790701754643,3.2728949434850425,0.019156893051216428,0.5467234913520711,14.711125004033786,5.269939682286128,-0.5354897627903529,14.491113229758247,7.368970402194793,7.387797079180883,7.128035428678315,3.851404815472888
2020,AN,1,C,Marche,042,6.59857119920213,6.935768926459273,6.767170062830702,6191543.0,46.520653579871244,0.25688316965989294,9.80069874999027,3444518.0,181.79148136935356,150.1065800691621,1.7098834060696326,14.303013979455951,14.405554007743987,8.2,23.23490981613309,3.2436485597202376,8.444862331012105,0.3120311749689075,1.4004584332736263,158.66341553749857,12.02965740593795,0.18542239231778726,14.491113229758247,7.368970402194793,7.387797079180883,7.128035428678315,3.839896376990104
2020,AO,1,NW,Valle D'Aosta,007,7.193864877758804,7.496096155078915,7.344980516418859,1472067.0,47.110064130126524,0.38382475367993485,9.864805300616984,1356691.0,315.0520348158436,258.48770529136226,26.317923940210566,14.303013979455951,14.405554007743989,5.9,39.8314392370912,42.373296716971694,12.716975097158548,0.2574153131439528,7.588273499234098,1174.7954066760801,324.6631893027736,0.9748464871979059,14.491113229758247,7.364547014255642,7.472095720120651,7.149969561302172,3.8524866539958147
2020,AP,1,C,Marche,044,6.680916624903615,6.974886113363443,6.827901369133529,4076466.0,46.520653579871244,0.25688316965989294,9.649810005723147,2302467.0,107.81840998712453,95.36772751208963,0.9357942806215656,14.303013979455951,14.405554007743989,10.8,31.228194871752024,3.9547250301280994,4.753611735640043,0.23535254692047672,0.8500599746993387,80.66554733493113,7.4461282051839515,0.08276467838901798,14.491113229758247,7.364547014255642,7.472095720120651,7.149969561302172,3.839896376990104
2020,AQ,1,S,Abruzzo,066,6.236672994807622,6.607021251491169,6.421847123149395,2946598.0,45.33742507764231,0.22937121267069768,9.542654653634017,2445602.0,800.3589695628835,789.181267261296,5.194358384440924,14.30301397945595,14.40555400774399,8.2,31.141266991676126,8.721712613364813,19.724791072230268,0.11678116604131789,2.524795164232819,201.32215710026398,7.266711279072657,-0.05217127024266924,14.491113229758247,7.356279876550748,7.501052116572605,7.14188743510301,3.814132852060477
2020,AR,1,C,Toscana,051,6.899825107683975,7.201913140710875,7.050869124197425,3884317.0,46.27329735720797,0.2387713488106023,9.785739133601561,2081014.0,160.42286493006674,129.53451355196881,2.5514111398455666,14.303013979455951,14.405554007743989,7.6,26.868526553824292,2.9288113506231817,19.55711776343358,0.23166054844741266,1.8411274217574474,72.82953132421983,14.140569164342164,0.4934675200178197,14.491113229758247,7.356279876550748,7.501052116572605,7.14188743510301,3.834565063773093
2020,AT,1,NW,Piemonte,005,6.182469847690258,6.5493102158763525,6.365890031783305,2088323.0,47.05912620620524,0.2704506587564488,9.723606603689316,1260366.0,756.1896798527093,669.9480473171266,33.45112731935165,14.303013979455951,14.405554007743989,7.2,14.599324875976894,1.058949247394934,6.918107961617691,0.03720084224198793,0.3821016508068579,17.792095373574192,6.764900575391889,-0.46897638409010645,14.491113229758247,7.356918242356021,7.406270186844088,7.137754459308485,3.851404815472888
2020,AV,1,S,Campania,064,6.352313479465694,6.53763181302951,6.444972646247602,9217220.0,43.0498712288792,0.19672556111430567,9.417134967816603,5380232.0,242.88628340112055,311.3790463204039,-7.17249593664982,14.303013979455951,14.405554007743989,14.1,29.326624712227034,1.069560244292227,13.234115906854575,0.03811398149319914,0.25097062834805184,8.299738247170511,0.5093570061231498,-0.4663828012629769,14.491113229758247,7.356918242356021,7.406270186844088,7.137754459308485,3.7623592396701766
2020,BA,1,S,Puglia,072,6.890056192582996,7.191029341694953,7.040542767138975,12930654.0,44.705911231216014,0.23357483834594475,9.552113967368772,6766748.0,58.72938382768195,65.4363489630326,-0.10509255780606659,14.303013979455951,14.405554007743989,13.7,35.17098147369469,1.6838733196267843,14.682906905877118,0.15486930267671245,0.78658648087655,51.440959385259106,9.261421158489208,0.07100020078607225,14.491113229758247,7.357556200910353,7.586429046418679,7.169170195017819,3.800105735185363
2020,BG,1,NW,Lombardia,016,6.871008104213685,7.071970801523966,6.971489452868825,8518084.0,46.01125869665263,0.2326385246484116,9.86658986987783,4752408.0,1284.395087113526,872.7862012905886,156.1384061174867,14.303013979455951,14.40555400774399,3.1,34.23624080148287,2.5437176668976944,17.613173466160784,0.055820522007641225,0.6491286143530812,45.813548661632076,9.694466091147351,-0.3192159655138116,14.491113229758247,7.357556200910353,7.586429046418679,7.169170195017819,3.828886120816711
2020,BI,1,NW,Piemonte,096,5.953121880502209,6.299570589043113,6.126346234772661,1066459.0,47.05912620620524,0.2704506587564488,9.828357337636602,722134.0,405.70256929636514,314.47063018400604,33.48984166608355,14.303013979455951,14.405554007743987,6.6,12.661409277524928,1.0648434966233997,4.049630465525485,0.015830447923356382,0.43303219163841,10.529370202909991,2.550866300982009,-0.6046143194694142,14.491113229758247,7.368970402194793,7.395070729601876,7.181884569507217,3.851404815472888
2020,BL,1,NE,Veneto,025,6.828221280769775,7.037613905753102,6.932917593261439,1885798.0,45.53864238100048,0.22042258538098605,9.831905991837784,1556243.0,266.3453482909959,209.21812096094084,10.325425412786299,14.303013979455951,14.405554007743989,3.7999999999999994,16.474630278973983,14.895540036490228,54.71202834099018,3.978229393731111,32.530415278457895,525.5550013648487,152.45718168569564,1.119583711404533,14.491113229758247,7.368970402194793,7.395070729601876,7.181884569507217,3.818561248618986
2020,BN,1,S,Campania,062,6.7725997723710964,6.943734357550394,6.858167064960745,1693470.0,43.0498712288792,0.19672556111430567,9.336055116034153,1004083.0,168.78225674836958,220.76890862032448,-4.4225382075261646,14.303013979455951,14.405554007743989,11.7,18.388296917371964,0.5333668622759512,24.729314552005047,0.1347305956418067,0.6187766967946804,5.811757243309596,0.5439861059591532,-0.33246180554184135,14.491113229758247,7.359467638255621,7.405890528408462,7.2236672765510805,3.7623592396701766
2020,BO,1,NE,Emilia Romagna,037,7.085730842268665,7.338524309107281,7.212127575687973,18580211.0,45.93455298187041,0.22835420416460772,9.949537147132752,10302347.0,350.6773716053857,201.15905922909684,4.222882622016466,14.303013979455951,14.405554007743989,4.6,49.88124678579624,2.4924785706134145,13.246640565182258,0.06922678184430638,0.29640008623725705,48.48994115791628,8.210504562067133,0.10160068064810783,14.491113229758247,7.359467638255621,7.405890528408462,7.2236672765510805,3.827217622139568
2020,BR,1,S,Puglia,074,6.632217353413125,6.846295239646443,6.739256296529783,2469075.0,44.705911231216014,0.23357483834594472,9.47265851634671,1540666.0,27.16826782281786,30.758869756032087,-0.03386021519109871,14.303013979455953,14.40555400774399,11.8,35.51170424418294,4.19493264477544,18.276574249099934,0.09111294637694542,0.781830770316219,69.41911151109107,9.538054212829271,0.19979456746322238,14.491113229758248,7.356918242356021,7.61823729087102,7.252388794090951,3.800105735185363
2020,BS,1,NW,Lombardia,017,7.040527975155885,7.292272176899677,7.166400076027781,10475186.0,46.01125869665263,0.23263852464841162,9.838538799951714,5954865.0,825.6235049118103,529.9160174294301,43.355534624067495,14.303013979455951,14.405554007743989,4.4,31.98240436005153,7.673101574485069,11.403136526737377,0.14016842386615935,3.704248777258652,198.2023300454997,95.97218101760207,-0.11154267560714182,14.491113229758247,7.356918242356021,7.61823729087102,7.252388794090951,3.828886120816711
2020,BT,1,S,Puglia,110,6.822199603062983,7.097454437822055,6.9598270204425186,4482887.0,44.705911231216014,0.23357483834594475,9.412710449347072,2231908.0,37.81525137980117,43.00647247520766,-0.04621251750162682,14.303013979455951,14.405554007743987,25.1,32.547131002319034,0.4685776584941284,18.55474605914737,0.06291483777249515,0.2857562446132613,20.97362969517929,2.253577283506862,-0.01829320760655721,14.491113229758247,7.354362330421477,7.795172725195068,7.25941343450327,3.800105735185363
2020,BZ,1,NE,Trentino Alto Adige,021,7.613246062036864,7.851636960000703,7.732441511018784,6992253.0,43.082150235762796,0.18862308597186664,9.869993922854835,3819797.0,397.32090293109167,327.44369122850094,8.77181160002811,14.30301397945595,14.405554007743989,3.7000000000000006,65.3172256716075,46.009362285981304,9.839867757553222,1.3643218239436703,7.642934339981401,1341.9493090562016,745.2379444079655,1.5127234245189745,14.491113229758247,7.354362330421477,7.795172725195068,7.25941343450327,3.7631087636647576
2020,CA,1,I,Sardegna,118,6.708082678179985,6.972058530577988,6.840070604378986,3953660.0,47.42707658652712,0.2449303336407375,9.578629682532128,2103417.0,184.2027863341897,166.9497790789408,1.1206144019921336,14.303013979455951,14.405554007743989,13.0,33.9011835841923,8.945653549041678,10.704819177086403,0.06743603622133877,1.5981035015048344,85.72759967596728,19.89571566130258,-0.17489509540991632,14.491113229758247,8.080856419640986,6.743334201094745,6.406289920156393,3.859193301610534
2020,CB,1,S,Molise,070,5.99428775274799,6.395636320716365,6.1949620367321785,1975732.0,52.56998763370848,0.3476732018854494,9.393053827211215,1297895.0,265.28030931066394,316.4945383486774,-12.757845471362101,14.303013979455953,14.405554007743989,9.7,24.250957753525665,2.186058900614517,12.855731122042629,0.03655101605744145,0.3157906222234429,19.281519452023772,0.7074919286622487,-0.43796462131108965,14.491113229758248,8.080856419640986,6.743334201094745,6.406289920156393,3.9621453795965653
2020,CE,1,S,Campania,061,6.304517841339134,6.6859418035765055,6.495229822457819,4968010.0,43.0498712288792,0.19672556111430564,9.46567016965831,2558569.0,454.53941316891655,477.89468256847067,-2.101399330419372,14.303013979455951,14.405554007743987,17.2,32.08201312797588,0.789148719533086,7.877597210856021,0.0256062620395098,0.1594907454446327,15.367144500912822,1.1221492095436907,-0.5192628710861547,14.491113229758247,8.080856419640986,6.743334201094745,6.406289920156393,3.7623592396701766
2020,CH,1,S,Abruzzo,069,6.244753347341892,6.634836154181459,6.439794750761675,3861180.0,45.33742507764231,0.22937121267069768,9.5046102716067,2457420.0,832.4016406629786,774.8287728531595,29.305415103426427,14.303013979455953,14.40555400774399,10.9,24.100942031267692,3.2187160051445076,14.932169458026715,0.06573351445744499,0.7071016637287826,33.33403445316162,1.4862891592739278,-0.2732816313264411,14.491113229758248,8.080856419640986,6.743334201094745,6.406289920156393,3.814132852060477
2020,CI,1,I,Sardegna,119,6.564606621472881,6.844944893434087,6.704775757453483,632024.0,47.42707658652712,0.2449303336407375,9.523256571434032,405268.0,202.1628406815138,164.78590522487767,2.2134960059140054,14.303013979455951,14.405554007743989,12.1,36.36080560693776,3.6783387793634263,11.934029917948227,0.08515476496924661,1.0820280773538993,54.219611833846294,8.430569781759834,0.06184675903643223,14.491113229758245,8.080856419640986,6.743334201094745,6.406289920156393,3.859193301610534
2020,CL,1,I,Sicilia,085,5.8910752132403035,6.259853430550742,6.075464321895524,2216379.0,43.75610535814634,0.21987776925390745,9.305195582352207,1586140.0,70.116310489264,135.24914767102658,-5.014897569018868,14.303013979455951,14.405554007743989,14.0,22.299047717167745,1.628891703024021,7.936473837482306,0.014047117576886207,0.1416339327920125,17.284743686686006,0.40885512151408365,-0.49898920760813165,14.491113229758245,8.080856419640986,6.743334201094745,6.406289920156393,3.778631154110627
2020,CN,1,NW,Piemonte,004,6.64436102451489,7.033086770766251,6.83872389764057,6119628.0,47.059126206205235,0.2704506587564488,9.744002955471414,4229059.0,2248.7313221253244,1611.8643491438459,524.764545541178,14.303013979455951,14.40555400774399,4.7,26.095018167800305,6.217632432241294,5.587344723340292,0.06640107543277844,1.7861431290937673,155.78484925371583,34.91546301750393,-0.21988830882238405,14.491113229758247,8.080856419640986,6.743334201094745,6.406289920156393,3.851404815472888
2020,CO,1,NW,Lombardia,013,7.032494311832561,7.335563638548655,7.184028975190609,5062942.0,46.01125869665263,0.23263852464841162,9.81323064191117,2841534.0,841.2466787576401,670.1548361269632,41.42221802753961,14.303013979455951,14.40555400774399,5.6,33.879093500061636,3.527572970168487,18.969985046875713,0.2263445993517923,2.1011564154666127,91.64021620822523,60.496891060008885,-0.09144089230342739,14.491113229758248,8.080856419640986,6.743334201094745,6.406289920156393,3.828886120816711
2020,CR,1,NW,Lombardia,019,6.316359530057992,6.693585315483717,6.504972422770854,2651486.0,46.01125869665263,0.2326385246484116,9.86419002012643,1441644.0,606.136914430106,451.3556715068456,22.956179770749664,14.303013979455951,14.405554007743989,5.7,19.601990272493175,0.5589828714700651,10.218664832804876,0.019332943786269142,0.10595786037393054,3.7334121279144457,0.8432164481480999,-0.6351666808563644,14.491113229758247,8.080856419640986,6.743334201094745,6.406289920156393,3.828886120816711
2020,CS,1,S,Calabria,078,6.108632466818324,6.424476636150243,6.266554551484282,4781297.0,45.653628154706794,0.24602440701783632,9.316914985705122,3364848.0,438.1685022804558,539.675373312811,-12.822478819708799,14.303013979455953,14.405554007743989,21.9,28.081509174053586,6.00906954760651,5.51275165345649,0.021303442481872513,0.7279395427871996,45.12583380158574,1.49080155837915,-0.32448117598677645,14.491113229758247,8.075271546297458,6.683877331080629,6.416557832962515,3.8210830815324526
2020,CT,1,I,Sicilia,087,6.325268575749081,6.694166653889733,6.509717614819406,11626562.0,43.75610535814634,0.21987776925390745,9.44871686482141,6641073.0,133.12024439539496,167.57555233384468,-0.9841126388830272,14.303013979455951,14.405554007743989,16.0,33.771592712539906,1.209056032626529,12.818361786001715,0.030146504470755772,0.2787909954383719,29.823588295141104,6.642921856974962,-0.19704129404538265,14.491113229758247,8.075271546297458,6.683877331080629,6.416557832962515,3.778631154110627
2020,CZ,1,S,Calabria,079,6.338374984409004,6.554696404070044,6.446535694239524,3792472.0,45.653628154706794,0.24602440701783637,9.329088972207378,2540589.0,214.3906940132094,295.8901597295768,-8.876524368081268,14.303013979455951,14.405554007743989,18.1,38.87618888358492,6.868003362163007,2.5720122044936,0.011600470064140438,0.4606282443302711,43.25953034363501,1.6102721733464103,-0.3480562713636828,14.491113229758247,8.075271546297458,6.683877331080629,6.416557832962515,3.8210830815324526
2020,EN,1,I,Sicilia,086,6.342186866254756,6.680243952109021,6.511215409181888,1498956.0,43.75610535814634,0.21987776925390748,9.338456546096468,1169811.0,26.624500694362684,48.48480993618972,-0.8381694241202424,14.303013979455951,14.405554007743989,17.1,19.132660107227068,0.3981354023884772,12.103489127861,0.020895233893637125,0.12148898990139603,6.343320357092529,1.2332199502867212,-0.497884159800922,14.491113229758245,8.075271546297458,6.683877331080629,6.416557832962515,3.778631154110627
2020,FC,1,NE,Emilia Romagna,040,7.06880574933472,7.3032104561559485,7.186008102745334,4545400.0,45.93455298187042,0.22835420416460775,9.779335084817074,2364517.0,184.1522498005085,116.15680433700008,4.324239933321202,14.303013979455951,14.405554007743987,5.3,34.19534092529441,8.993363819491286,13.684202534769208,0.27518326130682513,1.1186410339970108,189.8135163869051,13.149367997062035,0.2789301020803458,14.491113229758247,8.075271546297458,6.683877331080629,6.416557832962515,3.827217622139568
2020,FE,1,NE,Emilia Romagna,038,6.545064549227582,6.872300329746233,6.708682439486908,4747824.0,45.93455298187041,0.22835420416460775,9.768753097515242,3095941.0,90.72898497049755,64.11228872584888,0.5692590821333302,14.303013979455951,14.405554007743989,6.900000000000001,35.93076132474603,1.5077907281315452,17.708935487065713,0.5190251943425748,4.467788400376773,71.51878477677282,10.80928381674706,0.020257978824547808,14.491113229758247,8.075271546297458,6.683877331080629,6.416557832962515,3.827217622139568
2020,FG,1,S,Puglia,071,6.46515568479048,6.7941157333022595,6.62963570904637,3328134.0,44.705911231216014,0.23357483834594472,9.331707660849988,1904569.0,181.1881474610967,252.01900981311536,-10.099694648213031,14.303013979455953,14.405554007743989,10.3,26.71809231330814,11.675974426809962,19.801035540352775,0.16974822327958838,5.369613639551598,267.20753447167755,21.738158327973085,0.18618705822670847,14.491113229758247,8.075271546297458,6.683877331080629,6.416557832962515,3.800105735185363
2020,FI,1,C,Toscana,048,7.264919481622774,7.620869997121032,7.442894739371904,9538420.0,46.27329735720798,0.23877134881060233,9.85853290696638,4994321.0,208.20982587348092,135.80891371761857,2.444460254257579,14.303013979455951,14.405554007743989,6.0,31.29624678018594,2.6418905037041642,25.164725016246056,0.3433476504136612,3.004109845242627,85.59566923157723,30.107031881944938,0.6075566490484751,14.491113229758248,8.075271546297458,6.683877331080629,6.416557832962515,3.834565063773093
2020,FM,1,C,Marche,109,6.681454649810972,6.965108258958843,6.823281454384908,3386500.0,46.520653579871244,0.25688316965989294,9.64359094354797,1870032.0,149.4232240789754,132.16809002881197,1.771107053086343,14.303013979455951,14.405554007743989,4.8,14.068350886332611,0.9640358599328199,6.568301227961796,0.11713825541817417,0.39041536009136246,57.850529908272755,4.1856908744992065,-0.1141949373551317,14.491113229758247,8.075271546297458,6.683877331080629,6.416557832962515,3.839896376990104
2020,FR,1,C,Lazio,060,6.555196350123563,6.882065831934827,6.718631091029194,4635172.0,45.11507257089318,0.22268050659775904,9.625779173092829,2517600.0,189.68862569441265,207.96341544114958,-2.103104777470434,14.303013979455951,14.405554007743989,11.3,39.77101861765653,3.5426321421524958,9.318559451026113,0.02456785424269077,0.1501960677497997,29.707043454934105,4.525214561289569,-0.3663062959558755,14.491113229758247,8.071218539969863,6.68586094706836,6.426286171627123,3.809216394020881
2020,GE,1,NW,Liguria,010,6.9789781274066565,7.353870210173527,7.166424168790092,10023444.0,48.44510586965395,0.285853416893583,9.822287751335935,6393528.0,1557.9464423638801,1007.4822454224633,414.3466632356893,14.303013979455951,14.405554007743989,8.3,33.10372375201046,5.4839412327853685,12.1503012258755,0.08283449318686713,0.7009440945086636,119.99628569469736,46.70194143261862,0.010962477581577259,14.491113229758248,8.071218539969863,6.68586094706836,6.426286171627123,3.880431319192283
2020,GO,1,NE,Friuli Venezia Giulia,031,6.699562853260776,6.881528514670817,6.790545683965797,2124228.0,47.278492117839164,0.2501303249313864,9.858225757410066,1343916.0,165.24019110704933,130.14618663289525,3.9241954979819433,14.303013979455951,14.405554007743989,8.5,31.330083435515437,5.324066302121774,13.664049408188541,0.3375753714048338,7.291072277659905,148.17869411207897,82.93716319251097,0.10135439405987452,14.491113229758247,8.071218539969863,6.68586094706836,6.426286171627123,3.8560554799885685
2020,GR,1,C,Toscana,053,7.158044101306464,7.4827678363725,7.320405968839482,2719772.0,46.27329735720798,0.2387713488106023,9.642654211004585,1980385.0,137.39006448692408,101.81134144538838,2.06304334690914,14.303013979455951,14.405554007743989,6.4,25.34034700168646,11.262412508104164,15.304746583021057,0.5435532448420934,7.344075874268567,403.88989102491564,55.05774893618505,1.0288348034288313,14.491113229758247,8.071218539969863,6.68586094706836,6.426286171627123,3.834565063773093
2020,IM,1,NW,Liguria,008,7.12795805590485,7.473765929122667,7.300861992513759,3033623.0,48.44510586965396,0.285853416893583,9.597341497334694,2795346.0,672.2059581736736,499.94783397473475,55.25703188697874,14.303013979455951,14.405554007743989,10.0,21.282237919091017,5.179634876808175,11.734670800408603,0.08562855785158599,1.7978193483919833,170.57098687011288,54.82197078396848,0.11031823961888099,14.491113229758247,8.071218539969863,6.68586094706836,6.426286171627123,3.8804313191922835
2020,IS,1,S,Molise,094,6.071584552094022,6.464102302448917,6.267843427271469,667918.0,52.56998763370847,0.3476732018854494,9.40539141253861,458395.0,226.25265247642096,225.42388818163553,0.261414593493825,14.303013979455951,14.405554007743989,10.6,26.234061738982597,1.2028345804103813,9.313162795585383,0.03070680727859962,0.2564228563433893,6.144021990062142,0.20362554646061234,-0.5056073684517368,14.491113229758248,8.071218539969863,6.68586094706836,6.426286171627123,3.9621453795965653
2020,KR,1,S,Calabria,101,6.2327567272525135,6.497833576002131,6.365295151627322,1914700.0,45.653628154706794,0.24602440701783632,9.252525194596005,1107286.0,70.76309956563121,103.05466066741427,-1.8328826345991955,14.303013979455951,14.405554007743989,30.1,43.33915521504405,5.861337626474914,2.440724798012879,0.0051991596336064426,0.1739214359590711,51.342553724886514,1.5632860910949469,-0.24657883556900329,14.491113229758247,8.071218539969863,6.68586094706836,6.426286171627123,3.8210830815324526
2020,LC,1,NW,Lombardia,097,6.916363474303448,7.1667501396348205,7.041556806969134,3056058.0,46.01125869665263,0.2326385246484116,9.9332413484541,1838830.0,521.5085491431703,443.9254009487524,62.64512798776292,14.303013979455951,14.405554007743989,5.3,23.125308296554046,1.6733938985668426,13.729286998876612,0.17728064058561513,1.8677891912625257,40.98285027543157,21.094682716323156,-0.23463109690892478,14.491113229758247,8.071218539969863,6.68586094706836,6.426286171627123,3.828886120816711
2020,LE,1,S,Puglia,075,6.240003039062452,6.514674153713667,6.37733859638806,8273011.0,44.705911231216014,0.23357483834594472,9.404459228324965,5472702.0,143.62969564223755,160.7623838552097,-0.5638019025965001,14.303013979455951,14.40555400774399,16.3,20.833690941368253,5.791454487968911,18.490704042037596,0.12318269374565845,2.1363466655562067,95.11750910644629,10.233801101136137,0.1329387409401393,14.491113229758247,8.071218539969863,6.68586094706836,6.426286171627123,3.800105735185363
2020,LI,1,C,Toscana,049,7.466309450742777,7.758109152449163,7.61220930159597,3318991.0,46.27329735720799,0.2387713488106023,9.75211602791345,2010071.0,155.09425979228365,120.55760260933518,3.546634859959226,14.303013979455951,14.405554007743989,6.2,33.0236291731045,27.26593282453383,17.159965935142974,0.7170658516652032,16.101265402107405,766.3980828148276,170.88299949102733,1.256914401532129,14.491113229758247,8.057694194815587,6.779200666647564,6.457290651262369,3.834565063773093
2020,LO,1,NW,Lombardia,098,6.848276508934864,7.109801360624963,6.979038934779914,2950856.0,46.01125869665263,0.2326385246484116,9.914035502591352,1572202.0,380.3465624175783,305.873109636514,40.49324549287074,14.303013979455951,14.405554007743989,6.2,29.815061130220528,0.5600848863303179,8.11249726683227,0.01711052716754605,0.07235903039328215,2.104701268711617,0.37717359942091894,-0.5768745071261336,14.491113229758247,8.057694194815587,6.779200666647564,6.457290651262369,3.828886120816711
2020,LT,1,C,Lazio,059,6.909396619272484,7.235669044142638,7.072532831707562,9197924.0,45.115072570893176,0.22268050659775906,9.533861999514599,5144492.0,169.38903423853475,152.00409292647282,1.257849862857936,14.303013979455953,14.405554007743987,11.7,36.62241508677865,4.347900727744826,6.924409045703958,0.058947761930210604,0.5477175316701448,75.3357872546853,4.121939969134936,0.024986606166468892,14.491113229758247,8.057694194815587,6.779200666647564,6.457290651262369,3.8092163940208805
2020,LU,1,C,Toscana,046,6.984716479046073,7.301790152706,7.143253315876037,4218225.0,46.27329735720798,0.23877134881060233,9.743826899398572,2567983.0,253.92451511132455,159.0810848178203,8.590650956164934,14.303013979455951,14.40555400774399,7.6,37.57994010916702,6.191112581202375,21.94351192994727,0.27270180817713807,2.140467586632585,88.27655720863156,18.846829948299607,0.5121748386995523,14.491113229758247,8.057694194815587,6.779200666647564,6.457290651262369,3.834565063773093
2020,MB,1,NW,Lombardia,108,7.1930127325432105,7.434859592726887,7.3139361626350485,9464012.0,46.01125869665263,0.23263852464841162,9.989451468961944,4747490.0,822.9104246161398,553.2106108674628,5.039615772067982,14.303013979455951,14.405554007743989,5.1,48.01916007670083,0.6553231860588412,18.200052568813362,0.016447347622535614,0.07323981834494679,16.60330433584953,2.694756345921459,-0.38272555929644864,14.491113229758247,8.057694194815587,6.779200666647564,6.457290651262369,3.828886120816711
2020,MC,1,C,Marche,043,6.70081693500099,7.046020334257379,6.873418634629185,2784152.0,46.520653579871244,0.25688316965989294,9.726666393361967,1531159.0,188.70033309359496,176.59787416791187,2.0690290480977365,14.303013979455951,14.405554007743989,5.6,25.956248261167513,1.5940102691955516,10.190860249833825,0.24113390604608603,0.89458269934546,61.91376807866497,5.509879781535454,0.13728911600467314,14.491113229758247,8.057694194815587,6.779200666647564,6.457290651262369,3.839896376990104
2020,ME,1,I,Sicilia,083,6.446781352433742,6.827639208317965,6.637210280375854,5803623.0,43.75610535814634,0.21987776925390745,9.41340208899308,3950766.0,283.3295077594991,373.32711286095036,-10.393758459746143,14.303013979455951,14.405554007743989,24.5,38.31467080112178,7.50857277686657,13.630988854604631,0.0943183925617959,1.1311642491031793,102.94745748202698,20.025656516662746,-0.0764397966471074,14.491113229758247,8.057694194815587,6.779200666647564,6.457290651262369,3.778631154110627
2020,MI,1,NW,Lombardia,015,7.240411163144801,7.475920810733437,7.3581659869391185,49860876.0,46.01125869665263,0.2326385246484116,10.000777619509956,27171986.0,947.9041177190436,637.2389999212202,9.694912195437356,14.303013979455951,14.405554007743989,5.9,58.01752055256597,1.4676003590020712,7.651659800329658,0.022456082581430094,0.08918709815015176,30.025287021890858,6.995301477391559,-0.32199755364805643,14.491113229758247,8.057694194815587,6.779200666647564,6.457290651262369,3.828886120816711
2020,MN,1,NW,Lombardia,020,6.2843702716101095,6.629523110552423,6.456946691081267,4826804.0,46.01125869665263,0.2326385246484116,9.827505625881914,2502857.0,245.40204855118847,186.5526992348042,2.7860744471986534,14.303013979455951,14.405554007743989,4.6,27.332587040960764,0.6610811478027976,12.593643740853974,0.06592477396560534,0.37132212464835,21.94800706029666,4.588849178304768,-0.20983450262972456,14.491113229758247,8.057694194815587,6.779200666647564,6.457290651262369,3.828886120816711
2020,MO,1,NE,Emilia Romagna,036,6.787330925199842,7.128119906459917,6.957725415829879,7543100.0,45.93455298187041,0.22835420416460775,9.885508615720815,3960372.0,337.3775737514832,234.0253719100975,6.050242807190834,14.303013979455951,14.405554007743987,6.1,54.834497371695534,4.922626586336746,10.721529596556465,0.05957839425683904,0.5155386967308393,90.69429013306599,8.425318597222919,0.20835544467150044,14.491113229758245,8.051022208190679,6.806544305319583,6.447619132138535,3.827217622139568
2020,MS,1,C,Toscana,045,6.82612999086272,7.216571233791653,7.021350612327186,2484621.0,46.27329735720798,0.23877134881060233,9.743693596917492,1626975.0,111.50302324091088,91.61031275002661,1.4515063639182941,14.303013979455951,14.405554007743989,7.5,32.83091925316777,2.8967465100445677,17.251959633442336,0.12056525896832339,1.1272821667907538,53.58505525087039,8.537680945827251,0.3055317414738632,14.491113229758248,8.051022208190679,6.806544305319583,6.447619132138535,3.834565063773093
2020,MT,1,S,Basilicata,077,6.159221618181004,6.4903574249982325,6.324789521589619,2195307.0,48.797453117458126,0.29716807795979255,9.388969870531742,1315155.0,123.75571454628388,144.93158293263568,-2.7877378125675767,14.303013979455951,14.405554007743989,8.6,35.22651298276698,4.827369982439412,20.273063831021645,0.16655220538720708,0.8618398487385394,71.67556664072528,3.481216888199782,-0.047821531881005304,14.491113229758247,8.051022208190679,6.806544305319583,6.447619132138535,3.8876781212811227
2020,NAP,1,S,Campania,063,6.941538777615159,7.360588630765465,7.151063704190312,30149763.0,43.0498712288792,0.19672556111430567,9.525286525020352,13670528.0,214.55753629012304,295.3176901824873,-1.4099503714151476,14.303013979455953,14.40555400774399,22.1,59.64069146860903,5.336803124219646,7.554133077470734,0.1384959044625575,0.6832585125889111,71.38689442862757,13.296401846944095,-0.1866881587445231,14.491113229758248,8.051022208190679,6.806544305319583,6.447619132138535,3.7623592396701766
2020,NO,1,NW,Piemonte,003,6.572474696990558,6.96570349064383,6.769089093817194,3364487.0,47.05912620620524,0.2704506587564488,9.884507134159536,1935082.0,420.71072802279764,339.3284538428265,9.4093151486249,14.303013979455951,14.405554007743989,7.1,41.322919265893,4.233333421270759,5.0961592002357605,0.03950348063988724,0.5714251976631053,137.85593073292029,52.77678207137194,-0.21107776642064996,14.491113229758247,8.051022208190679,6.806544305319583,6.447619132138535,3.851404815472888
2020,NU,1,I,Sardegna,114,6.653727767621943,6.8379609110098025,6.745844339315872,1003155.0,47.42707658652712,0.2449303336407375,9.443219698824421,633439.0,154.2463175708215,208.73211193541331,-9.612963327102092,14.303013979455951,14.405554007743989,9.7,28.10142277425637,5.775130644142372,8.413356479133439,0.09036035203254977,0.7532345329189547,77.14063934141043,18.546327366627875,-0.11870419559536054,14.491113229758248,8.051022208190679,6.806544305319583,6.447619132138535,3.859193301610534
2020,OG,1,I,Sardegna,116,6.776934653381151,6.96866896052293,6.872801806952039,290237.0,47.42707658652712,0.24493033364073752,9.513663089128002,209723.0,107.47016030014302,145.43279789604375,-3.1814967937462235,14.303013979455953,14.405554007743989,9.7,34.60306771525571,6.338357848038353,6.164712226257408,0.09103769725725588,1.0163212770737686,157.16300623239138,44.082853014470174,0.22476309832912786,14.491113229758247,8.051022208190679,6.806544305319583,6.447619132138535,3.859193301610534
2020,OR,1,I,Sardegna,115,6.012606337375426,6.396532478477625,6.204569407926527,961642.0,47.42707658652712,0.2449303336407375,9.45429798361331,601535.0,293.61235235457156,352.3104278582108,-25.326376553509846,14.303013979455951,14.405554007743989,15.199999999999998,14.163544072644461,1.9910330215334793,7.9609371299583644,0.08492421015526623,0.7890993569355799,82.05491706414576,13.948788813254566,-0.2795839578594908,14.491113229758247,8.051022208190679,6.806544305319583,6.447619132138535,3.859193301610534
2020,OT,1,I,Sardegna,113,7.160940340723349,7.474479712554511,7.317710026638931,1322583.0,47.42707658652712,0.24493033364073746,9.550744249976042,1124419.0,149.76214880651216,150.9349849116234,-0.06512701212209354,14.303013979455953,14.405554007743989,9.7,43.837410169143496,37.67635794014181,17.18284365686513,0.18810698463967196,16.826069073868677,367.77004530617387,121.77950858145576,0.8968778458510168,14.491113229758245,8.051022208190679,6.806544305319583,6.447619132138535,3.859193301610534
2020,PA,1,I,Sicilia,082,6.091475300680577,6.43437785774093,6.262926579210754,12959645.0,43.75610535814634,0.21987776925390748,9.369376217043282,7462386.0,291.0037013069013,459.9381994586724,-12.44772522504468,14.30301397945595,14.405554007743989,15.7,31.625145984361243,3.0650623565359725,21.397689564289355,0.05508436659174946,0.577289479468902,42.498216155891186,7.047723388470669,-0.2381178916837938,14.491113229758247,8.052296499538647,6.711182333375882,6.442854531428222,3.778631154110627
2020,PC,1,NE,Emilia Romagna,033,6.721353812506485,7.007758347363506,6.864556079934996,3884326.0,45.93455298187041,0.22835420416460775,9.82642796418111,2312075.0,454.40356645815785,299.8924269694909,101.8141260749872,14.303013979455951,14.405554007743989,5.9,39.336319433627544,3.2365945630260127,9.075802546946196,0.0405612506456966,0.4952880505220872,29.739396000344275,4.6793345562242905,-0.16210814955692004,14.491113229758247,8.052296499538647,6.711182333375882,6.442854531428222,3.827217622139568
2020,PD,1,NE,Veneto,028,6.9047714185873845,7.11342580087641,7.009098609731897,9491523.0,45.53864238100048,0.22042258538098605,9.858104253937734,4837637.0,279.34077649297143,200.1795091630862,2.8786479146194823,14.303013979455951,14.405554007743989,6.6,36.51679738696128,2.678182482233281,33.57507308919489,0.26413262382040187,0.647758377700809,56.59211736534329,9.462278631834488,0.08808672404786624,14.491113229758247,8.052296499538647,6.711182333375882,6.442854531428222,3.818561248618986
2020,PE,1,S,Abruzzo,068,6.323031277893959,6.685128635778831,6.504079956836394,4605984.0,45.33742507764231,0.22937121267069768,9.530030284901658,2497227.0,406.9104154818067,340.2857609376251,13.812866487772801,14.303013979455951,14.405554007743989,9.7,26.61935716759148,2.4425308141685127,15.346633930940168,0.06872652586073848,0.7762351988087179,42.74030579275657,3.1694234591280717,-0.225922733219057,14.491113229758248,8.052296499538647,6.711182333375882,6.442854531428222,3.814132852060477
2020,PG,1,C,Umbria,054,6.533042742724997,6.846889637576161,6.689966190150578,6722650.0,48.927162607011574,0.2945264185195111,9.728704466055044,3724693.0,228.52466140198356,177.55297820578159,2.906618065000625,14.303013979455951,14.405554007743989,8.5,25.27765289875532,3.395730405126776,18.775117475694028,0.41852773068202037,2.8024655512050205,139.6264682788975,19.036365553490715,0.6907474742539923,14.491113229758247,8.052296499538647,6.711182333375882,6.442854531428222,3.890332714799088
2020,PI,1,C,Toscana,050,7.002474313400868,7.294326994661001,7.148400654030935,3552215.0,46.27329735720799,0.2387713488106023,9.81222990909488,1928139.0,219.50819820697177,151.94035001464883,4.4337368198244045,14.303013979455951,14.405554007743989,6.5,30.300802499316827,3.126489323601905,22.462122079374385,0.2737190628788064,3.6837962152144197,101.24521250643026,31.500261313175155,0.5163681877917023,14.491113229758248,8.052296499538647,6.711182333375882,6.442854531428222,3.834565063773093
2020,PN,1,NE,Friuli Venezia Giulia,093,6.445202060863269,6.752086424536798,6.598644242700034,2980977.0,47.278492117839164,0.2501303249313864,9.835901918046888,1589513.0,384.8471868252809,293.7740114411995,19.973535281070752,14.303013979455951,14.405554007743989,3.2,55.024296035621866,4.077105144404763,17.695483592965957,0.18244117089201173,1.774851826001184,50.850604945335824,7.689054694761109,0.08650174287265952,14.491113229758248,8.052296499538647,6.711182333375882,6.442854531428222,3.8560554799885685
2020,PO,1,C,Toscana,100,7.191440869285793,7.460417952474462,7.325929410880126,3568817.0,46.27329735720798,0.2387713488106023,9.813285452109495,1553409.0,72.86429931415846,47.25810930685305,0.48111530601595187,14.303013979455951,14.405554007743989,6.7,27.305047124180632,0.4779239965730561,28.077487076634156,0.08012591329195903,0.4708581081101477,24.40071266655043,7.874845652101542,0.07194447774856878,14.491113229758247,8.052296499538647,6.711182333375882,6.442854531428222,3.834565063773093
2020,PR,1,NE,Emilia Romagna,034,6.47578061304693,6.764335772330941,6.620058192688936,4369443.0,45.93455298187041,0.22835420416460772,9.880299095669105,2424065.0,350.8486590313588,182.37133757946467,12.888611712762803,14.30301397945595,14.405554007743989,5.799999999999999,45.74160774130122,2.178176777524363,16.382210508023142,0.15982813740285762,0.6281452314937084,42.75906563215863,8.935339596246532,0.11881528459183437,14.491113229758247,8.054840221101024,6.889336369890959,6.472342366678564,3.827217622139568
2020,PT,1,C,Toscana,047,7.104936059324447,7.271129602268181,7.188032830796313,3122201.0,46.27329735720798,0.23877134881060233,9.751343660310848,1693584.0,98.51701005549866,63.486082936249744,1.083943368719944,14.30301397945595,14.405554007743989,8.6,35.77465123372043,6.5231390849067745,21.192484105686766,0.10496904856200663,0.8845622106758314,128.47126251410432,19.945115364060886,0.2741708955794109,14.491113229758247,8.054840221101024,6.889336369890959,6.472342366678564,3.834565063773093
2020,PU,1,C,Marche,041,6.8155210870956395,7.131078221479752,6.973299654287696,4217866.0,46.52065357987124,0.25688316965989294,9.698268849591647,2378471.0,234.07884355644575,193.34124566729918,4.1521824103461515,14.30301397945595,14.405554007743989,7.7,20.616886833973428,5.779869812682168,13.924500132688081,0.5589578803307148,2.323795644344769,101.67300941101082,10.467538973146326,0.36125361478704954,14.491113229758247,8.054840221101024,6.889336369890959,6.472342366678564,3.839896376990104
2020,PV,1,NW,Lombardia,018,6.784048584063843,6.946323521896916,6.86518605298038,5785782.0,46.01125869665263,0.2326385246484116,9.82349142009097,3420437.0,1733.8489423946542,1300.7482814218786,195.9416029488951,14.303013979455951,14.405554007743989,5.6,21.556956500524034,0.8585823938824452,8.150822141571169,0.03003605317483448,0.23320976605070454,8.91484376531473,1.1433018774058976,-0.5636876130264684,14.491113229758247,8.054840221101024,6.889336369890959,6.472342366678564,3.828886120816711
2020,PZ,1,S,Basilicata,076,6.102200340649371,6.31105221142391,6.20662627603664,3469189.0,48.797453117458126,0.29716807795979255,9.44110067861868,1993486.0,184.30858608605055,286.60076468683184,-12.381638824768304,14.30301397945595,14.405554007743987,8.9,35.707708235348925,2.2451225337115868,16.818228604538625,0.08190890580557673,1.0253437388024007,40.17950518950404,1.807216066679642,-0.2286745455727338,14.491113229758247,8.054840221101024,6.889336369890959,6.472342366678564,3.8876781212811227
2020,RA,1,NE,Emilia Romagna,039,6.872630324803221,7.174271736745498,7.023451030774359,4785265.0,45.93455298187041,0.22835420416460775,9.827482586096343,2927737.0,93.81583891933444,59.801957254166936,0.7642786819924681,14.303013979455951,14.405554007743989,6.9,44.99124457805249,8.634428579675257,13.532996016506806,0.16668043161593438,0.7945538137306473,174.8134877696717,14.246388261455872,0.17071473102404802,14.491113229758248,8.054840221101024,6.889336369890959,6.472342366678564,3.827217622139568
2020,RC,1,S,Calabria,080,6.0423126461483685,6.401953289274165,6.222132967711268,5405444.0,45.653628154706794,0.24602440701783637,9.290747613743054,3600378.0,400.7017068634535,612.3634227637793,-29.27474002659543,14.303013979455951,14.405554007743989,15.8,29.13550453492481,2.1555786167205078,5.267640345116496,0.013365832992663402,0.15267027390539434,15.199850472957541,0.7959572563167,-0.4718979990381787,14.491113229758247,8.054840221101024,6.889336369890959,6.472342366678564,3.8210830815324526
2020,RE,1,NE,Emilia Romagna,035,6.632249971761141,6.904495477277307,6.768372724519224,6681936.0,45.93455298187041,0.22835420416460775,9.919740982898503,3397043.0,152.03725763730603,113.16794019423735,0.8013496621215759,14.303013979455951,14.405554007743989,4.8,53.83945050455387,1.1932612297246477,12.570799547443121,0.03078810299353583,0.22604492239032925,28.235916495403213,4.437547484945465,-0.09839529575437075,14.491113229758247,8.054840221101024,6.889336369890959,6.472342366678564,3.827217622139568
2020,RG,1,I,Sicilia,088,6.371577708333181,6.750193163465064,6.560885435899122,3369291.0,43.75610535814634,0.21987776925390745,9.3390475274633,2243480.0,34.97786734681615,29.94336158735686,0.10146061594780736,14.303013979455951,14.405554007743989,14.300000000000002,39.934803419634875,2.862524820144054,24.693719299264096,0.1281255484324393,1.1336606797218194,38.33406075633108,5.1938600464808555,0.24581000225985958,14.491113229758247,8.0323601479245,6.731953552432847,6.518904791781526,3.778631154110627
2020,RI,1,C,Lazio,057,6.565938938190763,6.872251473617834,6.719095205904298,1018468.0,45.115072570893176,0.22268050659775904,9.636818907934058,699611.0,525.0063076179157,491.9593989523538,14.4895131979894,14.303013979455951,14.405554007743989,7.0,17.576073660044955,1.11472802406165,5.215308395419786,0.023788633767487216,1.295830368930528,5.93454419796498,0.5599309471103482,-0.5363686724609272,14.491113229758247,8.0323601479245,6.731953552432847,6.518904791781526,3.8092163940208805
2020,RM,1,C,Lazio,058,6.909777513097203,7.2889513662637855,7.099364439680494,46091774.0,45.115072570893176,0.22268050659775904,9.745359584420335,23914664.0,2465.9291264780054,1727.8452268857254,179.38389249739157,14.303013979455951,14.405554007743989,9.0,39.86444192740891,1.5365454299284245,7.40836512926349,0.04641930319668829,0.20588656715807035,17.790292547349562,4.091937583738821,-0.19298766669470915,14.491113229758247,8.0323601479245,6.731953552432847,6.518904791781526,3.8092163940208805
2020,RN,1,NE,Emilia Romagna,099,7.21967518404718,7.551551290699573,7.385613237373375,3902212.0,45.93455298187041,0.22835420416460775,9.6865288090117,2178308.0,227.88710736016426,151.25391832777933,7.712855213873925,14.30301397945595,14.40555400774399,10.0,42.3026390349402,17.64081273363355,14.456932017890521,0.44122769591721495,1.6000643739357279,260.5363507497479,28.460079955254113,0.5310655264637062,14.491113229758247,8.0323601479245,6.731953552432847,6.518904791781526,3.827217622139568
2020,RO,1,NE,Veneto,029,6.711719763611442,7.014627661147063,6.863173712379253,2426951.0,45.53864238100048,0.22042258538098605,9.748907721754694,1433195.0,154.28931013521182,140.9598616580386,0.882415678886707,14.303013979455951,14.405554007743989,7.6,26.031799890264548,1.8471660449042528,30.94300810049764,1.6778536833421083,11.701364481977313,115.06175391458238,24.975330029006884,0.0409339192747113,14.491113229758247,8.0323601479245,6.731953552432847,6.518904791781526,3.818561248618986
2020,SA,1,S,Campania,065,6.610450059953065,6.90308711314783,6.756768586550447,11452218.0,43.0498712288792,0.19672556111430567,9.385754143600531,6032246.0,476.5934493191342,562.0962355379131,-9.605714264910608,14.303013979455951,14.405554007743989,13.0,37.46130888841697,6.518827964921365,13.903800475016059,0.22020154331170796,2.1824960685161536,89.31901872518732,13.561166035260916,0.004301968583880257,14.491113229758247,8.0323601479245,6.731953552432847,6.518904791781526,3.7623592396701766
2020,SI,1,C,Toscana,052,6.901665916829546,7.253534989022379,7.077600452925963,2611811.0,46.27329735720798,0.23877134881060227,9.789540779305549,1576276.0,174.2110183705782,129.00436170479526,2.34216658951043,14.303013979455951,14.405554007743987,6.9,29.04924544426805,12.604212681414914,21.947569553731082,0.8952149227031883,8.036622179027354,438.25718517813783,108.55449561847657,1.1793196303924616,14.491113229758247,8.0323601479245,6.731953552432847,6.518904791781526,3.834565063773093
2020,SO,1,NW,Lombardia,014,6.95676220050953,7.176156718317049,7.066459459413289,3281855.0,46.01125869665263,0.2326385246484116,9.753410115268032,3081825.0,339.45272814688315,233.08853308121036,67.11515180915708,14.303013979455951,14.405554007743989,5.6,34.76132081227686,12.307361645164931,10.16730362145587,0.13289561715924234,1.7910020659563746,244.43380137225867,66.45154082962797,0.05277255133641485,14.491113229758247,8.0323601479245,6.731953552432847,6.518904791781526,3.828886120816711
2020,SP,1,NW,Liguria,011,7.145291984856329,7.5115664403341755,7.328429212595252,2726361.0,48.44510586965396,0.285853416893583,9.803982721606706,1797071.0,276.86097547502055,197.37319435555375,9.84041427823279,14.303013979455951,14.405554007743989,10.0,34.35718694458596,8.825956685298582,23.91277301616868,0.936246088469609,6.934374228007329,462.1521426555252,171.70919321352773,0.8094464684333964,14.491113229758247,8.021256180143997,6.7443640513877,6.562254761978421,3.8804313191922835
2020,SR,1,I,Sicilia,089,6.294085810172306,6.622453667232799,6.458269738702552,4267593.0,43.75610535814634,0.21987776925390745,9.454292014727022,2644421.0,65.55104732565832,77.67350128314307,-0.7010651672603375,14.303013979455953,14.405554007743989,23.8,39.933427294607874,2.040371383660616,8.159969429418801,0.056122359730703404,0.40677333899598556,32.897854814893726,4.585216824545994,-0.17270412652829017,14.491113229758245,8.021256180143997,6.7443640513877,6.562254761978421,3.778631154110627
2020,SS,1,I,Sardegna,112,6.577402957681317,6.870011400165829,6.723707178923574,3842278.0,47.42707658652712,0.24493033364073746,9.535181603663286,2168776.0,435.1017173012456,438.5091403885445,-0.9940919214066607,14.303013979455953,14.405554007743989,14.8,27.894321645161458,15.649321121662016,10.323801328042352,0.10626349142262433,2.138889991858812,87.87070529883773,20.103264125542623,-0.1468249979906681,14.491113229758245,8.021256180143997,6.7443640513877,6.562254761978421,3.859193301610534
2020,SV,1,NW,Liguria,009,7.321948572516358,7.6728961233359385,7.497422347926149,3133243.0,48.44510586965396,0.285853416893583,9.765292998308649,2877373.0,406.71448535745037,313.1312956533874,29.988337896947407,14.30301397945595,14.405554007743989,6.400000000000001,35.345849430420664,9.791172274450226,9.767884302774092,0.11171232616513115,1.2548186550275755,270.4332802946112,44.06412630976444,0.38502373366636594,14.491113229758247,8.021256180143997,6.7443640513877,6.562254761978421,3.8804313191922835
2020,TA,1,S,Puglia,073,6.422546822603364,6.763344339005755,6.592945580804559,6777480.0,44.705911231216014,0.23357483834594472,9.5316158248481,4042225.0,51.84076682105477,69.6655538173648,-0.33696479682089264,14.303013979455951,14.405554007743987,11.7,33.238213494158515,2.698107657621213,17.475626742291567,0.07187052613698577,0.7246873964822712,33.524200418981195,2.4669446339390797,0.061759781536180676,14.491113229758247,8.021256180143997,6.7443640513877,6.562254761978421,3.800105735185363
2020,TE,1,S,Abruzzo,067,6.350011328336125,6.7287693579426895,6.539390343139407,3779705.0,45.337425077642315,0.22937121267069768,9.558715008515113,2437257.0,222.29949266272467,204.06474315579533,3.1128534368852345,14.303013979455951,14.405554007743989,9.4,34.11134739955292,8.575746810056676,16.840246452388243,0.09157594641871815,2.786074756304756,116.73449868053207,5.175331111089526,0.13560212240187816,14.491113229758247,8.021256180143997,6.7443640513877,6.562254761978421,3.814132852060477
2020,TN,1,NE,Trentino Alto Adige,022,7.382358094138618,7.538957594335349,7.460657844236983,3648828.0,43.082150235762796,0.18862308597186667,9.795921869578386,2453452.0,760.0079139038244,474.91464106704046,60.68427273536669,14.30301397945595,14.405554007743989,5.4,42.25152754250384,28.724839850777197,12.020834378593873,0.1646762646033523,7.236443620314909,776.199028544865,200.5965144689609,0.5598597424832935,14.491113229758247,8.021256180143997,6.7443640513877,6.562254761978421,3.7631087636647576
2020,TO,1,NW,Piemonte,001,6.580287617599426,6.9791362221490845,6.779711919874256,25980220.0,47.05912620620524,0.2704506587564488,9.891024851166282,15118373.0,2401.72803203216,1581.9635051955045,392.1623685827794,14.303013979455951,14.40555400774399,8.3,36.178552229182436,7.20173493037243,4.750783555598037,0.013903281334504625,0.7661587074159426,105.24863740625601,31.895242499178448,-0.38697450930013494,14.491113229758247,8.021256180143997,6.7443640513877,6.562254761978421,3.851404815472888
2020,TP,1,I,Sicilia,081,6.503036863951171,6.854753846045785,6.6788953549984775,3753791.0,43.75610535814634,0.21987776925390748,9.35799971002617,2513947.0,58.954393846561025,65.79119990594761,-0.15602634318148043,14.303013979455951,14.405554007743989,17.6,42.62076559152917,8.986791239323423,12.255538533793741,0.16136660580439247,3.2738779219142873,196.77559881789873,24.0322810624666,0.3331321948760753,14.491113229758245,8.012680929706839,6.962623058656909,6.596975720430495,3.778631154110627
2020,TR,1,C,Umbria,055,6.593143321475168,7.002685515335953,6.79791441840556,4116653.0,48.92716260701157,0.2945264185195111,9.717389439451539,2351180.0,196.64023207121093,162.51565393759202,5.020983794823836,14.303013979455951,14.405554007743989,7.6,24.566223190452398,3.061101844490766,18.398730328690412,0.2865922729182557,1.8528548146067083,88.3640382612502,12.676848021469672,0.4242672308233475,14.491113229758247,8.012680929706839,6.962623058656909,6.596975720430495,3.8903327147990874
2020,TS,1,NE,Friuli Venezia Giulia,032,7.264927177098954,7.581831506724641,7.423379341911798,4571223.0,47.278492117839164,0.2501303249313864,9.95678196502836,2834128.0,88.89335224299936,63.71607834663771,1.7490112653526018,14.303013979455951,14.405554007743989,4.5,32.89601360765835,3.38281001155136,23.741284611330137,0.46731196036056305,2.4580887253830306,137.70368445511568,57.25704953623657,0.8848724321823953,14.491113229758247,8.012680929706839,6.962623058656909,6.596975720430495,3.8560554799885685
2020,TV,1,NE,Veneto,026,6.924692803309956,7.093506118384712,7.009099460847334,8963827.0,45.53864238100048,0.22042258538098608,9.855519414416804,4442176.0,243.2898506374229,193.0785940951929,1.5305204119268014,14.30301397945595,14.40555400774399,5.5,34.80645616683553,0.951081155543744,36.38246370385331,0.30764951112294436,0.8553171675264909,31.722670918346946,9.407591129506047,0.23453713086947028,14.491113229758247,8.012680929706839,6.962623058656909,6.596975720430495,3.818561248618986
2020,UD,1,NE,Friuli Venezia Giulia,030,6.462965992602776,6.815221907673118,6.639093950137946,3214768.0,47.278492117839164,0.2501303249313864,9.806174400637675,1979260.0,564.9921224884541,492.9236978222734,16.55400120523006,14.303013979455951,14.405554007743989,6.8999999999999995,32.211699437120025,6.978477092370681,22.200584456681838,0.4488924694056301,7.872179999778206,169.89539511546195,47.14478766560786,0.23235758781483656,14.491113229758245,8.012680929706839,6.962623058656909,6.596975720430495,3.8560554799885685
2020,VA,1,NW,Lombardia,012,6.9003784214821495,7.139847877917713,7.020113149699932,6553064.0,46.01125869665263,0.2326385246484116,9.8315606140266,3588831.0,887.9368328143985,670.750804942672,50.65549034535556,14.303013979455951,14.405554007743989,5.3,33.70366031042531,1.4487598383060216,13.065291417145113,0.0440959620237342,0.3488890213303127,51.11287944875626,25.385615278269366,-0.3215445397079258,14.491113229758247,8.012680929706839,6.962623058656909,6.596975720430495,3.828886120816711
2020,VB,1,NW,Piemonte,103,6.736901883233178,7.108894023633272,6.922897953433224,1408092.0,47.05912620620524,0.2704506587564488,9.66430143299869,1131891.0,425.928623530969,339.45220602619645,32.84924336987078,14.303013979455951,14.405554007743989,6.2,32.12528836999252,11.274891798180521,4.688140207926156,0.048662045230980576,2.390642827990841,266.24398761074127,106.3397465402164,0.06479673685489858,14.491113229758247,8.012680929706839,6.962623058656909,6.596975720430495,3.851404815472888
2020,VC,1,NW,Piemonte,002,6.516891357902701,6.903832072926696,6.710361715414698,1083552.0,47.05912620620524,0.2704506587564488,9.793736395856827,715557.0,1026.7159951679143,866.7519375266007,114.87805998298653,14.303013979455951,14.405554007743989,8.2,19.07916895714134,3.016847149713739,8.024596410422506,0.019486501056162158,2.30250899990221,97.29439591239813,20.171437561316157,-0.5324837231856608,14.491113229758247,8.012680929706839,6.962623058656909,6.596975720430495,3.851404815472888
2020,VE,1,NE,Veneto,027,7.1118713188820495,7.353088042487374,7.232479680684711,7379430.0,45.53864238100048,0.22042258538098605,9.84431796743238,4366665.0,150.12907069815782,117.08141239290978,0.5834026181474694,14.303013979455951,14.405554007743989,6.2,38.7288277287449,10.494751239191574,32.423146104021,3.073209108986688,23.80116347795338,384.20750502082694,169.30642226507825,0.5378986195481247,14.491113229758247,7.999342952713282,7.1502610071668995,6.614766110945189,3.818561248618986
2020,VI,1,NE,Veneto,024,7.01189063064973,7.2399971818772775,7.125943906263504,8966996.0,45.53933091856758,0.2205758897021648,9.87208469764486,4731980.0,399.01390993125455,315.5632943090286,15.49209660352949,14.303013979455951,14.405554007743989,6.9,38.815086692115166,1.9629371966086602,29.728699234076615,0.3466458264713273,3.1244865207787735,38.52819188808708,4.981199629481794,0.1160526688537668,14.491113229758247,7.999342952713282,7.1502610071668995,6.614766110945189,3.818576368357429
2020,VR,1,NE,Veneto,023,6.869766216629044,7.21521608934441,7.042491152986727,7688266.0,45.53864238100048,0.22042258538098605,9.783870253707164,4157531.0,441.0762894116537,269.8826904060726,17.250849112191247,14.303013979455951,14.405554007743989,4.7,34.464015753630285,12.551650003121555,29.83824749855566,2.2007383355118186,9.490134213475196,416.35330210030963,245.1318649154337,0.6079187681808501,14.491113229758247,7.999342952713282,7.1502610071668995,6.614766110945189,3.818561248618986
2020,VS,1,I,Sardegna,117,6.179000575037656,6.45783263682169,6.318416605929673,339142.0,47.42707658652712,0.24493033364073752,9.442659251216721,193062.0,558.2921989496134,455.072183759199,32.404382211563494,14.303013979455951,14.405554007743989,12.1,30.530673362182263,1.2609991278684696,9.394282240736914,0.0408090659601781,0.2838131350890729,22.933121650289735,3.9153923558795225,-0.41273890348463305,14.491113229758247,7.999342952713282,7.1502610071668995,6.614766110945189,3.859193301610534
2020,VT,1,C,Lazio,056,6.854722047227834,7.16095229597991,7.007837171603872,3170784.0,45.115072570893176,0.22268050659775904,9.608395149302236,2009004.0,232.1138152490715,215.85822210090035,1.3644926794591952,14.303013979455951,14.405554007743989,9.2,17.585042540212193,1.6493064506974142,3.6904841474217367,0.044085238753214434,0.34199614597568195,43.22950001234214,4.885735653250128,-0.27588674772001676,14.491113229758245,7.999342952713282,7.1502610071668995,6.614766110945189,3.8092163940208805
2020,VV,1,S,Calabria,102,6.072970832440845,6.370029015376622,6.221499923908734,1026950.0,45.653628154706794,0.24602440701783634,9.304064473140635,753768.0,79.44858305394078,126.10349565582942,-3.5468427114522236,14.30301397945595,14.405554007743989,18.8,40.42741792430511,24.569881176968227,10.206931831195641,0.13778871755374414,2.3946281342605706,190.97084073462435,18.921022629367062,-0.03229932724117355,14.491113229758247,7.999342952713282,7.1502610071668995,6.614766110945189,3.8210830815324526
2021,AG,1,I,Sicilia,084,5.967359796711094,6.324257878482865,6.145808837596979,3593454.0,43.97324815956593,0.23138952884351688,9.307032920162197,2811921.0,89.80418309034637,120.61179306988198,-1.4301905352743538,14.210150370913528,14.328341310116052,21.8,27.437604508208114,2.024157651064984,10.87408024617614,0.05695331505700909,0.637515815575025,39.28530096607587,8.325787750388157,-0.19004275923755784,14.452257213884272,7.999342952713282,7.1502610071668995,6.614766110945189,3.783581452640013
2021,AL,1,NW,Piemonte,006,6.4510184683110765,6.704273921683292,6.577646194997184,2402083.0,46.25983196219524,0.24731558696791553,9.786046632677476,1586480.0,1298.73204911005,1079.6220055270203,93.14818906056908,14.210150370913528,14.328341310116052,6.9,21.009234647129894,1.3304193266131956,11.593574858732143,0.061327263265062416,0.8737785708963394,27.19749858178542,11.403524906790125,-0.3751085224291793,14.452257213884272,7.999342952713282,7.1502610071668995,6.614766110945189,3.834274024332261
2021,AN,1,C,Marche,042,6.579565984579776,6.915450431291539,6.747508207935658,6160918.0,45.702439844863065,0.24212290400750114,9.794437590260772,3444518.0,164.13315773634136,135.0495501905146,1.588689895025656,14.210150370913528,14.328341310116052,8.4,27.21098130707481,3.306785863528872,23.44902804858506,0.2189011133592356,5.55993994886005,198.40261456726748,19.60903694249273,0.352933914988261,14.452257213884272,7.999342952713282,7.1502610071668995,6.614766110945189,3.822151684765275
2021,AO,1,NW,Valle D'Aosta,007,7.1909764390470166,7.496532246725421,7.343754342886219,1461668.0,46.32649619151251,0.39301777294160317,9.829210433083638,1359621.0,288.06425500595805,252.99414468530065,16.42977735058553,14.210150370913528,14.328341310116052,7.299999999999999,38.80546047308624,42.54969561366215,14.344727138819048,0.27317039094291873,8.289600067227306,1103.457171912138,278.69580905941694,1.0009437900639446,14.452257213884272,7.999342952713282,7.1502610071668995,6.614766110945189,3.8357140693619525
2021,AP,1,C,Marche,044,6.680744141119608,6.975319258596021,6.8280316998578146,4021422.0,45.702439844863065,0.24212290400750114,9.646835126701605,2302467.0,90.87666882829195,89.04000352144647,0.1440516772438811,14.210150370913528,14.328341310116052,8.5,34.04081600515804,3.963476663902373,15.314868800513548,0.13985693405141472,1.5458923939871079,111.64199113125744,12.626077185408539,0.30100329452804436,14.452257213884272,7.999342952713282,7.1502610071668995,6.614766110945189,3.822151684765275
2021,AQ,1,S,Abruzzo,066,6.216083792642926,6.585310361893128,6.400697077268027,2908760.0,47.173183262088706,0.26547162122299767,9.542228961780873,2445602.0,717.9727197042928,681.374410154149,17.040640464761157,14.21015037091353,14.32834131011605,9.5,31.19475837588502,8.904843765490323,19.379250823756436,0.12786256798331636,3.024612932103516,210.05697696059985,17.461603020323285,0.007371688743663973,14.452257213884273,6.359573868672378,8.465070217904099,8.127637424392963,3.853825579905509
2021,AR,1,C,Toscana,051,6.902377338853382,7.201277068011205,7.0518272034322935,3856608.0,47.37494485513152,0.2861636134272045,9.76821997819748,2081014.0,138.1836197572342,116.633623478213,1.835781999456634,14.210150370913528,14.328341310116052,7.1,26.416270479210077,2.866424786685638,19.522777795916884,0.2426668734396792,1.8833396989877635,110.24455548237066,30.09212727605506,0.5696898592038091,14.452257213884272,6.359573868672378,8.465070217904099,8.127637424392963,3.858093499394135
2021,AT,1,NW,Piemonte,005,6.147017728278699,6.511723501419583,6.329370614849141,2063150.0,46.25983196219524,0.24731558696791553,9.715683200699425,1260366.0,694.6097181420864,598.606748967977,37.77305985202852,14.210150370913528,14.328341310116052,7.4,14.474026634713844,1.068406664744236,14.775092330949679,0.09127558255110221,0.7465530761894327,47.698957924703954,19.336732634416503,-0.2608872222545719,14.452257213884272,6.364750756851911,8.39478395413011,8.127149932236884,3.834274024332261
2021,AV,1,S,Campania,064,6.3462199463265065,6.531720052722606,6.438969999524557,9063088.0,42.789618715440376,0.1859304659773027,9.422614367487078,5380232.0,223.9573115081217,274.60201809400013,-5.443900005315774,14.210150370913528,14.328341310116052,14.5,29.192890587117375,1.0967400592066299,13.25200278286963,0.03719195141694627,0.25349755754596176,11.327972482424922,0.7823151086046591,-0.45494067538605276,14.452257213884272,6.364750756851911,8.39478395413011,8.127149932236884,3.756295519789362
2021,BA,1,S,Puglia,072,6.890026332739209,7.191388228782187,7.040707280760698,12941715.0,44.624017630258514,0.22531854439909046,9.544947835563953,6766748.0,51.34117973664176,54.90823665362708,-0.056308383154637584,14.210150370913528,14.328341310116052,15.6,35.26519669777962,1.871104428397774,15.057462767632671,0.1674449441232562,0.850020215302668,79.4182122469941,18.591478543954935,0.1423677648137172,14.452257213884273,6.3784261836515865,8.379020529682982,8.119143379062205,3.7982722259697295
2021,BG,1,NW,Lombardia,016,6.867126588506197,7.0725347886786025,6.969830688592399,8297134.0,46.8415531193339,0.24482076892343177,9.840386112586767,4650887.0,1017.9173421007081,814.4204680950369,78.37478475014716,14.210150370913528,14.328341310116052,3.5,34.309821608844985,2.5875542728368304,17.736621334735386,0.05770653425064821,0.7572486782188301,80.67885406302952,19.222778191037644,-0.2487437689432041,14.452257213884272,6.3784261836515865,8.379020529682982,8.119143379062205,3.846770696150211
2021,BI,1,NW,Piemonte,096,5.930009542486809,6.273015517973299,6.101512530230055,1130473.0,46.25983196219524,0.24731558696791553,9.81024247345829,778954.0,322.98821703806,300.8064466887125,7.7286102279996545,14.21015037091353,14.328341310116052,6.0,11.57997106952638,1.146845324680629,9.908282044254278,0.05574695066280772,0.9112953572300918,28.904890864870715,6.731472839271335,-0.45162918008823016,14.452257213884272,6.376726947898627,8.460627166464548,8.138365203751407,3.834274024332261
2021,BL,1,NE,Veneto,025,6.827406738766961,7.037664930696945,6.932535834731953,1872826.0,46.445267234856885,0.25124086011355223,9.808338925324806,1556243.0,219.6743683819527,183.63469710982767,6.604429953636639,14.210150370913528,14.328341310116052,4.2,19.648433883893436,14.652198877010116,47.83406718753485,2.6270702492769704,20.51021977886029,561.687699332213,141.28610905496618,1.0910505261346024,14.452257213884272,6.376726947898627,8.460627166464548,8.138365203751407,3.838274570614661
2021,BN,1,S,Campania,062,6.67171152068619,6.8400828342935505,6.755897177489871,1659875.0,42.789618715440376,0.1859304659773027,9.342984807759528,1004083.0,142.66822981851357,190.9567835383724,-4.198103956137063,14.210150370913528,14.328341310116054,12.8,19.728158718678287,0.5751432486941149,23.71761110391724,0.12220902732262964,0.604552081701203,4.180545178124665,0.19420792496968592,-0.3462056413433392,14.452257213884272,6.3784261836515865,8.479621295087858,8.12030750115721,3.756295519789362
2021,BO,1,NE,Emilia Romagna,037,7.081218996937399,7.339528355900715,7.210373676419057,18475763.0,45.530902463034984,0.2245318350724371,9.936639955026315,10307239.0,287.94667706230274,197.63215812931352,2.59028142038532,14.21015037091353,14.328341310116052,4.6,46.80140904008639,2.355859658241945,13.896307920538463,0.10629739930822012,0.3371332536638971,70.3688564361244,12.876454292912168,0.16059097105648218,14.452257213884273,6.3784261836515865,8.479621295087858,8.12030750115721,3.8183912704336906
2021,BR,1,S,Puglia,074,6.627479649978496,6.84078190970861,6.734130779843553,2448553.0,44.624017630258514,0.22531854439909052,9.466912278332313,1540666.0,25.510922596923045,27.07716293317815,-0.01492988088668933,14.210150370913528,14.328341310116052,15.8,33.41661926599301,3.9514482246622014,19.446497698882112,0.10560831183542323,0.8918246523213652,103.3315664092625,20.580847876677275,0.2895198144963373,14.452257213884272,6.3784261836515865,8.385443689387218,8.116811061426434,3.7982722259697295
2021,BS,1,NW,Lombardia,017,7.019786730899363,7.270603007612716,7.14519486925604,10487787.0,46.8415531193339,0.24482076892343174,9.813822014080696,5954865.0,611.3562602201895,491.7120226138107,17.45707152429488,14.210150370913528,14.328341310116052,4.9,31.196232285442907,7.678785943752997,11.693369497307945,0.14083672129236963,3.5634813692644087,312.0852851617047,176.5245867040372,-0.05783304495299986,14.452257213884272,6.3784261836515865,8.385443689387218,8.116811061426434,3.846770696150211
2021,BT,1,S,Puglia,110,6.819225976656588,7.094659271074261,6.956942623865424,4439698.0,44.624017630258514,0.22531854439909046,9.404116733933368,2231908.0,33.449469350015015,36.28275554092006,-0.025519124554922543,14.210150370913528,14.328341310116052,21.8,32.302638072386586,0.47034276248233603,18.90847783901716,0.06154408482941177,0.2839075184866869,31.639819298528863,5.293477401977219,0.03193889584185063,14.452257213884272,6.361302477572996,8.583453197076716,8.16602849538034,3.7982722259697295
2021,BZ,1,NE,Trentino Alto Adige,021,7.620886466316462,7.85886977629302,7.739878121304741,7016412.0,44.22986337913516,0.2131226645482096,9.84790601093133,3819797.0,323.4396448517512,265.78787539845257,7.129094183155269,14.21015037091353,14.328341310116054,3.7999999999999994,65.16599249934683,45.01804073791794,9.885632093418437,1.3716500192452472,7.51693557441569,1462.5851998513024,860.2086782170927,1.5470876501253952,14.45225721388427,6.361302477572996,8.583453197076716,8.16602849538034,3.7894002030021925
2021,CA,1,I,Sardegna,118,6.710405470981068,6.976272035529519,6.843338753255293,3936811.0,47.13692312314368,0.25332590865550214,9.573440830013435,2103417.0,168.41959848596215,164.85728140785872,0.022818754812012773,14.210150370913528,14.328341310116054,16.4,36.22538968933678,9.151988704038555,12.053128136083528,0.07728989541214357,1.7710939704672266,139.8068655167613,44.088452351158125,-0.10973694608512732,14.452257213884272,6.327936783729195,8.436863233187884,8.223582548062037,3.8530566243370865
2021,CB,1,S,Molise,070,6.000018646087261,6.400483036415906,6.2002508412515835,1977135.0,51.57321012293089,0.33164506012376943,9.40350652695068,1321580.0,232.8312978604997,288.7070018033097,-13.984541685012227,14.210150370913528,14.32834131011605,10.5,23.968799448540683,2.0332078546977788,12.72872599038238,0.03744964441187683,0.3251978618757116,32.60343313883082,2.028724224581701,-0.3911264285839799,14.452257213884273,6.327936783729195,8.436863233187884,8.223582548062037,3.9430023540008814
2021,CE,1,S,Campania,061,6.30574194595996,6.686581361175927,6.4961616535679445,4902845.0,42.789618715440376,0.18593046597730267,9.472481259091639,2558569.0,422.23508955260587,401.41000943732206,1.9036935439610867,14.210150370913528,14.328341310116052,15.3,31.878613947525473,0.8025556105992764,9.214290588943395,0.0250961857454299,0.162256743704783,22.759083862191854,2.0910717291809235,-0.501895898698414,14.452257213884273,6.322565239927284,8.443560590483713,8.261258858045963,3.756295519789362
2021,CH,1,S,Abruzzo,069,6.227928658627296,6.619385891588601,6.423657275107948,3825480.0,47.173183262088706,0.26547162122299767,9.511462026111543,2457420.0,745.3612046878249,701.4726706792603,22.96417980090964,14.210150370913528,14.328341310116052,9.7,23.693278683397313,3.244928528502111,15.309937994291454,0.07000967249917035,0.7584795004331492,43.49198541696232,2.876251560660538,-0.22481414989766998,14.452257213884272,6.322565239927284,8.443560590483713,8.261258858045963,3.853825579905509
2021,CI,1,I,Sardegna,119,6.56375025939648,6.848791381563095,6.706270820479787,624257.0,47.13692312314369,0.25332590865550214,9.527552456169795,405268.0,185.13085185069215,169.59003500043642,0.9412671417956207,14.210150370913528,14.328341310116052,13.100000000000001,37.694433102310796,3.6348934490611877,14.029032213215352,0.10308217283871086,1.25749107641903,84.04503321963476,19.673457059568882,0.17823688958501704,14.452257213884273,6.317164686747284,8.658841238245227,8.292852268927978,3.8530566243370865
2021,CL,1,I,Sicilia,085,5.886911342814831,6.257115821506709,6.0720135821607695,2199263.0,43.97324815956593,0.23138952884351688,9.3113931768164,1586140.0,69.87885131233654,111.0067006652329,-3.1967328987839743,14.210150370913528,14.328341310116052,16.3,22.58519390340123,1.4949779021035685,9.088500280221465,0.014514605523775712,0.14569571849808266,17.331049919271713,1.013145874898207,-0.47843708280884084,14.452257213884272,6.317164686747284,8.658841238245227,8.292852268927978,3.783581452640013
2021,CN,1,NW,Piemonte,004,6.618614612417039,7.0061047582356055,6.812359685326323,6075469.0,46.25983196219524,0.24731558696791553,9.735566126800078,4229059.0,1976.145738154328,1500.7735648119533,402.28737127427985,14.210150370913528,14.328341310116052,4.6,25.641521681270476,5.997718700793283,18.460649326001985,0.19901259295384915,3.9051197383787266,201.90362330112572,60.45478617888961,0.07290188393176852,14.45225721388427,6.318968113746434,8.831464641224047,8.295516974592381,3.834274024332261
2021,CO,1,NW,Lombardia,013,7.033444930248286,7.335920222311983,7.184682576280133,5046492.0,46.8415531193339,0.24482076892343174,9.781198673483482,2841534.0,754.7773389665327,599.6972565579856,37.43988510107892,14.210150370913526,14.328341310116052,7.5,35.19893955840328,3.874173157758053,18.602622111584168,0.22801223162989973,2.1774483232532575,168.81575958385253,121.18790217606526,-0.0347616567385184,14.452257213884272,6.318968113746434,8.831464641224047,8.295516974592381,3.846770696150211
2021,CR,1,NW,Lombardia,019,6.287186612078038,6.6638252441413055,6.475505928109672,2619556.0,46.8415531193339,0.24482076892343174,9.852409338955644,1441644.0,504.5162913169052,425.207700881301,11.877933890877173,14.210150370913528,14.328341310116052,5.0,19.625474878529875,0.5774838146359125,8.540453045958616,0.01809697276959449,0.09883543707610316,6.247207572573862,1.2893819251800236,-0.6294862546028598,14.452257213884272,9.810275170813949,5.0191138041374295,4.6842467403766745,3.846770696150211
2021,CS,1,S,Calabria,078,6.091788281486444,6.412778885213924,6.252283583350184,4648575.0,44.95388301509355,0.24318755898125596,9.314876081111183,3340394.0,362.2630845823282,446.557147306774,-10.84082016732511,14.210150370913528,14.328341310116052,18.8,28.591692580231193,6.117387198363356,5.508475875842461,0.020907483457801013,0.7536913822653384,49.225852272010385,2.399828758632174,-0.3064581854450358,14.452257213884273,9.810275170813949,5.0191138041374295,4.6842467403766745,3.8056371423945077
2021,CT,1,I,Sicilia,087,6.257463056412229,6.630600585989327,6.444031821200778,11664079.0,43.97324815956593,0.23138952884351688,9.43923034503094,6641073.0,123.75041973319925,147.12487130343945,-0.6768018085804043,14.210150370913528,14.328341310116052,15.5,33.69486704868713,1.1927911091715782,13.042204568717285,0.0312613056635506,0.28746103331441286,42.641945277996335,12.579223933471399,-0.1506265117944591,14.452257213884272,9.810275170813949,5.0191138041374295,4.6842467403766745,3.783581452640013
2021,CZ,1,S,Calabria,079,6.3404502221154555,6.556342692219858,6.448396457167657,3743409.0,44.95388301509355,0.24318755898125594,9.33017823475075,2540589.0,187.44160762215577,247.4374665118856,-6.607926326553409,14.210150370913528,14.328341310116052,16.8,38.545559269933314,6.610171031182207,2.815768938720451,0.011600470064140438,0.4701719078498231,67.35869372405887,3.281420767232366,-0.31098320475401775,14.452257213884272,9.810275170813949,5.0191138041374295,4.6842467403766745,3.8056371423945077
2021,EN,1,I,Sicilia,086,6.15281949199855,6.509045237919324,6.330932364958937,1476263.0,43.97324815956593,0.23138952884351688,9.348812706872328,1169811.0,27.571333612514774,42.65436513513627,-0.5909173680374789,14.210150370913526,14.328341310116052,18.2,19.152669774774203,0.3893144198027447,13.67283459264715,0.02256146664552465,0.1320467714210226,10.400186875150895,2.406731674328012,-0.4516442770187705,14.452257213884273,9.810275170813949,5.0191138041374295,4.6842467403766745,3.783581452640013
2021,FC,1,NE,Emilia Romagna,040,7.066771678531237,7.2985843200446645,7.18267799928795,4513631.0,45.530902463034984,0.22453183507243707,9.773444033791032,2364517.0,158.20721966757472,104.14721930436977,3.441055536989955,14.210150370913528,14.328341310116052,5.5,33.74186217824293,9.203255128007402,13.52142439414131,0.3253067834077181,1.18201155598855,266.1516930907166,26.293633461469042,0.35674574546557747,14.452257213884272,9.810275170813949,5.0191138041374295,4.6842467403766745,3.8183912704336906
2021,FE,1,NE,Emilia Romagna,038,6.536518152004011,6.8646321765652125,6.700575164284611,4713373.0,45.530902463034984,0.2245318350724371,9.762998660074553,3095941.0,77.56728599312088,58.788506517636414,0.4029971073978692,14.210150370913528,14.328341310116052,7.3,29.749422324895583,1.4271651443884554,23.79782406181636,0.480240297586408,4.03074658888336,96.51371896768747,21.1642742101596,0.03534829896277171,14.452257213884272,9.810275170813949,5.0191138041374295,4.6842467403766745,3.8183912704336906
2021,FG,1,S,Puglia,071,6.450561011050284,6.781676625450249,6.616118818250267,3301063.0,44.624017630258514,0.22531854439909046,9.334895977877666,1904569.0,166.15178311191352,207.47110812263938,-6.292539566946447,14.210150370913528,14.32834131011605,10.0,26.06167122148868,12.238919420272362,19.834974757612898,0.18204670895775016,5.654195637119928,342.2084244949105,38.44770918532142,0.2423456118422623,14.452257213884273,9.809945808127765,4.954769754831596,4.689227984202863,3.7982722259697295
2021,FI,1,C,Toscana,048,7.264132293021264,7.618836269421284,7.441484281221275,9574281.0,47.37494485513152,0.2861636134272045,9.831393430498569,4994321.0,168.6745445463016,130.43362946835038,1.3288792196116035,14.210150370913528,14.328341310116052,6.2,29.436804255553884,2.4727488547166923,24.471780739556177,0.3371765095919941,3.012489889918728,148.31538390754523,60.58942539694614,0.6795409802311904,14.452257213884272,9.809945808127765,4.954769754831596,4.689227984202863,3.858093499394135
2021,FM,1,C,Marche,109,6.680950187840378,6.9657416343608,6.8233459111005885,3344098.0,45.702439844863065,0.24212290400750114,9.633366774526094,1870032.0,125.13333186313233,122.60432136653009,0.2638111034727192,14.210150370913528,14.328341310116052,4.8,15.229802255815049,1.0747849913943253,18.15554760050843,0.15322416876822129,1.168827457176609,75.0932619184943,6.295257181341694,0.13565643365795482,14.452257213884272,9.809945808127765,4.954769754831596,4.689227984202863,3.822151684765275
2021,FR,1,C,Lazio,060,6.479930359908688,6.808988953247476,6.644459656578082,4593345.0,45.817300418952705,0.2316467145538048,9.621781056980824,2517600.0,172.4459690734116,188.33943524961418,-1.810006128227037,14.210150370913528,14.328341310116052,10.9,40.27953929507858,3.605619032977715,8.736280786563247,0.024990846642909598,0.1516563157699743,36.54180949561864,3.420868591159468,-0.33498838008165127,14.452257213884272,9.809945808127765,4.954769754831596,4.689227984202863,3.8246617582000297
2021,GE,1,NW,Liguria,010,6.95988385436345,7.33691441063326,7.148399132498355,10006429.0,48.65826336799302,0.2691360287882145,9.805176906255543,6393528.0,1259.6886866671323,984.0839162461414,200.11397204682183,14.210150370913528,14.328341310116052,7.5,33.68374958297844,5.457789173485413,13.716643933364217,0.09496206976877418,0.7631512701927036,202.10950353316943,97.64707967208669,0.08945338292622809,14.452257213884272,9.809945808127765,4.954769754831596,4.689227984202863,3.8848216476102646
2021,GO,1,NE,Friuli Venezia Giulia,031,6.70313402799365,6.886360544959924,6.794747286476787,2149284.0,47.896879381702945,0.26280350047552636,9.847038991987398,1343916.0,134.07956883945164,107.23504634421293,3.040626745430079,14.210150370913528,14.328341310116052,7.7,30.598565932502993,5.288400187560426,14.47135461352562,0.3513730101236627,7.282099792604423,255.0874814399515,168.37596745430073,0.19204928247146905,14.452257213884273,9.809945808127765,4.954769754831596,4.689227984202863,3.8690503536871526
2021,GR,1,C,Toscana,053,7.141476708705803,7.464223804056937,7.302850256381371,2701346.0,47.37494485513152,0.2861636134272045,9.628307727192453,1980385.0,125.80354108030869,88.93008938435615,2.15893114651245,14.210150370913528,14.328341310116052,8.0,24.93862495110565,11.315166766053151,14.75750076745787,0.5655227558463786,7.535451725820798,524.2230489110278,106.18321149693575,1.1069362182500377,14.452257213884272,9.809945808127765,4.954769754831596,4.689227984202863,3.858093499394135
2021,IM,1,NW,Liguria,008,7.127154786672873,7.473582352891249,7.30036856978206,3031950.0,48.65826336799303,0.2691360287882145,9.574255856831945,2795346.0,606.226428034961,416.33783206328087,60.30108358030803,14.210150370913528,14.328341310116052,11.1,21.097504081813064,5.1365108494411436,11.241289938338092,0.08329719473825072,1.791159705380857,246.14455024260576,96.32573169141288,0.18836776391530996,14.452257213884272,9.809945808127765,4.954769754831596,4.689227984202863,3.884821647610265
2021,IS,1,S,Molise,094,6.0276504632626295,6.421392649322286,6.224521556292458,676150.0,51.57321012293089,0.33164506012376943,9.415947671796422,469050.0,160.72825766868138,199.15103730401412,-12.424160764076543,14.210150370913528,14.328341310116052,12.1,24.60497904277562,1.3168113137149389,7.933382236044423,0.036650833040106426,0.25856255469898737,20.510088708048364,0.7415981200341176,-0.46312113252018516,14.452257213884272,9.80598497117489,4.956649305605209,4.6987906488128806,3.9430023540008814
2021,KR,1,S,Calabria,101,6.177459517488723,6.441471712808126,6.309465615148425,1618393.0,44.95388301509355,0.24318755898125596,9.251630955695203,984505.0,44.34004449303649,75.37302551919926,-1.8344504647314221,14.210150370913528,14.328341310116052,20.3,43.479225850681345,6.159462726420024,2.0049679914903256,0.0044720215182507605,0.17178533716225716,56.09248464440768,2.3314901713154597,-0.27542247210907095,14.452257213884272,9.80598497117489,4.956649305605209,4.6987906488128806,3.8056371423945077
2021,LC,1,NW,Lombardia,097,6.914016274242825,7.164766224320058,7.039391249281441,3038872.0,46.8415531193339,0.24482076892343174,9.90956725577053,1838830.0,469.63920887122725,392.10754298564393,65.45673836520253,14.21015037091353,14.328341310116052,5.5,19.483064622795858,1.5907657713561212,16.26454959765231,0.19967960862135384,1.995388289453061,77.55374712144535,46.176062447837424,-0.2292022842507754,14.452257213884272,9.80598497117489,4.956649305605209,4.6987906488128806,3.846770696150211
2021,LE,1,S,Puglia,075,6.191722245590131,6.468111534200757,6.329916889895443,8136341.0,44.62401763025851,0.2253185443990905,9.402492196910496,5416506.0,140.5079070985979,134.17493054130836,0.21084225410904178,14.210150370913528,14.328341310116054,15.4,21.490412517567012,5.887655217818399,18.655695622729347,0.13061130861873427,2.3055480758468674,129.28384910127187,20.324632631825164,0.1739696074508229,14.452257213884272,9.80598497117489,4.956649305605209,4.6987906488128806,3.7982722259697295
2021,LI,1,C,Toscana,049,7.464318884839088,7.754980352324371,7.60964961858173,3288592.0,47.37494485513152,0.2861636134272045,9.722862716493328,2010071.0,128.684445374441,103.82912433637104,2.416746501813733,14.210150370913528,14.328341310116052,5.5,33.37154959581758,28.747315372225593,16.956560014325504,0.7324762532460001,16.276848023797736,1056.655169422576,291.1739777762119,1.3399642832009724,14.452257213884272,9.80598497117489,4.956649305605209,4.6987906488128806,3.858093499394135
2021,LO,1,NW,Lombardia,098,6.840600064106747,7.107238443420703,6.973919253763726,2950161.0,46.8415531193339,0.24482076892343174,9.897268060932516,1572202.0,299.910932055498,249.168425874391,27.02806242454097,14.210150370913528,14.328341310116052,5.3,30.105287423898755,0.5574067749170689,7.624116953150667,0.015285193980971461,0.06927799158341472,7.697082063799397,1.9902834004455439,-0.5509706852795347,14.452257213884272,9.80598497117489,4.956649305605209,4.6987906488128806,3.846770696150211
2021,LT,1,C,Lazio,059,6.909118035435315,7.234232011632299,7.071675023533807,9277222.0,45.817300418952705,0.2316467145538048,9.53327901920668,5144492.0,145.29736534628307,124.78458897347407,1.472211455397325,14.210150370913528,14.328341310116052,10.9,36.060072843437815,4.3880899667996776,6.769926674482766,0.07171629647430336,0.6145405057477824,81.75171010972251,6.636043607989364,0.07365590027361252,14.452257213884272,9.80598497117489,4.956649305605209,4.6987906488128806,3.8246617582000297
2021,LU,1,C,Toscana,046,6.9310774297116975,7.272367646831286,7.101722538271492,4240013.0,47.37494485513152,0.2861636134272045,9.736605968292753,2567983.0,228.37869408580335,148.7690516229886,7.359584421419729,14.210150370913528,14.328341310116052,11.9,36.93727699651203,6.139924810038334,22.251487166117887,0.2787845239244798,2.1996454480181575,147.5638910961751,41.888879128090764,0.6203736530379486,14.452257213884273,9.80598497117489,4.956649305605209,4.6987906488128806,3.858093499394135
2021,MB,1,NW,Lombardia,108,7.20063207101505,7.441974253254463,7.321303162134757,9441840.0,46.8415531193339,0.24482076892343174,9.966477514802877,4747490.0,628.5103458120492,514.7802930285123,2.1222995019460558,14.210150370913528,14.328341310116052,6.6,47.93452984287164,0.6444582794257158,20.066808290818596,0.016512205685138427,0.0673314206355409,26.852777884212834,4.843285474240744,-0.3375102359095836,14.452257213884272,9.803943422199742,5.038059587140733,4.718181211478462,3.846770696150211
2021,MC,1,C,Marche,043,6.6935277140526415,7.042202379627674,6.867865046840158,2766215.0,45.70243984486306,0.24212290400750114,9.715588379889022,1531159.0,159.96930675921428,156.87736558000742,0.5561672299135595,14.210150370913528,14.328341310116052,7.4,33.190949059400005,1.5068483125803938,17.733025367598906,0.11924760346563873,1.0989253110948671,80.07212473562856,8.946089850808782,0.22827750102054487,14.452257213884272,9.803943422199742,5.038059587140733,4.718181211478462,3.822151684765275
2021,ME,1,I,Sicilia,083,6.429336346238025,6.808004465452774,6.618670405845399,5703006.0,43.97324815956593,0.23138952884351688,9.401012196988864,3950766.0,278.05814668901786,323.73076298274594,-5.345658316953069,14.210150370913528,14.328341310116052,23.9,37.389488404411544,7.605956582319569,15.223754295499418,0.10140604985159801,1.2138730900332837,140.03425402433007,38.36090155774507,-0.019240463550068032,14.452257213884272,9.803943422199742,5.038059587140733,4.718181211478462,3.783581452640013
2021,MI,1,NW,Lombardia,015,7.248909517424116,7.484348112577392,7.366628815000754,49268534.0,46.8415531193339,0.24482076892343177,9.978952873608602,27171986.0,723.7009339288542,592.7459767612334,4.099093866922271,14.210150370913528,14.328341310116052,6.5,57.05730631064891,1.4881354697881728,8.83274231111385,0.028654463216657558,0.10180725043782944,39.97800637041198,9.005634958892388,-0.25223548544987623,14.452257213884272,9.803943422199742,5.038059587140733,4.718181211478462,3.846770696150211
2021,MN,1,NW,Lombardia,020,6.287044903602656,6.6382554925143005,6.462650198058478,4817609.0,46.8415531193339,0.24482076892343174,9.820875732810908,2502857.0,208.6962676164502,171.53660569081805,1.7904329537837878,14.210150370913528,14.328341310116052,4.6,28.115090623353193,0.6797190561747893,11.906579203387286,0.06124909358817593,0.3382993303818558,38.90008187147384,10.998527656084025,-0.1876171621403388,14.452257213884272,9.803943422199742,5.038059587140733,4.718181211478462,3.846770696150211
2021,MO,1,NE,Emilia Romagna,036,6.787941357605568,7.131699038017185,6.959820197811377,7490427.0,45.530902463034984,0.2245318350724371,9.87851646783051,3960372.0,273.8493813990929,211.0820154524996,3.725229935648182,14.210150370913526,14.32834131011605,4.4,56.408985078745246,4.801169458243153,9.602686383403093,0.08659623126754896,0.4933761295708668,117.89649702248134,13.489015564093775,0.23715571904566043,14.452257213884272,9.803943422199742,5.038059587140733,4.718181211478462,3.8183912704336906
2021,MS,1,C,Toscana,045,6.795288397316023,7.187932629959129,6.991610513637577,2461923.0,47.37494485513152,0.2861636134272045,9.74108589501937,1626975.0,110.03813970121597,91.35303855015748,1.3883906709134037,14.210150370913528,14.328341310116052,11.3,31.441303152358103,2.9559519177659834,19.20373105868234,0.13297933708193393,1.316371117817012,76.22476945735112,17.135918226722666,0.4481404716906533,14.452257213884272,9.803943422199742,5.038059587140733,4.718181211478462,3.858093499394135
2021,MT,1,S,Basilicata,077,6.152363600065747,6.484660712120891,6.31851215609332,2122891.0,49.58978711379051,0.28953089675960814,9.40326172170807,1290376.0,107.53253976855308,127.55863746236659,-2.743161659594578,14.210150370913528,14.328341310116052,7.9,35.0910323452606,4.717232787034348,20.662027616862186,0.1622055232144047,0.8847010600217925,92.97087741379865,6.832695199423472,-0.03717750255266416,14.452257213884272,9.803943422199742,5.038059587140733,4.718181211478462,3.9037849075656434
2021,NAP,1,S,Campania,063,6.948992240155806,7.369932094149063,7.159462167152435,29667610.0,42.789618715440376,0.18593046597730273,9.480800231213799,13670528.0,178.28663906268025,260.41977207683067,-1.4684513252885172,14.210150370913528,14.328341310116052,23.7,59.19376512973624,5.424735533554122,7.693825625298969,0.14726929144799883,0.7309734186414937,113.28757340310874,33.26839075911753,-0.14623326683186796,14.452257213884272,9.797070923831638,5.065456285422774,4.708778332883958,3.756295519789362
2021,NO,1,NW,Piemonte,003,6.569624941473611,6.948932359746585,6.759278650610098,3361303.0,46.25983196219524,0.24731558696791553,9.86717654787358,1946043.0,371.9997211330767,293.82996841171655,8.880450390049889,14.210150370913528,14.328341310116052,7.700000000000001,40.90278551456495,4.289546491991338,17.89812389580141,0.0849783366216443,0.8399833023509248,229.36107923897816,106.32413590788373,0.009121996088840614,14.452257213884272,9.797070923831638,5.065456285422774,4.708778332883958,3.834274024332261
2021,NU,1,I,Sardegna,114,6.6613772176605215,6.851623153271712,6.756500185466116,1081830.0,47.13692312314368,0.25332590865550214,9.439850096290659,692721.0,142.63192622644465,181.41915643536944,-6.816640014402396,14.210150370913528,14.328341310116054,7.3,29.20150371657417,6.8882118390400455,11.384955330086113,0.1089889585537456,0.9896363817460729,151.35152243674497,57.58782204022154,-0.01165289910542236,14.452257213884272,9.797070923831638,5.065456285422774,4.708778332883958,3.8530566243370865
2021,OG,1,I,Sardegna,116,6.790888500644581,6.984610480438589,6.887749490541585,309949.0,47.13692312314369,0.25332590865550214,9.522738983920418,224651.0,100.80327495038053,128.21564982854468,-2.3430241744609615,14.21015037091353,14.328341310116054,7.299999999999999,35.575815689693115,6.415653973761095,6.625118656241354,0.10849137167342394,1.086396211476495,230.68909080036244,99.61859939343101,0.23857205433340542,14.452257213884273,9.797070923831638,5.065456285422774,4.708778332883958,3.8530566243370865
2021,OR,1,I,Sardegna,115,6.026655267559243,6.403339984193734,6.214997625876488,968317.0,47.13692312314369,0.25332590865550214,9.45527863687617,613945.0,262.36790373734306,295.61012493892724,-14.25371136323766,14.210150370913528,14.32834131011605,14.8,13.548611678745738,2.010636103581105,9.791295815613568,0.10536382642574442,0.9189313608829962,102.12001380512366,34.663799014284926,-0.22907564496933294,14.452257213884272,9.797070923831638,5.065456285422774,4.708778332883958,3.8530566243370865
2021,OT,1,I,Sardegna,113,7.155204406364433,7.46933756175479,7.312270984059611,1325990.0,47.13692312314369,0.25332590865550214,9.500652960157906,1140294.0,131.30795840517274,125.97934399906012,0.29804420265047477,14.21015037091353,14.328341310116054,7.299999999999999,44.955620024489804,39.72829828867636,17.594986996848707,0.21417054292272295,17.569644404169804,692.9237566051077,309.56999857814634,1.0171939213330103,14.452257213884273,9.797070923831638,5.065456285422774,4.708778332883958,3.8530566243370865
2021,PA,1,I,Sicilia,082,6.088418690505502,6.431288621604462,6.259853656054982,12814816.0,43.97324815956593,0.23138952884351685,9.358731712369057,7462386.0,271.5367111518147,378.0773784298299,-7.9380416831252285,14.210150370913526,14.328341310116052,19.4,32.05854204052785,3.0651329790802677,21.59908939516028,0.059199720723764636,0.6256319176637102,55.634130070091636,13.69780673580303,-0.19202897116129775,14.452257213884272,9.797070923831638,5.065456285422774,4.708778332883958,3.783581452640013
2021,PC,1,NE,Emilia Romagna,033,6.664237417983874,6.960416715065234,6.812327066524554,3842761.0,45.530902463034984,0.2245318350724371,9.817857584781104,2312075.0,398.2312172914606,274.9210434093332,79.75963991859153,14.210150370913528,14.328341310116052,6.1,37.78614366431318,3.1056531561887253,10.573883537050081,0.046013847301169926,0.5210081505081702,65.00998569900997,9.680110202677687,-0.09418858642554503,14.452257213884272,9.797070923831638,5.065456285422774,4.708778332883958,3.8183912704336906
2021,PD,1,NE,Veneto,028,6.9052807755422645,7.113165723480925,7.009223249511595,9487038.0,46.445267234856885,0.25124086011355223,9.840750514069608,4837637.0,238.30669714463582,189.47278716617234,1.7903142944648147,14.210150370913528,14.328341310116052,5.6,35.33189788173982,2.5065357213718547,33.70798419633296,0.2579774069319248,0.6453836973626126,92.6535311028011,18.03807279672109,0.12422213467502598,14.452257213884272,9.793449447327191,4.975477985903104,4.708901409678187,3.838274570614661
2021,PE,1,S,Abruzzo,068,6.2946378433132075,6.658898297175385,6.476768070244296,4578843.0,47.173183262088706,0.26547162122299767,9.528563832911317,2497227.0,351.9930638236229,293.68324081196465,12.309612320385085,14.210150370913528,14.328341310116052,11.2,26.366955407040287,2.4757802444958097,15.279006107080587,0.07399892811346422,0.7807244106923333,53.301526878981385,5.9491908572835355,-0.1828592006169104,14.452257213884273,9.793449447327191,4.975477985903104,4.708901409678187,3.853825579905509
2021,PG,1,C,Umbria,054,6.3547808192584485,6.671607114655506,6.513193966956978,6709979.0,47.63445936516597,0.26847492233360026,9.720397621091436,3724693.0,189.81398106363082,156.1652498788067,1.9410682122825995,14.210150370913528,14.32834131011605,6.5,25.662103267298022,3.6435289183668544,18.750291786045278,0.4405363929576019,2.8379978549991907,208.29881576176504,44.61733705210936,0.7764101895412052,14.452257213884272,9.793449447327191,4.975477985903104,4.708901409678187,3.863556435564914
2021,PI,1,C,Toscana,050,6.990808109259931,7.285895248369819,7.138351678814875,3551686.0,47.37494485513152,0.2861636134272045,9.796634072496747,1928139.0,188.44226162243996,142.84955296504347,3.0022279929003313,14.210150370913528,14.328341310116052,6.8,28.7543453482001,3.0913226388183883,23.563141783455418,0.2979838089345124,4.049181133156221,167.93462483601022,69.77215108194937,0.5839363071772352,14.452257213884272,9.793449447327191,4.975477985903104,4.708901409678187,3.858093499394135
2021,PN,1,NE,Friuli Venezia Giulia,093,6.44573923791554,6.7531960293781,6.59946763364682,2982798.0,47.896879381702945,0.26280350047552636,9.827063919514215,1589513.0,330.82199654799456,272.47973409159545,12.754548779031111,14.210150370913526,14.328341310116052,3.3,55.009946442295686,4.053793462273676,17.55972023037986,0.19006915857473067,1.8473344474372158,71.54951752046233,14.642824975164633,0.1317671234133326,14.452257213884272,9.793449447327191,4.975477985903104,4.708901409678187,3.8690503536871526
2021,PO,1,C,Toscana,100,7.182782001595596,7.456012003611913,7.319397002603754,3688576.0,47.37494485513152,0.2861636134272045,9.782999815882388,1553409.0,54.44729140346984,43.55986625538989,0.20802871390976,14.210150370913528,14.328341310116052,7.1,26.15371139183932,0.45815834551511564,29.917388495417363,0.08886493598127351,0.5068879956607759,34.12868337247385,10.313269663934962,0.08383320748676726,14.452257213884273,9.793449447327191,4.975477985903104,4.708901409678187,3.858093499394135
2021,PR,1,NE,Emilia Romagna,034,6.443708243077297,6.733014352583095,6.588361297830196,4295781.0,45.530902463034984,0.2245318350724371,9.871311642063377,2424065.0,277.75683185451214,182.42048932667115,7.4898445861488225,14.210150370913528,14.328341310116054,5.799999999999999,43.00324141999322,1.951374681480682,16.178130553082035,0.152328317208524,0.6270993200189676,63.4527034011685,11.964247598782714,0.1456533929612795,14.452257213884272,9.793449447327191,4.975477985903104,4.708901409678187,3.8183912704336906
2021,PT,1,C,Toscana,047,7.058379841534488,7.247623809264914,7.153001825399701,3106243.0,47.37494485513151,0.2861636134272045,9.727944709230881,1693584.0,81.02533941049396,59.65568508463493,0.6898456677314253,14.210150370913528,14.328341310116054,9.8,33.55488718194996,6.031985002159275,21.516124755535177,0.11933911437344034,0.9621437220119712,167.9863358295492,36.81049039694308,0.3591256650225736,14.452257213884272,9.793449447327191,4.975477985903104,4.708901409678187,3.8580934993941347
2021,PU,1,C,Marche,041,6.772245525975857,7.085905657996855,6.929075591986356,4182583.0,45.702439844863065,0.24212290400750114,9.685138592930045,2378471.0,222.12284081338603,168.91871372527856,5.449085116248472,14.21015037091353,14.328341310116052,5.5,24.55694907431852,5.6899463148393945,17.376046503020834,0.1747219434036927,1.6283069949674234,135.8195304290777,18.84140348927596,0.33848843190205724,14.452257213884272,9.786166909959585,5.162473168512715,4.747915048366603,3.822151684765275
2021,PV,1,NW,Lombardia,018,6.772001561284777,6.939945157041547,6.855973359163162,5848299.0,46.8415531193339,0.24482076892343171,9.81925548371328,3492831.0,1375.5693575063005,1128.1982848038235,118.3580274996124,14.210150370913528,14.328341310116052,7.0,21.560628656712957,0.8498095070253345,10.107633878344256,0.03529650473346465,0.2632481724332364,17.427959805269147,2.7219862470647347,-0.5181245758490791,14.452257213884272,9.786166909959585,5.162473168512715,4.747915048366603,3.846770696150211
2021,PZ,1,S,Basilicata,076,6.050726880715646,6.261709829363106,6.156218355039376,3416757.0,49.58978711379051,0.28953089675960814,9.453125711297114,1993486.0,158.84257617002126,251.8478575595914,-11.44432736025177,14.210150370913528,14.328341310116052,8.4,34.39407212890448,2.256192875278865,17.61273397365736,0.08404553173658498,1.0457911758887732,52.62879806989533,3.4386187065443283,-0.1940424350009714,14.452257213884273,9.786166909959585,5.162473168512715,4.747915048366603,3.9037849075656434
2021,RA,1,NE,Emilia Romagna,039,6.863708976762373,7.169486458985216,7.016597717873795,4707160.0,45.530902463034984,0.2245318350724371,9.826276162153368,2897565.0,82.17526655671514,52.511258125527554,0.6715462222875236,14.210150370913528,14.328341310116054,6.2,42.921851802393505,9.225463569548996,14.712721597561826,0.23654577013684577,0.8533107350386759,237.29879352522946,27.016369589859483,0.2088972884803858,14.452257213884272,9.786166909959585,5.162473168512715,4.747915048366603,3.8183912704336906
2021,RC,1,S,Calabria,080,6.068755297220978,6.428564546486039,6.248659921853508,5332639.0,44.953883015093545,0.24318755898125596,9.296490196710087,3600378.0,310.3726082437009,451.2207114271725,-19.788367692674072,14.210150370913528,14.328341310116052,16.6,29.626217141803426,2.1836985941577245,4.741931064122763,0.01141065746520466,0.14679968266506446,19.893648917364402,1.3196302501223218,-0.47563019308610893,14.452257213884272,9.786166909959585,5.162473168512715,4.747915048366603,3.8056371423945072
2021,RE,1,NE,Emilia Romagna,035,6.622347508896988,6.904406133602886,6.763376821249937,6712815.0,45.530902463034984,0.2245318350724371,9.910056298151726,3427775.0,121.84691195615157,104.25753730576496,0.36368005831820543,14.210150370913528,14.328341310116052,5.099999999999999,53.70217775171224,1.1850823992063102,11.652169352046357,0.02991729751461682,0.26150183785704856,35.456593548357475,6.7819082491550855,-0.09677210212100217,14.452257213884272,9.786166909959585,5.162473168512715,4.747915048366603,3.8183912704336906
2021,RG,1,I,Sicilia,088,6.332059055571763,6.708335143310583,6.520197099441173,3365411.0,43.97324815956593,0.23138952884351688,9.346634433190813,2243480.0,30.8339068286308,26.80740041724524,0.08189972598142314,14.210150370913528,14.328341310116052,15.0,39.934803419634875,2.852533915249491,24.693719299264096,0.1281255484324393,1.1306194901749056,52.36941155207323,8.758888233070696,0.2794820022919175,14.452257213884272,9.786166909959585,5.162473168512715,4.747915048366603,3.783581452640013
2021,RI,1,C,Lazio,057,6.519611881262033,6.841341525300459,6.680476703281245,1019732.0,45.817300418952705,0.2316467145538048,9.624562676081599,707697.0,508.2792384885421,413.42599699869163,39.442787387892714,14.210150370913528,14.328341310116052,10.4,17.659251629278184,1.1219891091243055,5.936654009936691,0.02621371302031306,1.2127881267946554,8.231858738517179,0.961895291366403,-0.537728798388789,14.452257213884272,9.786166909959585,5.162473168512715,4.747915048366603,3.8246617582000297
2021,RM,1,C,Lazio,058,6.903159673637118,7.282317107348146,7.092738390492632,45684994.0,45.817300418952705,0.2316467145538048,9.729117173066662,23914664.0,1924.0354507969885,1524.6087148566457,94.8732118940684,14.210150370913528,14.328341310116052,9.8,39.227085290109905,1.5337330986290072,7.395080711599833,0.04823662954613368,0.21178107469984456,20.67891245748015,4.004521344584698,-0.18494775463589533,14.452257213884272,9.771840098470129,4.997788659533173,4.786060953168419,3.8246617582000297
2021,RN,1,NE,Emilia Romagna,099,7.200839907675822,7.528037860784562,7.364438884230192,3917347.0,45.530902463034984,0.2245318350724371,9.658602923779549,2178308.0,192.48864202147388,144.15732468341741,4.95053824526238,14.210150370913526,14.328341310116052,7.4,46.71464282926791,18.429509356252904,15.108981614473832,0.4506071972006045,1.6079854384462344,351.5835307607899,45.46547007805638,0.5983951376730113,14.452257213884273,9.771840098470129,4.997788659533173,4.786060953168419,3.8183912704336906
2021,RO,1,NE,Veneto,029,6.696347148187469,6.998381238052836,6.8473641931201525,2430059.0,46.445267234856885,0.25124086011355223,9.74634973699795,1433195.0,141.50566476846535,122.95066779963318,1.2362682617273602,14.210150370913528,14.328341310116052,9.1,25.28648443955738,1.7903898268047573,28.949383635520956,1.4579982193276342,9.981226472336338,151.4380586927296,42.997064351838674,0.0478053695409438,14.452257213884272,9.771840098470129,4.997788659533173,4.786060953168419,3.838274570614661
2021,SA,1,S,Campania,065,6.605937833651577,6.899910545149977,6.752924189400777,11300314.0,42.789618715440376,0.1859304659773027,9.369224397231175,6032246.0,408.2574573094084,450.1485177485794,-4.737961142281357,14.210150370913528,14.328341310116052,15.1,37.41823764814964,6.706831933388971,14.285212134228171,0.23181407838179816,2.4936715203322994,135.01246099226367,40.18489605992659,0.04021291633900648,14.452257213884272,9.771840098470129,4.997788659533173,4.786060953168419,3.756295519789362
2021,SI,1,C,Toscana,052,6.8947322425518225,7.247676040064329,7.071204141308075,2653031.0,47.37494485513152,0.2861636134272045,9.765383613000484,1608551.0,142.7894070153383,112.12965595983266,1.597540523470444,14.21015037091353,14.328341310116052,5.9,28.170156832666667,12.565815201695099,22.17787568552835,0.8831333444406325,8.135774829421946,696.2408734296133,243.64102773083275,1.2686418596255162,14.452257213884272,9.771840098470129,4.997788659533173,4.786060953168419,3.858093499394135
2021,SO,1,NW,Lombardia,014,6.957179348516882,7.177050100390453,7.067114724453667,3248700.0,46.8415531193339,0.24482076892343171,9.735181269012351,3081825.0,292.71558417280204,218.36017854691343,48.04585821869882,14.210150370913528,14.328341310116052,6.5,33.29825642928464,12.464415436586421,12.872608823415884,0.2091432537195682,2.221498014971362,268.94044492674635,52.182774516722866,0.15250177635192322,14.452257213884272,9.771840098470129,4.997788659533173,4.786060953168419,3.846770696150211
2021,SP,1,NW,Liguria,011,7.139037774841328,7.505886229751228,7.3224620022962785,2709357.0,48.65826336799303,0.2691360287882145,9.76995560695636,1797071.0,239.49416209421585,191.16893057372127,6.033847831227878,14.210150370913528,14.328341310116052,9.8,32.602985339714415,8.62299751860654,25.281207808171757,0.9473584400205358,7.153235223842966,730.1777479264363,355.155011023261,0.8863096578649718,14.452257213884272,9.771840098470129,4.997788659533173,4.786060953168419,3.884821647610265
2021,SR,1,I,Sicilia,089,6.270532504601537,6.632091318403085,6.451311911502311,4230601.0,43.97324815956593,0.23138952884351688,9.45724522330742,2644421.0,58.08901630580839,63.88726498605806,-0.3436527792968599,14.210150370913528,14.328341310116052,21.4,39.980533990000104,2.077651900736117,8.299713870115012,0.054519563752162964,0.4003867933205618,40.43763061478276,8.029865963358992,-0.10241394020168462,14.452257213884272,9.771840098470129,4.997788659533173,4.786060953168419,3.783581452640013
2021,SS,1,I,Sardegna,112,6.574658627658626,6.86993316233814,6.722295894998382,3766537.0,47.13692312314369,0.25332590865550214,9.527498651374689,2168776.0,387.73221211721045,371.9976330688755,4.752685187908138,14.210150370913528,14.328341310116052,13.0,27.29124284903499,16.11891051925007,11.944593808380425,0.11572081068452818,2.861398265934585,149.37992518945023,46.539465776567724,-0.09836839971571526,14.452257213884272,9.767954157240933,5.0029573983923115,4.821955499601463,3.8530566243370865
2021,SV,1,NW,Liguria,009,7.297934400252042,7.648949287217548,7.473441843734795,3118292.0,48.65826336799303,0.2691360287882145,9.745798863238244,2890791.0,355.9283372316182,287.0521909794804,22.79862533164327,14.210150370913528,14.328341310116052,7.6,34.36293558060956,9.671283954463997,10.165412112373676,0.12243914410363944,1.3484939857828342,369.03333424796665,79.61297089181646,0.4613141569698296,14.452257213884272,9.767954157240933,5.0029573983923115,4.821955499601463,3.884821647610265
2021,TA,1,S,Puglia,073,6.42237423815807,6.762390324878531,6.592382281518301,6758815.0,44.624017630258514,0.2253185443990905,9.532258400701938,4042225.0,47.31223659553347,57.681614455666875,-0.1973851261716893,14.210150370913528,14.328341310116052,15.0,34.77276755481071,2.76760537691594,17.960204667227448,0.07698061495358098,0.7728892341401906,47.15612101943292,4.910742858896131,0.1256016278018811,14.452257213884272,9.767954157240933,5.0029573983923115,4.821955499601463,3.7982722259697295
2021,TE,1,S,Abruzzo,067,6.350258248421034,6.729337769499283,6.539798008960159,3745707.0,47.173183262088706,0.26547162122299767,9.553101380538731,2437257.0,191.39628279786513,178.1896910406065,2.3901877122000927,14.210150370913528,14.328341310116052,6.9,33.932445912274076,8.834092117233459,16.535237698796628,0.09871493395202634,2.9896459972217038,127.9450973165529,11.618529105592561,0.20497127729811204,14.452257213884272,9.767954157240933,5.0029573983923115,4.821955499601463,3.853825579905509
2021,TN,1,NE,Trentino Alto Adige,022,7.377707247497106,7.535460566003675,7.4565839067503905,3625650.0,44.22986337913517,0.2131226645482096,9.792082967606344,2454909.0,689.424544774782,433.5210394050899,54.59452846777772,14.210150370913528,14.328341310116052,4.8,42.12466055015814,27.942309710347455,11.622620917940653,0.1620885171405672,6.3000831837617985,738.5245282574607,171.84998544362227,0.5892328803696801,14.452257213884272,9.767954157240933,5.0029573983923115,4.821955499601463,3.7894002030021925
2021,TO,1,NW,Piemonte,001,6.5748484478260725,6.972667099205524,6.773757773515799,25912818.0,46.25983196219524,0.24731558696791553,9.873427052159856,15118373.0,2003.925201268958,1618.9465125077056,168.50643315021503,14.210150370913528,14.328341310116052,8.3,35.522822706582886,7.065972458866552,10.695536852695662,0.04059020892793368,1.157401272101415,97.00631312952035,14.205044092852111,-0.2554147196295725,14.45225721388427,9.767954157240933,5.0029573983923115,4.821955499601463,3.834274024332261
2021,TP,1,I,Sicilia,081,6.5111630149217365,6.8727433226132355,6.691953168767487,3733611.0,43.97324815956593,0.2313895288435169,9.352642577384145,2520423.0,54.07224064078526,55.594903605784445,-0.03540013842440063,14.210150370913528,14.32834131011605,15.7,44.452692344398024,8.649335845834146,14.777317766360486,0.15934917272646643,2.8094103510542525,264.3722217422503,41.870321321953554,0.3917084157724986,14.452257213884272,9.767954157240933,5.0029573983923115,4.821955499601463,3.783581452640013
2021,TR,1,C,Umbria,055,6.5019132935077835,6.922666659063737,6.712289976285761,4047161.0,47.634459365165974,0.26847492233360026,9.709170348788348,2351180.0,175.99271877062296,144.34514057048045,4.709612854218527,14.210150370913528,14.328341310116052,7.2,23.91964362345197,2.9345654317374033,20.314399622123396,0.3137889416847948,1.9828492565931,142.10354397865197,23.519933744501706,0.5464577230696518,14.452257213884272,9.767954157240933,5.0029573983923115,4.821955499601463,3.863556435564914
2021,TS,1,NE,Friuli Venezia Giulia,032,7.275032537148742,7.605658081605946,7.440345309377343,4552941.0,47.896879381702945,0.26280350047552636,9.948336427298148,2834128.0,85.3777444209217,51.31065919318861,2.3718838491090266,14.210150370913528,14.328341310116052,5.6,32.36582157146668,3.3719569682268262,25.25787712097143,0.4715450765889901,3.1079949023420945,208.84097044828778,99.69866602940218,0.9715953167422487,14.452257213884272,9.765144602914383,5.214391038753941,4.85072620915755,3.8690503536871526
2021,TV,1,NE,Veneto,026,6.922653327206368,7.095580895929994,7.009117111568181,8925663.0,46.445267234856885,0.25124086011355223,9.840865430869288,4442176.0,195.82875705746787,172.26284234263025,0.7258143532273039,14.210150370913528,14.328341310116052,4.9,32.97825366564819,0.8817520789379405,37.74666378168914,0.3081287130556261,0.8996831260408145,48.97190559209072,16.037393157135437,0.2751346182713345,14.452257213884273,9.765144602914383,5.214391038753941,4.85072620915755,3.838274570614661
2021,UD,1,NE,Friuli Venezia Giulia,030,6.462113756434797,6.814580731317385,6.638347243876091,3179263.0,47.896879381702945,0.26280350047552636,9.79784970878252,1979260.0,512.1895075259176,391.5565147772957,28.36242967605584,14.210150370913526,14.328341310116052,6.7,31.78560779187327,6.721838636093781,22.367277502670913,0.4723293651909539,7.964042337986747,211.58994934566124,69.21166526822752,0.2736856442147833,14.452257213884273,9.765144602914383,5.214391038753941,4.85072620915755,3.8690503536871526
2021,VA,1,NW,Lombardia,012,6.904698620701846,7.1442819324764315,7.024490276589139,6511119.0,46.8415531193339,0.24482076892343171,9.803248557490951,3588831.0,733.2739467302821,631.7101217788721,23.289059026907783,14.210150370913528,14.328341310116052,6.6000000000000005,34.20020972471889,1.4875974510396646,13.421539329218728,0.051467204182284156,0.4204906878751186,76.28153685840496,40.69829434111889,-0.27692075001693395,14.452257213884272,9.765144602914383,5.214391038753941,4.85072620915755,3.846770696150211
2021,VB,1,NW,Piemonte,103,6.709779324575455,7.07702620289582,6.893402763735637,1394038.0,46.25983196219524,0.24731558696791553,9.644659439735337,1131891.0,384.51839538556857,298.1585550166642,32.43437824006664,14.210150370913528,14.328341310116052,5.8,32.37128796688663,12.243447712520197,13.402610947532233,0.1591155037768811,3.775695882783226,357.401311706753,177.17724214441898,0.3726367821818282,14.452257213884272,9.765144602914383,5.214391038753941,4.85072620915755,3.834274024332261
2021,VC,1,NW,Piemonte,002,6.477871917260108,6.863908688838548,6.670890303049328,1063587.0,46.25983196219524,0.24731558696791553,9.786067380423784,715557.0,850.0458633163161,788.3953335859379,45.16247665985275,14.210150370913528,14.328341310116052,8.2,19.14101154599019,2.6674959412620445,13.513461737419446,0.07996885234209057,3.1645554725420966,123.06360892032788,24.787661583027194,-0.4241867389560444,14.452257213884272,9.765144602914383,5.214391038753941,4.85072620915755,3.834274024332261
2021,VE,1,NE,Veneto,027,6.972660412775591,7.2324991638992815,7.102579788337436,11442576.0,46.445267234856885,0.25124086011355223,9.815170312853668,6770881.0,137.7835329935093,115.3419638435689,0.415225392101643,14.210150370913528,14.328341310116052,6.0,38.370786648856495,9.424799789174111,29.632455130854673,2.5594245861568505,19.7092332987655,512.0012626460415,287.7257174158297,0.4977683734509224,14.452257213884272,9.765144602914383,5.214391038753941,4.85072620915755,3.838274570614661
2021,VI,1,NE,Veneto,024,6.9529685437135775,7.168759889353605,7.0608642165335915,10392126.0,46.445267234856885,0.25124086011355223,9.855557587206956,5510733.0,351.9977067634892,315.02315773371095,7.669537490098394,14.210150370913528,14.328341310116052,4.6,37.434112927530364,1.8220671602318372,30.27575359028357,0.3239223831839251,2.3816627540069892,53.98186635605137,7.823888574305075,0.12065494021887581,14.452257213884272,9.765144602914383,5.214391038753941,4.85072620915755,3.838274570614661
2021,VR,1,NE,Veneto,023,6.888835960793972,7.232779733409316,7.060807847101644,7702628.0,46.445267234856885,0.25124086011355223,9.759748937312754,4157531.0,367.8242320413409,261.664394157804,10.642993688353988,14.210150370913528,14.328341310116052,4.7,34.487853922344975,12.330661453034814,29.18431859987231,2.1082795125171425,8.951362635814185,676.6770109645751,451.2467240667657,0.6726695814227972,14.452257213884272,9.765202019731785,5.38792060072779,4.855106387351312,3.838274570614661
2021,VS,1,I,Sardegna,117,6.172283949023335,6.453665074760731,6.312974511892033,333335.0,47.13692312314369,0.25332590865550214,9.445595307693734,193062.0,509.25392625834183,466.504584810719,13.571084346920735,14.210150370913528,14.328341310116052,13.1,26.972805198970075,1.2635337254444878,10.132066903076906,0.0408090659601781,0.2902615145510542,37.93320049745689,10.48969360982605,-0.3642632834239547,14.452257213884273,9.765202019731785,5.38792060072779,4.855106387351312,3.8530566243370865
2021,VT,1,C,Lazio,056,6.830365612796038,7.146943395148715,6.988654503972377,3194907.0,45.817300418952705,0.2316467145538048,9.600445367339738,2022630.0,214.0953570535911,174.05831570628115,3.4131197825194524,14.210150370913528,14.328341310116054,10.9,16.542257323989805,1.6286090754119127,4.3877544113092775,0.05553744491473366,0.3857988017634948,46.66777375032394,7.1633520445021945,-0.23003746782195614,14.452257213884272,9.765202019731785,5.38792060072779,4.855106387351312,3.8246617582000297
2021,VV,1,S,Calabria,102,6.07772922352052,6.373728153238932,6.225728688379726,1017204.0,44.95388301509355,0.24318755898125596,9.299665114031995,753768.0,58.27702641912719,110.81052262192578,-4.095756219174677,14.210150370913528,14.328341310116052,19.2,40.678485219167065,24.77146345715311,9.763318386491942,0.13379864621871454,2.38896234127316,277.4212436379137,45.02241188780539,0.027552723068174387,14.452257213884272,9.765202019731785,5.38792060072779,4.855106387351312,3.8056371423945077
2022,AG,1,I,Sicilia,084,5.94494040047553,6.315216600787492,6.130078500631511,3592611.0,44.89178061665652,0.2338871942068911,9.347373829433243,2811921.0,99.67533172559934,114.20487720088609,-0.6771634794507501,14.295695409344063,14.426637919319788,19.3,26.640288762284364,2.01645777917098,12.5694022386825,0.06633799032601091,0.6938860516297325,61.450806324003004,20.734121338351393,-0.11033456207582937,14.588913808049881,9.765202019731785,5.38792060072779,4.855106387351312,3.804254718228064
2022,AL,1,NW,Piemonte,006,6.402468399388632,6.657522478290611,6.529995438839622,2389643.0,47.645255061632916,0.24882389797948254,9.829935284630073,1586480.0,1517.7659741534073,1098.3832707689132,179.64982719360853,14.295695409344061,14.426637919319786,7.199999999999999,21.112790361372355,1.3359503226544698,12.831983848143315,0.07141043520313083,0.9519748030697337,35.62372659080233,18.701744080156153,-0.34182621671751856,14.588913808049881,9.765202019731785,5.38792060072779,4.855106387351312,3.8637830461625233
2022,AN,1,C,Marche,042,6.585887231120929,6.923279991052157,6.754583611086543,6124965.0,47.757552635988965,0.2743426155381647,9.833895065073582,3444518.0,198.8479961455333,135.61251027240235,3.4613089317386576,14.295695409344063,14.426637919319788,7.900000000000001,26.579594617948743,3.2599088673525842,21.815734962740255,0.24547047100934902,6.251662588485241,208.06576637472406,28.457585438442084,0.4178736534413225,14.588913808049881,9.765202019731785,5.38792060072779,4.855106387351312,3.8661372248063257
2022,AO,1,NW,Valle D'Aosta,007,7.193888053367502,7.5028081142118355,7.348348083789668,1454028.0,45.57032670233211,0.38255509963815165,9.840522606179064,1371804.0,303.54755686342196,265.42002007141264,18.080536800993997,14.295695409344063,14.426637919319788,5.4,38.561681443945645,43.76889346280247,14.969654677369498,0.3009463624726404,9.241496582520606,1827.6580486088649,595.1990301023302,1.1380561241152571,14.588913808049881,9.765202019731785,5.38792060072779,4.855106387351312,3.8192567744915253
2022,AP,1,C,Marche,044,6.694965747062164,6.990801122207112,6.842883434634638,3999804.0,47.75755263598897,0.2743426155381647,9.696307135552496,2302467.0,113.1192645566576,89.01758814804005,1.9199070431346312,14.295695409344063,14.426637919319788,7.0,32.25677526522196,4.067669537185643,15.060407011976489,0.15783795341104268,1.6563962052361256,128.03669988609215,17.313990071367435,0.3380924248238851,14.588913808049881,9.765202019731785,5.38792060072779,4.855106387351312,3.866137224806326
2022,AQ,1,S,Abruzzo,066,6.203349276243615,6.573144704442861,6.388246990343237,2892609.0,46.783726377012314,0.2514020231747897,9.59260212233707,2445602.0,867.782813452552,743.1893112691881,59.28365658308059,14.295695409344065,14.426637919319788,9.2,30.872911393013517,8.962798786361954,20.806536300385584,0.13432471884773373,3.241821085353716,297.78315874740804,27.78175751114803,0.03775746698696227,14.588913808049883,8.161375023197486,6.662890513487597,6.3258858527669295,3.8455354154656374
2022,AR,1,C,Toscana,051,6.912873107016549,7.207307431835633,7.060090269426091,3836290.0,47.5094706473612,0.2650700070766048,9.814554963204843,2081014.0,156.7696151953791,116.49772910313978,3.4380526352860006,14.295695409344061,14.426637919319788,5.3,26.253607661707367,2.9862448054918582,19.224214565365234,0.25949603705358987,1.9230952156334271,154.69843308467173,59.69582453395709,0.6493477900748076,14.588913808049881,8.161375023197486,6.662890513487597,6.3258858527669295,3.860929073216346
2022,AT,1,NW,Piemonte,005,6.119172322665116,6.484976286497334,6.302074304581224,2053419.0,47.645255061632916,0.24882389797948257,9.759957879239074,1260366.0,800.9592165712713,627.1190725913602,70.28889634090075,14.295695409344063,14.426637919319788,7.9,13.78683687366113,1.0876138806915139,14.516191448273611,0.09717586059128663,0.7779300958325753,66.42485325322178,31.686423195093425,-0.2373203078240208,14.588913808049881,8.161375023197486,6.662890513487597,6.3258858527669295,3.8637830461625233
2022,AV,1,S,Campania,064,6.334245466021446,6.52033179320287,6.427288629612158,9030454.0,43.4477019372846,0.20476971138699945,9.479458669472498,5380232.0,280.8520030924509,288.7309605140977,-0.8515330688526597,14.295695409344063,14.426637919319788,14.0,29.105026493190632,1.0872668256390308,13.849725103742795,0.03819576722180504,0.27487438781471485,15.313362142214293,1.5957646392195135,-0.43932341268498837,14.588913808049881,8.146998697389993,6.6122216836118675,6.3449306983154425,3.7715579604918474
2022,BA,1,S,Puglia,072,6.8911127193907005,7.193396070120205,7.042254394755452,12950171.0,46.08467547717161,0.23254114580501445,9.6016672485047,6793206.0,63.173841475218765,55.944121620944955,0.11705211911547021,14.295695409344063,14.426637919319788,11.0,33.29647345257981,1.9041037187311023,32.48251280382476,0.3380937962750576,1.6082186205852058,120.5377651653979,47.639618258305575,0.3531272390923116,14.588913808049881,8.146998697389993,6.6122216836118675,6.3449306983154425,3.830480475588819
2022,BG,1,NW,Lombardia,016,6.86764379156864,7.0727494078007185,6.970196599684679,8287257.0,45.254954987427716,0.22273986513471955,9.890459252730677,4650887.0,1155.5574607943101,837.3069934780489,123.97590369500922,14.295695409344061,14.426637919319786,3.4,33.961085660828886,2.6021351352175888,18.356433450759067,0.06701313450203415,0.8242232251685895,109.8219043046556,35.27462786719934,-0.2068263093945468,14.588913808049881,8.146998697389993,6.6122216836118675,6.3449306983154425,3.812312166635566
2022,BI,1,NW,Piemonte,096,5.9173470444574825,6.2589044474648805,6.088125745961182,1126225.0,47.645255061632916,0.24882389797948257,9.844283490529008,778954.0,395.45222353314415,299.8857356872176,33.595044676007426,14.295695409344063,14.426637919319788,3.9,11.698716656218462,1.1579614330838555,10.545023262707987,0.05771401031457049,0.9011562602547717,34.33941366001977,11.394216975701399,-0.44812090424650014,14.588913808049883,8.145549631783584,6.611603828616707,6.352057610230847,3.8637830461625233
2022,BL,1,NE,Veneto,025,6.827068855358773,7.037911039293918,6.932489947326346,1864204.0,45.88818149822524,0.23320110114670953,9.838361270255236,1556243.0,242.0206777399532,188.2570313617881,9.865282147716474,14.295695409344063,14.426637919319788,2.9,18.993085697677746,14.972342949418476,49.25015582438352,2.6477150746315075,22.69431315220419,777.8940170241439,310.97968896287335,1.1601184785574317,14.588913808049881,8.145549631783584,6.611603828616707,6.352057610230847,3.826207600213084
2022,BN,1,S,Campania,062,6.556246548604608,6.761170477123462,6.658708512864035,1648709.0,43.4477019372846,0.20476971138699945,9.397250929920107,1004083.0,180.3447349570596,207.9366483237618,-2.423974789327212,14.295695409344063,14.426637919319788,7.7,18.81267083980494,0.5508375771441462,23.94962867964467,0.12336011330431049,0.6208974160274853,5.973425906137929,0.7037509564221643,-0.3343420918803823,14.588913808049881,8.145549631783584,6.611603828616707,6.352057610230847,3.7715579604918474
2022,BO,1,NE,Emilia Romagna,037,7.088070801482929,7.349099725693052,7.21858526358799,18377235.0,45.21694193113747,0.2245251309839649,9.975780008635141,10307239.0,311.2743643778595,204.69728249922088,3.053032412068959,14.295695409344061,14.426637919319788,3.6000000000000005,46.659077457671756,2.380404473168669,13.810925188829346,0.11288532858252978,0.36499189356396927,102.43034721344638,25.99564443725853,0.2301365790349055,14.588913808049881,8.149312843635345,6.687663424881205,6.365794852585922,3.811471838095503
2022,BR,1,S,Puglia,074,6.6307719435145245,6.844157642844679,6.737464793179602,2443987.0,46.08467547717161,0.23254114580501445,9.512569771789847,1540666.0,29.16060596620732,27.127458487607974,0.01941333611392716,14.295695409344063,14.42663791931979,13.1,30.77620932897134,3.803071640667549,34.74618638176077,0.3349019054937239,2.091139128630755,144.97330561743564,49.31938369876044,0.5236095197961778,14.588913808049883,8.149312843635345,6.687663424881205,6.365794852585922,3.830480475588819
2022,BS,1,NW,Lombardia,017,7.0211570185432635,7.27168116425777,7.146419091400517,10456103.0,45.254954987427716,0.22273986513471955,9.866259038624417,5954865.0,741.507660857423,507.23849160085376,33.75894938181795,14.295695409344063,14.426637919319788,4.1,30.532729731841712,7.982956779561375,11.825742181409096,0.16035044513803734,3.721709471349457,437.353843479693,278.84167752667787,-0.014277074890943832,14.588913808049881,8.149312843635345,6.687663424881205,6.365794852585922,3.812312166635566
2022,BT,1,S,Puglia,110,6.812845290940359,7.095138871386913,6.953992081163636,4437524.0,46.08467547717161,0.23254114580501445,9.458475564183034,2231908.0,41.57575189437631,37.40140539668813,0.041131029344353615,14.295695409344063,14.426637919319788,16.9,30.489329975104013,0.45958025999328883,34.30335713247213,0.11933497157242351,0.5505773621988538,41.58910430240626,11.310095908770371,0.18369566862659414,14.588913808049881,8.146419323098003,6.711228962770129,6.352351622047253,3.830480475588819
2022,BZ,1,NE,Trentino Alto Adige,021,7.637778976318913,7.873600636519831,7.7556898064193724,6879241.0,44.45386854196522,0.23077498879647004,9.877106489438024,3766433.0,353.47514838196196,287.6482476438746,8.110805685071504,14.295695409344065,14.426637919319788,2.3,63.24390043884785,46.29173598761589,10.95921938080985,1.5892006776588914,8.443981172737592,2192.3878763719345,1417.2736158925013,1.6732305288834732,14.588913808049881,8.146419323098003,6.711228962770129,6.352351622047253,3.7944519894882114
2022,CA,1,I,Sardegna,118,6.697338330052968,6.977705921389029,6.837522125720999,3935749.0,48.0127840599455,0.2688358310626703,9.612664753390217,2103417.0,187.83717097167457,167.95289140496206,1.4541150306340045,14.295695409344063,14.426637919319788,13.9,34.95326793956087,9.014723955936706,13.245592765960836,0.08590160376658977,1.8415686780494902,189.07310962781776,76.21497512729253,-0.052436214112892315,14.588913808049881,8.146419323098003,6.711228962770129,6.352351622047253,3.87146731002933
2022,CB,1,S,Molise,070,5.99739673304705,6.3978683452963105,6.197632539171681,1970535.0,53.22298780507577,0.3564089012246804,9.444944673032081,1321580.0,297.25580430637746,289.4818702284075,2.0079733463971965,14.295695409344063,14.426637919319788,11.1,21.55523021134559,2.0044680256766445,13.883828917381361,0.03999782328307146,0.3385120699436519,33.086061109459884,1.8466665533839477,-0.39546981060763403,14.588913808049881,8.147867129923947,6.615704778683454,6.347414553958359,3.974490404617755
2022,CE,1,S,Campania,061,6.309566457048979,6.687415637133196,6.498491047091088,4914504.0,43.4477019372846,0.20476971138699945,9.526951845304385,2558569.0,471.55114385941505,433.53672426377625,3.539407380902541,14.295695409344063,14.426637919319788,14.5,33.05329039526195,0.8234882494054373,9.05396597412879,0.026422960328971703,0.16822966515116225,27.53337205522641,4.259001073157705,-0.4848840586650717,14.588913808049881,8.147867129923947,6.615704778683454,6.347414553958359,3.7715579604918474
2022,CH,1,S,Abruzzo,069,6.220848575691168,6.613079962815457,6.416964269253313,3812064.0,46.783726377012314,0.2514020231747897,9.558509080113433,2457420.0,860.042363513858,752.8411848934071,57.303242065361964,14.295695409344063,14.42663791931979,11.4,23.385401917046238,3.2797675946931752,15.473910129311921,0.07297264387518003,0.8025106042559194,51.189709246886146,4.597508844214802,-0.2026090132892828,14.588913808049883,8.147867129923947,6.615704778683454,6.347414553958359,3.8455354154656374
2022,CI,1,I,Sardegna,119,6.5587617542689856,6.84859867062487,6.703680212446927,622492.0,48.0127840599455,0.2688358310626703,9.556476081964366,405268.0,205.1254901395767,166.89059976247444,2.3065521924418886,14.295695409344063,14.426637919319788,12.3,36.74067373788269,3.6134159777246975,14.461156270155007,0.11472401223796273,1.292254416126876,112.26725466539965,37.821269776966204,0.20337900198884332,14.588913808049883,8.152198015861787,6.792053289702362,6.375113185938769,3.87146731002933
2022,CL,1,I,Sicilia,085,5.861947384181191,6.234215091005872,6.048081237593532,2182797.0,44.89178061665652,0.2338871942068911,9.36693082452818,1586140.0,76.20873015600733,110.57913738103072,-2.711735317901443,14.295695409344063,14.426637919319786,20.1,22.561390161569523,1.471434998001717,8.833870768682665,0.014360504968844655,0.14512556232708226,20.557166450155805,2.244883719874685,-0.47008522536824005,14.588913808049881,8.152198015861787,6.792053289702362,6.375113185938769,3.804254718228064
2022,CN,1,NW,Piemonte,004,6.60432469781141,6.990241058983767,6.7972828783975885,6057252.0,47.645255061632916,0.24882389797948257,9.778907357171622,4229059.0,2295.9746611497917,1520.2589401242483,664.2955233043942,14.295695409344063,14.426637919319788,3.7,25.49030568360958,5.982984966851679,18.856034405610632,0.20508589241346312,3.820173047638683,258.76590214627095,96.88495313274791,0.11378553657823802,14.588913808049883,8.152198015861787,6.792053289702362,6.375113185938769,3.8637830461625233
2022,CO,1,NW,Lombardia,013,7.035822559359488,7.338763620463453,7.187293089911471,5108389.0,45.254954987427716,0.22273986513471958,9.825109621291132,2889747.0,823.6153168938727,657.7384454897833,40.18030247899461,14.295695409344063,14.426637919319788,6.6000000000000005,31.922646128935067,3.942152174003019,22.663952463816912,0.25476162098432514,2.4254968659047487,265.62016516541746,217.88128218398663,0.025862748062673024,14.588913808049881,8.129469764784231,6.634935484135722,6.421915597997762,3.812312166635566
2022,CR,1,NW,Lombardia,019,6.270503211478254,6.633629895236494,6.4520665533573744,2707283.0,45.254954987427716,0.22273986513471955,9.894770514965364,1494013.0,586.7622269160235,440.8150344947659,21.90210926383669,14.295695409344063,14.426637919319788,5.4,19.30824348837629,0.5744368337107664,9.262491711316377,0.019321162571326676,0.11040142035966102,9.719081899438327,2.7484829434483036,-0.6062534698461569,14.588913808049881,8.129469764784231,6.634935484135722,6.421915597997762,3.812312166635566
2022,CS,1,S,Calabria,078,6.10093994258259,6.421393973187511,6.261166957885051,4642876.0,45.15376991209908,0.24151544040754447,9.352940930966364,3340394.0,462.7097367989097,463.05860063665705,-0.04592732841991783,14.295695409344063,14.426637919319788,16.0,28.5979270477162,6.023400718864066,6.252526018200143,0.024894530134956024,0.8195356419706751,67.43239324672597,5.050382835093835,-0.26235146092154005,14.588913808049881,8.129469764784231,6.634935484135722,6.421915597997762,3.8100737738766983
2022,CT,1,I,Sicilia,087,6.244028843435534,6.617321180722455,6.4306750120789955,11700030.0,44.89178061665652,0.2338871942068911,9.49464660824478,6641073.0,129.71694944745704,142.50335467049717,-0.3716104192454523,14.295695409344063,14.426637919319788,16.3,32.44478489602875,1.1603804371802369,12.557530215001231,0.030541173621925193,0.27500878834494646,62.93327921931504,25.890263768696258,-0.10472552132488203,14.588913808049881,8.12533508671429,6.640381864422008,6.458298378392812,3.804254718228064
2022,CZ,1,S,Calabria,079,6.339790349699942,6.55591578321959,6.447853066459767,3733227.0,45.15376991209908,0.24151544040754444,9.374246984644213,2540589.0,222.0009150893667,260.9259310298915,-4.378723584340318,14.295695409344063,14.426637919319788,13.6,37.966608701264654,7.249198785866219,3.9660934863851205,0.016136744599378028,0.5150211882285319,76.7642032645114,5.75910156073006,-0.2554743214753545,14.588913808049881,8.12533508671429,6.640381864422008,6.458298378392812,3.8100737738766983
2022,EN,1,I,Sicilia,086,6.076564733777421,6.439305618124744,6.257935175951084,1467096.0,44.89178061665652,0.2338871942068911,9.40627367226671,1169811.0,35.054463960904826,41.64942457781477,-0.2561639350945573,14.295695409344063,14.426637919319788,13.0,13.858105851421538,0.34853016234459006,14.23719738744102,0.024574647007920756,0.1447748956558218,16.370163462167444,5.580284140926292,-0.42076403670784046,14.588913808049883,8.12533508671429,6.640381864422008,6.458298378392812,3.804254718228064
2022,FC,1,NE,Emilia Romagna,040,7.06592382544803,7.29760786660152,7.181765846024775,4495247.0,45.21694193113748,0.2245251309839649,9.807992301648484,2364517.0,177.07090221214423,115.42942013857835,3.971587606950426,14.295695409344063,14.426637919319788,4.1,33.6530546635272,9.02835529987196,14.2410601238073,0.3580373211168518,1.2954879064529385,318.8230997953522,43.24688362503589,0.3992298361398366,14.58891380804988,8.122371243406553,6.853008095790458,6.487409212745226,3.8114718380955033
2022,FE,1,NE,Emilia Romagna,038,6.532391587477107,6.860531623765555,6.69646160562133,4672777.0,45.21694193113748,0.22452513098396493,9.798003627307095,3095941.0,92.39927343913425,59.81488868322109,0.7095752824095661,14.295695409344061,14.426637919319788,8.3,29.686990203589236,1.4410655830549917,23.718793209706686,0.4838241661385523,4.053851535484351,114.7345579540243,32.45289593095106,0.05481386394806481,14.588913808049881,8.122371243406553,6.853008095790458,6.487409212745226,3.8114718380955033
2022,FG,1,S,Puglia,071,6.450380609535842,6.779800026938305,6.6150903182370735,3284343.0,46.08467547717161,0.23254114580501445,9.381190733715005,1904569.0,220.81536713634932,229.96997134929305,-1.4349805753816092,14.295695409344063,14.426637919319788,9.3,23.991703826941265,11.8993060510334,27.77241604507091,0.3124894742843781,6.951208605245906,366.3637971040345,61.50008994661722,0.34294169167592586,14.588913808049881,8.122371243406553,6.853008095790458,6.487409212745226,3.830480475588819
2022,FI,1,C,Toscana,048,7.268334681280447,7.618070514694967,7.443202597987707,9453631.0,47.509470647361205,0.2650700070766048,9.875149361418073,4994321.0,185.34684028200482,142.82361797023265,1.484487153615693,14.295695409344063,14.426637919319786,6.1,29.298601652271966,2.4697169284144445,24.519583226971505,0.3351775780589859,3.0071454691598967,248.48192476815424,137.7994494759768,0.7692725185197984,14.588913808049881,8.10892415597534,7.0407358503568,6.50530533180865,3.860929073216346
2022,FM,1,C,Marche,109,6.684454973895195,6.969620525148663,6.827037749521929,3316722.0,47.75755263598897,0.2743426155381647,9.680878439044657,1870032.0,155.65886011395818,122.49351474768049,3.4954918287675802,14.295695409344063,14.426637919319788,4.4,15.841983931287936,1.1081822595356075,19.00191625695953,0.17522922329129414,1.3031238738114557,100.78748551174591,11.679603060842348,0.21662837891994455,14.588913808049881,8.10892415597534,7.0407358503568,6.50530533180865,3.866137224806326
2022,FR,1,C,Lazio,060,6.437860389202356,6.767378979008378,6.602619684105367,4572793.0,45.027074707089405,0.22682827438948816,9.67249555542474,2517600.0,197.13466117735302,199.11010777262618,-0.22494173582477806,14.295695409344065,14.426637919319788,9.0,39.49955202883213,3.568420020973993,8.816419692081176,0.02565868843255708,0.15752695226354213,67.32305013031969,14.453649035588484,-0.3076251262527443,14.588913808049881,8.10892415597534,7.0407358503568,6.50530533180865,3.807263969002956
2022,GE,1,NW,Liguria,010,6.944207252073863,7.323308510314369,7.133757881194116,9925806.0,48.6901440907248,0.26655595874809795,9.845161836328318,6393528.0,1602.071145505022,1043.9170277512367,394.40120084265897,14.295695409344065,14.426637919319788,6.9,34.094403332175546,5.415976931250901,12.605240921209964,0.09538719049796558,0.7621189240590049,252.2257881107608,143.6802168921186,0.12514111173872258,14.588913808049881,6.345636360828596,8.47902912894978,8.141595162971369,3.8854766295396823
2022,GO,1,NE,Friuli Venezia Giulia,031,6.732533875438172,6.917267168967562,6.824900522202866,2130456.0,47.25608618975254,0.2704020562465995,9.887859759686085,1343916.0,166.94741487627704,108.61928952890091,6.741695351403701,14.295695409344063,14.42663791931979,5.9,29.948053613527513,5.485316123157067,14.958100335708105,0.3659645413340815,7.483079209916305,342.96033100523226,248.61308693874315,0.24236803208813734,14.588913808049881,6.345636360828596,8.47902912894978,8.141595162971369,3.8555814538934126
2022,GR,1,C,Toscana,053,7.10941998746833,7.438319568813294,7.273869778140812,2603263.0,47.509470647361205,0.2650700070766048,9.674060075369535,1927545.0,144.4645551971811,99.88950883316062,2.636102878440977,14.295695409344063,14.426637919319788,6.1,24.222779943013567,11.66864543485712,15.423635540464073,0.6642207650020026,8.128732382163076,634.5348390887979,164.21042110353062,1.1984497182765776,14.588913808049883,6.345636360828596,8.47902912894978,8.141595162971369,3.860929073216346
2022,IM,1,NW,Liguria,008,7.126997822286373,7.473806702138113,7.300402262212242,3044570.0,48.6901440907248,0.26655595874809795,9.621696304639395,2812912.0,692.0718822798046,456.42777512318406,75.55198051441405,14.295695409344063,14.426637919319788,9.5,22.039572740500915,5.212771441805064,9.792285645839874,0.08252064417336906,1.7932793588060143,361.0993757549209,173.1345857731636,0.24491903464891138,14.588913808049881,6.320768294250582,8.438834200630692,8.171197188805984,3.8854766295396823
2022,IS,1,S,Molise,094,5.996033431410722,6.390993184205962,6.193513307808343,668167.0,53.22298780507576,0.3564089012246804,9.468376133911306,467173.0,182.18988460228766,217.55698517086785,-11.594162717526459,14.295695409344063,14.426637919319788,10.1,24.969927990542153,1.349115379390518,7.802445608334887,0.03789285035003271,0.2741226691974982,20.464560505907173,1.474982895623165,-0.4586011392115171,14.588913808049881,6.320768294250582,8.438834200630692,8.171197188805984,3.974490404617755
2022,KR,1,S,Calabria,101,6.175084037737014,6.437115636605889,6.306099837171453,1610045.0,45.15376991209908,0.24151544040754444,9.295752432358263,984505.0,55.704326707084824,75.80356440731771,-1.202185138111483,14.295695409344063,14.426637919319788,17.2,42.88426704393904,6.098533940463941,2.6290046341001068,0.00602732926266396,0.31393179570318686,79.17023256291205,5.026571755126896,-0.1613560276690935,14.588913808049881,6.320768294250582,8.438834200630692,8.171197188805984,3.8100737738766983
2022,LC,1,NW,Lombardia,097,6.911712307643163,7.1703015007279625,7.041006904185563,3022121.0,45.254954987427716,0.22273986513471955,9.958634713075549,1838830.0,529.3800484715855,422.6877241304348,82.81956972979091,14.295695409344063,14.426637919319788,2.9,19.326700517332384,1.811591842952284,19.308845177547063,0.2345781835773733,2.2036239486275853,153.82932206699664,112.83869372837509,-0.12362139187716067,14.588913808049881,6.333279628139691,8.424235473718596,8.16435530967669,3.812312166635566
2022,LE,1,S,Puglia,075,6.213505528545318,6.490310322286298,6.351907925415808,8132156.0,46.08467547717161,0.23254114580501448,9.455037054559238,5422877.0,164.74375916416687,134.98553811173576,0.9911963753256414,14.295695409344063,14.426637919319786,13.1,19.084461699027734,6.251409868231888,39.71055834530425,0.5198430234095258,5.348230955761972,155.11913875246526,41.768700942743486,0.4447295303308184,14.588913808049881,6.333279628139691,8.424235473718596,8.16435530967669,3.830480475588819
2022,LI,1,C,Toscana,049,7.46091203139727,7.753627796420316,7.607269913908793,3270728.0,47.509470647361205,0.2650700070766047,9.768215330668523,2010071.0,144.56717017292343,112.65652095476393,3.217797251520406,14.295695409344065,14.426637919319788,5.0,33.42810810166526,29.49842463159134,16.82188234361517,0.7462872592379062,16.58792132126869,1217.4170763835148,427.0034424560419,1.39013642630804,14.588913808049881,6.333279628139691,8.424235473718596,8.16435530967669,3.860929073216346
2022,LO,1,NW,Lombardia,098,6.801057133528864,7.070701973662274,6.935879553595569,2982938.0,45.254954987427716,0.22273986513471955,9.938409761302141,1589556.0,371.85939447228594,292.6053067028494,42.20027104813827,14.295695409344063,14.426637919319788,5.2,29.005019260864323,0.5713216801257042,7.694453107605611,0.01586876152833816,0.07341681786593626,9.640900133787003,2.326729061874369,-0.5481507181848124,14.588913808049881,6.340359303727752,8.497050336637944,8.174785494893323,3.812312166635566
2022,LT,1,C,Lazio,059,6.9149802330970385,7.235716466737158,7.075348349917099,9302279.0,45.02707470708941,0.2268282743894882,9.582715987251124,5144492.0,176.98681796283236,137.56524290761573,2.9486391262737026,14.295695409344063,14.426637919319788,9.6,35.61568362009347,4.422771469255954,6.993545214655155,0.07856150568334273,0.6675565373834961,129.59306933126615,15.465903652625999,0.1264613843278276,14.588913808049881,6.340359303727752,8.497050336637944,8.174785494893323,3.8072639690029564
2022,LU,1,C,Toscana,046,6.876552314978375,7.23560981157596,7.056081063277167,4225126.0,47.509470647361205,0.2650700070766048,9.78038239133551,2567983.0,234.00347587355367,164.58217947788023,6.582608103790501,14.295695409344063,14.426637919319788,6.8,36.65971443514907,6.384225249428907,22.63290015974611,0.29324711348319416,2.318750342528095,200.94577705987484,76.13405327590928,0.7004424221123804,14.588913808049883,6.340359303727752,8.497050336637944,8.174785494893323,3.860929073216346
2022,MB,1,NW,Lombardia,108,7.231861041413236,7.477187627869918,7.354524334641576,9438658.0,45.254954987427716,0.22273986513471955,10.014964976597252,4747490.0,693.9790500245674,572.5020092326565,2.2644561655618998,14.295695409344063,14.426637919319788,4.3,45.45940372894984,0.6406232966314336,22.242679664419242,0.019108397371689942,0.07330963565120979,40.56357203245197,10.284014980937135,-0.3024294235217843,14.588913808049881,6.315358001522335,8.542787482914568,8.183468192173088,3.812312166635566
2022,MC,1,C,Marche,043,6.693034052236489,7.044836603881468,6.868935328058978,2746027.0,47.75755263598897,0.2743426155381647,9.76274272172095,1531159.0,183.58502802943346,153.18068942270702,5.369619940982887,14.295695409344063,14.426637919319788,6.2,32.20585299521278,1.518068032080856,19.31175531563791,0.13629272654426644,1.1910407799238472,91.30127162616758,13.30561373887497,0.3149392677418656,14.588913808049883,6.315358001522335,8.542787482914568,8.183468192173088,3.866137224806326
2022,ME,1,I,Sicilia,083,6.4194906888543795,6.799043717418862,6.60926720313662,5693244.0,44.89178061665652,0.2338871942068911,9.451651122378726,3950766.0,366.58880801603567,323.2646761595951,5.132233206140763,14.295695409344063,14.426637919319788,21.5,36.492966601172576,7.577146845490918,15.443695851083676,0.10419152366485947,1.222621219695319,212.24671949704128,95.77376049950674,0.040477888978899784,14.588913808049881,6.315358001522335,8.542787482914568,8.183468192173088,3.804254718228064
2022,MI,1,NW,Lombardia,015,7.275357435624547,7.515648342190448,7.395502888907497,48695102.0,45.254954987427716,0.22273986513471955,10.01984514007584,27171986.0,799.7021248964537,659.7188679898002,4.39294274757977,14.295695409344063,14.426637919319788,5.5,57.302876410409034,1.4954848775404341,9.986898910428993,0.036809716591053754,0.1185257925874949,72.35411099881782,24.509916868714367,-0.18455400266402192,14.588913808049881,6.297109319933935,8.466886786082998,8.198248657216746,3.812312166635566
2022,MN,1,NW,Lombardia,020,6.29819508561876,6.644407758698166,6.471301422158463,4795914.0,45.254954987427716,0.22273986513471955,9.861569795171869,2502857.0,238.9870622400854,174.62908045971815,3.1025317838280246,14.295695409344063,14.426637919319788,4.4,28.329934547796295,0.6771516278264492,12.834235585364848,0.06813699763992485,0.37501571478625173,52.358568218296156,17.140842385169613,-0.16170848690012518,14.588913808049881,6.297109319933935,8.466886786082998,8.198248657216746,3.812312166635566
2022,MO,1,NE,Emilia Romagna,036,6.7935638139057835,7.144948723173255,6.969256268539519,7542639.0,45.21694193113748,0.2245251309839649,9.91967827277558,4002630.0,298.1340664725118,219.89366266935247,4.693097704734369,14.295695409344063,14.426637919319788,5.1,57.903622038917355,4.643448741085066,9.486373140150041,0.09132920033442825,0.5482797329163621,161.83400990090652,27.298155284943316,0.3379404068828104,14.58891380804988,6.297109319933935,8.466886786082998,8.198248657216746,3.8114718380955033
2022,MS,1,C,Toscana,045,6.742515697005814,7.133930818222087,6.93822325761395,2442843.0,47.509470647361205,0.2650700070766048,9.783945479972271,1626975.0,112.68003354052502,97.74893368974874,1.128440734453507,14.295695409344063,14.426637919319786,8.9,31.481977193354787,2.9531801524657144,20.926836429555276,0.13928658175619066,1.4137887887831646,110.49582151198038,39.267740750984885,0.5208826560132487,14.588913808049881,6.306275286948016,8.638568224345098,8.221138321943641,3.860929073216346
2022,MT,1,S,Basilicata,077,6.15396988641343,6.4866150314645985,6.320292458939014,2131005.0,48.52238861063945,0.2668662550560881,9.451082175095486,1299201.0,141.25665005860827,136.9528565856583,0.602077724346262,14.295695409344063,14.426637919319788,7.8,35.36013562042151,5.201657843986607,19.526662522130433,0.16713304355146372,0.9275808662573902,127.94139595673566,17.593733390703168,0.005636847316922153,14.588913808049881,6.306275286948016,8.638568224345098,8.221138321943641,3.8820253122672437
2022,NAP,1,S,Campania,063,6.976170352260906,7.398378042822142,7.187274197541525,28267928.0,43.4477019372846,0.20476971138699945,9.547237858962031,13026500.0,190.20441181799313,274.9418716968058,-1.4894903158745019,14.295695409344061,14.426637919319788,21.0,58.88749154225375,5.429097651300099,8.30954173401974,0.16927866456492824,0.8079191784914065,191.8787519023217,109.732706025647,-0.09549073270495508,14.588913808049881,6.306275286948016,8.638568224345098,8.221138321943641,3.7715579604918474
2022,NO,1,NW,Piemonte,003,6.624131320655993,7.007366920265885,6.815749120460938,3347059.0,47.645255061632916,0.24882389797948257,9.910011503867393,1946043.0,435.6520970873963,332.5223173688262,11.729385646339747,14.295695409344063,14.426637919319786,6.6,39.29482630269329,4.3591041537537,18.34038177408661,0.08059327105981898,0.8496061201382458,329.72329060669506,194.1092367124353,0.04809175230723083,14.588913808049881,6.2878585601617845,8.477006082216183,8.26372336931637,3.8637830461625233
2022,NU,1,I,Sardegna,114,6.560662908144728,6.810724660227479,6.685693784186103,1092285.0,48.0127840599455,0.2688358310626703,9.48145873070847,695879.0,159.01043880040302,202.39835882898555,-7.769680921383958,14.295695409344063,14.42663791931979,7.8,28.292162729753194,6.326937477818195,11.74666554542289,0.11651929157589794,1.0219430404714012,187.3884496753378,86.39682242106676,-0.005149535569760591,14.588913808049881,6.2878585601617845,8.477006082216183,8.26372336931637,3.87146731002933
2022,OG,1,I,Sardegna,116,6.694391973401054,6.9343818688017755,6.8143869211014145,289420.0,48.0127840599455,0.2688358310626703,9.561379882264738,210466.0,113.80746021839249,144.86120121718272,-2.7194808695554533,14.295695409344065,14.426637919319788,7.8,33.56035066283173,5.915633211131091,8.373680303334025,0.12201546515822582,1.1775605594037373,259.2579101272314,140.8011245568736,0.2997836758321851,14.588913808049881,6.2878585601617845,8.477006082216183,8.26372336931637,3.87146731002933
2022,OR,1,I,Sardegna,115,6.036638578066249,6.400994901076503,6.218816739571376,974912.0,48.0127840599455,0.2688358310626703,9.501381405153401,619591.0,296.23064733727193,315.40368148801065,-8.350733501170996,14.295695409344063,14.42663791931979,13.6,13.94687948324701,2.235247459823174,11.16669063425597,0.150319944396307,1.2797431841741616,133.48522213355267,58.96682317075161,-0.17298230179273763,14.588913808049881,6.29156913955832,8.474606731432617,8.292303682667722,3.87146731002933
2022,OT,1,I,Sardegna,113,7.151202524973703,7.46587127240268,7.308536898688191,1337125.0,48.0127840599455,0.2688358310626703,9.55937106623034,1140294.0,156.73349820017364,128.6934635530792,1.5789349413133118,14.295695409344063,14.426637919319788,7.799999999999999,43.821809073821996,40.173741652069715,19.48600251338163,0.24873144480011064,19.667858549487388,956.9737677895922,507.5986793763006,1.1207879417657045,14.58891380804988,6.29156913955832,8.474606731432617,8.292303682667722,3.87146731002933
2022,PA,1,I,Sicilia,082,6.089591412375583,6.4329992066190185,6.261295309497301,12816436.0,44.89178061665652,0.23388719420689108,9.413752882553442,7462386.0,281.9236521969845,376.14448992416726,-7.108033281555463,14.295695409344063,14.426637919319788,18.0,29.30181905824622,2.740078448992128,19.201262822790774,0.06150930830670389,0.6216298760177789,83.1387866023604,31.764702396616013,-0.1581903866403738,14.588913808049881,6.29156913955832,8.474606731432617,8.292303682667722,3.804254718228064
2022,PC,1,NE,Emilia Romagna,033,6.616854435636826,6.93374037293587,6.775297404286348,3836195.0,45.21694193113748,0.2245251309839649,9.862353832937886,2312075.0,479.444499808791,288.1851031779905,123.929665351158,14.295695409344063,14.426637919319788,6.5,39.423927262171496,3.1312714840470246,10.5466946553339,0.05182569088428331,0.5651757779135936,88.1466934341466,17.270504672157138,-0.046674258493605306,14.588913808049881,6.284134161070802,8.69192684270004,8.325935376339567,3.8114718380955033
2022,PD,1,NE,Veneto,028,6.905349904656571,7.1132856543284975,7.009317779492534,9424801.0,45.88818149822524,0.23320110114670953,9.884631069686943,4837637.0,270.19174011755496,189.908391427299,2.9823352784643515,14.295695409344063,14.426637919319788,4.6,36.4523633034148,2.660041247457391,33.45750165258281,0.22673098454645413,0.6732651270279069,133.45519872077526,36.267960453731035,0.16766011091372957,14.588913808049881,6.284134161070802,8.69192684270004,8.325935376339567,3.826207600213084
2022,PE,1,S,Abruzzo,068,6.281308323200216,6.6677313894856205,6.474519856342918,4581160.0,46.783726377012314,0.2514020231747897,9.582070584882683,2497227.0,403.04030247696886,308.9396071790674,20.115510156331297,14.295695409344063,14.426637919319788,11.3,26.162225340139926,2.4789800354703964,14.569205622133017,0.07633952464904532,0.8396433930835349,59.20775380471922,9.702887906685923,-0.17491786386247474,14.588913808049881,6.284134161070802,8.69192684270004,8.325935376339567,3.8455354154656374
2022,PG,1,C,Umbria,054,6.353106368584994,6.670034514103949,6.511570441344471,6818519.0,49.869284137697115,0.30437759724983204,9.738697624009077,3813497.0,204.19097693995255,150.54281423440585,3.0955406110460046,14.295695409344063,14.426637919319788,7.3,23.324408001887072,3.3893818023219864,20.024357891000836,0.46953186424511933,2.9154780398026077,279.6924948912666,84.39030377075987,0.8310413604293488,14.588913808049881,6.285998094508865,8.864490421122623,8.32853938940233,3.909405264887069
2022,PI,1,C,Toscana,050,6.953326556640008,7.251309000204769,7.102317778422388,3538112.0,47.509470647361205,0.2650700070766048,9.840825117985519,1928139.0,206.4005348247148,150.04860702570463,3.676105080739978,14.295695409344065,14.426637919319788,6.7,28.130934001915346,2.8676114503179666,24.186875893365748,0.3091441271689274,4.165314657237027,224.10719912542592,120.34386487362565,0.635409621138767,14.588913808049881,6.285998094508865,8.864490421122623,8.32853938940233,3.860929073216346
2022,PN,1,NE,Friuli Venezia Giulia,093,6.4488831922489975,6.755728811247541,6.602306001748269,2974179.0,47.25608618975253,0.2704020562465995,9.87102864850216,1589513.0,387.48918867914944,261.5667761095811,28.761862600894478,14.295695409344065,14.426637919319788,3.1,54.30485465296094,4.142536784320604,17.732822109524935,0.17882590709570514,1.7126715912401924,80.53335404760998,23.186760765377095,0.17411475563015538,14.588913808049881,6.285998094508865,8.864490421122623,8.32853938940233,3.8555814538934126
2022,PO,1,C,Toscana,100,7.180393392642147,7.455475370610009,7.317934381626077,3585176.0,47.509470647361205,0.2650700070766048,9.831779406048819,1553409.0,68.96740075971766,45.03304081074633,0.4575739594850927,14.295695409344063,14.42663791931979,6.3,26.15371139183932,0.4669807720933981,29.917388495417363,0.08886493598127351,0.5165322755553974,53.3014163227,24.065816249185705,0.19493411985682013,14.588913808049881,7.658227526161352,7.165719411589703,6.828512164947851,3.860929073216346
2022,PR,1,NE,Emilia Romagna,034,6.4401355371112325,6.728827592064984,6.584481564588108,4286394.0,45.21694193113748,0.2245251309839649,9.915120665144393,2424065.0,311.0668085219253,192.19652519642764,9.233521756127368,14.295695409344065,14.42663791931979,5.4,39.66082926150557,1.7803819137276913,17.502629522366153,0.14924412329973696,0.6029916059651984,83.92726228692248,21.609914353357468,0.15957003278620283,14.588913808049881,7.658227526161352,7.165719411589703,6.828512164947851,3.8114718380955033
2022,PT,1,C,Toscana,047,7.034538188198999,7.2404720376963585,7.137505112947678,3097752.0,47.509470647361205,0.2650700070766048,9.772102469974499,1693584.0,90.65977917304339,61.60705857449685,0.9480825457051556,14.295695409344065,14.42663791931979,6.200000000000001,32.43993834066126,6.131758112397839,21.112522680218973,0.11830411616073082,1.0117713589134008,294.6671345531697,102.27794498913748,0.4155889156344208,14.588913808049881,7.658227526161352,7.165719411589703,6.828512164947851,3.860929073216346
2022,PU,1,C,Marche,041,6.729217341698202,7.0393790630096085,6.884298202353906,4170081.0,47.75755263598897,0.2743426155381647,9.734272445773003,2378471.0,241.386300254846,167.62814464384974,7.6866780695136425,14.295695409344063,14.426637919319788,5.0,24.25275753158033,5.766639160995756,17.54250047932097,0.18547491293465967,1.6940732201409998,166.09422209334346,30.24907346527897,0.3781015260134237,14.588913808049881,7.67693714581808,7.081952826446295,6.814507273705253,3.866137224806326
2022,PV,1,NW,Lombardia,018,6.76988199998556,6.93746040433399,6.853671202159775,5961564.0,45.254954987427716,0.22273986513471955,9.860529508346477,3578291.0,1675.9669241235038,1210.577343637601,237.24963780148522,14.295695409344063,14.426637919319788,6.1,20.67757446751394,0.8346182694828418,10.891939121285596,0.03972654524969509,0.26914720433237893,21.872017160462676,4.531029174580408,-0.49907197033505923,14.588913808049881,7.67693714581808,7.081952826446295,6.814507273705253,3.812312166635566
2022,PZ,1,S,Basilicata,076,6.046677886920682,6.262193413485718,6.154435650203199,3391945.0,48.522388610639446,0.2668662550560881,9.502003251567567,1993486.0,201.41160396308385,261.2362087083003,-7.525235094315342,14.295695409344063,14.426637919319788,7.0,34.27035172798082,2.2707900535105088,17.979859174038555,0.09001924672360963,1.1045355116638171,58.7572269054327,6.558877444401303,-0.1732796446664714,14.58891380804988,7.67693714581808,7.081952826446295,6.814507273705253,3.8820253122672432
2022,RA,1,NE,Emilia Romagna,039,6.867602280737956,7.172057908738526,7.019830094738241,4693482.0,45.21694193113748,0.2245251309839649,9.857779438473367,2897565.0,93.39454255571653,57.828495440768435,0.8050978735285568,14.295695409344061,14.426637919319786,5.5,43.67267882919402,9.324781146132349,14.876791830743151,0.25003159072458053,0.9187360443072988,292.9134928673961,45.59485592570207,0.253859783145961,14.588913808049881,7.666221925662725,7.090597631097738,6.830899536894184,3.8114718380955033
2022,RC,1,S,Calabria,080,6.081328409360026,6.440617724404141,6.260973066882082,5318728.0,45.15376991209908,0.24151544040754444,9.327720977403802,3600378.0,385.57245315491343,453.91765175910797,-9.924943217313704,14.295695409344063,14.42663791931979,14.0,27.985042306023285,2.20804305168828,5.591369569466775,0.01415704921263743,0.16709122570358206,28.876690007314096,3.0010433703807466,-0.42682212849686174,14.588913808049881,7.666221925662725,7.090597631097738,6.830899536894184,3.8100737738766983
2022,RE,1,NE,Emilia Romagna,035,6.621515350463329,6.923627724035288,6.772571537249308,6721537.0,45.21694193113748,0.2245251309839649,9.954108422746545,3441613.0,128.60391425373825,106.07507342989778,0.46630789887313656,14.295695409344061,14.426637919319788,4.4,52.66633931025665,1.2083890904623062,12.342973942956155,0.034834981406149684,0.2876531274789732,44.9797025401046,10.356219953712069,-0.026263801813636672,14.588913808049881,7.666221925662725,7.090597631097738,6.830899536894184,3.8114718380955033
2022,RG,1,I,Sicilia,088,6.336894519606933,6.7163781888000225,6.526636354203478,3378141.0,44.89178061665652,0.2338871942068911,9.39592784015082,2243480.0,38.68752588892435,26.86864453642556,0.24217015268385508,14.295695409344063,14.426637919319788,9.9,39.934803419634875,2.842454165595364,24.693719299264096,0.1281255484324393,1.126994339441142,73.14187282631984,20.69491150107366,0.3393015054313391,14.588913808049881,7.668561108015897,7.16811768491589,6.846068352820984,3.804254718228064
2022,RI,1,C,Lazio,057,6.513786557567909,6.836130595457101,6.674958576512505,1035994.0,45.02707470708941,0.22682827438948816,9.67817921928545,718377.0,630.9947858309529,489.8257993070382,62.91970388189021,14.295695409344063,14.426637919319788,10.1,17.490723210709334,1.1216468739500431,6.072554160781733,0.026385850221543748,1.2904647621408831,12.259744832823843,2.3922023430845707,-0.5083300133538993,14.588913808049881,7.668561108015897,7.16811768491589,6.846068352820984,3.8072639690029564
2022,RM,1,C,Lazio,058,6.895941910500446,7.272742166516088,7.084342038508267,45446505.0,45.02707470708941,0.22682827438948816,9.774329676707726,23914664.0,2177.5554856626277,1580.8820450047376,143.16451002606027,14.295695409344063,14.426637919319788,7.5,39.16807569214039,1.5338957594563063,7.525721775895223,0.05107212631971752,0.21984748728687004,36.38736837777098,13.112052907171824,-0.13293224296467251,14.588913808049881,7.668561108015897,7.16811768491589,6.846068352820984,3.8072639690029564
2022,RN,1,NE,Emilia Romagna,099,7.189204681390415,7.513405166642003,7.351304924016209,3894799.0,45.21694193113748,0.22452513098396493,9.711814602233778,2178308.0,208.9463940866368,146.62848024030455,6.47852957503705,14.295695409344063,14.426637919319788,6.700000000000001,46.55988888231664,18.38162149439262,16.507161589623326,0.47729811406896455,1.7174578512736418,424.27768065942496,77.2386692196002,0.6590914453397774,14.588913808049881,7.671360923190644,7.186003128632815,6.8269269092216005,3.8114718380955033
2022,RO,1,NE,Veneto,029,6.689731404897484,6.995082657299468,6.842407031098476,2411988.0,45.88818149822524,0.23320110114670956,9.786828946268765,1433195.0,159.06163400717412,128.0505864470445,2.0992366525790263,14.295695409344063,14.426637919319788,8.2,24.51708849029724,1.8631633730648138,28.54224941799588,1.1991121933148363,9.083824006088802,175.32598199513575,63.799649103502766,0.07692116101723707,14.588913808049881,7.671360923190644,7.186003128632815,6.8269269092216005,3.826207600213084
2022,SA,1,S,Campania,065,6.604999380412308,6.899240584454754,6.7521199824335305,11280522.0,43.4477019372846,0.20476971138699945,9.422961994822062,6032246.0,463.9248390746988,484.6995070734368,-2.395289627932498,14.295695409344063,14.426637919319788,14.5,36.752115122252086,6.6619165816700665,15.248681572061104,0.2578401132443976,2.714665794689874,196.91748153903666,107.11835938602914,0.08055454226498614,14.588913808049881,7.671360923190644,7.186003128632815,6.8269269092216005,3.7715579604918474
2022,SI,1,C,Toscana,052,6.916486025097825,7.268915383546452,7.092700704322138,2624632.0,47.509470647361205,0.2650700070766048,9.809392289558934,1608551.0,157.4581194797445,125.6825695674692,1.6656214005028798,14.295695409344063,14.426637919319786,4.5,29.465088507994842,12.934873025450992,21.54470427668197,0.8856583512323275,8.195477599011479,966.8825486327282,499.68250623737146,1.3588099355659857,14.58891380804988,7.679713639966372,7.083530179569613,6.815085761200135,3.860929073216346
2022,SO,1,NW,Lombardia,014,6.959663603496561,7.178873018067279,7.06926831078192,3249369.0,45.254954987427716,0.22273986513471955,9.766456749077348,3081825.0,325.8307799201367,239.0374280636811,57.822380773319374,14.295695409344063,14.426637919319788,6.6,32.39862015366105,12.556501872016153,13.404696378955151,0.2158070806572838,2.362380186682257,398.19901488018365,118.71281291010663,0.21728189432190453,14.588913808049881,7.679713639966372,7.083530179569613,6.815085761200135,3.812312166635566
2022,SP,1,NW,Liguria,011,7.139477582771522,7.50519523368716,7.322336408229341,2700068.0,48.6901440907248,0.26655595874809795,9.81850544260394,1797071.0,279.3632996613354,196.95684475153834,10.510902652838036,14.295695409344063,14.426637919319788,8.2,30.84834153753364,8.73342741704654,24.288241903211077,0.9698765923709907,7.501463254776339,1072.8499306276583,699.4111211538471,0.972831800059422,14.588913808049881,7.679713639966372,7.083530179569613,6.815085761200135,3.8854766295396823
2022,SR,1,I,Sicilia,089,6.259778325020638,6.631556621027591,6.445667473024114,4230349.0,44.89178061665652,0.2338871942068911,9.501277963834944,2644421.0,68.72837460730513,64.2351253000897,0.2687898780724568,14.295695409344065,14.426637919319788,14.8,39.09102059535072,2.190373350688127,9.274306283788565,0.08576867969209052,0.5667803024723362,70.59090788413432,23.723205887301944,0.009812181866399806,14.588913808049881,7.664815785285735,7.279183225320296,6.862018894017613,3.804254718228064
2022,SS,1,I,Sardegna,112,6.571192072296725,6.868776266491151,6.719984169393937,3759019.0,48.0127840599455,0.2688358310626703,9.569419651755117,2168776.0,460.69601686969816,378.27628896758443,23.62140976468437,14.295695409344065,14.426637919319788,10.3,27.987520943173447,16.015947318388765,13.406214020299128,0.12124281701017985,2.9374645868648828,247.09431396575738,94.7679528586453,-0.051722325155146236,14.588913808049881,7.664815785285735,7.279183225320296,6.862018894017613,3.87146731002933
2022,SV,1,NW,Liguria,009,7.302040321457838,7.653375004370505,7.477707662914171,3109953.0,48.6901440907248,0.26655595874809795,9.783061736271359,2910962.0,435.37507625418505,306.75090648342996,44.199777010710015,14.295695409344063,14.426637919319788,5.1,33.99163940686857,9.676113450668993,9.818163726946114,0.11781165557347159,1.3436897447263936,482.4988216497472,133.68594159469345,0.49065562153768105,14.588913808049881,7.664815785285735,7.279183225320296,6.862018894017613,3.8854766295396823
2022,TA,1,S,Puglia,073,6.434798978899194,6.774968514708863,6.604883746804029,6730161.0,46.08467547717161,0.23254114580501445,9.573612312929576,4042225.0,54.823670302353314,59.26573998339788,-0.08442361120859918,14.295695409344063,14.426637919319788,13.6,34.32115206845073,2.816187313938556,31.09589077421005,0.15320128564117136,1.2642354894884258,58.99099031656378,9.852581620778869,0.288323854126919,14.588913808049881,7.6487397889562425,7.115345793020231,6.9022067718617395,3.830480475588819
2022,TE,1,S,Abruzzo,067,6.353132660759093,6.7325983077681375,6.542865484263616,3729634.0,46.783726377012314,0.2514020231747897,9.609514654573758,2437257.0,221.19118738777132,189.69307926567285,5.826701802092081,14.295695409344063,14.426637919319786,6.299999999999999,33.46874887896633,8.708552705854622,17.257832128282292,0.10496938570459595,3.0978552174217895,178.26893207295018,17.625869080756758,0.2343108306822128,14.588913808049881,7.6487397889562425,7.115345793020231,6.9022067718617395,3.8455354154656374
2022,TN,1,NE,Trentino Alto Adige,022,7.393642997452287,7.551928073543365,7.472785535497826,3609872.0,44.45386854196522,0.23077498879647002,9.817125859842147,2450363.0,710.923295805933,466.58303439390653,51.63059935676058,14.295695409344063,14.426637919319786,3.8,39.88535790899609,28.459001013263812,11.627445088079876,0.16834478183475338,6.6679694407251615,1177.6113992917624,362.8638667293996,0.6684713452588218,14.588913808049881,7.6487397889562425,7.115345793020231,6.9022067718617395,3.7944519894882114
2022,TO,1,NW,Piemonte,001,6.572169159714485,6.969387402711983,6.770778281213234,25736063.0,47.645255061632916,0.24882389797948257,9.913641690047683,15127628.0,2017.8715851099867,1681.5205800244598,150.1456327735823,14.295695409344063,14.426637919319786,7.400000000000001,35.992186726186546,7.316120424867155,11.698035030680815,0.044269685943798674,1.2019179573019676,176.29401340400463,60.616730444122354,-0.20008465978933437,14.588913808049881,7.649216319820633,7.116185977379809,6.934003564328917,3.8637830461625233
2022,TP,1,I,Sicilia,081,6.505367631284728,6.871794438694692,6.688581034989711,3599413.0,44.89178061665652,0.2338871942068911,9.410163623338512,2480914.0,58.2359944078686,57.95329540588865,0.006584438260652383,14.295695409344061,14.426637919319788,13.4,44.58472102260499,8.48392516685214,15.477162829235947,0.17784809551580993,3.0725305850883333,303.456281274122,76.6471941995099,0.46830565792943,14.588913808049881,7.649216319820633,7.116185977379809,6.934003564328917,3.804254718228064
2022,TR,1,C,Umbria,055,6.499473625632596,6.927604650280813,6.713539137956704,3534668.0,49.869284137697115,0.304377597249832,9.727778702006226,2078555.0,199.77313032959748,163.216273474448,5.794347848199871,14.295695409344063,14.426637919319788,6.7,22.859014337273624,2.9743967179699915,21.25547346213885,0.3239850118323019,2.0592546033444066,186.65118246891706,47.32322812163861,0.6201998480470331,14.588913808049881,7.649216319820633,7.116185977379809,6.934003564328917,3.909405264887069
2022,TS,1,NE,Friuli Venezia Giulia,032,7.313444488620436,7.651121749698914,7.482283119159675,4516562.0,47.25608618975254,0.2704020562465995,9.980851106621191,2834128.0,96.83326197530623,59.961564455039635,2.567043271038579,14.295695409344063,14.426637919319788,6.3,30.3387182505345,3.0254714931811724,25.56970787484038,0.52538705695316,3.142969799842354,262.2044401919768,153.99983975806043,1.0092046341299576,14.588913808049881,7.653969180478774,7.32119232167923,6.955418939181443,3.8555814538934126
2022,TV,1,NE,Veneto,026,6.939483091079514,7.112303934545937,7.0258935128127264,8892639.0,45.88818149822524,0.2332011011467095,9.887928040136764,4442176.0,207.34443950760664,168.2403566187579,1.204256756739673,14.295695409344063,14.426637919319788,5.2,33.21730378949254,0.923097202987117,38.39013822736557,0.31705608409347313,0.9357933198830527,74.29454333287154,31.995677102756705,0.3588421486593451,14.588913808049881,7.653969180478774,7.32119232167923,6.955418939181443,3.826207600213084
2022,UD,1,NE,Friuli Venezia Giulia,030,6.463293949951361,6.81596483024912,6.63962939010024,3178063.0,47.25608618975254,0.2704020562465995,9.834860179440918,1987081.0,577.6041177080243,418.0664673036253,38.019818428834604,14.295695409344063,14.426637919319788,6.3,30.696849140057132,6.5671780689662755,23.582507251200788,0.503834086155152,7.994554267616551,281.12428648518744,117.36678396574366,0.3438386191028571,14.588913808049881,7.653969180478774,7.32119232167923,6.955418939181443,3.8555814538934126
2022,VA,1,NW,Lombardia,012,6.908261692028154,7.147278057474893,7.027769874751525,6490112.0,45.254954987427716,0.22273986513471955,9.841965556126228,3588831.0,831.7647258975987,649.5615891471008,40.81070721913978,14.295695409344063,14.426637919319788,4.8,33.18204849474889,1.4530514195136408,12.60092896790659,0.05762876593127697,0.43296918169335646,125.6581645138035,83.18740123754525,-0.2494972829261155,14.588913808049881,7.6586995582682995,7.490814071205922,6.955158628287744,3.812312166635566
2022,VB,1,NW,Piemonte,103,6.709997873016774,7.068965232594815,6.889481552805794,1388097.0,47.645255061632916,0.24882389797948257,9.676491197983529,1131891.0,432.2062438274301,335.7822786690796,37.029705617022756,14.295695409344063,14.426637919319788,5.9,30.476062064538876,11.703794133729685,14.610172970829197,0.16049844838031216,3.874137632060663,551.8634360736311,317.3265070960952,0.4048920889218053,14.588913808049883,7.6586995582682995,7.490814071205922,6.955158628287744,3.8637830461625233
2022,VC,1,NW,Piemonte,002,6.454145063192571,6.839289102560694,6.646717082876632,1059255.0,47.645255061632916,0.24882389797948257,9.826992119565997,715557.0,1044.557093574206,789.941359939918,192.62946054663243,14.295695409344063,14.42663791931979,5.5,19.43875487885713,2.589193108265895,14.632368310599173,0.08186532531133746,3.2242796997751304,158.5853237569595,35.67702967441518,-0.4126613783341016,14.588913808049881,7.6586995582682995,7.490814071205922,6.955158628287744,3.8637830461625233
2022,VE,1,NE,Veneto,027,6.979392990125219,7.234986330709859,7.107189660417539,11347865.0,45.88818149822524,0.23320110114670953,9.86145828208414,6770881.0,152.98522684345303,119.45524840395747,0.6239385815932282,14.295695409344063,14.426637919319788,4.3,38.1813576035083,9.658058744315426,30.90411009426524,2.1411187576545654,18.738803231648724,672.2210101443466,445.9180750270844,0.5588798533225968,14.588913808049881,9.505171826581176,5.322496904070667,4.986936974045401,3.826207600213084
2022,VI,1,NE,Veneto,024,6.960319420621754,7.173439191573178,7.066879306097466,10363443.0,45.88818149822524,0.23320110114670953,9.898837269264833,5506171.0,405.973714630867,314.74988786699646,19.54796397097516,14.295695409344063,14.426637919319788,3.5,37.724685989494226,1.9561530289413729,31.001198006537614,0.31742969018733364,2.5069045012810776,72.84484897640196,15.784871667649327,0.16976359306425615,14.588913808049881,9.505171826581176,5.322496904070667,4.986936974045401,3.826207600213084
2022,VR,1,NE,Veneto,023,6.90159354195704,7.24448002712196,7.0730367845395,7665484.0,45.88818149822524,0.23320110114670956,9.808250149237686,4157531.0,398.38863072079033,267.87365235066244,12.638106349153697,14.295695409344063,14.426637919319788,3.2,34.3475253412447,12.585981903496561,29.995298820159718,1.6458362618786249,9.56115325742051,933.6135963761158,658.4397608966688,0.7315065391035488,14.588913808049881,9.505171826581176,5.322496904070667,4.986936974045401,3.826207600213084
2022,VS,1,I,Sardegna,117,6.172848163480002,6.458326993568962,6.3155875785244815,331154.0,48.0127840599455,0.2688358310626703,9.484304787279363,193062.0,572.7754412746431,466.0114979298615,34.559962805174195,14.295695409344063,14.42663791931979,12.3,26.972296397525902,1.316247886275503,10.76548531879219,0.043723668116983694,0.30544331779895323,47.37289183371167,15.108561356419415,-0.3386191771945838,14.588913808049881,9.505171826581176,5.322496904070667,4.986936974045401,3.87146731002933
2022,VT,1,C,Lazio,056,6.797867146562343,7.125433758119354,6.961650452340848,3192530.0,45.02707470708941,0.22682827438948816,9.649580381436936,2022630.0,244.49226987089926,181.3987943760284,5.436840466053587,14.295695409344063,14.426637919319788,7.5,16.316404689619436,1.6223903864983664,4.403118038277132,0.05646874561901179,0.3869781165494349,78.8042039128039,18.261948991844665,-0.15726931061951535,14.588913808049881,9.505171826581176,5.322496904070667,4.986936974045401,3.8072639690029564
2022,VV,1,S,Calabria,102,6.067223126693526,6.364069212814064,6.2156461697537955,1012631.0,45.15376991209908,0.2415154404075444,9.339795757710114,753768.0,87.45307031605927,114.28130304249976,-2.1098932914513795,14.295695409344063,14.426637919319788,14.400000000000002,39.135468941301724,24.804893032191934,9.449247415901826,0.17801144601830524,2.9311743753823953,336.9192781581174,90.02614539534868,0.061405405494710075,14.588913808049881,9.505171826581176,5.322496904070667,4.986936974045401,3.8100737738766983
2023,AG,1,I,Sicilia,084,5.935669925014088,6.317144390705684,6.1264071578598855,3571195.0,44.196541622216394,0.23024327249487972,9.415145187986672,2811921.0,109.90461864617981,123.33046694670747,-0.637762339227345,14.342781042569822,14.507693573866824,16.2,26.33773506516465,1.9996158712977037,13.878849466955481,0.07815172438266885,0.8141854032425352,71.52609260492896,28.146313242281554,-0.04414559822749632,14.645884731497906,9.504873919377065,5.258005832205518,4.991899082482053,3.7886465421811852
2023,AL,1,NW,Piemonte,006,6.398846523785561,6.656300192727501,6.527573358256531,2389150.0,47.402080279373415,0.2724641834421395,9.878165830943264,1586480.0,1856.994729358207,1159.1860893221308,305.61459827382083,14.342781042569824,14.507693573866824,6.7,20.786947062326977,1.3522515268323025,14.573240009090254,0.08067234432753163,1.070944688949925,60.383637784516715,28.904414632630296,-0.23982871538228173,14.645884731497906,9.504873919377065,5.258005832205518,4.991899082482053,3.858666115488486
2023,AN,1,C,Marche,042,6.589334272026467,6.927281775106176,6.758308023566321,6127818.0,47.2769926350122,0.26656745103836976,9.876982986024688,3444518.0,226.28091842066922,135.77375710137014,4.889363823337157,14.34278104256982,14.507693573866824,6.0,25.91066677625653,3.229021215396539,26.597521874914005,0.29847671106350016,6.713319506269523,214.37895556054593,32.71860814491367,0.5105090920883918,14.645884731497906,9.504873919377065,5.258005832205518,4.991899082482053,3.8560237635242935
2023,AO,1,NW,Valle D'Aosta,007,7.184152832275634,7.501337113943407,7.342744973109522,1454985.0,46.151730373437076,0.3938081698529966,9.931696610298756,1375832.0,351.2887595902564,261.9445926312357,43.19427498400798,14.34278104256982,14.507693573866824,4.0,38.28396002331474,43.46015012042502,15.629161770218959,0.3011109866311576,9.325753960050827,2141.7421194353597,760.5858561213623,1.2081958225675107,14.645884731497906,9.504873919377065,5.258005832205518,4.991899082482053,3.8319344547949736
2023,AP,1,C,Marche,044,6.709760207716522,7.00641952543727,6.858089866576896,3981847.0,47.276992635012206,0.26656745103836976,9.749917563523972,2302467.0,127.32149013055164,98.75351035056636,2.3193769307966408,14.342781042569822,14.507693573866824,4.3,29.480024440139054,3.989425979703847,17.844945321658244,0.20056142920414924,1.8850769234933564,130.17438331450276,19.698297698726897,0.4387729622451298,14.645884731497906,9.504873919377065,5.258005832205518,4.991899082482053,3.8560237635242935
2023,AQ,1,S,Abruzzo,066,6.193322780693393,6.568839094188789,6.381080937441092,2888353.0,45.3876794313853,0.22980869111679547,9.661637704061956,2450072.0,1006.1236300898605,799.0401361837988,98.79106850992434,14.342781042569822,14.507693573866822,9.2,29.467470355390912,9.038817583915893,22.35519540687787,0.1484674827709867,3.5812145864634917,338.16228239179287,36.76012323056712,0.15134931274105654,14.645884731497906,9.504873919377065,5.258005832205518,4.991899082482053,3.815240690054266
2023,AR,1,C,Toscana,051,6.91939087014641,7.214463199621955,7.066927034884182,3827756.0,47.58211023047225,0.26033046513413105,9.86433983822438,2081014.0,177.26655816087367,126.4659687467108,4.376137143320565,14.342781042569822,14.507693573866824,5.3,25.860602663515905,2.9423874265264476,20.625231442484992,0.2838803738753657,2.2216139581211896,183.00543681532685,76.40288285395874,0.7145578804287742,14.645884731497905,9.502562124469996,5.258248358205421,4.999846826196279,3.8624568550992335
2023,AT,1,NW,Piemonte,005,6.096117017829969,6.462492734777198,6.279304876303583,2047797.0,47.402080279373415,0.2724641834421395,9.80744055578276,1261336.0,inf,inf,128.67083764767963,14.342781042569822,14.507693573866824,6.9,12.52236695795522,1.0214366676107451,18.726789569847966,0.12504025032115235,0.9664023292878354,84.3158604742508,40.926840013285,-0.09766172321895596,14.645884731497906,9.502562124469996,5.258248358205421,4.999846826196279,3.858666115488486
2023,AV,1,S,Campania,064,6.319577623493393,6.505929897197931,6.412753760345662,8975154.0,43.379683129132744,0.20388402733900293,9.542974256415512,5380232.0,300.5968039568292,308.30018168956866,-0.8322382654073378,14.342781042569822,14.507693573866824,14.1,28.365753363806846,1.0039760354631293,14.9586987739397,0.04765816942633063,0.33001675686501525,15.7148919133846,1.6806398668539706,-0.4201992738818203,14.645884731497906,9.502562124469996,5.258248358205421,4.999846826196279,3.769991200833847
2023,BA,1,S,Puglia,072,6.887086326325936,7.189026100292285,7.038056213309109,12939828.0,46.38030661700991,0.2520650094958447,9.667614135700772,6793206.0,70.88805338843784,61.46915591662257,0.15375526623523275,14.342781042569822,14.507693573866824,9.4,32.72746814926235,1.8920720595284604,31.07491587114475,0.3084329533127423,1.527454034098193,136.56500277554113,62.8158385449668,0.3823313386313144,14.645884731497908,9.502562124469996,5.258248358205421,4.999846826196279,3.836874942780305
2023,BG,1,NW,Lombardia,016,6.868099042187761,7.0735275927728,6.97081331748028,8312317.0,45.19773075166449,0.2617128099481079,9.939095365778225,4650887.0,1394.4959358464534,850.6505314440661,216.22772989916228,14.34278104256982,14.507693573866822,2.9,32.85074927677018,2.610711806065362,19.56168162864531,0.09692380600537966,1.0544454394025526,126.11429753193289,42.19540269285256,-0.14312044416371147,14.645884731497906,9.502562124469996,5.258248358205421,4.999846826196279,3.811046880968699
2023,BI,1,NW,Piemonte,096,5.905264655204083,6.245476008344847,6.075370331774464,1121422.0,47.402080279373415,0.2724641834421395,9.893032002792504,778954.0,448.20118229162057,325.951924301558,44.40001465123294,14.342781042569824,14.507693573866824,4.0,10.979217470947148,1.0733444190868517,10.717443231284388,0.05939374403070792,0.9089195519359132,64.37293689764394,18.605013834726336,-0.3491945564108757,14.645884731497906,9.502562124469996,5.258248358205421,4.999846826196279,3.858666115488486
2023,BL,1,NE,Veneto,025,6.827316433520131,7.038527807805087,6.932922120662609,1860974.0,46.74787769453359,0.2389353974443855,9.902654235768914,1556243.0,297.3116419707799,202.24993328588417,17.481636607570053,14.342781042569822,14.507693573866824,3.0,17.919103898081605,14.988914313243667,51.727804165930145,2.841832609816237,24.342605068261847,921.7981875423393,424.8283701364055,1.2434132161664302,14.645884731497906,9.511999311358759,5.328378713831782,5.007880022529329,3.8447688577958528
2023,BN,1,S,Campania,062,6.522827566956032,6.7591566763121635,6.640992121634098,1635985.0,43.37968312913275,0.20388402733900293,9.458771897228573,1004083.0,201.95650190747858,217.58608193348576,-1.3884391932675184,14.342781042569824,14.507693573866824,9.5,18.270637186211005,0.5451177855226017,24.07006431354611,0.1259027836295494,0.6420713030291273,9.323862857728882,1.4368760884375744,-0.2589448909058494,14.645884731497908,9.511999311358759,5.328378713831782,5.007880022529329,3.769991200833847
2023,BO,1,NE,Emilia Romagna,037,7.1024686045467575,7.364541877720426,7.233505241133592,18432276.0,48.628550905757784,0.2633690663352165,10.018995794385425,10307239.0,353.4267441889138,212.56605435967506,4.00379882986513,14.34278104256982,14.507693573866824,3.8,46.17356322851533,2.3354173677255115,15.2195725518022,0.1288270862773973,0.4125584362603667,120.70066804966083,35.89537213469497,0.32020618643869,14.645884731497906,9.511999311358759,5.328378713831782,5.007880022529329,3.8842108256118086
2023,BR,1,S,Puglia,074,6.633007675674531,6.846219102298714,6.739613388986622,2432792.0,46.38030661700991,0.2520650094958447,9.582353861548428,1540666.0,29.854936744747672,30.22040452254323,-0.0035001234916647245,14.342781042569822,14.507693573866826,14.8,32.401923439372354,3.9338827729804966,30.507691679646232,0.18290857796141588,1.4371514228903142,160.18710041217906,60.955971153694556,0.48396586032767736,14.645884731497906,9.511999311358759,5.328378713831782,5.007880022529329,3.836874942780305
2023,BS,1,NW,Lombardia,017,7.024458137023671,7.275311700437695,7.149884918730682,10499272.0,45.19773075166449,0.2617128099481079,9.918194532211155,5954865.0,840.59826000745,504.67865108790517,49.60155655392284,14.342781042569822,14.507693573866824,3.4,29.557161933091542,8.033743110042732,14.641509585336403,0.21832952062539163,4.065027194008878,475.18806116963134,305.8301083588164,0.08783297687026122,14.645884731497906,9.511999311358759,5.328378713831782,5.007880022529329,3.811046880968699
2023,BT,1,S,Puglia,110,6.809230954981902,7.093478133554534,6.951354544268218,4427736.0,46.38030661700991,0.2520650094958447,9.5272514505404,2231908.0,46.67915768883814,41.5009132648022,0.0527333198673442,14.342781042569824,14.507693573866822,17.6,30.22776968355811,0.47688885311663054,33.99264235730402,0.11858227843883391,0.5580334322421275,44.088890578330734,12.394378255684003,0.2313170850884235,14.645884731497908,9.511999311358759,5.328378713831782,5.007880022529329,3.836874942780305
2023,BZ,1,NE,Trentino Alto Adige,021,7.661347586278844,7.895521074959257,7.778434330619052,6896935.0,44.82088263617546,0.23705212357349215,9.957494969581374,3766433.0,409.0696902912194,322.3993568575267,10.792428411903751,14.342781042569824,14.507693573866824,2.0,62.48739881054518,47.584501376308886,11.561689650750525,1.6621063333095565,9.287588936235649,2322.657442822992,1557.8350197958964,1.7099196776149248,14.645884731497906,9.387062950369655,5.473367326316388,5.115777213956286,3.802674161087746
2023,CA,1,I,Sardegna,118,6.707859509768325,6.992157142444312,6.850008326106319,3920549.0,48.887141703179694,0.2709533484164478,9.668568042572808,2103417.0,205.9059360320737,177.32073873829407,2.437069982842407,14.342781042569822,14.507693573866824,11.4,38.17434401497698,9.018298006634078,17.793947970140547,0.09318282945673047,1.8447799634649507,197.274510308269,84.08758868514764,-8.05745652323069e-05,14.645884731497906,9.387062950369655,5.473367326316388,5.115777213956286,3.889514411047968
2023,CB,1,S,Molise,070,5.99460604488615,6.3949320280543045,6.194769036470228,1963354.0,53.00885450899102,0.35052328226907326,9.50392148209462,1321580.0,407.91260281338316,311.48261341455253,25.470201560698918,14.342781042569822,14.507693573866822,8.7,21.56425577978553,1.996341006013387,14.196220268853876,0.04024991779067112,0.3579779251012885,33.12861480303749,2.2526081853601942,-0.3700622127014133,14.645884731497906,9.387062950369655,5.473367326316388,5.115777213956286,3.970458965805495
2023,CE,1,S,Campania,061,6.3144290488413475,6.689252176984592,6.501840612912971,4915498.0,43.37968312913274,0.20388402733900293,9.586691429162864,2558569.0,522.9309925728228,469.82317105359783,5.042562817428261,14.342781042569822,14.507693573866824,13.3,32.75310021214489,0.8229491310930526,9.426424757152867,0.026793711977488477,0.17041120213260008,32.955648937364295,6.0088856591871345,-0.4530192522592881,14.645884731497906,9.387062950369655,5.473367326316388,5.115777213956286,3.7699912008338465
2023,CH,1,S,Abruzzo,069,6.210937196927238,6.605954217622021,6.4084457072746295,3804819.0,45.3876794313853,0.22980869111679547,9.609699918740628,2457420.0,1027.5603246276585,785.2111914607578,129.1620040032212,14.342781042569822,14.507693573866826,7.2,22.953223131471983,3.341025947938913,15.727816034739364,0.08031664933121219,0.8627572303633012,73.00426271876772,7.613164581623779,-0.07536644320563818,14.645884731497906,9.387062950369655,5.473367326316388,5.115777213956286,3.815240690054266
2023,CI,1,I,Sardegna,119,6.562871867379838,6.85857286805119,6.710722367715515,616428.0,48.887141703179694,0.2709533484164478,9.612958436310384,405268.0,220.40938284125468,176.2362103680512,2.6896775733622387,14.34278104256982,14.507693573866824,11.4,36.65074365005575,3.5395942754723104,15.922347484244108,0.1259510272248889,1.3839728960508937,109.85763058943786,37.396818851544325,0.27752815209192955,14.645884731497906,9.387481868728596,5.379166677512936,5.111884328220524,3.889514411047968
2023,CL,1,I,Sicilia,085,5.839619448204973,6.207694709901725,6.023657079053348,2164035.0,44.196541622216394,0.23024327249487972,9.439903461724603,1586140.0,90.62637110157229,126.08619909092609,-2.914206943479315,14.342781042569822,14.507693573866822,17.2,20.58345066091862,1.669598458432708,7.597311101698588,0.012933654125536653,0.11754518920413339,27.174476178438347,3.786764480123512,-0.4383082948193735,14.645884731497905,9.387481868728596,5.379166677512936,5.111884328220524,3.7886465421811852
2023,CN,1,NW,Piemonte,004,6.604448121370128,6.990324530341915,6.797386325856021,6068953.0,47.402080279373415,0.2724641834421395,9.823908538158655,4229059.0,2664.7233891924134,1581.639170982447,919.4532149709851,14.342781042569822,14.507693573866824,3.6000000000000005,24.22950742189434,5.92120786111198,19.845198859691692,0.2217267202415538,4.014243677780262,313.9542539223714,121.22391945258214,0.2293744118393135,14.645884731497905,9.387481868728596,5.379166677512936,5.111884328220524,3.858666115488486
2023,CO,1,NW,Lombardia,013,7.036878633803011,7.340510613337581,7.188694623570297,5132288.0,45.19773075166449,0.2617128099481079,9.87978135495653,2889747.0,979.4709430524114,642.7989711319622,81.24359361331065,14.342781042569822,14.507693573866824,5.5,30.92624858530279,2.8963793602739725,24.537019605006556,0.23134590297443147,1.8601959719284884,292.9575609625237,243.40368891968782,0.07600437640521855,14.645884731497906,9.387481868728596,5.379166677512936,5.111884328220524,3.811046880968699
2023,CR,1,NW,Lombardia,019,6.276936135991658,6.636488903108398,6.456712519550028,2709518.0,45.19773075166449,0.2617128099481079,9.938383725001378,1494013.0,666.2313061701905,430.58573078170076,35.32002954214431,14.342781042569822,14.507693573866824,2.6,19.369862249994043,0.5835549806958044,10.218948470279937,0.020759290042112764,0.10218145545012765,14.413542036557784,4.88017697878064,-0.5837760634958554,14.645884731497906,9.387481868728596,5.379166677512936,5.111884328220524,3.811046880968699
2023,CS,1,S,Calabria,078,6.1034126045166515,6.422912459542164,6.263162532029408,4634966.0,45.33379999713014,0.2203888407459883,9.41809190341958,3340394.0,590.7807815597164,511.0820520064272,10.68182855406981,14.342781042569822,14.507693573866824,17.5,25.807632940331843,5.816682937183509,6.665086764947094,0.02286848629933335,0.43923333908112877,74.4033816258273,6.347534943531808,-0.25420003881465014,14.645884731497906,9.384965722135666,5.5618073546264375,5.146274497040734,3.8140528910693003
2023,CT,1,I,Sicilia,087,6.215808319299979,6.591704541402026,6.403756430351002,11662860.0,44.196541622216394,0.23024327249487972,9.561308715109995,6641073.0,138.71465623607747,153.72694206850073,-0.43798326281924904,14.342781042569822,14.507693573866824,15.3,30.434500517352358,1.123804603638836,12.256878715268968,0.0307447128939818,0.2887920688376899,75.08094454331184,33.85874118400071,-0.05235872894771772,14.645884731497906,9.384965722135666,5.5618073546264375,5.146274497040734,3.7886465421811852
2023,CZ,1,S,Calabria,079,6.346570198771246,6.5617927435383745,6.4541814711548104,3716203.0,45.33379999713014,0.22038884074598827,9.437531469762769,2540589.0,258.6993544601989,279.5213469257081,-2.376166278641151,14.342781042569822,14.507693573866824,14.9,36.78889618722853,6.378638707093879,5.709384221577062,0.016626270827522528,0.543488135587658,75.65832143265959,7.706158030682819,-0.26736434453579555,14.645884731497906,9.384965722135666,5.5618073546264375,5.146274497040734,3.8140528910693003
2023,EN,1,I,Sicilia,086,6.0595110671527594,6.425414887361417,6.242462977257088,1450586.0,44.196541622216394,0.23024327249487975,9.469330736319922,1169811.0,36.28968505487359,46.48961750868179,-0.40817100295965986,14.342781042569824,14.507693573866826,13.9,13.411394840251075,0.3512195799056212,10.42274751798655,0.023137510381222127,0.13266436764607734,25.56116313832803,9.836438505295797,-0.29972384818574166,14.645884731497906,9.384965722135666,5.5618073546264375,5.146274497040734,3.7886465421811852
2023,FC,1,NE,Emilia Romagna,040,7.065622376238074,7.30050850498197,7.183065440610021,4497948.0,48.628550905757784,0.2633690663352165,9.851855045373652,2364517.0,196.05709785932535,118.12041347200734,5.105794267807348,14.342781042569822,14.507693573866824,5.2,33.56016166427915,8.922448502643302,13.761302415465348,0.37457391127107137,1.3315150277465044,311.8599496451555,43.98497530038202,0.42304734943390326,14.645884731497906,9.384965722135666,5.5618073546264375,5.146274497040734,3.8842108256118086
2023,FE,1,NE,Emilia Romagna,038,6.530692200419542,6.85938164955864,6.6950369249890915,4669077.0,48.628550905757784,0.2633690663352165,9.838807997009337,3095941.0,108.74240526478592,65.01645761365528,0.9574819951502664,14.34278104256982,14.507693573866824,5.599999999999999,31.547125210295942,1.409368837023683,22.375286406877272,0.420667483635722,3.516956108185661,120.21105027225907,36.19013411532898,0.11949276369605163,14.645884731497906,9.373648989588206,5.393786989406146,5.181534902521845,3.8842108256118086
2023,FG,1,S,Puglia,071,6.452656492679123,6.782353697961009,6.617505095320066,3265759.0,46.38030661700991,0.2520650094958447,9.439035007495479,1904569.0,233.35109983999294,262.7104261936373,-4.569270404118866,14.342781042569822,14.507693573866822,8.3,23.576536333887642,12.317971423415113,29.388679412314463,0.279363100523316,6.660173920890051,366.8710831959945,68.4138967504164,0.40439834132963126,14.645884731497906,9.373648989588206,5.393786989406146,5.181534902521845,3.836874942780305
2023,FI,1,C,Toscana,048,7.261823084002328,7.611820612995534,7.436821848498931,9467009.0,47.58211023047225,0.26033046513413105,9.930121265520947,4994321.0,223.04954818788164,140.06266336485325,2.909276716266045,14.34278104256982,14.507693573866824,4.5,28.762281528614054,2.377918957299762,24.906370150585932,0.3727475638099285,3.136613570002449,286.67529029519005,175.5736747719383,0.8082161720577051,14.645884731497906,9.373648989588206,5.393786989406146,5.181534902521845,3.8624568550992335
2023,FM,1,C,Marche,109,6.688747770881939,6.974279360891343,6.831513565886641,3310670.0,47.276992635012206,0.26656745103836976,9.734153614365685,1870032.0,174.68333184294067,135.4884568310897,4.198976944956228,14.342781042569822,14.507693573866824,3.1,15.383298545435247,1.1198202434917812,21.097096481426465,0.2134391096916148,1.5578169065242378,105.85315364151009,16.304668356265594,0.3579060502905546,14.645884731497906,9.373648989588206,5.393786989406146,5.181534902521845,3.8560237635242935
2023,FR,1,C,Lazio,060,6.368932918599693,6.695904414739566,6.53241866666963,4551078.0,46.020427026167695,0.24969668949351864,9.730504372247893,2517600.0,208.21545484809238,211.1602971832059,-0.3445502189596124,14.342781042569822,14.507693573866824,10.1,39.74784822533773,3.350903317656952,9.741564165699067,0.02565868843255708,0.15852388817547147,85.4431813160832,27.360162128816757,-0.25868917583522355,14.645884731497906,9.373648989588206,5.393786989406146,5.181534902521845,3.8290853637073172
2023,GE,1,NW,Liguria,010,6.934756520438684,7.315476967206496,7.1251167438225895,9921326.0,48.09370044422588,0.29011321354793207,9.893010689180825,6393528.0,2097.3459447394303,1048.3503633214257,742.0777476631096,14.342781042569822,14.507693573866824,5.8,33.402946798444226,5.45885124074519,12.402782091669096,0.09570132941790196,0.7360137905908244,268.9058020981115,156.32290099439453,0.21434003027351933,14.645884731497906,9.378224880972368,5.390543169345575,5.209109986096225,3.87315120063916
2023,GO,1,NE,Friuli Venezia Giulia,031,6.736476749922368,6.925196951239748,6.830836850581058,2134772.0,49.40531590894326,0.29425806235689944,9.93301867240665,1343916.0,175.5798238530556,115.35468250379024,7.165341967331173,14.342781042569822,14.507693573866824,6.3,29.530289067941403,5.609885235552018,15.953990970719778,0.3824134272829443,7.717706210947984,382.8634884666505,276.3650147951422,0.32616115922413413,14.645884731497906,9.378224880972368,5.390543169345575,5.209109986096225,3.900058027897169
2023,GR,1,C,Toscana,053,7.086383676593606,7.4238233188076626,7.255103497700635,2599931.0,47.582110230472246,0.26033046513413105,9.72388403383872,1927545.0,156.16544821473775,104.75936551063457,3.044812446837601,14.342781042569822,14.507693573866824,5.6,23.506159868710913,11.480771720128853,16.958583910985364,0.7649142695795412,8.859906440525725,662.591599646512,186.7562735444122,1.2581656787395108,14.645884731497906,9.378224880972368,5.390543169345575,5.209109986096225,3.8624568550992335
2023,IM,1,NW,Liguria,008,7.1271534388645685,7.474394095392406,7.300773767128487,3048793.0,48.093700444225874,0.29011321354793207,9.672072897346439,2812912.0,752.5783368163724,467.2453047052245,93.10655575344663,14.342781042569822,14.507693573866824,8.4,20.78351846870301,5.057541212976989,11.397870417851006,0.09817365894528018,1.8914569209487728,378.39332422891124,190.44998020856283,0.3291850303524286,14.645884731497906,9.378224880972368,5.390543169345575,5.209109986096225,3.87315120063916
2023,IS,1,S,Molise,094,5.975608814631745,6.374999231191982,6.175304022911864,662047.0,53.008854508991014,0.35052328226907326,9.536833091213223,465930.0,230.51025742393472,206.72859009492714,7.985975273327112,14.342781042569822,14.507693573866824,11.7,25.036558056903,1.3698196421368152,7.89069383878108,0.03856493525235008,0.2788776882792692,23.933518543219186,2.085468515394432,-0.43348956048372506,14.645884731497906,9.378224880972368,5.390543169345575,5.209109986096225,3.970458965805495
2023,KR,1,S,Calabria,101,6.2030371476601065,6.464376530127398,6.333706838893751,1602467.0,45.33379999713014,0.22038884074598827,9.358835855484902,984505.0,65.17614658508163,73.16630679511914,-0.48556315584581816,14.342781042569822,14.507693573866824,13.0,31.388582154103823,5.800162442347858,2.6318331199484484,0.01023743139452539,0.3695598431497641,68.2761997633417,5.429754614477049,-0.23315283954593566,14.645884731497906,9.373309200254322,5.60448949652675,5.240049792436256,3.8140528910693003
2023,LC,1,NW,Lombardia,097,6.915905022348642,7.17654986428645,7.046227443317545,3028594.0,45.19773075166449,0.2617128099481079,10.007499092715172,1838830.0,572.5466709834726,410.1899521011904,120.96562115744582,14.342781042569822,14.507693573866824,3.0,18.70322023306686,1.93103748183507,27.217700526789102,0.34260917666245055,2.930428212979648,210.33423387784487,169.68451747826882,0.03144554850561831,14.645884731497906,9.373309200254322,5.60448949652675,5.240049792436256,3.811046880968699
2023,LE,1,S,Puglia,075,6.228913696064887,6.505134903575379,6.367024299820133,8099880.0,46.38030661700991,0.2520650094958447,9.518417944407847,5427161.0,166.39729739813782,155.94439305368616,0.35181621268154156,14.342781042569822,14.507693573866824,10.7,21.189424541119195,6.263698324912561,32.018801048008235,0.2341937439274372,3.2889131488547427,173.2381927346976,52.076649761361004,0.42247080636242124,14.645884731497906,9.373309200254322,5.60448949652675,5.240049792436256,3.836874942780305
2023,LI,1,C,Toscana,049,7.449564425614625,7.745449672263595,7.59750704893911,3235514.0,47.58211023047225,0.26033046513413105,9.821371316972664,1992009.0,180.84942885517495,114.66420589735957,6.759591216032926,14.342781042569822,14.507693573866824,4.7,31.750353119998824,28.722999007366592,17.492063850900575,0.7826334764849107,16.734419679137,1222.9086898394755,439.9928829983252,1.415332367902616,14.645884731497906,9.373309200254322,5.60448949652675,5.240049792436256,3.8624568550992335
2023,LO,1,NW,Lombardia,098,6.782061035148341,7.043664703428437,6.9128628692883884,2994952.0,45.19773075166449,0.2617128099481079,9.98787551916806,1589556.0,411.85205908071924,297.5527461594868,66.89797096194805,14.342781042569822,14.507693573866824,4.0,28.78261951092214,0.568005618376427,7.157440110558987,0.014956231829033904,0.07245176879718879,9.656167844438178,2.984319386579959,-0.5649767868052503,14.645884731497906,9.373309200254322,5.60448949652675,5.240049792436256,3.811046880968699
2023,LT,1,C,Lazio,059,6.904874321937145,7.2215804994976995,7.063227410717423,9299536.0,46.020427026167695,0.24969668949351861,9.649318355370019,5144492.0,191.06533983524042,150.4043704030363,3.0437460548571664,14.342781042569822,14.507693573866822,8.9,38.01632447326937,4.365045310395428,7.6773033148228444,0.07707561066365479,0.6582545412702948,135.77779384246415,18.824028156839574,0.17441230832545176,14.645884731497906,9.369052063131004,5.782601962118719,5.248733282904819,3.8290853637073172
2023,LU,1,C,Toscana,046,6.856472711386597,7.220976141004845,7.038724426195721,4222724.0,47.58211023047225,0.26033046513413105,9.832027997780305,2567983.0,274.0401896672997,164.62385154795075,10.384317313492808,14.342781042569822,14.507693573866824,6.7,37.11465989335717,6.3957007293045125,23.49236416211524,0.30180064333431,2.3583496723189055,213.94759450256507,86.4779582333654,0.7382743077153383,14.645884731497905,9.369052063131004,5.782601962118719,5.248733282904819,3.8624568550992335
2023,MB,1,NW,Lombardia,108,7.262048162782098,7.506873576956874,7.384460869869486,9475434.0,45.19773075166449,0.2617128099481079,10.063778147956324,4747490.0,799.1353012376215,571.6194435198285,4.224899684983437,14.342781042569822,14.507693573866824,2.8999999999999995,44.60347808580929,0.609603662954052,22.812676768710503,0.019893073920563296,0.08106790864189144,47.09325071125591,14.070777700721463,-0.2721415146750079,14.645884731497905,9.369052063131004,5.782601962118719,5.248733282904819,3.811046880968699
2023,MC,1,C,Marche,043,6.695243462160138,7.050044901173337,6.872644181666738,2743715.0,47.276992635012206,0.26656745103836976,9.809972377177564,1531159.0,204.81336824413037,156.47232480762753,8.506200307721512,14.342781042569822,14.507693573866824,5.5,29.97029533780135,1.4610546748536353,20.517069909173003,0.15281994139201913,1.2788117313358631,93.39828204428942,14.504783062300334,0.36274396988178487,14.645884731497906,9.369052063131004,5.782601962118719,5.248733282904819,3.8560237635242935
2023,ME,1,I,Sicilia,083,6.414733744320474,6.792493566638636,6.603613655479555,5661556.0,44.196541622216394,0.23024327249487972,9.525019857490639,3950766.0,408.67294532505866,361.0665659150291,5.745935063429502,14.342781042569822,14.507693573866824,19.3,35.96640788913883,7.604866014365827,16.815689904908954,0.1134310769945775,1.2923849309376112,234.4429782057416,125.42503058112543,0.09705968948634991,14.645884731497908,9.369052063131004,5.782601962118719,5.248733282904819,3.7886465421811852
2023,MI,1,NW,Lombardia,015,7.306121915445749,7.545058371534323,7.425590143490036,48933894.0,45.19773075166449,0.2617128099481079,10.067670566015696,27171986.0,921.3543791856436,659.0424383693343,8.20202935318793,14.342781042569822,14.507693573866824,4.7,54.663071047435615,1.472761962758048,13.76192128835919,0.05537294357543465,0.15716267980384635,101.95444711470957,40.89017706422333,-0.07359415523413736,14.645884731497906,6.324358962381311,8.500339941128694,8.162904216433947,3.811046880968699
2023,MN,1,NW,Lombardia,020,6.312790642545238,6.651857841408802,6.48232424197702,4820833.0,45.19773075166449,0.2617128099481079,9.905808076659635,2502857.0,271.68743015710385,160.98030721543853,5.3350479232332475,14.342781042569822,14.507693573866824,4.7,28.370985987988238,0.5860450998412763,16.377327437407047,0.0857976975204172,0.420872962089479,57.85285026687811,19.73575753419485,-0.1077379166450078,14.645884731497906,6.324358962381311,8.500339941128694,8.162904216433947,3.811046880968699
2023,MO,1,NE,Emilia Romagna,036,6.7894908957358835,7.151077863205054,6.970284379470469,7564710.0,48.628550905757784,0.2633690663352165,9.968551132629425,4002630.0,344.874192717931,212.4989140244063,7.927502280483615,14.342781042569822,14.507693573866824,5.3,55.5994532035861,4.6137023424676515,11.501436162560186,0.10630399557515416,0.5922559830195459,171.96493134601062,33.513411275205904,0.3898984054875496,14.645884731497906,6.335054251498059,8.424525804101668,8.156889749062346,3.8842108256118086
2023,MS,1,C,Toscana,045,6.727362121382006,7.1173454306019455,6.922353775991976,2432286.0,47.58211023047225,0.26033046513413105,9.827722793499937,1626975.0,130.7199191164226,98.86972081926909,2.4280020457106946,14.34278104256982,14.507693573866824,6.1,30.860003211301446,3.043173416360792,24.280798493718905,0.178026938944526,1.818256274014421,105.68472267810085,38.23889142685421,0.6213036539105815,14.645884731497906,6.335054251498059,8.424525804101668,8.156889749062346,3.8624568550992335
2023,MT,1,S,Basilicata,077,6.153519640636801,6.487558530647533,6.320539085642167,2128775.0,49.371303495691514,0.302887846807549,9.507501141197121,1299201.0,180.82767890545813,146.18336704370947,4.974355985978579,14.342781042569822,14.507693573866824,8.0,35.30713261994844,5.1886101062487215,21.060805334991798,0.18610548733277318,0.9903602996717735,158.00355527826386,26.328718716814326,0.15469038639348956,14.645884731497906,6.327936783729195,8.429586678838708,8.169706167089842,3.8993693545086487
2023,NAP,1,S,Campania,063,6.985225934767098,7.408489813031671,7.1968578738993845,28193608.0,43.379683129132744,0.20388402733900293,9.632071832518275,13026500.0,209.88188361936994,283.62438223788234,-1.2990716850903623,14.342781042569822,14.507693573866822,20.8,57.4304829129803,5.427932994279654,8.699782108847492,0.19968836562878153,0.9189544798065888,225.20393903262027,139.06386229647487,-0.030920189330376054,14.645884731497908,6.327936783729195,8.429586678838708,8.169706167089842,3.769991200833847
2023,NO,1,NW,Piemonte,003,6.647474162142943,7.037738643545486,6.842606402844215,3409120.0,47.402080279373415,0.2724641834421395,9.961194968657193,1978360.0,479.4891530750925,322.1827606716743,17.714849486481988,14.342781042569822,14.507693573866824,5.6,38.257473038713655,4.312458073013888,18.177893245821664,0.09147090554866828,0.9098881838907675,342.75881558257004,209.26901268237475,0.07078968758783559,14.645884731497906,6.368187186350492,8.469179735839854,8.146917087647735,3.858666115488486
2023,NU,1,I,Sardegna,114,6.56216747714741,6.816332317062274,6.689249897104842,1185268.0,48.887141703179694,0.2709533484164478,9.552150811375837,749147.0,187.43055205162213,210.43589934000954,-4.187230622059262,14.342781042569822,14.507693573866826,6.700000000000001,29.72099754089134,6.468430275467372,13.942132814160265,0.14666031300372828,1.1498267018923918,184.07760106705658,92.07584501558246,0.11499844557212,14.645884731497906,6.368187186350492,8.469179735839854,8.146917087647735,3.889514411047968
2023,OG,1,I,Sardegna,116,6.694846538425771,6.9368992114603545,6.815872874943063,287443.0,48.887141703179694,0.2709533484164478,9.624712217579313,210466.0,135.86492040086466,152.54106868041592,-1.5091972447181423,14.342781042569822,14.507693573866824,6.7,31.837215786557145,5.728799583245025,9.158221910491614,0.145714448646322,1.426474442177911,257.06229550728085,145.60768164248145,0.36665285026100614,14.645884731497906,6.375024819828097,8.483027747091777,8.123713647787211,3.889514411047968
2023,OR,1,I,Sardegna,115,6.029645666316078,6.39271253234685,6.2111790993314635,952770.0,48.887141703179694,0.2709533484164478,9.5567779663291,607181.0,341.40123209487837,331.69859613516985,4.395948012040014,14.342781042569822,14.507693573866824,8.4,12.786149030637267,2.1222289721463583,12.312780010117121,0.1467204307696205,1.262596187769741,141.7939538405988,68.5171355940588,-0.14599378387916304,14.645884731497906,6.375024819828097,8.483027747091777,8.123713647787211,3.889514411047968
2023,OT,1,I,Sardegna,113,7.150162387063754,7.469706271099004,7.309934329081379,1342850.0,48.887141703179694,0.2709533484164478,9.632490569346981,1140294.0,172.03530862344752,143.31712447834857,1.631921435839218,14.342781042569822,14.507693573866824,6.700000000000001,47.03319532608826,41.87752799750459,20.288536820802754,0.2896738354257936,20.632278295699592,913.4366431087611,542.9746080714301,1.2258700954160353,14.645884731497906,6.369900982828227,8.393981510759135,8.12534828488482,3.889514411047968
2023,PA,1,I,Sicilia,082,6.102091918019882,6.446647847900325,6.274369882960103,12771033.0,44.196541622216394,0.23024327249487972,9.49063730634406,7462386.0,318.6039267326877,405.27045985456584,-6.736937665106571,14.342781042569824,14.507693573866824,17.1,28.778655651186433,2.8050486536132286,18.865462613964745,0.06521452371022717,0.6422925111241191,99.4879185340217,42.430613813593176,-0.09300320483051662,14.645884731497908,6.369900982828227,8.393981510759135,8.12534828488482,3.7886465421811852
2023,PC,1,NE,Emilia Romagna,033,6.564127397619433,6.908079178738114,6.736103288178774,3848864.0,48.62855090575779,0.2633690663352165,9.90617438416661,2312075.0,525.9207314698266,304.65399195325875,141.00538240887707,14.342781042569822,14.507693573866822,6.4,38.267419052198704,3.1182514623127213,10.926156820639463,0.06523467234478923,0.6355899054033369,82.34677193303958,18.956250019419542,0.03190808668085821,14.645884731497905,6.3784261836515865,8.566303356210264,8.148880332132643,3.884210825611809
2023,PD,1,NE,Veneto,028,6.905924820771864,7.114089571283179,7.010007196027522,9443097.0,46.74787769453359,0.2389353974443855,9.938991794302783,4837637.0,291.67910289422787,198.57511923662045,3.5143171262359956,14.342781042569822,14.507693573866824,3.8,33.36058461139707,2.576488623125748,36.82331172498105,0.2653738986839461,0.7548130068542225,154.33416648873083,47.908832906312306,0.24085042035615914,14.645884731497906,6.3784261836515865,8.566303356210264,8.148880332132643,3.8447688577958528
2023,PE,1,S,Abruzzo,068,6.281923303179783,6.677582398684025,6.479752850931904,4578641.0,45.3876794313853,0.22980869111679547,9.644564607584892,2497227.0,436.11340484339877,334.6066742512215,21.797458893640115,14.342781042569822,14.507693573866826,9.3,25.46419249583964,2.510789132404373,14.381502072176568,0.07585922491707178,0.8681285796708487,71.09503388759086,11.187901658264948,-0.09224461534337589,14.645884731497906,6.385194398997726,8.379518865749468,8.166241222212003,3.815240690054266
2023,PG,1,C,Umbria,054,6.339807875420238,6.666412310553405,6.503110092986822,6807593.0,50.05796653854121,0.30969772065672674,9.780065409451383,3813497.0,244.52247080254512,162.5799893977651,4.760672906192696,14.34278104256982,14.507693573866824,5.8,22.81788724182255,3.3941743974635368,21.586414810279848,0.5415015506421345,3.2206276334834736,305.67672537552164,98.05513663327757,0.8865172596259032,14.645884731497906,6.385194398997726,8.379518865749468,8.166241222212003,3.9131816646939996
2023,PI,1,C,Toscana,050,6.978275424216968,7.271949743506629,7.1251125838617995,3539670.0,47.58211023047225,0.26033046513413105,9.88903159140382,1928139.0,228.17410109605657,152.4399194325071,4.929910256064773,14.342781042569822,14.507693573866824,5.9,27.31232547294239,2.8965207574369667,25.592527740928503,0.34869324349411507,4.370307260381304,242.1820934105793,137.65962970364137,0.693354041064004,14.645884731497906,6.368187186350492,8.397868504107857,8.21556878483946,3.8624568550992335
2023,PN,1,NE,Friuli Venezia Giulia,093,6.450196916177959,6.7575032044243795,6.60385006030117,2981136.0,49.40531590894326,0.29425806235689944,9.916504163682507,1589513.0,429.4702934908431,272.43755305562047,36.2995916437513,14.342781042569824,14.507693573866824,3.4,53.69750495411597,4.179631562986471,18.35926293973894,0.1832269384348148,1.7356295766244143,95.04154371491201,29.462732206112626,0.2600021724572023,14.645884731497906,6.368187186350492,8.397868504107857,8.21556878483946,3.900058027897169
2023,PO,1,C,Toscana,100,7.1788543578272925,7.453193053034355,7.3160237054308235,3601888.0,47.58211023047225,0.26033046513413105,9.876936781904906,1553409.0,71.5141020722689,46.72118742654431,0.4705680620150911,14.342781042569822,14.507693573866824,4.4,31.442565207549507,0.5467622581294422,24.879206854939785,0.08090679715692278,0.48197272340457453,68.24304642342402,34.61406725567622,0.24587313517209916,14.645884731497906,6.366470447731438,8.609457272007884,8.243472186911617,3.8624568550992335
2023,PR,1,NE,Emilia Romagna,034,6.452039899954499,6.740750741022668,6.5963953204885835,4317424.0,48.628550905757784,0.2633690663352165,9.960932981457802,2424065.0,354.50510912207153,192.68189697399148,12.673888361871736,14.342781042569822,14.507693573866822,4.0,37.91759432653917,1.554308782846727,17.523556094816115,0.1529914195050143,0.6033396898362983,97.32258257573669,27.560331764193155,0.27628558673993375,14.645884731497906,6.366470447731438,8.609457272007884,8.243472186911617,3.8842108256118086
2023,PT,1,C,Toscana,047,7.033151014749042,7.249126846342608,7.141138930545825,3101980.0,47.58211023047225,0.26033046513413105,9.825961745135732,1693584.0,99.00567974873036,64.21492748763865,1.1474157299980916,14.342781042569822,14.507693573866822,7.1,32.083821146870584,6.225600831655331,22.497666215860335,0.11968134317792367,1.0312858604908637,360.7657265282667,155.6222521643646,0.44312863119659035,14.645884731497906,6.375024819828097,8.775317975277206,8.239376290918502,3.8624568550992335
2023,PU,1,C,Marche,041,6.700317106571364,7.009162596784191,6.8547398516777776,4166121.0,47.276992635012206,0.26656745103836976,9.78058791962176,2378471.0,273.4399251918733,174.75683934928088,10.217801642532153,14.342781042569822,14.507693573866824,5.2,23.177265698945956,5.74244127429152,19.725811121361296,0.22315240005518136,1.879211056467316,173.49607638069693,32.94568997221021,0.47449576409786365,14.645884731497906,6.375024819828097,8.775317975277206,8.239376290918502,3.8560237635242935
2023,PV,1,NW,Lombardia,018,6.779287287017604,6.943987527468627,6.861637407243116,6078875.0,45.19773075166449,0.2617128099481079,9.904446404872164,3632635.0,inf,inf,438.4259199880438,14.342781042569822,14.507693573866824,4.7,21.110380130368284,0.7330966019398405,12.577848818266668,0.0362807456542063,0.24584635188984888,24.26596553527328,5.060019424005943,-0.49431590183008645,14.645884731497906,8.211754397375197,6.612563132319565,6.275584928573815,3.811046880968699
2023,PZ,1,S,Basilicata,076,6.04285596458184,6.261919265778477,6.152387615180158,3360695.0,49.371303495691514,0.302887846807549,9.56323824597261,1990094.0,268.2039492014359,291.40275307277585,-3.0215260911507174,14.342781042569822,14.507693573866826,7.199999999999999,34.07013288768852,2.309400209238933,19.07564776983569,0.10468317173025504,1.2257006756809865,71.53956789379711,9.107020556257172,-0.05776456877006995,14.645884731497908,8.211754397375197,6.612563132319565,6.275584928573815,3.8993693545086487
2023,RA,1,NE,Emilia Romagna,039,6.871884837904788,7.17813984560575,7.025012341755269,4701950.0,48.628550905757784,0.2633690663352165,9.901668270008123,2897565.0,102.32628477624482,57.96226995616887,1.0070551783473545,14.342781042569824,14.507693573866824,4.6,41.94394807308834,9.182086105618396,15.19446768272304,0.2438038080533411,0.9127094115630149,291.66175783488063,48.139757888454966,0.26421706336695105,14.645884731497905,8.211754397375197,6.612563132319565,6.275584928573815,3.8842108256118086
2023,RC,1,S,Calabria,080,6.073476337728716,6.431334580114946,6.252405458921831,5288616.0,45.33379999713015,0.22038884074598827,9.381755744960994,3600378.0,427.9265395511086,497.50861112808025,-10.426999607927666,14.342781042569822,14.507693573866822,15.9,23.08274446595197,1.952046644512636,5.769975648754127,0.011499191791267948,0.1876184848444654,30.997541100744368,4.273459403882577,-0.46644583919137456,14.645884731497906,8.211754397375197,6.612563132319565,6.275584928573815,3.8140528910693003
2023,RE,1,NE,Emilia Romagna,035,6.623861802682888,6.942645422598911,6.783253612640899,6748737.0,48.628550905757784,0.2633690663352165,10.000129954325406,3445851.0,158.91016630357166,100.48313500092715,1.2037760091448273,14.34278104256982,14.507693573866824,5.0,54.0076809528779,1.1934130679878767,12.526665672256753,0.040952983396705805,0.3970424259802702,49.52334465493455,13.315378055914996,0.014969737753458832,14.645884731497906,8.211754397375197,6.612563132319565,6.275584928573815,3.8842108256118086
2023,RG,1,I,Sicilia,088,6.3427707391330275,6.7140965528014105,6.528433645967218,3395598.0,44.196541622216394,0.23024327249487972,9.462463294827954,2243480.0,48.89805665336574,31.072454660476346,0.3654605165032331,14.34278104256982,14.507693573866824,9.5,40.28334557591598,3.0336728804433695,24.119486102703455,0.14447437199517815,1.0157377010286865,82.44536654311518,25.979225185126403,0.38247480490388835,14.645884731497906,8.211754397375197,6.612563132319565,6.275584928573815,3.7886465421811852
2023,RI,1,C,Lazio,057,6.503412839318789,6.830828412442208,6.667120625880498,1033110.0,46.020427026167695,0.24969668949351864,9.731375994745914,718377.0,633.8913976341298,498.8498622517638,59.26190936281121,14.342781042569822,14.507693573866824,8.3,18.736808663874193,1.123511885520633,6.356612648550043,0.026034360387947823,1.2796934317845046,19.79471066991611,5.462394391467875,-0.43587557021917106,14.645884731497906,8.210124405164267,6.54916584185071,6.281901693577899,3.8290853637073172
2023,RM,1,C,Lazio,058,6.894287000658074,7.272933427650368,7.083610214154222,45548646.0,46.020427026167695,0.24969668949351861,9.827800049322283,23914664.0,2574.5803054047724,1582.1772564087348,241.80489760475916,14.342781042569822,14.507693573866824,6.5,40.95717234225332,1.5173340157638897,8.042951809347016,0.050897549857886595,0.21676767993798501,47.737853697724795,21.85314567243033,-0.08191465909313936,14.645884731497908,8.210124405164267,6.54916584185071,6.281901693577899,3.8290853637073172
2023,RN,1,NE,Emilia Romagna,099,7.185839039895388,7.505943337951963,7.345891188923675,3902786.0,48.628550905757784,0.2633690663352165,9.76118298434345,2178308.0,234.88585935337878,153.6621425417706,8.341507061920334,14.342781042569822,14.507693573866824,7.4,45.62265024681253,18.304008355854805,17.617387118808637,0.4760012717951761,1.7948572218663432,449.40966459846135,90.16422725173389,0.7063199923910236,14.645884731497906,8.210124405164267,6.54916584185071,6.281901693577899,3.8842108256118086
2023,RO,1,NE,Veneto,029,6.687764974969732,6.99560142311143,6.841683199040581,2404382.0,46.74787769453359,0.2389353974443855,9.82974080080828,1433195.0,176.7130244922419,128.97685307465363,3.253402684721466,14.342781042569822,14.507693573866824,7.9,23.046273820917875,1.8420907797965687,30.691466953111856,1.3515615715129283,10.064862729615538,190.30446742678214,74.69486210745974,0.12728902732298467,14.645884731497908,8.210124405164267,6.54916584185071,6.281901693577899,3.8447688577958528
2023,SA,1,S,Campania,065,6.626066104899849,6.91850640422663,6.772286254563239,11246877.0,43.379683129132744,0.20388402733900293,9.496970247786692,6032246.0,543.8682220651518,538.0341171800669,0.6853957214973316,14.342781042569822,14.507693573866824,15.1,36.089573117962665,6.893343704987152,16.12691010383646,0.29080611383841753,2.9178221449815975,217.1275225009167,126.59157882820094,0.15411776074301298,14.645884731497906,8.210124405164267,6.54916584185071,6.281901693577899,3.769991200833847
2023,SI,1,C,Toscana,052,6.921277962385403,7.2725271524691815,7.096902557427293,2617859.0,47.58211023047225,0.26033046513413105,9.867493696521414,1608551.0,185.39068239200225,130.3163360442391,2.892981123079099,14.342781042569822,14.507693573866824,3.5,29.306501078164423,12.917397928320497,21.6208710635085,0.918649933178351,8.398040923607537,1054.101058896325,596.9905148830337,1.386144795161396,14.645884731497906,8.210124405164267,6.54916584185071,6.281901693577899,3.8624568550992335
2023,SO,1,NW,Lombardia,014,6.961884106691818,7.181469001327406,7.071676554009612,3250319.0,45.19773075166449,0.2617128099481079,9.821957584274607,3081825.0,365.61194793971663,237.87084345724656,79.98961044084628,14.342781042569822,14.507693573866824,6.3,33.16596861231694,12.640742805478952,12.998158628134783,0.22872515655952533,2.532851526565388,456.90615877949284,154.34771136486074,0.3091208792099791,14.645884731497906,8.211482916445066,6.545743702576945,6.286224647994155,3.811046880968699
2023,SP,1,NW,Liguria,011,7.129269656826673,7.494048143188349,7.311658900007512,2700410.0,48.093700444225874,0.29011321354793207,9.875442605987478,1797071.0,322.36413819389776,211.13012472965357,14.565600138837409,14.342781042569822,14.507693573866824,5.0,29.74880612435259,8.912983035307079,25.339927215248178,1.0350061342350014,7.952759631252996,1168.1505846497948,811.6191174539778,1.0165187385457342,14.645884731497906,8.211482916445066,6.545743702576945,6.286224647994155,3.87315120063916
2023,SR,1,I,Sicilia,089,6.262608273954865,6.634294074046046,6.448451174000455,4221971.0,44.196541622216394,0.23024327249487972,9.56435848166403,2644421.0,80.88283753558697,71.55197906489104,0.5628167571156842,14.342781042569822,14.507693573866824,16.3,37.90077461817101,2.1890515643333823,10.24810018611682,0.11659625186391101,0.7335098518875649,74.27007588666491,27.146355014600115,0.048577937804837136,14.645884731497906,8.211482916445066,6.545743702576945,6.286224647994155,3.7886465421811852
2023,SS,1,I,Sardegna,112,6.5740648410647395,6.874872950902526,6.724468895983634,3742171.0,48.887141703179694,0.2709533484164478,9.634179261892863,2173842.0,513.7199291993721,427.96367576626744,26.031127797238316,14.342781042569824,14.507693573866824,9.6,27.252727966748672,16.247842941339123,15.636027151916736,0.14732928686979893,3.5769638237228083,255.5027161435989,107.07581377947504,0.05028958912385751,14.645884731497906,8.211482916445066,6.545743702576945,6.286224647994155,3.889514411047968
2023,SV,1,NW,Liguria,009,7.305062963914938,7.65570966181079,7.480386312862864,3101957.0,48.093700444225874,0.29011321354793207,9.83514040552032,2910962.0,485.1587069305611,305.2889177229433,62.62376684441354,14.342781042569824,14.507693573866824,6.1,33.535934755504094,9.52814439318158,9.535921837331186,0.12439197521439262,1.4056286074978919,505.27049842102593,147.30711674973668,0.5557667038516533,14.645884731497908,8.211482916445066,6.545743702576945,6.286224647994155,3.87315120063916
2023,TA,1,S,Puglia,073,6.4512259527579605,6.779121908361715,6.6151739305598385,6691921.0,46.38030661700991,0.2520650094958447,9.631862020275141,4042225.0,58.84455090834664,64.82945188977877,-0.11456404332251882,14.342781042569822,14.507693573866824,13.5,34.661527602205105,2.838172121549495,30.49636496057053,0.13559619055892053,1.2012140957597701,61.485362006252316,12.522549547378777,0.2841784200993271,14.645884731497906,8.211482916445066,6.545743702576945,6.286224647994155,3.836874942780305
2023,TE,1,S,Abruzzo,067,6.361624120716553,6.7424840694996835,6.552054095108119,3725279.0,45.3876794313853,0.2298086911167955,9.672464281457453,2437257.0,262.33961402748065,204.12136213117384,11.017935240107338,14.342781042569822,14.507693573866824,6.700000000000001,32.875697204438985,8.811381397626846,17.316196686196253,0.11353592090690091,3.1449637053137436,163.4747135534507,19.886516750433543,0.3103235374767507,14.645884731497906,8.212568398234145,6.624471550006021,6.302633882051317,3.815240690054266
2023,TN,1,NE,Trentino Alto Adige,022,7.429889964851817,7.576607581831091,7.503248773341455,3623729.0,44.820882636175455,0.23705212357349215,9.886678950673838,2450363.0,840.3655971834286,482.24237905045385,76.73361755811312,14.342781042569822,14.507693573866822,3.8,40.63296247955648,28.640007005437703,11.922983913518268,0.17891371256903543,7.007869517641795,1295.1026030902156,445.1246842416583,0.7277374092011537,14.645884731497906,8.212568398234145,6.624471550006021,6.302633882051317,3.802674161087746
2023,TO,1,NW,Piemonte,001,6.573737768823328,6.971487527261069,6.772612648042198,25699365.0,47.402080279373415,0.2724641834421395,9.963196829207064,15132593.0,2489.636783161828,1726.4566515910606,330.405986922377,14.34278104256982,14.507693573866826,7.0,35.95761402516627,7.444219614303145,12.54397494732666,0.04690703182467713,1.2009549758266007,186.3195952337952,67.78361882921956,-0.13517121693670167,14.645884731497906,8.212568398234145,6.624471550006021,6.302633882051317,3.858666115488486
2023,TP,1,I,Sicilia,081,6.515556845239669,6.884835274980542,6.7001960601101045,3581765.0,44.196541622216394,0.23024327249487972,9.489059888553516,2480914.0,60.56872895793157,64.6485493537664,-0.09619867622744155,14.342781042569822,14.507693573866824,12.5,44.38534788426365,8.569375040529097,16.761751150871913,0.196864711682059,3.265628336917429,322.4020029049271,98.99939001000006,0.5320297882081253,14.645884731497906,8.212568398234145,6.624471550006021,6.302633882051317,3.7886465421811852
2023,TR,1,C,Umbria,055,6.371585565175192,6.807133746367771,6.5893596557714815,2795397.0,50.05796653854121,0.30969772065672674,9.769057117459363,1651747.0,237.82280746476755,175.1245960568391,10.969596951155406,14.342781042569822,14.507693573866824,6.5,23.06410342694102,3.1852884974523494,22.308570836146906,0.3653756057442916,2.2326632383842857,176.21920482541574,48.96050415310267,0.6547409578390267,14.645884731497906,8.212568398234145,6.624471550006021,6.302633882051317,3.9131816646939996
2023,TS,1,NE,Friuli Venezia Giulia,032,7.351358320126755,7.6713808248931254,7.51136957250994,4515114.0,49.40531590894326,0.29425806235689944,10.026754338702917,2834128.0,111.5386257737951,67.5830413801144,3.0731190583345285,14.342781042569822,14.507693573866824,3.3,30.92760333383296,3.548023274758816,27.23929245037339,0.6221863723786414,3.521399063410493,305.82569326760654,174.6004601279706,1.077142006417631,14.645884731497906,8.212568398234145,6.624471550006021,6.302633882051317,3.900058027897169
2023,TV,1,NE,Veneto,026,6.9584245720262246,7.130419679088464,7.044422125557345,8908110.0,46.74787769453359,0.2389353974443855,9.93628500289515,4442176.0,238.33255672092744,170.29921250735265,2.089937144242703,14.342781042569822,14.507693573866826,5.7,31.20246725106616,0.9084116245090897,42.497285721330606,0.3878291287799496,1.1095477576440185,95.7068135785488,46.923959996162935,0.47097251397448603,14.645884731497906,8.19946419761216,6.658235438318555,6.299386729971071,3.8447688577958528
2023,UD,1,NE,Friuli Venezia Giulia,030,6.45077327422345,6.806192490766659,6.628482882495054,2951709.0,49.40531590894326,0.29425806235689944,9.882494665312938,1859338.0,676.5500152637227,437.0745568131134,57.78127289073109,14.34278104256982,14.507693573866824,5.4,29.408035132462608,6.684888410645472,25.104313684732695,0.5566079494778319,8.433915126149609,324.6151720661931,145.55495006479453,0.466320085055314,14.645884731497906,8.19946419761216,6.658235438318555,6.299386729971071,3.900058027897169
2023,VA,1,NW,Lombardia,012,6.933572783456621,7.173461644034639,7.0535172137456295,6508130.0,45.19773075166449,0.2617128099481079,9.888649438118952,3588831.0,946.0639756098354,662.1166567503776,63.40829084521497,14.342781042569822,14.507693573866824,3.6,33.0921876300975,1.5095032826061106,16.784338351829565,0.08485153584755636,0.5651032995384248,154.7620125805018,107.82447503850659,-0.1375396895363661,14.645884731497905,8.19946419761216,6.658235438318555,6.299386729971071,3.811046880968699
2023,VB,1,NW,Piemonte,103,6.732396537580796,7.070660882665547,6.901528710123171,1386978.0,47.402080279373415,0.2724641834421395,9.721972066935885,1131891.0,518.186904607657,325.9325273061107,75.35101043562624,14.342781042569822,14.507693573866824,5.5,28.945231000011432,12.058962349429788,15.861267313825289,0.169083539945961,3.981930027033033,610.385285599512,364.95048137639543,0.5124522430838254,14.645884731497906,8.19946419761216,6.658235438318555,6.299386729971071,3.858666115488486
2023,VC,1,NW,Piemonte,002,6.444250138808692,6.829085471350666,6.6366678050796795,1059945.0,47.402080279373415,0.2724641834421395,9.872975427796655,715557.0,1171.3308976057613,807.5469239259633,282.5347958392508,14.342781042569822,14.507693573866824,6.6,18.34399215564223,2.817142711079781,14.415303385813747,0.052934418150969095,3.245698980992923,210.3524233941497,56.52139825717526,-0.3593959604450901,14.645884731497905,8.19946419761216,6.658235438318555,6.299386729971071,3.858666115488486
2023,VE,1,NE,Veneto,027,6.977498726455515,7.236358677090101,7.106928701772809,11333474.0,46.74787769453359,0.2389353974443855,9.917122391173372,6770881.0,169.3051892203316,117.60616093573431,0.9619897211849193,14.342781042569822,14.507693573866824,4.4,35.42197177115718,9.625644100068778,36.050917848799116,2.3521912834732803,19.862823721242098,751.4332302091932,520.6591753135493,0.6833211498339938,14.645884731497906,8.19946419761216,6.658235438318555,6.299386729971071,3.8447688577958528
2023,VI,1,NE,Veneto,024,6.950516093961381,7.1661976217328425,7.058356857847111,10782140.0,46.74787769453359,0.2389353974443855,9.944546103497816,5732367.0,457.38935140084214,315.5058879777198,30.97975345435839,14.342781042569822,14.507693573866824,3.6,34.64806459395023,1.9053127406618988,35.49432977919647,0.3950700012676175,2.9145304249036674,85.08871447893766,21.95383240388438,0.27689266819400693,14.645884731497906,8.197538739721184,6.566087359388247,6.297818125580515,3.8447688577958528
2023,VR,1,NE,Veneto,023,6.928875612835247,7.270790866517401,7.0998332396763235,7676149.0,46.74787769453359,0.23893539744438547,9.858498334573845,4157531.0,437.9638368287355,274.05665686832083,15.394565362069866,14.342781042569822,14.507693573866824,3.0,32.219353578308564,12.481418037120394,33.543079119432825,1.9873009769206131,11.093846245028821,1017.5406096628761,742.2402039711762,0.8277053646491732,14.645884731497906,8.197538739721184,6.566087359388247,6.297818125580515,3.8447688577958528
2023,VS,1,I,Sardegna,117,6.17221208681678,6.457829530404693,6.315020808610736,327720.0,48.887141703179694,0.2709533484164478,9.545537007652667,193062.0,621.3658177337134,496.83527787247215,41.11204542939299,14.342781042569822,14.507693573866824,11.4,22.977399287178553,1.2213417683518202,11.7873279939051,0.0388638584675534,0.2592300393812024,56.001127565315265,16.34836917327786,-0.3142704887201523,14.645884731497906,8.197538739721184,6.566087359388247,6.297818125580515,3.889514411047968
2023,VT,1,C,Lazio,056,6.789564883068584,7.120237766143768,6.954901324606176,3190632.0,46.020427026167695,0.24969668949351864,9.705724429367555,2022630.0,267.8537069287056,193.5290885396395,6.513647070787272,14.342781042569822,14.507693573866824,9.7,18.07205266140991,1.6020290845687368,5.105015275292079,0.055312578130289856,0.3943558741282604,88.8888771255226,23.25160732413922,-0.11170620155953973,14.645884731497908,8.197538739721184,6.566087359388247,6.297818125580515,3.8290853637073172
2023,VV,1,S,Calabria,102,6.090217284679766,6.385036941103183,6.237627112891475,1006506.0,45.33379999713015,0.22038884074598827,9.402863396693226,753768.0,107.3572019932851,115.86966670357356,-0.6746924224095225,14.342781042569822,14.507693573866824,14.0,35.34082638774528,23.52348194305358,5.804406011377626,0.17839318541028668,2.9771743904669514,398.61864342717786,116.50974085991312,0.026879158525922223,14.645884731497906,8.197538739721184,6.566087359388247,6.297818125580515,3.8140528910693003
2024,AG,1,I,Sicilia,084,5.913661952278471,6.303729484560574,6.108695718419522,3551645.0,44.61438488891594,0.24075714711733945,9.490042372369496,2811921.0,113.40763822838022,128.76774197410955,-0.7392637848816802,14.352490699316045,14.577531396238825,15.7,28.07985165866689,1.7769765219802804,21.871436821594305,0.12761117604229474,1.6615319894909144,79.38405086939373,34.13566542543033,-0.03565943748547476,14.657415865352215,8.197538739721184,6.566087359388247,6.297818125580515,3.798056338165644
2024,AL,1,NW,Piemonte,006,6.395842554307278,6.655403016956382,6.52562278563183,2390310.0,47.94899349206493,0.2893425599259938,9.94486179176053,1586480.0,1965.3756616428575,1171.9928465179428,352.6559187812349,14.352490699316043,14.577531396238825,5.0,20.796583855151475,1.3654896297159782,14.662745706487941,0.08947999699208861,1.2028483390371263,64.29252718372166,32.41717792623359,-0.1920171059406629,14.657415865352215,8.187855443695623,6.756426531442319,6.3395075149198625,3.870137810328427
2024,AN,1,C,Marche,042,6.5885813293103626,6.926248077726685,6.757414703518524,6130900.0,47.41762470722174,0.26037142049121487,9.950384295792425,3444518.0,221.86610055405916,138.24285452657784,4.496245716319685,14.352490699316045,14.577531396238825,6.8,25.066103731496323,3.193819878810615,27.865948565646974,0.3383348838209195,6.9395275773994545,231.40389372892145,39.661354163074805,0.5580353880532646,14.657415865352215,8.187855443695623,6.756426531442319,6.3395075149198625,3.858993988855942
2024,AO,1,NW,Valle D'Aosta,007,7.193150734640879,7.515786177082171,7.354468455861525,1467042.0,48.22634662688879,0.42620176275270544,10.007962020843905,1421422.0,370.9821956578481,283.09200378504823,43.497057139843335,14.352490699316045,14.577531396238825,3.9,38.109618645588796,46.120653019387625,18.218027862265746,0.3628285000725093,11.690479884519686,2225.73590229478,836.5974441597959,1.2782330925330805,14.657415865352215,8.187855443695623,6.756426531442319,6.3395075149198625,3.875905482235808
2024,AP,1,C,Marche,044,6.726131089845744,7.0229725846394455,6.874551837242595,3971460.0,47.41762470722174,0.26037142049121487,9.825752649425189,2302467.0,131.6008033350165,99.94547496524228,2.6057810190677233,14.352490699316045,14.577531396238825,3.7,27.37306263722515,3.9191581848983477,21.275014106267836,0.23932110554678696,2.1597929652058476,133.7612181484391,20.604885405333803,0.4933067523161379,14.657415865352215,8.187855443695623,6.756426531442319,6.3395075149198625,3.858993988855942
2024,AQ,1,S,Abruzzo,066,6.17709405655252,6.5556211090455285,6.366357582799025,2884071.0,47.48946693579489,0.2535656985062716,9.74534331766749,2452802.0,1039.2826698032873,763.0927902143001,133.28169788632178,14.352490699316045,14.577531396238825,6.1,28.481771000296543,9.089601892016224,23.192018443309674,0.16877860067924688,3.95724019308739,355.00995636803657,42.692922459796876,0.22327888302343799,14.657415865352215,8.187855443695623,6.756426531442319,6.3395075149198625,3.8605079377306053
2024,AR,1,C,Toscana,051,6.924862711431105,7.214333925930606,7.069598318680855,4218165.0,47.531672746003,0.2757701675806967,9.937936362986877,2292301.0,169.72998168629826,115.10857953883426,4.904684903516408,14.352490699316045,14.577531396238825,4.2,24.866709345506095,3.0865144298264213,21.73445229307888,0.3326075902024791,2.421703948517385,189.44446766393617,82.31511248383832,0.7494212865761019,14.657415865352215,8.187855443695623,6.756426531442319,6.3395075149198625,3.861396283484509
2024,AT,1,NW,Piemonte,005,6.097450325045836,6.463618676843707,6.280534500944771,2044492.0,47.94899349206493,0.2893425599259938,9.874637974268357,1261336.0,969.764716191797,694.5662891811166,114.74820713368594,14.352490699316045,14.577531396238825,6.4,12.292734860843382,1.0459270960141176,18.83475176083759,0.1426253836818814,1.0738777061351927,97.39317183838367,47.25451581760589,-0.013500506344755962,14.657415865352215,8.186185994226083,6.578279678633509,6.365277995952672,3.870137810328427
2024,AV,1,S,Campania,064,6.3110170989681516,6.4976533830608165,6.4043352410144845,8935998.0,44.173334617232044,0.21723264678043241,9.632110875395686,5380232.0,328.13111490288037,304.6655064159819,2.540582884461102,14.352490699316045,14.577531396238825,8.7,25.904850025147674,1.001190866734824,15.171085762093679,0.04402158324381853,0.31625019130320264,19.93299383936939,2.428990538757026,-0.38275179254105207,14.657415865352215,8.186185994226083,6.578279678633509,6.365277995952672,3.7881213178286024
2024,BA,1,S,Puglia,072,6.888762269760419,7.186414933129756,7.037588601445088,13227777.0,45.77932370301236,0.2504442642718165,9.729926334542638,6948065.0,66.85415990779178,61.70476501358693,0.08242576253311824,14.352490699316046,14.577531396238825,6.6,30.125753114531044,1.7139167899899939,33.97083214816874,0.3735623724367322,1.7525746658047279,145.66392769389606,74.68575335824261,0.4248759302295876,14.657415865352215,8.186185994226083,6.578279678633509,6.365277995952672,3.823832541654541
2024,BG,1,NW,Lombardia,016,6.890355133871628,7.102603340799668,6.996479237335649,9899995.0,45.67643207443132,0.2400482100673808,10.014579091566306,5436781.0,1293.2965427293398,743.7008269974513,212.24259345346994,14.352490699316045,14.577531396238825,1.6000000000000003,34.00976487030735,2.4645371552759268,22.598267216356003,0.1190345678037179,1.1549387189266258,128.2594180010238,45.202852760819326,-0.060872899119289725,14.657415865352217,8.186185994226083,6.578279678633509,6.365277995952672,3.821582455345219
2024,BI,1,NW,Piemonte,096,5.904791911176713,6.245249993583965,6.075020952380339,1120049.0,47.94899349206493,0.2893425599259938,9.966150434278957,778954.0,482.84280496930904,327.7976998217862,56.96878413181299,14.352490699316045,14.577531396238825,3.3,10.475808956880403,1.0175312985160665,13.439957261302515,0.07862613132144422,1.1589771108726727,80.14540869837144,23.920410372079896,-0.25527971860583115,14.657415865352215,8.186185994226083,6.578279678633509,6.365277995952672,3.870137810328427
2024,BL,1,NE,Veneto,025,6.829861065577463,7.041399296426851,6.935630181002158,1889384.0,46.35053690983341,0.25861867818461204,9.978324233139759,1575410.0,296.54925564046124,203.31403355728693,17.361658181185,14.352490699316045,14.577531396238825,2.8,17.11315721298538,14.975975208089606,53.71224177381123,3.146340980827956,26.824430532493665,962.0974500805487,494.83561892721406,1.2760913118080168,14.657415865352213,8.186185994226083,6.578279678633509,6.365277995952672,3.8362328757599484
2024,BN,1,S,Campania,062,6.5089782835750505,6.759959399249016,6.634468841412034,1889700.0,44.17333461723204,0.21723264678043244,9.544303344001829,1143194.0,215.1236577361264,217.38521413796775,-0.20431886700272742,14.352490699316045,14.577531396238825,8.4,18.41653768126613,0.5403708903584049,24.618356030908938,0.12506580486881655,0.6387865756592654,11.267969594189415,1.4850383742307591,-0.2550420111373968,14.657415865352215,8.176391596633795,6.589379076503749,6.4073092617486225,3.7881213178286024
2024,BO,1,NE,Emilia Romagna,037,7.123175698080165,7.382893762485141,7.2530347302826526,18558746.0,46.00157687813727,0.23826106385056636,10.083955606938426,10360984.0,342.0963326955273,207.01006723426235,3.7915270203864293,14.352490699316045,14.577531396238827,4.5,43.71541185725691,2.349435992175227,18.111883607196262,0.15776874762171977,0.5217012597313337,129.36420072113233,43.506701899962415,0.41742567292107163,14.657415865352215,8.176391596633795,6.589379076503749,6.4073092617486225,3.8286756758610565
2024,BR,1,S,Puglia,074,6.682999803677751,6.898053572401162,6.790526688039456,2546900.0,45.77932370301236,0.2504442642718165,9.65638701864372,1658298.0,27.946865765812454,29.67067954058411,-0.01634817843493764,14.352490699316045,14.577531396238827,10.5,31.84451920387451,4.2922343509423255,31.988604586145303,0.24672739563737897,1.888451818741075,189.09009800879508,78.91916215500858,0.5711026036926404,14.657415865352215,8.176391596633795,6.589379076503749,6.4073092617486225,3.823832541654541
2024,BS,1,NW,Lombardia,017,7.031816506929965,7.283107108601504,7.157461807765735,10591831.0,45.67643207443132,0.2400482100673808,9.98769939526476,5986704.0,834.6265798743719,506.3941256004998,48.89555960021894,14.352490699316045,14.577531396238825,2.8,28.031211957508255,7.915199363104644,19.54806496184594,0.2784402219098302,4.341403863861031,500.3440660359063,331.19872093728117,0.15451489058210233,14.657415865352213,8.176391596633795,6.589379076503749,6.4073092617486225,3.821582455345219
2024,BT,1,S,Puglia,110,6.807291984725789,7.090307046799341,6.948799515762565,4410905.0,45.77932370301236,0.2504442642718165,9.587497935196996,2231908.0,44.440622785292,41.7128955521767,0.028502059781622784,14.352490699316046,14.577531396238825,16.0,31.398257254414382,0.5723957798986166,36.4363266533332,0.14354623582396575,0.6638741340653187,46.28202686790357,13.789667021016708,0.28352358466598804,14.657415865352215,8.176391596633795,6.589379076503749,6.4073092617486225,3.823832541654541
2024,BZ,1,NE,Trentino Alto Adige,021,7.684357728390096,7.915273809977089,7.799815769183593,6948148.0,44.32471272756557,0.2299810246679317,10.028825400301718,3771561.0,441.8368606286182,313.5242511658074,15.422422859231316,14.352490699316045,14.577531396238827,2.0,62.27059950730302,49.09296365708663,12.340574774788267,1.729526014337417,9.583087849019016,2359.726622007691,1622.927603816001,1.7368705907036135,14.657415865352213,8.176391596633795,6.589379076503749,6.4073092617486225,3.7915423708916793
2024,CA,1,I,Sardegna,118,6.728954979982533,7.017694403998609,6.873324691990572,3975299.0,50.46281270809302,0.294928625230608,9.7430504373631,2138024.0,205.3290410544689,184.90994102883624,1.8751043084176329,14.352490699316045,14.577531396238825,8.8,33.241386837232604,8.976187535047634,19.742011149080707,0.15596353274292798,2.2327517008084374,221.6407060279869,99.0284264849456,0.09320817564504467,14.657415865352215,8.159660737063376,6.815747876983865,6.450166711447971,3.9212366830009393
2024,CB,1,S,Molise,070,5.971084258036376,6.37105801589805,6.171071136967212,1973925.0,52.855379259216186,0.3577559890684963,9.568998213663965,1338167.0,489.37562247949893,381.50605207241193,32.94074986951262,14.352490699316045,14.577531396238824,8.4,21.15691014781521,1.9356180475421587,14.49350654025949,0.042860336642997786,0.36846069332127734,38.88582176571229,2.536056195933986,-0.3513877201576361,14.657415865352215,8.159660737063376,6.815747876983865,6.450166711447971,3.96755949066014
2024,CE,1,S,Campania,061,6.318300397390707,6.691206702117643,6.5047535497541755,4912621.0,44.173334617232044,0.21723264678043241,9.666263071553946,2558569.0,501.25009237855744,448.119075411939,5.183062534257302,14.352490699316045,14.577531396238825,9.9,32.172367240874856,0.8251181977861033,10.162244843251825,0.03012305800651162,0.18660911212844672,33.55954544358571,5.9879113671985555,-0.42959914085156964,14.657415865352215,8.159660737063376,6.815747876983865,6.450166711447971,3.7881213178286024
2024,CH,1,S,Abruzzo,069,6.212446627737502,6.608753118184626,6.410599872961065,3859674.0,47.48946693579488,0.2535656985062716,9.703111305493543,2496996.0,1039.3651563544697,808.6189631515765,124.89172819008047,14.352490699316045,14.577531396238825,5.8,22.067329203441314,3.3034507429325877,17.333441258055903,0.09408777121964883,0.9552635928185621,71.11711413606336,8.658143872494158,-0.024974320806016043,14.657415865352215,8.159660737063376,6.815747876983865,6.450166711447971,3.860507937730605
2024,CI,1,I,Sardegna,119,6.599094712278923,6.892612065129113,6.745853388704018,654238.0,50.46281270809302,0.294928625230608,9.683085430843756,441753.0,215.37950463972808,187.27124954808326,1.7178399527116803,14.352490699316043,14.577531396238824,8.1,35.91479736591048,3.975191182815718,19.02261607074668,0.21397898819475392,1.9178838512788163,146.62292780227753,53.59203201535825,0.3816027407718753,14.657415865352215,8.159660737063376,6.815747876983865,6.450166711447971,3.9212366830009393
2024,CL,1,I,Sicilia,085,5.829603179358463,6.19689871149196,6.013250945425211,2144996.0,44.61438488891594,0.24075714711733945,9.514046619187935,1586140.0,81.31199987212032,121.9523809069373,-3.426614824290495,14.352490699316045,14.577531396238824,13.9,20.59213190897857,1.65159795744438,11.979638091138249,0.015458099141847764,0.1654448673750461,34.2026746963849,7.312350160652847,-0.3585245311692476,14.657415865352217,8.159660737063376,6.815747876983865,6.450166711447971,3.798056338165644
2024,CN,1,NW,Piemonte,004,6.599633155543722,6.985375255936433,6.7925042057400775,6125150.0,47.94899349206493,0.2893425599259938,9.894988824657295,4255645.0,2707.6544505891793,1657.6643582892627,895.1429627110574,14.352490699316045,14.577531396238827,2.7,23.547766709570826,6.064641943894562,21.084344905208418,0.24419338956906847,4.31005640425137,319.4640732653087,127.2331535883161,0.2799871746912277,14.657415865352215,8.15162164696975,6.998063981978579,6.462660515983928,3.870137810328427
2024,CO,1,NW,Lombardia,013,7.0386859649944356,7.344016811337427,7.191351388165931,5172058.0,45.67643207443132,0.2400482100673808,9.943493918168326,2918862.0,937.8225967068229,678.3339224878125,63.787213955211435,14.352490699316045,14.577531396238827,5.4,31.151294990128623,4.165593047169213,28.415965835801494,0.4103551325200859,3.151823924404193,324.661239455652,278.0517976194582,0.23501917726120153,14.657415865352215,8.15162164696975,6.998063981978579,6.462660515983928,3.821582455345219
2024,CR,1,NW,Lombardia,019,6.298533020397333,6.655345299258459,6.4769391598278965,3117831.0,45.67643207443132,0.2400482100673808,10.008079142651402,1718050.0,663.0196570904917,404.8324664114698,38.26812681606302,14.352490699316045,14.577531396238825,2.0,20.241322223285202,0.6081769537272698,13.317630091492799,0.04383456123725339,0.1740238806833587,18.070936858610658,6.54968657867536,-0.5103216295532972,14.657415865352215,8.15162164696975,6.998063981978579,6.462660515983928,3.821582455345219
2024,CS,1,S,Calabria,078,6.0808954362758145,6.401091416975977,6.240993426625896,4622886.0,45.36676449447268,0.250336525758639,9.483366034076838,3340394.0,634.5386120889382,553.4044035210511,11.316383703197229,14.352490699316045,14.577531396238825,13.599999999999998,26.548297231568046,6.2640456603571355,12.119729955104434,0.055377093743385376,1.2356125869575765,76.74677460956933,8.093397888600862,-0.130641190927653,14.657415865352215,8.15162164696975,6.998063981978579,6.462660515983928,3.814779777367721
2024,CT,1,I,Sicilia,087,6.168004581311856,6.547799348157742,6.3579019647348,11631617.0,44.61438488891594,0.24075714711733945,9.633140126928884,6641073.0,136.30373466447926,145.6210949447166,-0.2732337411286939,14.352490699316045,14.577531396238825,12.5,27.766934361711897,1.067792653237861,10.539088621607048,0.02711891848900801,0.2410034785036636,78.14511308303716,38.03761996035849,-0.0675931344460294,14.657415865352215,8.15162164696975,6.998063981978579,6.462660515983928,3.798056338165644
2024,CZ,1,S,Calabria,079,6.345474638925741,6.563432379484028,6.4544535092048845,3815380.0,45.36676449447268,0.250336525758639,9.511615703758695,2614157.0,279.8528779582753,266.66052826006353,1.5304534100211389,14.352490699316045,14.577531396238825,15.7,36.99960453875939,6.955682402199954,6.457162839032937,0.034345595628129215,0.6596979826291651,89.42355556698834,9.778524008269667,-0.16952216449844346,14.657415865352215,8.15162164696975,6.998063981978579,6.462660515983928,3.814779777367721
2024,EN,1,I,Sicilia,086,6.067511548822291,6.429280337546607,6.248395943184449,1437676.0,44.61438488891594,0.24075714711733945,9.558015240612924,1169811.0,40.926638991300415,47.29684252862425,-0.2549349235014009,14.352490699316046,14.577531396238825,10.5,12.967722407609493,0.3379963919040996,10.146078798393235,0.025518289438423682,0.14722820035810646,27.96025652046026,10.321708156879126,-0.2633215963632981,14.657415865352217,6.717804695023691,8.106408633210577,7.769012328631797,3.798056338165644
2024,FC,1,NE,Emilia Romagna,040,7.074103160913478,7.311333724602804,7.1927184427581405,5386872.0,46.00157687813727,0.2382610638505664,9.920885287117974,2829488.0,181.23725098775395,101.8817550366114,5.089516169505277,14.352490699316045,14.577531396238825,3.4,34.95955398998991,9.921809199370848,13.873550506740044,0.39776222972414854,1.4046116541757283,352.11158172534215,52.42066282249658,0.4587178474264935,14.657415865352215,6.717804695023691,8.106408633210577,7.769012328631797,3.8286756758610565
2024,FE,1,NE,Emilia Romagna,038,6.534370399172468,6.859493059869821,6.696931729521144,4670278.0,46.00157687813727,0.2382610638505664,9.907505276637881,3095941.0,104.17365204924415,62.321498150739615,0.9188371621149056,14.352490699316045,14.577531396238825,4.9,32.7240640241019,1.42711191570575,25.28466645013906,0.43423180954641544,3.5803852436728447,125.93596269462032,40.76513948344153,0.15923213916694495,14.657415865352215,6.717804695023691,8.106408633210577,7.769012328631797,3.8286756758610565
2024,FG,1,S,Puglia,071,6.45560579798628,6.789531675064868,6.622568736525573,3252102.0,45.77932370301236,0.2504442642718165,9.509051057492456,1904569.0,223.26380354594937,247.073069741445,-3.717940563619557,14.352490699316045,14.577531396238825,5.6,22.675324544924454,13.112679964796161,32.02758877226005,0.32017269813294724,7.326539390566542,374.5727509575047,74.53265873534738,0.45267685710030703,14.657415865352215,6.694562058521095,8.06457685416102,7.796969977770563,3.823832541654541
2024,FI,1,C,Toscana,048,7.258551565373623,7.615509994131826,7.4370307797527255,10895513.0,47.531672746003,0.2757701675806967,10.001085686623455,5767687.0,215.1526791458081,135.1255418602355,2.8100328980055105,14.352490699316045,14.577531396238825,2.7,28.080676946167923,2.4012738451495723,26.530061676426097,0.45440183283282054,3.378596380652168,285.4410132158215,183.48798854692396,0.839113420649982,14.657415865352215,6.694562058521095,8.06457685416102,7.796969977770563,3.861396283484509
2024,FM,1,C,Marche,109,6.697728721204024,6.985661206172656,6.841694963688341,3302572.0,47.41762470722174,0.26037142049121487,9.803779098116534,1870032.0,179.63195398288497,136.4231866734883,4.593178365777006,14.352490699316045,14.577531396238825,3.8,14.771105600297084,1.1189512292941235,24.80750242374443,0.2948120402431795,1.9690941433984717,111.37100522223918,17.81739353601771,0.45480140506105954,14.657415865352215,6.694562058521095,8.06457685416102,7.796969977770563,3.858993988855942
2024,FR,1,C,Lazio,060,6.2433262242321845,6.5697355657952485,6.4065308950137165,4536636.0,46.764860828854154,0.24908675365456814,9.809049773473957,2527493.0,210.09072908041568,207.08236083728485,0.3570026772796699,14.352490699316045,14.577531396238825,6.2,36.596723907773196,4.1749339107342305,14.268737126882126,0.06240759598696115,0.2949292259220095,88.07250523203014,29.40584193711705,-0.08194053593555706,14.657415865352215,6.688354713946762,8.068722440776906,7.808870090260603,3.845132083914036
2024,GE,1,NW,Liguria,010,6.926682608401451,7.307056939297814,7.116869773849633,9948684.0,48.53274233879738,0.2597565985781445,9.968255500055918,6407784.0,2098.8694232387843,1129.9223296196994,702.3477262978271,14.352490699316045,14.577531396238825,5.3,33.058238654651575,5.321412452595777,13.150035306090992,0.10862729036456603,0.794042602467624,258.5974780194457,151.1833220602469,0.23415684001339698,14.657415865352215,6.688354713946762,8.068722440776906,7.808870090260603,3.882238669935116
2024,GO,1,NE,Friuli Venezia Giulia,031,6.589288346479227,6.783969353475329,6.686628849977279,1645826.0,48.13453421087504,0.2773285039091833,10.003378994712005,1036593.0,166.980248308477,111.38501853376415,6.771472532623044,14.352490699316045,14.577531396238825,5.900000000000001,27.521052598203287,5.85848180431575,18.9587506744616,0.4693243387274039,8.311372161173495,404.61924055337204,297.4259389539102,0.4524710347875452,14.657415865352215,6.688354713946762,8.068722440776906,7.808870090260603,3.873999886458794
2024,GR,1,C,Toscana,053,7.07377325729975,7.409441233749687,7.241607245524719,2613234.0,47.531672746003,0.2757701675806967,9.788378611661024,1956994.0,150.51135367321305,104.14267886931084,2.736022629732211,14.352490699316045,14.577531396238825,5.2,22.285520544748422,11.772914015729528,18.986113428238436,0.9692176171023996,10.555046419674284,721.9715150465311,224.4449760955634,1.3301081663540455,14.657415865352215,6.670766320845874,8.166226363142023,7.843991954248309,3.861396283484509
2024,IM,1,NW,Liguria,008,7.12272711363522,7.469871700876704,7.296299407255963,3106087.0,48.53274233879738,0.2597565985781445,9.73273190483267,2863192.0,775.5523442490928,500.3284761228131,90.78985796436507,14.352490699316045,14.577531396238825,5.6,20.2243655965822,5.097922946601342,11.601051501292059,0.10357690171864523,1.962221877821582,384.20591606376,202.95728336450802,0.35533028856342097,14.657415865352215,6.670766320845874,8.166226363142023,7.843991954248309,3.882238669935116
2024,IS,1,S,Molise,094,5.940915607242146,6.340613525075065,6.140764566158605,665542.0,52.855379259216186,0.3577559890684963,9.611669937717817,474592.0,236.41971671430554,206.3132628082175,10.888478316224342,14.352490699316045,14.577531396238825,6.6,23.314636878184675,1.3688103339888262,9.08328688969447,0.046417105452027256,0.34770093786684864,19.5332314612585,1.6958754827332965,-0.4182147502003843,14.657415865352215,6.670766320845874,8.166226363142023,7.843991954248309,3.96755949066014
2024,KR,1,S,Calabria,101,6.1675419881864935,6.435250882751775,6.301396435469134,1792829.0,45.36676449447268,0.250336525758639,9.429144128804024,1112059.0,58.70935259012138,66.53229931850049,-0.4599060273951142,14.352490699316045,14.577531396238825,11.2,42.16394289367963,6.991268975586406,4.024589883610545,0.019068091466463665,0.4190158062430716,72.58043842612388,7.290269217327947,-0.09328473031248327,14.657415865352215,6.688354713946762,8.16931520823081,7.810034086278566,3.814779777367721
2024,LC,1,NW,Lombardia,097,6.92238280190734,7.190629438301219,7.056506120104279,3044902.0,45.67643207443132,0.2400482100673808,10.076100690722736,1852081.0,592.1597575360698,413.45970863904614,128.00071789382315,14.352490699316045,14.577531396238825,3.1,19.171509906030572,2.16760696091781,25.729943158541673,0.4257174028139067,3.4693981625316543,220.3921132919083,181.49400943705965,0.0924969707315164,14.657415865352215,6.688354713946762,8.16931520823081,7.810034086278566,3.821582455345219
2024,LE,1,S,Puglia,075,6.270639532628282,6.543840471639322,6.407240002133801,8164792.0,45.77932370301236,0.2504442642718165,9.593270249505197,5496099.0,162.28112179025126,151.70463136584286,0.3575257281965173,14.352490699316045,14.577531396238824,10.1,21.626673628264637,6.8029537461447305,34.02732851579606,0.2765037050562213,3.826419651131029,192.08504253733506,64.08964325178623,0.4918557524162878,14.657415865352213,6.688354713946762,8.16931520823081,7.810034086278566,3.823832541654541
2024,LI,1,C,Toscana,049,7.439152930609852,7.734766602346705,7.58695976647828,3906067.0,47.531672746003,0.2757701675806967,9.89056534382789,2367215.0,171.7558954606231,114.40887044041203,6.40137755147718,14.352490699316045,14.577531396238827,4.8,29.61843967164535,27.38377857027407,19.889795687516003,0.9998461734764641,17.9068436483069,1253.7106726741126,465.2374097388791,1.4422077639195867,14.657415865352215,6.663132695990803,8.100391172671479,7.831781741688358,3.861396283484509
2024,LO,1,NW,Lombardia,098,6.797776928313167,7.060798856607208,6.929287892460188,3062495.0,45.67643207443131,0.2400482100673808,10.054569876079592,1616694.0,423.95642698140955,276.9435340533508,81.80310345682244,14.352490699316045,14.577531396238825,2.5,26.609129685909288,0.5537426351308496,8.94106069479064,0.02085779365249131,0.09203514263947023,11.723119606719747,3.7701242345490074,-0.5314716074533942,14.657415865352217,6.663132695990803,8.100391172671479,7.831781741688358,3.8215824553452187
2024,LT,1,C,Lazio,059,6.902325634075549,7.2189063062976295,7.060615970186588,9300299.0,46.764860828854154,0.24908675365456814,9.719355790776538,5144492.0,171.20997655832255,143.84650523155253,2.050041941941895,14.352490699316046,14.577531396238827,9.4,33.282482844867666,5.11810257324265,9.709528235943923,0.21783631389851285,1.656456237795722,142.8395466781758,20.616760379737205,0.3241971253066682,14.657415865352215,6.663132695990803,8.100391172671479,7.831781741688358,3.845132083914036
2024,LU,1,C,Toscana,046,6.815040843289367,7.191486764594947,7.003263803942157,4504856.0,47.531672746003,0.2757701675806967,9.898073999522394,2757995.0,270.5009186529747,162.61234477320838,10.359921154471268,14.352490699316045,14.577531396238825,4.5,35.871727383187554,6.125181137916724,24.98790241253621,0.3635971494765252,2.6488774915338857,222.6999983327824,95.21296594526503,0.7662374117954437,14.657415865352215,6.673297967767654,8.271062771270346,7.853673632162711,3.861396283484509
2024,MB,1,NW,Lombardia,108,7.273576235054158,7.517633746633922,7.395604990844039,9585582.0,45.67643207443132,0.2400482100673808,10.122475731361847,4787145.0,908.3422928399204,593.517323078275,5.830235523066026,14.352490699316045,14.577531396238827,3.3,43.93552625506865,0.6298201668627695,25.69154746739572,0.033927836726528784,0.10804339168004162,46.540616395593965,15.106922586650713,-0.19259825278376902,14.657415865352213,6.673297967767654,8.271062771270346,7.853673632162711,3.821582455345219
2024,MC,1,C,Marche,043,6.7018411770214135,7.066933229220334,6.884387203120874,2741768.0,47.41762470722174,0.26037142049121487,9.878195309258034,1531159.0,211.59586160698984,156.76909134366264,9.698581808108663,14.352490699316043,14.577531396238825,5.9,27.463672106304077,1.418342058061204,22.223400006597057,0.19002023111504512,1.539629230644496,94.9898124229569,15.69512044886211,0.4097075748790437,14.657415865352215,6.673297967767654,8.271062771270346,7.853673632162711,3.858993988855942
2024,ME,1,I,Sicilia,083,6.403725867061787,6.776095710236887,6.589910788649337,5857309.0,44.61438488891594,0.24075714711733945,9.602814660794053,4083899.0,468.6131871039705,385.4255843778587,9.99440895913795,14.352490699316045,14.577531396238825,15.9,29.433309015466026,5.9089592063568785,15.084233323983444,0.09847339157503748,1.0420751866010423,240.4577157583303,132.79064134983747,0.052606398549664105,14.657415865352215,6.650279048587422,8.114110734766326,7.900849680178155,3.798056338165644
2024,MI,1,NW,Lombardia,015,7.326893610115611,7.5636053220543005,7.445249466084956,49511877.0,45.67643207443132,0.24004821006738078,10.125054906672428,27291778.0,1041.9490751163555,680.8169461244372,11.238019330509907,14.352490699316045,14.577531396238825,4.6,51.81320982579083,1.504396084794121,17.097140959185413,0.08381278236084402,0.22281177475893965,103.6574935816403,45.180564026050256,-5.0229247539528144e-05,14.657415865352215,6.650279048587422,8.114110734766326,7.900849680178155,3.821582455345219
2024,MN,1,NW,Lombardia,020,6.337629463274471,6.6742637346165115,6.505946598945491,4996808.0,45.67643207443132,0.24004821006738083,9.979086054012315,2579871.0,257.8227492481049,163.60416319761256,4.532755327493544,14.352490699316045,14.577531396238824,3.5,26.98324568451262,0.6829497786545841,18.367363231077437,0.12958596576072515,0.5590589220777931,63.57793363183707,22.15627102222623,0.012017483891643513,14.657415865352215,6.650279048587422,8.114110734766326,7.900849680178155,3.821582455345219
2024,MO,1,NE,Emilia Romagna,036,6.793907551670785,7.155250266093205,6.9745789088819965,7645045.0,46.00157687813727,0.2382610638505664,10.034145370535871,4055378.0,337.12013547686524,211.4064652607346,7.409372376880001,14.352490699316043,14.577531396238825,4.2,51.16176377155244,4.639869937446693,14.509038550485268,0.17427390169731255,1.1087359151044125,173.79391742268325,36.64412702823923,0.48179392794539305,14.657415865352213,6.651571873589727,8.114133854647255,7.931848923063923,3.8286756758610565
2024,MS,1,C,Toscana,045,6.74047164045188,7.131441368796315,6.935956504624098,2490919.0,47.531672746003,0.2757701675806967,9.896557961082985,1681385.0,130.4372090558012,88.50381473786204,3.1014819036464822,14.352490699316046,14.577531396238825,6.2,28.91711830176001,3.1033252245591685,27.0135689339396,0.23261039185311466,2.2909973910841046,107.08727195451799,39.20548783564492,0.6762686490618205,14.657415865352213,6.651571873589727,8.114133854647255,7.931848923063923,3.861396283484509
2024,MT,1,S,Basilicata,077,6.153220985976403,6.488398375413175,6.320809680694789,2119513.0,49.24296632709095,0.2856070836028508,9.58707489850943,1299201.0,171.4872548647433,164.65551859873423,1.0187994191109704,14.352490699316045,14.577531396238825,7.1,35.545692567389786,5.152204439655649,17.358413763842336,0.13176455517783112,0.8140750714492699,158.86897743466753,28.330575151250027,0.09334762427425772,14.657415865352215,6.651571873589727,8.114133854647255,7.931848923063923,3.896766541725381
2024,NAP,1,S,Campania,063,6.979458432391585,7.404311483017418,7.191884957704502,32983947.0,44.173334617232044,0.21723264678043241,9.711495742349404,15333266.0,208.1821489832546,266.0573590287598,-1.0643777558968543,14.352490699316045,14.577531396238825,20.0,55.7613036521791,5.447305500980101,8.895438686556284,0.22565649203785754,1.0319676697279265,230.8029287011633,147.25759929877265,0.0059866713476896,14.657415865352215,6.635946555686647,8.339631170460908,7.973671053366272,3.7881213178286024
2024,NO,1,NW,Piemonte,003,6.697621550064405,7.0886917032606505,6.8931566266625275,3423783.0,47.94899349206492,0.28934255992599384,10.034774461953065,1981320.0,508.4309276788262,313.01281864086434,22.19559617343571,14.352490699316045,14.577531396238825,5.599999999999999,37.44180463766568,4.081447764293123,17.07091717310639,0.10220801122009802,0.9496329393286277,327.60903454476755,210.80288427682783,0.10246945699343168,14.657415865352213,6.635946555686647,8.339631170460908,7.973671053366272,3.870137810328427
2024,NU,1,I,Sardegna,114,6.56706986708337,6.817410196218109,6.692240031650739,1184284.0,50.462812708093026,0.294928625230608,9.623261848636899,754931.0,197.63203778610855,201.97126416464585,-0.7872227158040016,14.352490699316045,14.577531396238825,9.3,29.203391988325105,6.5155911667533895,17.508808739853826,0.21818183991667783,1.6514986085753178,197.49737742671203,101.43547978262599,0.18944813814055037,14.657415865352213,6.635946555686647,8.339631170460908,7.973671053366272,3.9212366830009393
2024,OG,1,I,Sardegna,116,6.67691244756665,6.917636457856799,6.797274452711725,281166.0,50.46281270809302,0.294928625230608,9.705342433392836,207494.0,141.789152731814,144.90228782173403,-0.28665834689341047,14.352490699316045,14.577531396238825,9.3,31.74024895474219,6.472999387060802,11.226759163099397,0.2296648236222728,1.8192021732196364,331.8511137230011,192.2806699461453,0.5906587202655619,14.657415865352215,6.645090969505644,8.504896015124329,7.968988352342984,3.9212366830009393
2024,OR,1,I,Sardegna,115,6.033686008362846,6.392352799451188,6.213019403907016,947060.0,50.46281270809302,0.294928625230608,9.626552385910635,607181.0,352.98768410539543,338.84510777174734,6.2479760435686105,14.352490699316045,14.577531396238825,8.8,13.343513864908742,2.176714305149461,15.241267628048538,0.1823438963919974,1.5124037290413819,144.96702473850902,75.11073738942243,-0.05757992303162806,14.657415865352215,6.645090969505644,8.504896015124329,7.968988352342984,3.9212366830009393
2024,OT,1,I,Sardegna,113,7.1661279847961135,7.5013062858711805,7.333717135333647,1391944.0,50.46281270809302,0.294928625230608,9.709050224774682,1193013.0,179.60626258370215,137.10289066578414,2.3830849468170467,14.352490699316045,14.577531396238825,9.3,45.32614300979088,43.38585313685819,25.63322503748935,0.5540618338513625,25.622699822355294,1117.555661851426,691.3553698683537,1.3889754288565475,14.657415865352215,6.645090969505644,8.504896015124329,7.968988352342984,3.9212366830009393
2024,PA,1,I,Sicilia,082,6.104023669961393,6.449308167449478,6.276665918705436,12736823.0,44.61438488891594,0.24075714711733945,9.570540611378437,7462386.0,348.10767915460406,392.61384155602445,-3.530809647593685,14.352490699316045,14.577531396238825,14.3,27.42211757976021,2.6287225322182377,13.893993749124773,0.05393531252558687,0.5023189862479819,113.25265396061569,49.71242337936662,-0.16328299293558787,14.657415865352215,7.738923757439457,7.085051521220505,6.747870324659783,3.798056338165644
2024,PC,1,NE,Emilia Romagna,033,6.553501647112082,6.904198583631199,6.72885011537164,3970479.0,46.00157687813727,0.23826106385056642,9.98849092185773,2372660.0,521.2863047180803,283.1117471942797,145.48679878430679,14.352490699316045,14.577531396238824,5.3,37.1800525391767,2.6089092306638397,12.815728134165147,0.07849126986762768,0.6753500357070519,77.70248049740367,18.96081259522664,0.10028260391435738,14.657415865352217,7.738923757439457,7.085051521220505,6.747870324659783,3.8286756758610565
2024,PD,1,NE,Veneto,028,6.906772286298464,7.115023935203788,7.010898110751126,9521002.0,46.35053690983341,0.25861867818461204,10.008389789551526,4867575.0,285.2234470735681,196.22502140130828,3.3968250809864236,14.352490699316045,14.577531396238825,2.6,33.11172625519957,2.6984041040006517,39.12084870800613,0.3040936867702961,0.8692494351140738,168.04525961730582,53.713813475176465,0.2990904414694704,14.657415865352215,7.738923757439457,7.085051521220505,6.747870324659783,3.8362328757599484
2024,PE,1,S,Abruzzo,068,6.288145498919839,6.686853307847256,6.4874994033835485,4568268.0,47.48946693579489,0.2535656985062716,9.72790982350473,2497227.0,415.4012436608333,338.3377900144697,16.910828514744203,14.352490699316046,14.577531396238825,7.4,23.28691219064925,2.528143673745065,15.686220575327553,0.08593354031521866,0.8503146387909221,81.39345161401775,14.076158326294578,-0.02452375287285115,14.657415865352213,7.720461694599722,7.03844592278804,6.771011834499694,3.8605079377306053
2024,PG,1,C,Umbria,054,6.3392300378627775,6.664420436928376,6.501825237395576,6853683.0,49.19045520392317,0.3049818040997169,9.843895827962337,3847230.0,236.93195803774563,166.90594603444913,4.033169222508049,14.352490699316045,14.577531396238825,4.7,22.490479744334547,3.4044595328593004,21.701322678750095,0.6020938343535136,3.4310760972138548,318.59472921233186,109.10549693306183,0.9001685055505049,14.657415865352215,7.720461694599722,7.03844592278804,6.771011834499694,3.895699604757583
2024,PI,1,C,Toscana,050,6.981453697034644,7.27733443359528,7.129394065314962,3630461.0,47.531672746003,0.2757701675806967,9.959018187956945,1969299.0,211.7901670218862,138.40554257318774,4.681038938790654,14.352490699316046,14.577531396238825,4.7,26.92456796383976,2.86203046106237,27.302150239877577,0.41049517295851995,4.6226336178843335,264.4889424477089,156.24175228012686,0.7288132583598804,14.657415865352217,7.720461694599722,7.03844592278804,6.771011834499694,3.861396283484509
2024,PN,1,NE,Friuli Venezia Giulia,093,6.446244779838281,6.7551462213323274,6.600695500585305,3050984.0,48.13453421087504,0.2773285039091833,9.981943309591104,1624814.0,414.5222329406889,265.3445062759501,33.300960595641456,14.352490699316045,14.577531396238825,1.8,49.18754352198071,4.019597283732996,23.13510918795262,0.23767622788233045,2.184914681336409,104.93291083743179,33.80028283218745,0.3696671667427625,14.657415865352215,7.70796153183549,7.048874384996401,6.789186822604084,3.873999886458794
2024,PO,1,C,Toscana,100,7.172566160293902,7.4416815558950615,7.307123858094482,3612456.0,47.531672746003,0.2757701675806967,9.941851020737209,1553409.0,69.05968678325016,45.24249193095755,0.4491798191413287,14.352490699316043,14.577531396238827,2.5,31.772586499903213,0.5594188652376835,25.565271052401034,0.09341242721733488,0.5237161900932267,71.71715059976907,40.09468005372979,0.2716667656307457,14.657415865352215,7.70796153183549,7.048874384996401,6.789186822604084,3.861396283484509
2024,PR,1,NE,Emilia Romagna,034,6.4917967111266375,6.781435263390128,6.636615987258382,4722068.0,46.00157687813727,0.2382610638505664,10.030935531849831,2633268.0,346.28871099383866,194.9975265790548,11.965826541236028,14.352490699316045,14.577531396238827,4.5,38.317702641247784,1.6429899139051438,18.787235946741916,0.16951949993060525,0.7565977933561544,97.06692236990291,27.89244267296904,0.33127887537988066,14.657415865352217,7.70796153183549,7.048874384996401,6.789186822604084,3.8286756758610565
2024,PT,1,C,Toscana,047,7.013527151570107,7.246323207972805,7.1299251797714565,3741193.0,47.531672746003,0.2757701675806967,9.894991334584613,2039322.0,97.45519041047586,64.235972606905,1.0830983079927827,14.352490699316045,14.577531396238825,6.5,33.113737201431064,6.093242246068748,20.503216512265364,0.14084410402858474,1.1883603655181703,349.0085769493576,165.51318999936603,0.48133910515704703,14.657415865352215,7.697575346802343,7.139112778023573,6.817072071220207,3.861396283484509
2024,PU,1,C,Marche,041,6.708737351696341,7.014108152629153,6.861422752162747,4171267.0,47.41762470722174,0.26037142049121487,9.850857018194281,2380427.0,293.5393260496445,173.140417936174,12.610485239208835,14.352490699316045,14.577531396238825,3.7,22.134276638770444,5.702725215673071,20.237310549644317,0.27309896171808945,2.062414071861623,177.75841117729527,36.127983623586516,0.5326260709847542,14.657415865352215,7.697575346802343,7.139112778023573,6.817072071220207,3.858993988855942
2024,PV,1,NW,Lombardia,018,6.784788858591539,6.9479187986966515,6.866353828644096,6129586.0,45.67643207443132,0.2400482100673808,9.975984063057307,3645576.0,inf,inf,545.3772179415404,14.352490699316045,14.577531396238825,3.5,19.974334591896415,0.8616961081733409,14.613665987091219,0.051210908308265524,0.3507674840365847,35.775640161542825,8.76424238175028,-0.41204656562892716,14.657415865352215,7.697575346802343,7.139112778023573,6.817072071220207,3.821582455345219
2024,PZ,1,S,Basilicata,076,6.04858883157935,6.268306341505817,6.158447586542584,3460107.0,49.24296632709095,0.2856070836028508,9.648000541284503,2056828.0,272.8864504092625,304.1438812783843,-4.05665360906192,14.352490699316046,14.577531396238825,6.5,32.81714652009101,2.2159121121537386,18.08313782585125,0.09517562511893862,1.173916331650224,70.84030026906963,8.804874426225004,-0.055658262465919366,14.657415865352215,7.6953031349635665,7.162068241603075,6.802999951121628,3.896766541725381
2024,RA,1,NE,Emilia Romagna,039,6.8859852944143585,7.191831725829843,7.0389085101221,4888362.0,46.00157687813727,0.2382610638505664,9.974078079974541,2988081.0,96.49317722729964,57.72997586682245,0.8827413761245744,14.352490699316045,14.577531396238825,4.1,40.698180532498,9.026021620047207,19.42296824346763,0.41750611429202333,1.5842011422737319,299.8390760524318,53.45922361801338,0.3451747139332087,14.657415865352215,7.6953031349635665,7.162068241603075,6.802999951121628,3.8286756758610565
2024,RC,1,S,Calabria,080,6.070239954782289,6.427896763551457,6.249068359166873,5256705.0,45.36676449447269,0.250336525758639,9.447376149319043,3600378.0,445.28903718625173,538.0358609444537,-14.355960981750972,14.352490699316045,14.577531396238825,10.7,27.060206250116078,2.134958142026254,8.284384809321319,0.026964618574084692,0.2622477524787109,33.59637906973359,7.048621113129358,-0.3432591013278425,14.657415865352215,7.6953031349635665,7.162068241603075,6.802999951121628,3.814779777367721
2024,RE,1,NE,Emilia Romagna,035,6.634989389976166,6.962872930526151,6.7989311602511595,7740443.0,46.00157687813727,0.2382610638505664,10.064712708491196,3942369.0,155.55950468522576,95.11577898280056,1.225821289473459,14.352490699316045,14.577531396238825,3.5,52.72910194761124,1.249074453564395,14.551286175999492,0.05171370647824017,0.471700175619634,55.99428913451136,16.203715550803018,0.09586558199152935,14.657415865352215,7.6953031349635665,7.0679467181784705,6.799506359820775,3.8286756758610565
2024,RG,1,I,Sicilia,088,6.335647214897523,6.694500786954503,6.515074000926012,3409646.0,44.61438488891594,0.24075714711733945,9.53532594393163,2243480.0,52.313554596482646,33.50716281749394,0.3836474092754566,14.352490699316045,14.577531396238825,5.7,38.3685167115436,2.353182415756101,25.816293422371334,0.12104159738409621,0.8707119720985801,84.51794846705398,28.760752760675057,0.3687955923282177,14.657415865352215,7.6953031349635665,7.0679467181784705,6.799506359820775,3.798056338165644
2024,RI,1,C,Lazio,057,6.475968475955262,6.810581940855192,6.643275208405227,1181843.0,46.764860828854154,0.24908675365456817,9.807016490247669,818766.0,652.2559755138398,487.5288714501211,82.29452499673329,14.352490699316045,14.577531396238825,7.2,18.183004451773044,2.2732008549425853,10.224399911666163,0.09016236232357427,1.9113296354978409,29.676480311738075,6.871262631414809,-0.16888622486603044,14.657415865352215,7.6953031349635665,7.0679467181784705,6.799506359820775,3.845132083914036
2024,RM,1,C,Lazio,058,6.892756829099565,7.268915146330384,7.080835987714975,45513856.0,46.764860828854154,0.24908675365456814,9.894828516812057,23916628.0,2619.1627584087837,1652.0193371500673,239.42120458371778,14.352490699316045,14.577531396238825,5.9,37.560282606163156,1.8598959690162535,9.50805582137159,0.10074457409557457,0.43315936931529014,49.643678095579844,23.95424539570606,0.036914972531970604,14.657415865352215,7.6953031349635665,7.248703147271823,6.831549873992517,3.845132083914036
2024,RN,1,NE,Emilia Romagna,099,7.123724226738553,7.459812322563408,7.29176827465098,3922278.0,46.00157687813727,0.2382610638505664,9.820334437413486,2184658.0,240.00895180951196,150.69175990575172,9.286632896120695,14.352490699316045,14.577531396238827,4.7,41.948090487693904,17.72710457416656,20.342366249216223,0.5021677566520344,2.148122670600955,450.91703680292943,95.83946292085905,0.7571917509573094,14.657415865352217,7.6953031349635665,7.248703147271823,6.831549873992517,3.8286756758610565
2024,RO,1,NE,Veneto,029,6.688606161721211,6.995925977796494,6.842266069758853,2450443.0,46.35053690983341,0.25861867818461204,9.899879301502988,1460762.0,173.78397507444822,124.40738100038311,3.3416518447656514,14.352490699316045,14.577531396238825,6.4,21.981567158110515,1.836393095965891,33.43498899732984,1.3748059630520455,10.802279945909847,173.6420805412349,69.88891921831508,0.16700881655138008,14.657415865352213,7.6953031349635665,7.248703147271823,6.831549873992517,3.8362328757599484
2024,SA,1,S,Campania,065,6.652356455051775,6.939899563362556,6.796128009207165,11469242.0,44.173334617232044,0.21723264678043241,9.580089235718653,6158748.0,570.213630738791,528.2995992601667,4.96186047736833,14.352490699316045,14.577531396238825,12.4,35.08869692845994,6.926806412501794,16.866237733681583,0.3226713669219302,3.0742033185534745,223.4038813770869,134.38540199680455,0.1774592718257957,14.657415865352215,7.690743163541872,7.0733576755855,6.860226938405798,3.7881213178286024
2024,SI,1,C,Toscana,052,6.9029445313692515,7.257806202192376,7.080375366780814,2904052.0,47.53167274600299,0.2757701675806967,9.934149423056855,1788433.0,189.75926179717945,132.16246021963812,3.007379233725236,14.352490699316043,14.577531396238824,3.0,28.692954415395047,13.42634804145332,22.20926965700094,1.0638645188394538,8.913072415523423,1125.1674786184683,659.8677203233011,1.4114512440412879,14.657415865352215,7.690743163541872,7.0733576755855,6.860226938405798,3.8613962834845084
2024,SO,1,NW,Lombardia,014,6.974154971461437,7.193757188968499,7.083956080214969,3294204.0,45.67643207443132,0.2400482100673808,9.894301419967324,3118143.0,356.99961439391626,231.54511479263536,82.85915737601773,14.352490699316045,14.577531396238825,6.6,30.994226767480246,12.56774220976309,18.213843795748705,0.5338106594536489,4.812394745054915,551.5987079119344,195.16573205235434,0.47095982947216386,14.657415865352215,7.690743163541872,7.0733576755855,6.860226938405798,3.821582455345219
2024,SP,1,NW,Liguria,011,7.142130768521819,7.505959703120851,7.324045235821335,2782296.0,48.53274233879738,0.2597565985781445,9.951974864169506,1849061.0,301.29109427189354,186.17234085211334,14.976431281407061,14.352490699316045,14.577531396238825,5.2,28.850520367856227,8.64490621728055,27.543345907191277,1.109224895096884,8.330816900674808,1111.6434252825504,772.7760032955014,0.9962618232041243,14.657415865352215,7.674152921281675,7.091258146122392,6.90907983140768,3.882238669935116
2024,SR,1,I,Sicilia,089,6.249662555121132,6.6096835318373195,6.429673043479226,4212471.0,44.61438488891594,0.24075714711733942,9.641779748806803,2644421.0,78.62758069718558,71.25721275471602,0.44857606755566026,14.352490699316045,14.577531396238824,15.0,26.858539768627026,1.3982941744866957,12.974422845298466,0.11470919339022383,0.6639189506997806,78.742497455409,33.182781240536684,0.08800710972522227,14.657415865352217,7.674152921281675,7.091258146122392,6.90907983140768,3.798056338165644
2024,SS,1,I,Sardegna,112,6.539054855794131,6.868045361787162,6.7035501087906475,3729054.0,50.46281270809302,0.294928625230608,9.704516041837593,2173842.0,562.3708198843316,429.2871747514742,41.842475304859164,14.352490699316045,14.577531396238825,7.5,25.570624718392736,16.213938365408364,21.434086345372755,0.23711744515582095,4.771882773028502,279.49725762948424,128.91830119587306,0.15109385126154434,14.657415865352215,7.674152921281675,7.091258146122392,6.90907983140768,3.9212366830009393
2024,SV,1,NW,Liguria,009,7.244518439623013,7.599070747966268,7.421794593794641,3243379.0,48.53274233879738,0.2597565985781445,9.90008031766395,3022565.0,548.6190831085473,306.757558583734,83.28698236896979,14.352490699316045,14.577531396238825,5.8,31.074029130839687,8.660972120367232,10.647725370123844,0.13758147348254282,1.4539517069847852,468.3790239531421,144.06734469307708,0.5650188216248342,14.657415865352215,7.677400430514807,7.297765772618794,6.931999317911635,3.882238669935116
2024,TA,1,S,Puglia,073,6.457732671610794,6.78539630639718,6.621564489003987,6653521.0,45.77932370301236,0.2504442642718165,9.69550777772627,4042225.0,56.84319037026563,63.87750885254378,-0.13568138865940887,14.352490699316045,14.577531396238825,10.5,34.701447773214944,3.238138347064111,29.773995730747423,0.16634803770819892,1.4070510594799839,65.52260184602662,15.766520299018516,0.3499851167674224,14.657415865352215,7.677400430514807,7.297765772618794,6.931999317911635,3.823832541654541
2024,TE,1,S,Abruzzo,067,6.375982073250104,6.756604340290159,6.566293206770131,3730135.0,47.48946693579489,0.2535656985062716,9.745006515171779,2437257.0,288.5403387770173,198.50122227016033,17.628324968280808,14.352490699316045,14.577531396238825,9.2,32.583624351594466,9.141473148874395,18.250566689256814,0.226083596935983,3.748018620643414,157.7428064047626,19.564291740621435,0.4047035285110237,14.657415865352215,7.677400430514807,7.297765772618794,6.931999317911635,3.8605079377306053
2024,TN,1,NE,Trentino Alto Adige,022,7.440344780191222,7.587008591703735,7.513676685947479,3636698.0,44.32471272756557,0.2299810246679317,9.96551221613756,2450363.0,801.8726860833226,476.9041822042525,70.1793104244109,14.352490699316046,14.577531396238825,2.7,38.860573429656135,28.432885267045748,11.960148461844183,0.20304796128351488,7.671628392963303,1326.2474147346888,485.1568695558836,0.7677229937003398,14.657415865352215,7.7025561132685825,7.446962293780518,6.91132459051394,3.7915423708916793
2024,TO,1,NW,Piemonte,001,6.580318247921655,6.9803814763573415,6.780349862139498,26201036.0,47.94899349206493,0.2893425599259938,10.033693795469196,15408785.0,2895.8554683698544,1694.2316081724011,497.58000512642496,14.352490699316043,14.577531396238825,6.3,36.06763055540541,7.589132714201204,13.027327148494312,0.04910977272778719,1.275740685623515,192.92921842968568,71.1926229571948,-0.10106923825375151,14.657415865352213,7.7025561132685825,7.446962293780518,6.91132459051394,3.870137810328427
2024,TP,1,I,Sicilia,081,6.529361441366817,6.901408990339617,6.715385215853217,3565235.0,44.61438488891594,0.24075714711733942,9.574194228944837,2480914.0,65.80995838901103,66.4553884204325,-0.01544487448516903,14.352490699316045,14.577531396238827,8.1,45.68339606697578,7.935884693912701,16.199851444656257,0.20372897475233334,2.941223705997764,358.59079832374374,115.42112202260303,0.573257336652702,14.657415865352215,7.7025561132685825,7.446962293780518,6.91132459051394,3.798056338165644
2024,TR,1,C,Umbria,055,6.375129767290997,6.809724630630471,6.592427198960733,2792772.0,49.19045520392318,0.3049818040997169,9.837081329155554,1658914.0,229.49658546971926,170.32263803031958,10.396780161148735,14.352490699316045,14.577531396238825,5.1,22.110597927544372,3.1681104477545303,24.10718240014139,0.43037640731602866,2.494564408939627,175.36061788843224,49.44936329222034,0.6856498011065785,14.657415865352215,8.034631032923107,6.789520966475153,6.452455336429106,3.895699604757583
2024,TS,1,NE,Friuli Venezia Giulia,032,7.266879887974806,7.594109767617479,7.430494827796143,2819025.0,48.13453421087504,0.2773285039091833,10.093620163277125,1771960.0,130.03064449894515,75.81916941215844,4.303357209833351,14.352490699316045,14.577531396238825,5.9,28.14734929211454,3.6476318054433627,27.375407704409383,0.7534227302727984,3.804972895179946,322.42804918707037,196.7164098434668,1.129578932501694,14.657415865352215,8.034631032923107,6.789520966475153,6.452455336429106,3.873999886458794
2024,TV,1,NE,Veneto,026,6.9608931336816315,7.134195367100872,7.047544250391252,9109335.0,46.35053690983341,0.25861867818461204,10.004376108464433,4533664.0,232.89644360166614,168.61072077279692,1.974496651952436,14.352490699316045,14.577531396238827,2.4,30.114060250953855,0.9116407844130184,44.81498542343696,0.4354262916438656,1.2779353743828248,100.71614213585497,50.88201984487216,0.5085451438659429,14.657415865352215,8.048468743668883,6.710655494906108,6.443325854769497,3.8362328757599484
2024,UD,1,NE,Friuli Venezia Giulia,030,6.4482249859384595,6.804666972585727,6.626445979262094,3061555.0,48.13453421087504,0.2773285039091833,9.956579882914246,1919729.0,666.4233498175449,413.2073782731391,59.085760256538244,14.352490699316045,14.577531396238825,4.7,28.75229444328831,7.109873703855426,26.34052717923742,0.6139492927438686,8.662443338532459,324.9087400948357,149.20282023929246,0.5097294543705563,14.657415865352215,8.048468743668883,6.710655494906108,6.443325854769497,3.873999886458794
2024,VA,1,NW,Lombardia,012,6.9785643187396245,7.217641166965189,7.098102742852406,6535468.0,45.67643207443132,0.24004821006738083,9.954298393478108,3600617.0,924.6817610462873,675.8137691991276,54.713665888516154,14.352490699316043,14.577531396238825,3.6,29.548031516389955,2.0089632142629235,21.263170317492296,0.13190087169583195,0.7482989102191818,224.7561184602896,163.0133779833498,-0.03682425947845403,14.657415865352217,8.05579245097777,6.701272777187087,6.441692335829838,3.821582455345219
2024,VB,1,NW,Piemonte,103,6.745724753941986,7.077975055011296,6.911849904476641,1384585.0,47.94899349206493,0.2893425599259938,9.786096625705891,1131891.0,515.2170588568106,323.84131965193336,76.1962772196409,14.352490699316043,14.577531396238825,2.8,30.279084186305347,12.315516785264252,16.35655033376501,0.18273856756835793,4.051888106937011,596.5978066312867,354.1120451180265,0.5209440645401032,14.657415865352215,8.05579245097777,6.701272777187087,6.441692335829838,3.870137810328427
2024,VC,1,NW,Piemonte,002,6.444033995005928,6.828192141993049,6.636113068499489,1060986.0,47.94899349206493,0.2893425599259938,9.950265598074356,715557.0,1174.3510374468897,800.6575682842708,287.13266139023,14.352490699316045,14.577531396238827,6.8,18.36887547132755,2.858863569962133,15.535203081961367,0.05328992255329595,3.057950696338052,210.26231174189783,58.70648877889897,-0.3406118586125242,14.657415865352215,8.0507033814703,6.786185777483276,6.464272752609686,3.870137810328427
2024,VE,1,NE,Veneto,027,6.980719651613024,7.240360099393942,7.110539875503482,11324253.0,46.35053690983341,0.25861867818461204,9.988109105692947,6770881.0,158.75414430043864,113.48939978130524,0.842600686557847,14.352490699316045,14.577531396238825,3.9,34.4433670134287,9.764412919491635,37.36771963250345,2.4749967778923847,20.23500181438858,765.0183510359026,540.3206819500086,0.721538014832602,14.657415865352215,8.0507033814703,6.786185777483276,6.464272752609686,3.8362328757599484
2024,VI,1,NE,Veneto,024,6.965034200353722,7.174607695869038,7.0698209481113805,11456709.0,46.35053690983341,0.25861867818461204,10.016584993719231,6091024.0,457.80762338638993,302.7892721841638,33.939762352648245,14.352490699316045,14.577531396238825,2.9,33.74613676909659,1.9091290757096755,39.03048595349428,0.46950116330703684,3.4615258557923085,88.63108894556511,24.56229576579022,0.36368805289834816,14.657415865352215,8.046229101075378,6.811333651886816,6.452406193393208,3.8362328757599484
2024,VR,1,NE,Veneto,023,6.95572041054138,7.296185072410833,7.125952741476107,7798555.0,46.35053690983341,0.25861867818461204,9.926475926706873,4214241.0,407.99149539222594,272.4512598481136,12.460652342638102,14.352490699316045,14.577531396238825,2.5,30.989109488334854,12.460265549578358,37.05029538984223,2.2146837974814324,12.16014591707804,1063.275291151557,783.5388410648393,0.8705908386259249,14.657415865352213,8.046229101075378,6.811333651886816,6.452406193393208,3.8362328757599484
2024,VS,1,I,Sardegna,117,6.168228538753183,6.455850771500096,6.31203965512664,324068.0,50.46281270809302,0.294928625230608,9.62105246276079,193062.0,619.3197634985142,538.4949982784798,27.853500671467952,14.352490699316043,14.577531396238827,8.1,23.16778967160157,1.1899959946055254,15.814355583424748,0.0560347177589472,0.3551010501413114,63.54598468409846,22.234273810780646,-0.22204298513860474,14.657415865352215,8.041412909393047,6.722056228349028,6.453724369814003,3.9212366830009393
2024,VT,1,C,Lazio,056,6.786157672724801,7.120199718115976,6.953178695420389,3342710.0,46.764860828854154,0.24908675365456814,9.775869489808724,2118371.0,274.49088197757,191.96421157908492,7.081058867064286,14.352490699316045,14.577531396238824,5.799999999999999,14.217069241583468,1.8898710136248984,8.931239319044629,0.14171456730346946,0.8108958821076586,90.7889287833778,26.063792457852983,0.09905743772251485,14.657415865352215,8.041412909393047,6.722056228349028,6.453724369814003,3.845132083914036
2024,VV,1,S,Calabria,102,6.071696329651771,6.363376746273052,6.2175365379624115,1006742.0,45.36676449447268,0.250336525758639,9.471079149129704,753768.0,160.62067545024414,123.20278826749495,2.9786035758968685,14.352490699316045,14.577531396238827,13.3,37.61503352906945,25.341404218065108,15.068455285798164,0.2774714004024268,3.9411381268286716,374.1627239834867,124.29935655973681,0.191313805988796,14.657415865352215,8.037866234709618,6.906298645100272,6.489295768884501,3.814779777367721
